mtllib penthouse_A15G_visual_flat.mtl
usemtl material_0
v 0.88000 7.25552 -0.85558
v 0.88251 7.26464 -0.88003
v 0.90082 7.27992 -0.87729
v 0.83984 7.29976 -0.85847
v 0.86130 7.28119 -0.87501
v 0.84000 7.28129 -0.87808
v 0.81485 7.40000 -0.85785
v 0.79966 7.41940 -0.87785
v 0.82138 7.41923 -0.85826
v 0.88000 7.44000 -0.86859
v 0.86229 7.43064 -0.85585
v 0.86223 7.41904 -0.87847
v 0.82000 7.44000 -0.82790
v 0.83313 7.47237 -0.83600
v 0.82447 7.46391 -0.81771
v 0.91688 7.26000 -0.87603
v 0.90082 7.27992 -0.87729
v 0.94000 7.26091 -0.87645
v 0.90082 7.27992 -0.87729
v 0.91688 7.26000 -0.87603
v 0.94000 7.26091 -0.87645
v 0.88000 7.25552 -0.85558
v 0.90082 7.27992 -0.87729
v 0.88251 7.26464 -0.88003
v 0.55500 7.29535 -0.79571
v 0.58007 7.29979 -0.81977
v 0.57883 7.27808 -0.79881
v 0.62078 7.35979 -0.85944
v 0.60251 7.34000 -0.83955
v 0.62000 7.34219 -0.84458
v 0.62000 7.34219 -0.84458
v 0.60251 7.34000 -0.83955
v 0.62078 7.35979 -0.85944
v 1.26308 6.95990 -0.49514
v 1.25967 6.95947 -0.46742
v 1.28024 6.96005 -0.47516
v 1.28024 6.96005 -0.47516
v 1.25967 6.95947 -0.46742
v 1.26308 6.95990 -0.49514
v 1.35108 6.84026 -0.37364
v 1.35779 6.81938 -0.37466
v 1.35146 6.81942 -0.39470
v 1.35779 6.81938 -0.37466
v 1.35108 6.84026 -0.37364
v 1.35146 6.81942 -0.39470
v -0.26840 6.48375 -0.28894
v -0.25908 6.47835 -0.26903
v -0.24930 6.46491 -0.23226
v -0.28000 6.52000 -0.32360
v -0.28000 6.53959 -0.32732
v -0.30131 6.50539 -0.32522
v -0.28000 6.53959 -0.32732
v -0.28000 6.52000 -0.32360
v -0.25823 6.53795 -0.32715
v -0.27954 6.58066 -0.34724
v -0.28483 6.56000 -0.33941
v -0.26000 6.56602 -0.34346
v -0.34282 6.76000 -0.56564
v -0.37975 6.75969 -0.58814
v -0.31919 6.76860 -0.54765
v -0.25943 6.69947 -0.40756
v -0.28023 6.70060 -0.40720
v -0.27562 6.67969 -0.39512
v -0.24000 6.94957 -0.50668
v -0.24842 6.94000 -0.49147
v -0.25431 6.96000 -0.48932
v -0.27487 7.00000 -0.47001
v -0.26001 7.00001 -0.48676
v -0.27895 7.01964 -0.48841
v -0.22047 6.91288 -0.48681
v -0.23986 6.91498 -0.46693
v -0.23955 6.94000 -0.46790
v -0.22047 6.91288 -0.48681
v -0.23955 6.94000 -0.46790
v -0.23986 6.91498 -0.46693
v -0.21946 6.81167 0.15608
v -0.21972 6.86076 0.15401
v -0.22000 6.83000 0.16529
v -0.22000 6.83000 0.16529
v -0.21972 6.86076 0.15401
v -0.21946 6.81167 0.15608
v -0.24000 6.64247 -0.36620
v -0.21077 6.63981 -0.36656
v -0.22165 6.66000 -0.36440
v -0.21077 6.63981 -0.36656
v -0.24000 6.64247 -0.36620
v -0.23838 6.61897 -0.36625
v -0.25275 6.66081 -0.33847
v -0.26397 6.64000 -0.36385
v -0.24000 6.64247 -0.36620
v -0.23838 6.61897 -0.36625
v -0.26397 6.64000 -0.36385
v -0.26029 6.62005 -0.36710
v -0.26397 6.64000 -0.36385
v -0.23838 6.61897 -0.36625
v -0.26029 6.62005 -0.36710
v -0.25275 6.66081 -0.33847
v -0.25906 6.66701 -0.38019
v -0.26397 6.64000 -0.36385
v -0.25906 6.66701 -0.38019
v -0.25275 6.66081 -0.33847
v -0.24000 6.64247 -0.36620
v -0.24000 6.64247 -0.36620
v -0.26397 6.64000 -0.36385
v -0.25906 6.66701 -0.38019
v -0.16147 6.70000 -0.32574
v -0.14095 6.71764 -0.30806
v -0.16000 6.71027 -0.30621
v -0.08000 6.72000 -0.30383
v -0.06000 6.71813 -0.28734
v -0.06068 6.73987 -0.30550
v -0.05866 6.76039 -0.30559
v -0.06068 6.73987 -0.30550
v -0.03977 6.75899 -0.27815
v -0.10080 6.67992 -0.21494
v -0.09984 6.67197 -0.24732
v -0.07995 6.68109 -0.24550
v -0.10080 6.67992 -0.21494
v -0.10000 6.69790 -0.24868
v -0.09984 6.67197 -0.24732
v -0.10080 6.67992 -0.21494
v -0.07995 6.68109 -0.24550
v -0.10000 6.69790 -0.24868
v -0.09984 6.67197 -0.24732
v -0.10000 6.69790 -0.24868
v -0.07995 6.68109 -0.24550
v -0.13950 6.46082 -0.04604
v -0.15995 6.45988 -0.02644
v -0.15780 6.48000 -0.02760
v -0.13950 6.46082 -0.04604
v -0.15780 6.48000 -0.02760
v -0.15995 6.45988 -0.02644
v -0.16970 6.44000 0.17351
v -0.17767 6.43079 0.15344
v -0.16000 6.43255 0.15358
v -0.07865 6.58105 0.11516
v -0.08546 6.57451 0.13429
v -0.09887 6.56065 0.12997
v -0.09887 6.56065 0.12997
v -0.08546 6.57451 0.13429
v -0.08484 6.57418 0.15429
v -0.14021 6.51997 0.15341
v -0.15987 6.50055 0.15363
v -0.15669 6.50406 0.13366
v -0.14021 6.51997 0.15341
v -0.15669 6.50406 0.13366
v -0.15987 6.50055 0.15363
v -0.13950 6.46082 -0.04604
v -0.16601 6.44000 -0.04442
v -0.16965 6.46032 -0.06648
v -0.12019 6.60046 -0.18517
v -0.11499 6.61596 -0.20592
v -0.11738 6.59291 -0.16596
v -0.11738 6.59291 -0.16596
v -0.11499 6.61596 -0.20592
v -0.14012 6.58021 -0.20591
v -0.11910 6.66309 -0.28707
v -0.10011 6.65997 -0.26579
v -0.10413 6.69161 -0.28525
v -0.18000 6.40000 0.19665
v -0.20000 6.39884 0.17609
v -0.18012 6.42024 0.17341
v -0.18000 6.40000 0.19665
v -0.18569 6.42000 0.21690
v -0.19997 6.41995 0.19325
v -0.44000 6.77844 -0.06460
v -0.42000 6.80000 -0.06807
v -0.41845 6.77895 -0.06697
v -0.42000 6.80000 -0.06807
v -0.44000 6.77844 -0.06460
v -0.41845 6.77895 -0.06697
v -0.38000 6.42468 -0.34835
v -0.40454 6.40000 -0.34847
v -0.37859 6.40000 -0.34845
v -0.35961 6.41971 -0.34814
v -0.40040 6.42114 -0.34840
v -0.40454 6.40000 -0.34847
v -0.38000 6.42468 -0.34835
v -0.40454 6.40000 -0.34847
v -0.38000 6.42468 -0.34835
v -0.37859 6.40000 -0.34845
v -0.35961 6.41971 -0.34814
v -0.35223 6.44150 -0.34804
v -0.40040 6.42114 -0.34840
v -0.38000 6.42468 -0.34835
v -0.35961 6.41971 -0.34814
v -0.35223 6.44150 -0.34804
v -0.33977 6.44000 0.76285
v -0.33997 6.46043 0.79320
v -0.34000 6.45997 0.77228
v -0.33997 6.46043 0.79320
v -0.33977 6.44000 0.76285
v -0.34000 6.45997 0.77228
v 0.96000 6.88206 -0.77630
v 1.03500 6.88000 -0.76808
v 1.09000 6.88000 -0.76577
v 1.13439 6.88044 -0.75655
v 1.18000 6.94000 -0.77883
v 1.21000 6.92000 -0.76483
v 1.24168 6.90094 -0.75452
v 1.14500 6.86000 -0.74311
v 1.08000 6.86351 -0.75100
v 1.11117 6.83916 -0.73708
v 1.14000 6.84193 -0.73351
v 1.05000 6.83781 -0.73864
v 0.98058 6.86035 -0.75699
v 0.90750 6.83132 -0.74055
v 1.22750 6.84376 -0.73177
v 0.94000 6.82239 -0.73475
v 0.88000 6.82243 -0.73475
v 0.86000 6.82071 -0.73692
v 0.82000 6.85319 -0.75751
v 0.84000 6.82013 -0.73810
v 0.72000 6.85666 -0.76161
v 0.70000 6.88472 -0.78398
v 0.93109 6.80029 -0.71767
v 0.85000 6.79964 -0.71837
v 0.70000 6.85668 -0.76201
v 0.82000 6.82096 -0.73642
v 0.80000 6.82085 -0.73568
v 1.28000 6.86000 -0.74566
v 1.02000 6.81486 -0.71480
v 1.13500 6.81909 -0.71573
v 1.19000 6.84000 -0.72419
v 1.22000 6.81932 -0.71461
v 0.70500 6.83249 -0.74044
v 0.66000 6.85953 -0.75950
v 1.24470 6.81901 -0.70792
v 0.77980 6.81967 -0.72728
v 1.28000 6.84000 -0.72587
v 1.30000 6.81770 -0.71702
v 0.80000 6.80355 -0.71864
v 0.64000 6.88000 -0.76760
v 0.63535 6.89929 -0.78185
v 1.04000 6.81717 -0.71711
v 0.68118 6.90587 -0.79909
v 1.24723 6.91500 -0.77112
v 1.20000 6.94000 -0.76623
v 1.23874 6.96083 -0.77495
v 1.20500 6.97454 -0.78377
v 1.24199 7.00183 -0.79510
v 1.25336 6.94000 -0.77523
v 1.30958 6.82963 -0.73518
v 1.31759 6.79891 -0.69679
v 0.65821 6.90753 -0.79889
v 0.64000 6.92259 -0.79915
v 0.62000 6.92000 -0.79882
v 0.59567 6.91823 -0.78511
v 0.58000 6.93897 -0.80100
v 0.61985 6.90023 -0.76018
v 1.25881 6.96000 -0.79517
v 0.56000 6.94000 -0.78173
v 0.56083 6.96024 -0.80178
v 0.54000 6.93906 -0.78072
v 0.53891 6.96067 -0.78205
v 1.36110 6.84975 -0.50979
v 1.35859 6.85726 -0.46461
v 1.36169 6.81630 -0.48464
v 1.36174 6.84290 -0.43460
v 1.35146 6.81942 -0.39470
v 1.35108 6.84026 -0.37364
v 1.32174 6.90414 -0.45480
v 1.34040 6.88105 -0.47470
v 1.34010 6.88011 -0.45216
v 1.34000 6.85931 -0.41608
v 1.32031 6.90076 -0.43394
v -0.45856 6.77922 -0.31816
v -0.48100 6.76126 -0.29884
v -0.48033 6.76037 -0.35827
v -0.50183 6.74141 -0.34903
v -0.45125 6.79130 -0.27374
v -0.51299 6.73281 -0.24913
v -0.51149 6.73155 -0.27933
v -0.54133 6.70071 -0.25822
v -0.46391 6.78334 -0.24868
v -0.49937 6.73952 -0.37028
v -0.39887 6.83247 -0.23810
v -0.54000 6.70929 -0.22937
v -0.52082 6.72036 -0.22884
v -0.41004 6.82026 -0.21820
v -0.38028 6.84052 -0.18794
v -0.36731 6.85895 -0.24249
v -0.40095 6.82092 -0.18812
v -0.52939 6.72500 -0.34927
v -0.41934 6.79936 -0.33774
v -0.46349 6.76640 -0.37869
v -0.43094 6.78698 -0.39340
v -0.39759 6.81457 -0.38810
v -0.38000 6.83061 -0.33794
v -0.38000 6.83266 -0.28794
v -0.41162 6.81049 -0.28673
v -0.36000 6.85042 -0.31776
v -0.35557 6.85637 -0.28772
v -0.34000 6.87008 -0.30758
v -0.34000 6.87354 -0.26758
v -0.41918 6.79833 -0.40829
v -0.44009 6.78006 -0.44848
v -0.48087 6.75735 -0.41884
v -0.47208 6.76152 -0.45027
v -0.50824 6.74228 -0.38908
v -0.51676 6.73830 -0.42915
v -0.54044 6.72049 -0.42937
v -0.56762 6.70257 -0.36961
v -0.57146 6.70000 -0.40964
v -0.59863 6.67901 -0.39903
v -0.59658 6.67750 -0.36987
v -0.55190 6.71786 -0.40946
v -0.56000 6.70286 -0.34622
v -0.42194 6.80180 -0.46831
v -0.36006 6.86006 -0.26791
v -0.60385 6.68296 -0.34993
v -0.36908 6.84777 -0.36774
v -0.51989 6.71990 -0.30967
v -0.49708 6.73842 -0.30899
v -0.53795 6.69753 -0.30936
v -0.40111 6.82093 -0.41891
v -0.39637 6.83454 -0.44808
v -0.39772 6.83154 -0.46809
v -0.44904 6.78920 -0.22832
v -0.62000 6.67045 -0.39007
v -0.53761 6.69568 -0.28936
v -0.55891 6.67862 -0.31118
v -0.55908 6.67919 -0.28700
v -0.58000 6.66681 -0.30974
v -0.56000 6.68971 -0.24955
v -0.37398 6.84937 -0.39882
v -0.61856 6.66149 -0.36362
v -0.62000 6.66981 -0.33007
v -0.60183 6.68112 -0.32885
v -0.45403 6.77925 -0.46935
v -0.56509 6.70022 -0.22081
v -0.33962 6.87958 -0.32870
v -0.59000 6.66729 -0.28982
v -0.34010 6.90018 -0.40694
v -0.32000 6.91219 -0.34738
v -0.29938 6.93970 -0.40894
v -0.28846 6.94351 -0.36709
v -0.28000 6.95243 -0.40701
v -0.28311 6.94142 -0.34705
v -0.35803 6.87746 -0.40772
v -0.36000 6.87134 -0.44774
v -0.38040 6.86043 -0.42730
v -0.38071 6.86150 -0.44792
v -0.33179 6.90000 -0.42749
v -0.32074 6.92069 -0.44738
v -0.34115 6.90114 -0.46506
v -0.32266 6.92263 -0.46739
v -0.30721 6.94000 -0.46725
v -0.30674 6.94000 -0.44725
v -0.32091 6.88474 -0.29741
v -0.41715 6.79689 -0.18828
v -0.40188 6.82232 -0.16813
v -0.44280 6.76835 -0.16851
v -0.46077 6.76168 -0.20079
v -0.38187 6.86783 -0.46793
v -0.47036 6.73021 -0.16994
v -0.46669 6.74000 -0.14873
v -0.32000 6.94000 -0.48882
v -0.47653 6.73657 -0.18882
v -0.50920 6.69408 -0.17999
v -0.47914 6.71569 -0.14313
v -0.54982 6.68989 -0.20510
v -0.30000 6.95358 -0.43158
v -0.35743 6.87827 -0.48734
v -0.39947 6.81967 -0.48754
v -0.38110 6.84130 -0.48794
v -0.58237 6.68048 -0.25145
v -0.33705 6.92000 -0.42752
v -0.49940 6.76000 -0.46899
v -0.28000 6.95760 -0.42799
v -0.55580 6.70000 -0.42744
v -0.32084 6.94167 -0.42701
v -0.61942 6.68074 -0.31053
v -0.49977 6.67963 -0.14886
v -0.54990 6.65381 -0.16959
v -0.52860 6.66270 -0.14833
v -0.34556 6.92000 -0.48804
v -0.51905 6.67888 -0.12886
v -0.26010 6.96048 -0.42622
v -0.56000 6.65631 -0.14712
v -0.57968 6.63893 -0.14930
v -0.58800 6.63408 -0.16982
v -0.45420 6.77000 -0.14225
v -0.44000 6.80000 -0.13992
v -0.43959 6.82047 -0.11650
v -0.39999 6.84496 -0.13809
v -0.40124 6.84104 -0.10764
v -0.44000 6.80110 -0.08682
v -0.42000 6.80000 -0.06807
v -0.44000 6.77844 -0.06460
v -0.47962 6.73972 -0.44810
v -0.62000 6.66345 -0.29008
v -0.62000 6.66298 -0.27008
v -0.60000 6.66664 -0.30990
v -0.50000 6.73966 -0.44553
v -0.58000 6.66038 -0.18946
v -0.50104 6.70516 -0.12974
v -0.34081 6.87091 -0.50882
v -0.33499 6.88000 -0.48983
v -0.48055 6.75149 -0.12870
v -0.46000 6.80326 -0.12889
v -0.35977 6.83991 -0.50712
v -0.40000 6.79781 -0.06723
v 0.04298 6.60383 -0.24465
v 0.05659 6.58000 -0.23457
v 0.05043 6.57000 -0.26462
v 0.05141 6.54988 -0.28494
v 0.06011 6.54068 -0.25552
v 0.05781 6.56000 -0.24457
v 0.05540 6.60000 -0.22456
v 0.04134 6.62144 -0.22679
v -0.00061 6.60910 -0.31046
v 0.00182 6.58260 -0.32577
v 0.01913 6.55905 -0.32380
v 0.02425 6.62825 -0.24478
v -0.00049 6.64055 -0.27497
v 0.00000 6.56000 -0.34328
v -0.02000 6.65213 -0.28512
v 0.00117 6.65940 -0.23080
v 0.02047 6.64069 -0.22582
v 0.04792 6.54281 -0.30466
v 0.07711 6.51628 -0.30445
v -0.02000 6.61000 -0.32666
v -0.01695 6.65989 -0.25326
v 0.06000 6.52805 -0.32458
v 0.08000 6.50896 -0.32444
v 0.04406 6.62282 -0.20463
v 0.02000 6.65212 -0.20480
v 0.02000 6.65886 -0.18479
v 0.03900 6.63880 -0.15500
v 0.05073 6.62000 -0.17458
v 0.05482 6.60000 -0.19456
v 0.04000 6.54738 -0.32472
v 0.04000 6.53104 -0.34474
v 0.05139 6.62000 -0.14457
v 0.08186 6.50916 -0.25442
v 0.10000 6.49152 -0.28429
v 0.10000 6.49209 -0.30429
v 0.12552 6.46170 -0.25411
v 0.14000 6.44231 -0.28401
v 0.14067 6.44102 -0.26401
v 0.13923 6.43842 -0.22402
v 0.16005 6.40012 -0.24355
v 0.16000 6.40337 -0.26389
v 0.12025 6.46022 -0.20341
v 0.02000 6.54825 -0.34488
v 0.00000 6.65559 -0.20496
v 0.07968 6.49973 -0.20582
v 0.06368 6.52023 -0.20875
v 0.13826 6.41518 -0.17392
v 0.04322 6.62220 -0.12464
v 0.11420 6.43000 -0.13423
v 0.10128 6.46094 -0.15509
v 0.06095 6.50196 -0.16199
v 0.13316 6.39136 -0.13555
v 0.08244 6.42297 -0.06448
v 0.09784 6.39086 -0.06372
v 0.07984 6.43959 -0.08502
v 0.08020 6.40949 -0.04763
v 0.07178 6.46000 -0.10454
v 0.02000 6.65057 -0.16480
v 0.06000 6.52418 -0.34458
v -0.02000 6.58000 -0.34164
v 0.06733 6.47000 -0.08457
v 0.06055 6.48094 -0.11560
v 0.05848 6.50000 -0.10165
v 0.05311 6.52000 -0.15464
v 0.05474 6.55000 -0.19960
v 0.05334 6.52000 -0.12464
v 0.05090 6.54000 -0.15464
v 0.05390 6.58000 -0.14459
v 0.05649 6.60000 -0.12455
v 0.06290 6.55023 -0.08487
v 1.31104 6.83203 -0.63509
v 1.30430 6.84887 -0.61499
v 1.29237 6.86000 -0.65506
v 1.33411 6.80000 -0.58484
v 1.33076 6.80000 -0.65487
v 1.29943 6.85916 -0.57228
v 1.27955 6.87963 -0.59512
v 1.27285 6.88000 -0.67517
v 1.29010 6.86000 -0.67507
v 1.26297 6.90343 -0.66521
v 1.26389 6.90461 -0.61520
v 1.29440 6.88000 -0.54502
v 1.25802 6.89579 -0.69525
v 1.31906 6.83801 -0.55490
v 1.30907 6.85503 -0.52495
v 1.33722 6.81142 -0.50784
v 1.31585 6.85365 -0.48990
v 1.33834 6.81628 -0.47480
v 1.29962 6.88045 -0.51498
v 1.33897 6.79103 -0.56482
v 1.33157 6.84000 -0.45481
v 1.32457 6.86000 -0.43967
v 1.33554 6.84715 -0.39978
v 1.35146 6.81942 -0.39470
v 1.29890 6.83859 -0.67276
v 1.31645 6.81038 -0.67585
v 1.33986 6.78034 -0.60717
v 1.33927 6.77920 -0.65483
v 1.33910 6.77948 -0.69642
v 1.25127 6.92000 -0.68527
v 1.25235 6.92466 -0.64775
v 1.24075 6.92000 -0.71572
v 1.29791 6.87874 -0.49353
v 1.28239 6.84000 -0.69721
v 1.35108 6.84026 -0.37364
v 1.25950 6.89951 -0.59585
v 1.26403 6.89984 -0.56494
v 1.24674 6.92000 -0.60530
v 1.27480 6.90000 -0.52971
v 1.31759 6.79891 -0.69679
v 1.30000 6.80907 -0.69507
v 1.25923 6.92245 -0.57391
v 1.30958 6.82963 -0.73518
v 1.33874 6.79315 -0.74482
v 1.32040 6.81069 -0.76492
v 1.28635 6.85651 -0.76194
v 1.34151 6.78066 -0.77544
v 1.28000 6.86000 -0.74566
v 1.26000 6.88000 -0.74798
v 1.24168 6.90094 -0.75452
v 1.30248 6.82255 -0.77707
v 1.24898 6.88000 -0.77725
v 1.32230 6.78295 -0.79860
v 1.30203 6.80128 -0.79684
v 1.33840 6.76000 -0.79333
v 1.30000 6.81770 -0.71702
v 1.31637 6.88000 -0.47487
v 1.28000 6.81781 -0.69453
v 1.36000 6.76267 -0.77639
v 1.27566 6.91940 -0.54594
v 1.24723 6.91500 -0.77112
v 1.24000 6.90000 -0.78619
v 1.23500 6.94556 -0.79077
v 1.30248 6.90000 -0.51886
v 1.36000 6.74000 -0.78815
v 1.36903 6.72000 -0.79307
v 1.30676 6.86000 -0.46496
v 1.31954 6.88010 -0.44497
v 1.30310 6.89956 -0.46636
v 1.29959 6.90095 -0.43372
v 1.30747 6.90000 -0.49490
v 1.29961 6.91999 -0.48497
v 1.30065 6.92053 -0.51550
v 1.30000 6.90775 -0.45494
v 1.24470 6.81901 -0.70792
v 1.28024 6.94000 -0.53363
v 1.36036 6.77961 -0.71469
v 1.36956 6.78000 -0.69463
v 1.36593 6.77505 -0.66466
v 1.36354 6.77689 -0.63467
v 1.36000 6.78137 -0.55721
v 1.36068 6.77925 -0.75469
v 1.36031 6.79907 -0.53309
v 1.36169 6.81630 -0.48464
v -0.35852 6.38000 0.83241
v -0.38075 6.39091 0.81195
v -0.36000 6.42000 0.82604
v -0.33976 6.44224 0.81235
v -0.36007 6.44074 0.81187
v -0.38026 6.42038 0.81196
v -0.33997 6.46043 0.79320
v -0.22000 7.01906 -0.54646
v -0.24966 7.00541 -0.54672
v -0.24803 7.00061 -0.56901
v -0.22000 7.01384 -0.56647
v -0.28000 6.98624 -0.57699
v -0.28000 6.98305 -0.61064
v -0.30048 6.98025 -0.58635
v -0.28223 6.98321 -0.54701
v -0.29480 6.97686 -0.56712
v -0.32057 6.96039 -0.56704
v -0.32000 6.98000 -0.60384
v -0.26000 6.98000 -0.51627
v -0.28070 6.98076 -0.52468
v -0.29613 6.96098 -0.53603
v -0.21792 7.00065 -0.52612
v -0.29542 6.98593 -0.62712
v -0.24000 6.98415 -0.58918
v -0.18000 6.98371 -0.57123
v -0.20100 6.99857 -0.54632
v -0.18000 6.98964 -0.54615
v -0.14907 7.00134 -0.56791
v -0.18000 6.99397 -0.52615
v -0.20000 6.98549 -0.52632
v -0.16000 7.00759 -0.54597
v -0.20092 6.98106 -0.50565
v 1.50999 7.14064 -0.89295
v 1.51000 7.11831 -0.88059
v 1.55000 7.13165 -0.88167
v 1.47000 7.12000 -0.88681
v 1.47000 7.16911 -0.92076
v 1.42775 7.12708 -0.89522
v 1.43069 7.09890 -0.87476
v 1.36000 7.09656 -0.87696
v 1.36000 7.11925 -0.89501
v 1.41000 7.15948 -0.91528
v 1.45000 7.17144 -0.91874
v 1.48000 7.08567 -0.85349
v 1.45000 7.08375 -0.85369
v 1.53150 7.09800 -0.85511
v 1.35938 7.13995 -0.91429
v 1.32000 7.14000 -0.90998
v 1.40880 7.08035 -0.85398
v 1.30000 7.12000 -0.88520
v 1.32000 7.10510 -0.87456
v 1.28068 7.09960 -0.87525
v 1.52000 7.15791 -0.91613
v 1.55022 7.15991 -0.90940
v 1.56960 7.19897 -0.93337
v 1.51000 7.19837 -0.93676
v 1.57000 7.13859 -0.87915
v 1.59000 7.15740 -0.89465
v 1.61000 7.13819 -0.87724
v 1.60500 7.11370 -0.85381
v 1.65000 7.16274 -0.88463
v 1.65000 7.14042 -0.87148
v 1.64903 7.12677 -0.85166
v 1.57978 7.18036 -0.91250
v 1.61867 7.20190 -0.91175
v 1.64000 7.19000 -0.90375
v 1.68018 7.21992 -0.91203
v 1.69000 7.18000 -0.88189
v 1.68000 7.15521 -0.86715
v 1.72000 7.17399 -0.86670
v 1.73000 7.20000 -0.87951
v 1.74128 7.21962 -0.89016
v 1.74500 7.19219 -0.86824
v 1.74000 7.24000 -0.90153
v 1.78063 7.23947 -0.88757
v 1.74014 7.26002 -0.91156
v 1.60093 7.21952 -0.93291
v 1.57000 7.22000 -0.94097
v 1.57000 7.09563 -0.83462
v 1.60000 7.08090 -0.82764
v 1.62902 7.10310 -0.83150
v 1.66860 7.11917 -0.83352
v 1.67833 7.14000 -0.85127
v 1.73004 7.13818 -0.83336
v 1.64000 7.22045 -0.91258
v 1.58991 7.24056 -0.93351
v 1.37000 7.07985 -0.85311
v 1.28156 7.13000 -0.88649
v 1.46886 7.20017 -0.93037
v 1.75000 7.20843 -0.87154
v 1.26057 7.15242 -0.88889
v 1.24912 7.12000 -0.87503
v 1.30927 7.16002 -0.91323
v 1.38000 7.16873 -0.91504
v 1.23416 7.13745 -0.87594
v 1.68000 7.24289 -0.91334
v 1.70705 7.25729 -0.90264
v 1.76015 7.26002 -0.89140
v 1.32000 7.09926 -0.85461
v 1.30000 7.09028 -0.85472
v 1.44000 7.20391 -0.91630
v 1.43052 7.18122 -0.91044
v 1.40000 7.20589 -0.90133
v -0.54270 6.71127 -0.12851
v -0.52000 6.70000 -0.12436
v -0.51142 6.75542 -0.12751
v -0.54000 6.78000 -0.13464
v -0.52000 6.78000 -0.13120
v -0.47669 6.82220 -0.12908
v -0.54125 6.67848 -0.12907
v -0.49983 6.84034 -0.12908
v -0.46000 6.80326 -0.12889
v -0.48055 6.75149 -0.12870
v -0.51905 6.67888 -0.12886
v -0.56000 6.73500 -0.13890
v -0.56000 6.68000 -0.13844
v -0.58232 6.69000 -0.14829
v -0.57968 6.63893 -0.14930
v -0.57971 6.74044 -0.15017
v -0.43959 6.82047 -0.11650
v -0.61057 6.70178 -0.16964
v -0.60000 6.72394 -0.15872
v -0.60023 6.68000 -0.17016
v -0.56000 6.65631 -0.14712
v -0.52860 6.66270 -0.14833
v -0.50104 6.70516 -0.12974
v -0.58800 6.63408 -0.16982
v -0.08000 6.70222 0.03587
v -0.08037 6.71972 0.01420
v -0.09924 6.72929 0.02609
v -0.07892 6.74180 -0.00289
v -0.08000 6.77130 -0.02551
v -0.05346 6.72162 0.00742
v -0.06079 6.67973 0.05430
v -0.04000 6.68000 0.04542
v -0.05771 6.74000 -0.02402
v -0.04000 6.72767 -0.02522
v -0.04559 6.73529 -0.04526
v -0.03629 6.72228 -0.00520
v -0.03864 6.63763 0.05617
v -0.05625 6.64000 0.07811
v -0.09799 6.76000 0.01751
v -0.11409 6.78000 0.03422
v -0.10922 6.75000 0.03423
v -0.10065 6.79914 -0.02841
v -0.11585 6.80000 0.01422
v -0.10745 6.82000 -0.02570
v -0.12098 6.77041 0.05261
v -0.12062 6.73126 0.05171
v -0.11908 6.69833 0.05411
v -0.10000 6.70000 0.03765
v -0.10242 6.81342 -0.04566
v -0.12131 6.85114 -0.04579
v -0.12917 6.86000 -0.00584
v -0.04106 6.61537 0.05273
v -0.05013 6.62000 0.07461
v -0.04093 6.59389 0.07260
v -0.05101 6.58000 0.09568
v -0.02127 6.57069 0.07434
v -0.07135 6.62220 0.09365
v -0.06000 6.60000 0.11694
v -0.02000 6.61378 0.05485
v -0.04068 6.55000 0.08871
v -0.01967 6.52968 0.07558
v -0.11399 6.80000 0.05423
v -0.11219 6.82000 0.01426
v -0.11724 6.84329 -0.00576
v -0.11869 6.75047 0.07416
v -0.13446 6.72000 0.07400
v -0.12000 6.63723 0.07052
v -0.10000 6.66850 0.05550
v -0.11818 6.65831 0.05282
v -0.08000 6.64832 0.07699
v -0.08240 6.68186 0.05491
v -0.12000 6.68000 0.04191
v -0.14279 6.63816 0.06895
v -0.10000 6.61770 0.10615
v -0.12000 6.62201 0.09404
v -0.14415 6.68401 0.05190
v -0.16466 6.68573 0.07373
v -0.08391 6.60000 0.10854
v -0.08091 6.61972 0.11436
v 0.40000 7.30000 -0.79714
v 0.38000 7.27000 -0.81558
v 0.40000 7.26000 -0.81304
v 0.38000 7.30000 -0.80872
v 0.35982 7.28000 -0.82146
v 0.43055 7.27985 -0.78231
v 0.42000 7.24000 -0.81074
v 0.36000 7.23000 -0.81652
v 0.40448 7.32000 -0.80301
v 0.42000 7.26000 -0.78726
v 0.43809 7.24000 -0.79995
v -0.22292 6.70279 -0.34673
v -0.23677 6.65656 -0.32688
v -0.23324 6.69872 -0.38798
v -0.21670 6.72061 -0.36587
v -0.22981 6.68000 -0.32681
v -0.22000 6.71238 -0.38670
v -0.20757 6.70000 -0.32661
v -0.19993 6.72013 -0.34675
v -0.16000 6.65118 -0.12626
v -0.18000 6.65913 -0.15570
v -0.16246 6.66027 -0.14546
v -0.18000 6.66790 -0.18641
v -0.15500 6.68229 -0.19815
v -0.14091 6.67485 -0.17564
v -0.12142 6.68573 -0.19654
v -0.14000 6.70469 -0.24605
v -0.13983 6.66008 -0.14594
v -0.12000 6.66780 -0.16592
v -0.18000 6.68231 -0.20285
v -0.17108 6.70050 -0.22568
v -0.16000 6.70867 -0.24621
v -0.20000 6.67172 -0.18657
v -0.20100 6.66154 -0.16659
v -0.14110 6.63960 -0.12647
v -0.19810 6.66020 -0.14633
v -0.12000 6.70000 -0.21732
v -0.18000 6.65582 -0.12642
v -0.16223 6.60880 -0.07751
v -0.19619 6.62118 -0.08534
v -0.18000 6.58031 -0.04572
v -0.15939 6.58134 -0.04545
v -0.20000 6.64664 -0.12659
v -0.20000 6.63125 -0.10660
v -0.22116 6.63693 -0.10677
v -0.16364 6.56000 -0.03010
v -0.20000 6.69791 -0.20821
v -0.22020 6.63005 -0.12677
v -0.21897 6.67796 -0.20672
v -0.20000 6.59026 -0.06663
v -0.20000 6.58358 -0.04664
v -0.21714 6.60918 -0.06931
v -0.19139 6.58401 -0.02656
v -0.22506 6.65035 -0.08681
v -0.22000 6.65648 -0.19203
v -0.21550 6.63652 -0.16172
v -0.23995 6.63977 -0.16692
v -0.23239 6.64000 -0.14686
v -0.12000 6.72000 -0.23602
v -0.10000 6.71856 -0.22669
v -0.10000 6.74705 -0.26569
v -0.11841 6.73821 -0.26664
v -0.08000 6.70000 -0.21060
v -0.05945 6.71905 -0.22549
v -0.06960 6.71845 -0.24710
v -0.09911 6.76039 -0.28699
v -0.13594 6.71790 -0.26601
v -0.13657 6.74000 -0.28600
v -0.10080 6.67992 -0.21494
v -0.67000 6.66312 -0.35260
v -0.68000 6.68540 -0.33315
v -0.70155 6.66992 -0.34946
v -0.64222 6.67893 -0.32935
v -0.64000 6.66232 -0.35260
v -0.62000 6.66981 -0.33007
v -0.61942 6.68074 -0.31053
v -0.64000 6.69960 -0.31022
v -0.61856 6.66149 -0.36362
v -0.71968 6.74000 -0.33164
v -0.66000 6.64000 -0.35623
v -0.70000 6.64000 -0.35480
v -0.72492 6.66000 -0.36673
v -0.64000 6.63569 -0.36681
v -0.74563 6.62500 -0.36498
v -0.71968 6.70867 -0.35183
v -0.72131 6.68000 -0.36933
v -0.24003 6.44004 0.15299
v -0.22396 6.46263 0.13308
v -0.22220 6.46195 0.15557
v -0.24292 6.44534 0.13291
v -0.25978 6.41935 0.15276
v -0.25979 6.41981 0.13149
v -0.25913 6.43388 0.11118
v -0.22362 6.44370 0.17307
v -0.24115 6.42064 0.19291
v -0.22314 6.44250 0.19307
v -0.20522 6.46493 0.17324
v -0.26000 6.41060 0.19275
v -0.27041 6.40000 0.17266
v -0.26180 6.40423 0.21273
v -0.27111 6.40000 0.15265
v -0.23979 6.43165 0.21293
v -0.22000 6.44754 0.27310
v -0.23510 6.43799 0.26297
v -0.21581 6.45008 0.29314
v -0.20000 6.47533 0.29329
v -0.20000 6.47101 0.27328
v -0.23970 6.41107 0.29175
v -0.24260 6.42111 0.23290
v -0.25680 6.42000 0.25278
v -0.25048 6.42000 0.27283
v -0.25826 6.39859 0.27276
v -0.26079 6.47230 0.09276
v -0.24000 6.47177 0.11296
v -0.28000 6.41941 0.13443
v -0.28000 6.38159 0.13366
v -0.23884 6.48054 0.08432
v -0.21964 6.47979 0.11292
v -0.21902 6.49955 0.09274
v -0.15990 6.52026 0.11423
v -0.22188 6.52184 0.07464
v -0.24000 6.50000 0.05798
v -0.19111 6.51464 0.09612
v -0.13478 6.54000 0.09778
v -0.15669 6.50406 0.13366
v -0.15987 6.50055 0.15363
v -0.18350 6.48316 0.15343
v -0.17360 6.49368 0.17351
v -0.20000 6.46585 0.15328
v -0.15635 6.51795 0.17367
v -0.19814 6.53942 0.07288
v -0.22000 6.55023 0.05318
v -0.24000 6.52073 0.05334
v -0.22902 6.56002 0.03310
v -0.20000 6.58850 0.03337
v -0.20049 6.58054 0.05358
v -0.21943 6.55816 0.01319
v -0.14021 6.51997 0.15341
v -0.14000 6.53629 0.17382
v -0.14873 6.56016 0.07414
v -0.19390 6.57928 0.01341
v -0.22013 6.56078 -0.00882
v -0.19928 6.60088 -0.00692
v -0.18000 6.56000 0.06656
v -0.27955 6.45000 0.11375
v 0.44000 7.05165 -0.79592
v 0.52135 7.03000 -0.80248
v 0.48000 7.04094 -0.79917
v 0.54924 7.04000 -0.79780
v 0.54026 7.01872 -0.79927
v 0.46000 7.01000 -0.81371
v 0.46000 7.04163 -0.80202
v 0.52094 6.99987 -0.82134
v 0.54100 6.98490 -0.81355
v 0.43827 7.04784 -0.82523
v 1.62000 7.20542 -0.84583
v 1.62000 7.18000 -0.83905
v 1.64000 7.18000 -0.85116
v 1.61908 7.15873 -0.85246
v 1.57996 7.18000 -0.85269
v 1.66000 7.15872 -0.85294
v 1.68500 7.19500 -0.84597
v 1.76000 7.16000 -0.83855
v 1.73004 7.13818 -0.83336
v 1.78020 7.16106 -0.83152
v 1.34065 6.97916 -0.79458
v 1.29944 6.99542 -0.79245
v 1.74000 7.17000 -0.83596
v 1.75000 7.20000 -0.83640
v 1.67833 7.14000 -0.85127
v 1.32000 6.98000 -0.80124
v 1.71000 7.22000 -0.84736
v 1.66932 7.22355 -0.85186
v 1.65346 7.20303 -0.85168
v 1.74000 7.22000 -0.84651
v 1.74000 7.25000 -0.84297
v 0.92000 6.40000 -0.77577
v 0.96500 6.40000 -0.77033
v 0.90000 6.40000 -0.76832
v 0.91500 6.88292 -0.77589
v 0.84500 6.88000 -0.78596
v 0.76500 6.88000 -0.78715
v 0.70000 6.88472 -0.78398
v 1.20000 6.88000 -0.78225
v 1.19000 6.80000 -0.79900
v 1.23500 6.81813 -0.78871
v 1.24000 6.90000 -0.78619
v 1.30248 6.82255 -0.77707
v 1.22000 6.88000 -0.77670
v 0.61500 6.88934 -0.79983
v 1.28000 6.80000 -0.80795
v 0.56000 6.91000 -0.80654
v 0.59000 6.90000 -0.80463
v 0.52022 6.97071 -0.81908
v 1.02459 6.44022 -0.75609
v 0.90000 6.41697 -0.75713
v 0.50000 6.97036 -0.81938
v 0.97703 6.42075 -0.75824
v 0.66000 6.42000 -0.77077
v 0.60000 6.40276 -0.78133
v 0.67970 6.41009 -0.78062
v 0.48000 6.94739 -0.80514
v 1.30203 6.80128 -0.79684
v 0.50137 6.95941 -0.79747
v 0.48000 6.96000 -0.78586
v 0.80250 6.88495 -0.77507
v 0.83984 7.44032 -0.81649
v 0.86229 7.43064 -0.85585
v 0.83313 7.47237 -0.83600
v 0.85962 7.48900 -0.85806
v 0.82000 7.49729 -0.83855
v 0.83973 7.51941 -0.85771
v 0.84000 7.42194 -0.83764
v 0.72750 7.16010 -0.87708
v 0.70000 7.16000 -0.87508
v 0.70000 7.12026 -0.87963
v 0.68000 7.14000 -0.87567
v 0.66000 7.16785 -0.87853
v 0.76000 7.18000 -0.88476
v 0.61258 7.14101 -0.86064
v 0.64000 7.16344 -0.86262
v 0.64079 7.34892 -0.86158
v 0.62078 7.35979 -0.85944
v 0.63506 7.32000 -0.85932
v 0.66573 7.33442 -0.88402
v 0.66000 7.36000 -0.86619
v 0.61954 7.30049 -0.87898
v 0.59809 7.28213 -0.88207
v 0.61972 7.29053 -0.89968
v 0.64174 7.31736 -0.87927
v 0.58500 7.26484 -0.90455
v 0.57442 7.25907 -0.89360
v 0.64000 7.30260 -0.90296
v 0.55987 7.24024 -0.90004
v 0.66023 7.30000 -0.89843
v 0.69500 7.34583 -0.88300
v 0.68000 7.30000 -0.90752
v 0.72000 7.30000 -0.90720
v 0.78306 7.30246 -0.89933
v 0.75024 7.32167 -0.89891
v 0.72000 7.32279 -0.90147
v 0.69866 7.32105 -0.90088
v 0.77000 7.26000 -0.90286
v 0.80184 7.28186 -0.89873
v 0.83463 7.25466 -0.90088
v 0.68000 7.26000 -0.90598
v 0.80854 7.21430 -0.89639
v 0.68000 7.28000 -0.90361
v 0.84009 7.20512 -0.90126
v 0.86000 7.21000 -0.90382
v 0.88000 7.15626 -0.89959
v 0.88000 7.19000 -0.90340
v 0.88167 7.24149 -0.89828
v 0.92046 7.19954 -0.89761
v 0.90770 7.18000 -0.90055
v 0.86036 7.23972 -0.89761
v 0.86000 7.26000 -0.89765
v 0.66000 7.26000 -0.91106
v 0.76021 7.21510 -0.89194
v 0.66000 7.20503 -0.89645
v 0.81250 7.16494 -0.88658
v 0.64000 7.26000 -0.91196
v 0.62000 7.23726 -0.90313
v 0.91500 7.11431 -0.88160
v 0.94500 7.15500 -0.88931
v 0.95000 7.11856 -0.88177
v 0.95500 7.18500 -0.88793
v 0.98000 7.18000 -0.88419
v 1.00000 7.21000 -0.88486
v 1.02845 7.18000 -0.88023
v 0.95000 7.22000 -0.89108
v 0.94000 7.20000 -0.88636
v 0.90000 7.24584 -0.88362
v 1.00000 7.25370 -0.87665
v 0.93000 7.24000 -0.89111
v 0.98367 7.15690 -0.87540
v 1.01778 7.16080 -0.87664
v 0.64000 7.28000 -0.90592
v 0.96394 7.14000 -0.87882
v 0.97316 7.12000 -0.87701
v 0.66001 7.27951 -0.89708
v 0.62000 7.26000 -0.90483
v 0.58000 7.24000 -0.90686
v 0.87500 7.11514 -0.87967
v 0.84139 7.12105 -0.87779
v 0.63465 7.17953 -0.87972
v 1.01612 7.22000 -0.87491
v 0.97091 7.25758 -0.87671
v 0.88251 7.26464 -0.88003
v 0.94000 7.26091 -0.87645
v 0.91688 7.26000 -0.87603
v 0.63955 7.20005 -0.87072
v -0.22017 6.62192 0.07230
v -0.24402 6.64000 0.07996
v -0.22027 6.59925 0.09400
v -0.24527 6.61902 0.10088
v -0.36043 6.40055 -0.32859
v -0.33303 6.40943 -0.34815
v -0.31946 6.43938 -0.34853
v -0.33969 6.42723 -0.32590
v -0.32085 6.46896 -0.32668
v -0.34000 6.89702 -0.53111
v -0.33955 6.92969 -0.54405
v -0.32000 6.94000 -0.54023
v -0.37056 6.91154 -0.54545
v -0.38000 6.88000 -0.51815
v -0.34081 6.87091 -0.50882
v -0.39799 6.89882 -0.54804
v -0.39917 6.87936 -0.52869
v -0.40000 6.85604 -0.51140
v -0.42000 6.86216 -0.52574
v -0.38000 6.85552 -0.50960
v -0.35977 6.83991 -0.50712
v -0.38110 6.84130 -0.48794
v -0.42000 6.84000 -0.49878
v -0.39947 6.81967 -0.48754
v -0.44000 6.81714 -0.49147
v -0.42194 6.80180 -0.46831
v -0.45953 6.79961 -0.48863
v -0.45403 6.77925 -0.46935
v -0.44000 6.83229 -0.50844
v -0.32003 6.90086 -0.51274
v -0.31969 6.87954 -0.50775
v -0.31893 6.85908 -0.48746
v -0.29860 6.91870 -0.50886
v -0.30000 6.87859 -0.48702
v -0.29000 6.95000 -0.51710
v -0.26942 6.94269 -0.51243
v -0.26000 6.98000 -0.51627
v -0.28070 6.98076 -0.52468
v -0.22578 6.96597 -0.51182
v -0.24000 6.94957 -0.50668
v -0.21792 7.00065 -0.52612
v -0.20092 6.98106 -0.50565
v -0.29613 6.96098 -0.53603
v -0.32057 6.96039 -0.56704
v -0.24842 6.94000 -0.49147
v -0.22000 6.94000 -0.49422
v -0.24000 6.92000 -0.49548
v -0.22047 6.91288 -0.48681
v -0.24000 6.89989 -0.48699
v -0.26976 6.88779 -0.48690
v -0.24000 6.88000 -0.47068
v -0.25972 6.91957 -0.48687
v -0.28000 6.94000 -0.49403
v -0.28000 6.98000 -0.49593
v -0.30000 6.94000 -0.49480
v -0.28000 6.94000 -0.49403
v -0.25431 6.96000 -0.48932
v -0.25495 6.98000 -0.48965
v -0.24842 6.94000 -0.49147
v -0.26001 7.00001 -0.48676
v -0.32003 6.90086 -0.51274
v -0.32000 6.94000 -0.48882
v -0.34556 6.92000 -0.48804
v -0.35743 6.87827 -0.48734
v -0.27487 7.00000 -0.47001
v -0.24000 6.94957 -0.50668
v -0.29860 6.91870 -0.50886
v -0.60023 6.68000 -0.17016
v -0.61114 6.70059 -0.19107
v -0.58000 6.66038 -0.18946
v -0.61057 6.70178 -0.16964
v -0.58800 6.63408 -0.16982
v -0.58000 6.70298 -0.20757
v -0.62000 6.71821 -0.21004
v -0.54982 6.68989 -0.20510
v -0.56509 6.70022 -0.22081
v 0.89930 7.60008 -0.83704
v 0.92882 7.62000 -0.83637
v 0.90005 7.61975 -0.79684
v -0.16083 6.55942 0.01447
v -0.19390 6.57928 0.01341
v -0.17995 6.58006 -0.00660
v -0.19928 6.60088 -0.00692
v -0.19139 6.58401 -0.02656
v -0.16364 6.56000 -0.03010
v -0.22000 6.61123 -0.02678
v -0.20000 6.58358 -0.04664
v -0.13943 6.56056 0.05260
v -0.17193 6.57202 0.04359
v -0.20000 6.58850 0.03337
v -0.14873 6.56016 0.07414
v -0.20049 6.58054 0.05358
v -0.12708 6.54000 0.06393
v -0.13478 6.54000 0.09778
v -0.18000 6.56000 0.06656
v -0.22000 6.60218 -0.00519
v -0.08895 6.54523 0.09424
v -0.11720 6.52000 0.11399
v -0.11720 6.52000 0.07399
v -0.10000 6.53450 0.07414
v -0.09964 6.53937 0.11415
v -0.10229 6.54101 0.15413
v -0.12000 6.51993 0.15135
v -0.06988 6.56000 0.11440
v -0.06000 6.55825 0.09560
v -0.07995 6.54008 0.07424
v -0.11866 6.49958 0.05396
v -0.05101 6.58000 0.09568
v -0.11929 6.49929 0.09396
v -0.11946 6.49944 0.11396
v -0.13550 6.48000 0.09381
v -0.13670 6.48000 0.11380
v -0.11836 6.49787 0.07396
v -0.13991 6.49942 0.08251
v -0.13973 6.47867 0.06220
v -0.06000 6.47583 0.05692
v -0.02944 6.46054 0.05443
v -0.06090 6.51888 0.07508
v -0.02916 6.49975 0.07265
v -0.04068 6.55000 0.08871
v 0.00000 6.50000 0.07050
v -0.06000 6.55825 0.09560
v -0.04111 6.44000 0.03526
v 0.00000 6.47703 0.05637
v -0.05101 6.58000 0.09568
v -0.01967 6.52968 0.07558
v -0.07995 6.54008 0.07424
v -0.06118 6.44000 0.01570
v -0.07968 6.45813 0.02390
v -0.08000 6.44000 0.00179
v -0.10000 6.46000 0.01407
v -0.08000 6.47808 0.05426
v -0.10042 6.46053 -0.00665
v -0.30147 6.38404 -0.18761
v -0.28000 6.40327 -0.22364
v -0.30036 6.42118 -0.24537
v -0.28045 6.45988 -0.28747
v -0.30061 6.48152 -0.30605
v 0.59949 7.21983 -0.87985
v 0.58000 7.21816 -0.86442
v 0.66000 7.20503 -0.89645
v 0.55756 7.24125 -0.87784
v 0.60000 7.23170 -0.89969
v 0.62000 7.23726 -0.90313
v 0.55987 7.24024 -0.90004
v 0.58000 7.24000 -0.90686
v 0.92882 7.62000 -0.83637
v 0.90000 7.64000 -0.82947
v 0.90005 7.61975 -0.79684
v -0.25906 6.66701 -0.38019
v -0.22917 6.68045 -0.36658
v -0.25275 6.66081 -0.33847
v -0.23677 6.65656 -0.32688
v -0.23324 6.69872 -0.38798
v -0.25943 6.69947 -0.40756
v -0.23815 6.63835 -0.30962
v -0.24088 6.61909 -0.28807
v -0.27562 6.67969 -0.39512
v -0.28023 6.70060 -0.40720
v -0.26000 6.73018 -0.42675
v -0.11910 6.66309 -0.28707
v -0.14151 6.65223 -0.27424
v -0.12000 6.61832 -0.24825
v -0.14000 6.61549 -0.24755
v -0.13560 6.68000 -0.29199
v -0.11581 6.61520 -0.22593
v -0.46561 6.42000 0.34384
v -0.42000 6.44000 0.33351
v -0.42000 6.42000 0.33593
v -0.46000 6.45000 0.33484
v -0.39386 6.44000 0.34462
v -0.21961 6.40000 0.31249
v -0.23970 6.41107 0.29175
v -0.22000 6.42000 0.30507
v -0.19992 6.41998 0.31323
v -0.35223 6.44150 -0.34804
v -0.32085 6.46896 -0.32668
v -0.34342 6.46000 -0.35066
v -0.32014 6.50034 -0.34763
v 1.28032 6.93892 -0.45334
v 1.29961 6.91999 -0.48497
v 1.28024 6.96005 -0.47516
v 1.28000 6.95903 -0.45468
v -0.32085 6.46896 -0.32668
v -0.35223 6.44150 -0.34804
v -0.31946 6.43938 -0.34853
v -0.24930 6.46491 -0.23226
v -0.25908 6.47835 -0.26903
v -0.28045 6.45988 -0.28747
v -0.27873 6.37786 -0.19233
v -0.26840 6.48375 -0.28894
v -0.28000 6.40327 -0.22364
v -0.28027 6.35972 -0.16798
v -0.30061 6.48152 -0.30605
v -0.17389 6.41348 -0.04655
v -0.19998 6.42030 -0.04698
v -0.19930 6.39566 -0.03043
v -0.19170 6.41729 -0.06623
v -0.16601 6.44000 -0.04442
v -0.13950 6.46082 -0.04604
v -0.16965 6.46032 -0.06648
v -0.18062 6.44000 -0.06658
v -0.18757 6.62000 -0.30651
v -0.19969 6.61960 -0.32700
v -0.17818 6.57784 -0.24891
v -0.21483 6.56607 -0.29756
v -0.21015 6.53473 -0.25159
v -0.22104 6.49138 -0.21533
v -0.21976 6.45000 -0.16689
v -0.19918 6.47872 -0.16829
v -0.25336 6.41029 -0.17167
v -0.25851 6.51773 -0.30856
v -0.25823 6.53795 -0.32715
v -0.19664 6.49552 -0.18667
v -0.17913 6.51896 -0.18788
v -0.15905 6.55934 -0.20720
v -0.15768 6.60931 -0.25711
v -0.14086 6.60105 -0.22499
v -0.15787 6.63837 -0.28797
v -0.14151 6.65223 -0.27424
v -0.21940 6.43921 -0.14830
v -0.25490 6.39077 -0.14636
v -0.15998 6.51997 -0.14641
v -0.24167 6.56238 -0.32524
v -0.26935 6.54018 -0.34516
v -0.17694 6.49687 -0.14651
v -0.28000 6.49437 -0.31090
v -0.14012 6.58021 -0.20591
v -0.14098 6.56138 -0.17671
v -0.16000 6.68000 -0.31778
v -0.17501 6.66968 -0.32673
v -0.13560 6.68000 -0.29199
v -0.19978 6.45977 -0.12709
v -0.21544 6.43467 -0.12687
v -0.19125 6.45558 -0.10556
v -0.18305 6.48402 -0.12657
v -0.24256 6.39220 -0.10712
v -0.22041 6.62073 -0.34688
v -0.24459 6.58924 -0.34700
v -0.21851 6.41909 -0.08881
v -0.22110 6.40220 -0.06137
v -0.17420 6.40986 -0.00683
v -0.18007 6.42012 -0.02660
v -0.15908 6.43565 -0.01093
v -0.28000 6.52000 -0.32360
v -0.14000 6.61549 -0.24755
v -0.26000 6.56602 -0.34346
v -0.20000 6.44000 -0.07423
v -0.20194 6.66000 -0.34474
v -0.22165 6.66000 -0.36440
v -0.18050 6.48069 -0.10403
v -0.15907 6.49854 -0.10797
v -0.16226 6.50835 -0.12638
v -0.14279 6.54450 -0.12620
v -0.11581 6.61520 -0.22593
v -0.15911 6.47854 -0.08770
v -0.18000 6.44813 -0.08657
v -0.14793 6.52000 -0.08626
v -0.14095 6.71764 -0.30806
v -0.16147 6.70000 -0.32574
v -0.12138 6.70185 -0.28117
v -0.11997 6.68015 -0.26585
v -0.12097 6.65889 -0.26154
v -0.21077 6.63981 -0.36656
v -0.15995 6.45988 -0.02644
v -0.13823 6.45956 -0.00768
v -0.13645 6.45654 0.01379
v -0.14886 6.44000 0.01368
v -0.11499 6.61596 -0.20592
v -0.10840 6.63000 -0.19585
v -0.12019 6.60046 -0.18517
v -0.11738 6.59291 -0.16596
v -0.10143 6.65055 -0.22738
v -0.30131 6.50539 -0.32522
v -0.32085 6.46896 -0.32668
v -0.30830 6.45000 -0.29762
v -0.32806 6.39500 -0.28991
v -0.33969 6.42723 -0.32590
v -0.36043 6.40055 -0.32859
v -0.15935 6.51827 -0.04635
v -0.16540 6.50000 -0.06641
v -0.14039 6.54111 -0.14618
v -0.11980 6.71979 -0.30605
v -0.14069 6.46056 0.03300
v -0.16084 6.43850 0.04204
v -0.22917 6.68045 -0.36658
v -0.19748 6.70000 -0.34858
v -0.21028 6.70000 -0.36663
v -0.18000 6.70000 -0.33732
v -0.21670 6.72061 -0.36587
v -0.19993 6.72013 -0.34675
v -0.29819 6.47734 -0.34706
v 1.28047 7.01850 -0.78295
v 1.29944 6.99542 -0.79245
v 1.29317 7.04392 -0.80739
v 1.28000 7.04379 -0.79212
v 1.26000 7.06069 -0.81524
v 0.96000 7.08335 -0.83511
v 0.94000 7.06000 -0.82644
v 0.82000 7.07754 -0.84154
v 0.79500 7.06000 -0.83234
v 0.86000 7.07724 -0.84244
v 0.85000 7.10334 -0.85610
v 0.82000 7.11623 -0.86270
v 0.76000 7.07681 -0.84213
v 0.72000 7.06000 -0.83197
v 0.70018 7.11970 -0.85904
v 0.76000 7.11707 -0.85859
v 0.67438 7.08103 -0.83768
v 0.67000 7.05853 -0.82497
v 0.80000 7.11769 -0.86327
v 0.87989 7.09937 -0.85825
v 0.79000 7.08000 -0.84781
v 0.82596 7.14190 -0.87716
v 0.78000 7.14000 -0.87335
v 0.81250 7.16494 -0.88658
v 0.67000 7.10000 -0.85001
v 0.76000 7.18000 -0.88476
v 0.66000 7.12318 -0.85647
v 0.62902 7.06927 -0.82036
v 0.62113 7.10000 -0.83856
v 0.88250 7.06000 -0.82912
v 0.80500 7.04178 -0.81671
v 0.88500 7.04328 -0.81572
v 0.85000 7.02000 -0.80697
v 0.76000 7.02000 -0.80877
v 0.90000 7.01757 -0.80014
v 0.97000 7.00000 -0.78654
v 1.01276 7.02558 -0.79929
v 1.09102 6.99797 -0.77877
v 1.10000 7.02354 -0.79279
v 1.04250 7.04000 -0.80982
v 1.14000 7.01391 -0.78194
v 0.99750 6.99049 -0.77698
v 0.87000 6.99135 -0.78068
v 0.90000 6.98332 -0.77436
v 0.83000 6.98318 -0.77500
v 0.84856 6.95923 -0.75870
v 0.79500 6.99172 -0.78226
v 0.76000 6.99102 -0.78321
v 0.70000 7.02000 -0.80524
v 0.66000 7.04000 -0.80820
v 0.70000 7.04000 -0.80766
v 0.72000 7.04272 -0.81545
v 0.89000 6.96144 -0.75362
v 0.91000 6.97166 -0.75764
v 0.97000 6.97536 -0.75843
v 0.95500 6.96000 -0.74870
v 1.03000 6.97889 -0.75783
v 1.09094 6.98181 -0.75604
v 1.05000 6.96000 -0.74252
v 1.01000 6.96000 -0.74402
v 1.12122 7.03777 -0.80457
v 1.18000 7.04143 -0.79468
v 1.16000 7.04203 -0.79947
v 0.90000 7.08215 -0.83586
v 0.91580 6.92077 -0.73722
v 0.68000 7.14000 -0.87567
v 0.93000 6.94000 -0.74581
v 0.71000 6.89000 -0.74689
v 0.68943 6.86000 -0.73940
v 1.20000 6.99812 -0.75878
v 1.22000 6.94000 -0.72598
v 1.24895 6.95958 -0.73606
v 1.12837 6.99929 -0.75657
v 1.22884 7.00951 -0.76075
v 0.58000 6.94000 -0.77445
v 0.90000 7.10385 -0.85590
v 0.61258 7.14101 -0.86064
v 1.10299 7.08000 -0.81612
v 1.07000 7.07171 -0.81578
v 1.00927 7.10547 -0.83660
v 1.10910 7.09951 -0.83568
v 1.14000 7.06000 -0.81794
v 1.26000 7.00000 -0.74638
v 1.26000 7.01929 -0.75580
v 1.29163 6.99688 -0.75489
v 1.24045 6.89962 -0.71567
v 1.24000 6.88000 -0.70501
v 0.56000 6.94000 -0.78173
v 1.28000 6.99972 -0.73575
v 1.24000 6.94000 -0.71726
v 1.26243 6.93819 -0.71657
v 1.24075 6.92000 -0.71572
v 1.14114 7.07990 -0.83406
v 1.16000 7.10000 -0.84529
v 1.17000 7.06000 -0.82561
v 1.18000 7.08000 -0.84159
v 1.21189 7.08000 -0.83534
v 1.20000 7.06000 -0.82462
v 0.87500 7.11514 -0.87967
v 0.76000 7.16000 -0.87415
v 0.72750 7.16010 -0.87708
v 0.76000 7.14000 -0.87046
v 0.91500 7.11431 -0.88160
v 0.96223 7.09938 -0.85790
v 0.95000 7.11856 -0.88177
v 0.97316 7.12000 -0.87701
v 0.66000 6.85953 -0.75950
v 1.26000 7.04624 -0.78978
v 1.22000 7.03886 -0.77757
v 0.84139 7.12105 -0.87779
v 1.24000 7.04957 -0.79519
v 1.21952 7.05549 -0.80394
v 0.59567 6.91823 -0.78511
v 0.76888 7.11943 -0.87782
v 1.28089 6.97983 -0.71509
v 1.30018 6.97732 -0.70412
v 1.28017 6.95960 -0.69448
v 1.25802 6.89579 -0.69525
v 1.32000 6.98217 -0.73380
v 0.72909 7.12071 -0.85818
v 1.20033 7.03042 -0.79545
v 1.20000 7.00367 -0.77941
v -0.32000 6.79729 -0.04974
v -0.34247 6.77935 -0.02869
v -0.32000 6.77672 -0.03113
v -0.29455 6.76136 -0.02618
v -0.30000 6.80000 -0.06157
v -0.28181 6.77509 -0.04887
v -0.27675 6.80000 -0.07309
v -0.33665 6.76685 -0.00763
v -0.36000 6.79665 -0.03133
v -0.36000 6.81452 -0.05157
v -0.32000 6.82000 -0.06634
v -0.38000 6.81793 -0.05148
v -0.28000 6.74374 -0.02433
v -0.36000 6.84000 -0.06606
v -0.30000 6.82000 -0.06543
v -0.25966 6.77741 -0.04851
v -0.36000 6.77821 -0.01186
v -0.25963 6.75861 -0.01622
v -0.30000 6.73848 -0.02498
v -0.28136 6.72285 -0.00720
v -0.18000 6.96000 0.12262
v -0.18837 6.97925 0.13399
v -0.20294 6.92990 0.13302
v -0.15187 6.98000 0.13345
v -0.17848 6.92958 0.13184
v -0.16000 7.01000 0.12400
v -0.20033 6.89930 0.15460
v -0.13785 7.04000 0.13319
v -0.16054 6.95087 0.13848
v -0.13836 6.94000 0.15191
v -0.16000 6.91000 0.14481
v -0.18000 6.90000 0.13786
v -0.15964 6.87142 0.15375
v -0.12982 6.96000 0.15423
v -0.15989 7.03854 0.11374
v -0.18178 6.85013 0.13464
v -0.20000 6.87460 0.13525
v -0.12408 7.00000 0.15943
v -0.10000 6.98000 0.18407
v -0.12113 6.98251 0.17491
v -0.12815 6.95000 0.17527
v -0.10000 6.96000 0.18550
v -0.08854 6.94006 0.19487
v -0.11707 6.92000 0.19268
v -0.14017 6.89523 0.17621
v -0.12085 6.88260 0.19455
v -0.08000 6.92000 0.20243
v -0.09906 6.87877 0.21280
v -0.12009 6.84478 0.21991
v -0.08154 6.90193 0.21688
v -0.19976 6.85094 0.11635
v -0.18022 6.80000 0.13400
v -0.19980 6.81142 0.11338
v -0.20000 6.78000 0.12370
v -0.19898 6.75000 0.12711
v -0.22026 6.75079 0.11562
v -0.10222 6.86281 0.23438
v -0.11032 6.84000 0.25430
v -0.08582 6.88721 0.23454
v -0.22496 6.87595 0.12899
v 0.62000 7.26694 -0.85949
v 0.59809 7.28213 -0.88207
v 0.61954 7.30049 -0.87898
v 0.63247 7.29000 -0.85937
v 0.63506 7.32000 -0.85932
v 0.58342 7.25925 -0.85699
v -0.23935 6.68928 0.09421
v -0.22000 6.68000 0.08014
v -0.21963 6.69631 0.07210
v -0.21986 6.72016 0.07302
v -0.24000 6.72000 0.10360
v -0.24000 6.66000 0.08662
v -0.21841 6.72286 0.09332
v -0.22026 6.75079 0.11562
v -0.24295 6.74000 0.12142
v -0.23999 6.75974 0.13317
v -0.21863 6.77976 0.13336
v -0.20000 6.78000 0.12370
v -0.19980 6.81142 0.11338
v -0.21982 6.77988 0.15349
v -0.23988 6.75914 0.15405
v -0.21946 6.81167 0.15608
v -0.19976 6.85094 0.11635
v -0.21972 6.86076 0.15401
v -0.20000 6.87460 0.13525
v -0.32003 6.90086 -0.51274
v -0.33499 6.88000 -0.48983
v -0.30000 6.87859 -0.48702
v -0.35743 6.87827 -0.48734
v -0.31893 6.85908 -0.48746
v -0.19976 6.39936 0.23186
v -0.18000 6.40000 0.19665
v -0.19997 6.41995 0.19325
v -0.22000 6.40000 0.24463
v -0.22000 6.41093 0.21308
v 0.58000 7.24432 -0.87983
v 0.58342 7.25925 -0.85699
v 0.55756 7.24125 -0.87784
v 0.60100 7.26081 -0.87930
v 0.55987 7.24024 -0.90004
v -0.64045 6.67721 -0.24972
v -0.62000 6.67546 -0.24560
v -0.62000 6.70887 -0.23383
v -0.59837 6.70075 -0.23014
v -0.58237 6.68048 -0.25145
v -0.56509 6.70022 -0.22081
v -0.62000 6.66298 -0.27008
v -0.64000 6.66988 -0.27024
v -0.58000 6.70298 -0.20757
v -0.62000 6.71821 -0.21004
v -0.63784 6.70572 -0.25020
v -0.64000 6.71996 -0.23021
v 0.58363 7.24000 -0.83682
v 0.58000 7.21816 -0.86442
v 0.57659 7.26094 -0.83984
v 0.56431 7.23672 -0.85996
v 0.55756 7.24125 -0.87784
v 0.82000 7.42178 -0.87895
v 0.83601 7.39849 -0.87830
v 0.86223 7.41904 -0.87847
v 0.84000 7.43476 -0.87762
v 0.79966 7.41940 -0.87785
v 0.88000 7.40064 -0.85803
v -0.25919 6.74122 -0.10538
v -0.28519 6.75588 -0.12721
v -0.25796 6.74353 -0.13699
v -0.27795 6.74107 -0.08589
v -0.29902 6.76038 -0.10679
v -0.29833 6.76639 -0.14225
v -0.28000 6.71373 -0.04720
v -0.30000 6.74251 -0.07892
v -0.30000 6.72989 -0.04735
v -0.25563 6.69114 -0.05601
v -0.27862 6.69781 -0.01655
v -0.28490 6.72000 -0.02723
v -0.28000 6.74752 -0.15717
v -0.29285 6.76000 -0.16727
v -0.28132 6.75872 -0.19018
v -0.26000 6.75241 -0.17700
v -0.24664 6.74000 -0.18690
v -0.25736 6.76099 -0.20525
v -0.23975 6.75605 -0.21554
v -0.28000 6.77662 -0.22715
v -0.30000 6.73848 -0.02498
v -0.28136 6.72285 -0.00720
v -0.07995 6.68109 -0.24550
v -0.05740 6.69479 -0.24539
v -0.08372 6.68334 -0.26561
v -0.06000 6.69893 -0.26575
v -0.09984 6.67197 -0.24732
v -0.08000 6.70000 -0.21060
v -0.10080 6.67992 -0.21494
v -0.10011 6.65997 -0.26579
v -0.05945 6.71905 -0.22549
v -0.45959 6.81918 -0.07851
v -0.46000 6.82848 -0.10861
v -0.43959 6.82047 -0.11650
v -0.49048 6.84063 -0.10720
v -0.44000 6.80110 -0.08682
v -0.45825 6.79252 -0.06876
v -0.44000 6.77844 -0.06460
v -0.47669 6.82220 -0.12908
v -0.49983 6.84034 -0.12908
v -0.26609 6.61386 0.31284
v -0.23952 6.63892 0.31364
v -0.23914 6.61846 0.29481
v -0.26000 6.63000 0.32655
v -0.26000 6.60768 0.27289
v -0.23958 6.61937 0.25307
v -0.26919 6.60000 0.25281
v -0.26075 6.60319 0.21288
v -0.24000 6.60548 0.21305
v -0.15964 6.87142 0.15375
v -0.16753 6.83000 0.15382
v -0.16073 6.84228 0.17494
v -0.16139 6.81000 0.17533
v -0.16972 6.78000 0.15376
v -0.16379 6.78000 0.17381
v -0.15854 6.77726 0.21385
v -0.17850 6.73138 0.18365
v -0.17993 6.73990 0.15355
v -0.18024 6.73256 0.22364
v -0.19159 6.70000 0.19352
v -0.19688 6.69000 0.17121
v -0.19091 6.72000 0.15354
v -0.20042 6.68070 0.19343
v -0.20519 6.66000 0.16663
v -0.16200 6.76216 0.24381
v -0.17090 6.74000 0.27372
v -0.16192 6.76202 0.27381
v -0.14896 6.80000 0.21395
v -0.14584 6.83053 0.19451
v -0.20117 6.71100 0.13911
v -0.14017 6.89523 0.17621
v -0.13836 6.94000 0.15191
v -0.12815 6.95000 0.17527
v -0.12982 6.96000 0.15423
v -0.12113 6.98251 0.17491
v -0.12408 7.00000 0.15943
v -0.13764 6.82000 0.20992
v -0.18022 6.80000 0.13400
v -0.19883 6.69733 0.23346
v -0.19835 6.69236 0.27346
v -0.21652 6.65661 0.26828
v -0.21794 6.65671 0.23327
v -0.18209 6.72279 0.27362
v -0.21918 6.63866 0.19325
v -0.21611 6.65154 0.21328
v -0.22387 6.64896 0.29401
v -0.24000 6.60314 0.19305
v -0.21850 6.61974 0.17364
v -0.12009 6.84478 0.21991
v -0.12085 6.88260 0.19455
v -0.19898 6.75000 0.12711
v -0.18178 6.85013 0.13464
v -0.19223 6.68000 0.15350
v -0.20080 6.66546 0.11908
v -0.20367 6.69887 0.10372
v -0.20247 6.68000 0.09342
v -0.22026 6.75079 0.11562
v -0.21963 6.69631 0.07210
v -0.21986 6.72016 0.07302
v -0.21841 6.72286 0.09332
v -0.22000 6.68000 0.08014
v -0.24000 6.66000 0.08662
v -0.20000 6.63538 0.17440
v -0.25969 6.61955 0.18104
v -0.24000 6.60832 0.16305
v -0.24232 6.61721 0.13304
v -0.24000 6.60314 0.19305
v -0.25713 6.62817 0.12484
v -0.24527 6.61902 0.10088
v -0.24000 6.60548 0.21305
v -0.21716 6.61725 0.13325
v -0.21710 6.61616 0.11325
v -0.21850 6.61974 0.17364
v -0.26075 6.60319 0.21288
v -0.22027 6.59925 0.09400
v -0.26056 6.60271 0.09144
v -0.24992 6.58000 0.05295
v 1.01000 7.12500 -0.84940
v 0.99779 7.14285 -0.85575
v 0.97006 7.12000 -0.85703
v 1.08000 7.22840 -0.85842
v 1.11000 7.22000 -0.86712
v 1.10000 7.24000 -0.86727
v 1.06000 7.22975 -0.85774
v 1.13855 7.22000 -0.85534
v 1.25999 7.22000 -0.83483
v 1.32000 7.22000 -0.82647
v 1.15002 7.23987 -0.84976
v 1.10000 7.25380 -0.85195
v 1.01412 7.20000 -0.87455
v 1.01612 7.22000 -0.87491
v 1.00000 7.21000 -0.88486
v 1.12000 7.24127 -0.85653
v 1.29500 7.24913 -0.81572
v -0.29819 6.47734 -0.34706
v -0.32014 6.50034 -0.34763
v -0.32085 6.46896 -0.32668
v 0.99000 7.26337 -0.83952
v 1.00000 7.24556 -0.85666
v 1.01852 7.25855 -0.83557
v 1.02178 7.24022 -0.85665
v 0.96000 7.25195 -0.85695
v 1.06141 7.25833 -0.83574
v 1.06000 7.22975 -0.85774
v 1.01612 7.22000 -0.87491
v 0.94125 7.28220 -0.83788
v 1.00000 7.28000 -0.82924
v 1.00000 7.25370 -0.87665
v 0.81485 7.40000 -0.85785
v 0.83601 7.39849 -0.87830
v 0.79966 7.41940 -0.87785
v 0.54000 7.21326 -0.84017
v 0.55931 7.25259 -0.83658
v 0.54284 7.22932 -0.81827
v 0.54575 7.26000 -0.81617
v 0.56149 7.27931 -0.81948
v 0.54020 7.28124 -0.80052
v 0.57659 7.26094 -0.83984
v 0.55500 7.29535 -0.79571
v 0.58007 7.29979 -0.81977
v 0.56431 7.23672 -0.85996
v 0.58342 7.25925 -0.85699
v 0.54000 7.22690 -0.85463
v 0.54190 7.25842 -0.79900
v 0.60000 7.28000 -0.82540
v 0.59861 7.32000 -0.82208
v 0.61272 7.30000 -0.83951
v 0.59994 7.25999 -0.83965
v 0.62000 7.26694 -0.85949
v 0.63247 7.29000 -0.85937
v 0.62000 7.34219 -0.84458
v 0.63506 7.32000 -0.85932
v 0.60251 7.34000 -0.83955
v -0.25713 6.62817 0.12484
v -0.25997 6.64011 0.15308
v -0.25969 6.61955 0.18104
v 0.75024 7.32167 -0.89891
v 0.77800 7.32023 -0.87886
v 0.73657 7.31875 -0.87784
v 0.72000 7.32279 -0.90147
v 0.75585 7.31349 -0.85694
v 0.77848 7.32000 -0.85822
v -0.22165 6.66000 -0.36440
v -0.22917 6.68045 -0.36658
v -0.19801 6.68738 -0.38654
v -0.19918 6.65836 -0.38566
v -0.21077 6.63981 -0.36656
v -0.21063 6.62000 -0.36670
v -0.22041 6.62073 -0.34688
v -0.21028 6.70000 -0.36663
v -0.21670 6.72061 -0.36587
v -0.24000 6.64247 -0.36620
v -0.23838 6.61897 -0.36625
v 0.74000 7.11127 -0.87875
v 0.76888 7.11943 -0.87782
v 0.74117 7.14203 -0.88363
v 0.72000 7.11883 -0.87826
v 0.72000 7.14000 -0.89394
v 0.72750 7.16010 -0.87708
v 0.76000 7.14000 -0.87046
v -0.29819 6.47734 -0.34706
v -0.30131 6.50539 -0.32522
v -0.32014 6.50034 -0.34763
v -0.24000 6.44000 0.82631
v -0.24096 6.41817 0.83181
v -0.20000 6.46000 0.82241
v -0.22000 6.42000 0.82538
v -0.21668 6.40000 0.81716
v -0.19841 6.43758 0.81509
v -0.25777 6.45000 0.83820
v -0.21051 6.39000 0.78314
v -0.19916 6.37775 0.75542
v 1.27121 6.94000 -0.47510
v 1.27954 6.91929 -0.47326
v 1.28032 6.93892 -0.45334
v 1.28000 6.95903 -0.45468
v 1.25967 6.95947 -0.46742
v 0.94000 7.26091 -0.87645
v 0.92000 7.25693 -0.85498
v 0.91688 7.26000 -0.87603
v 0.96000 7.25195 -0.85695
v 0.97091 7.25758 -0.87671
v 1.00000 7.24556 -0.85666
v 1.00000 7.25370 -0.87665
v 1.02178 7.24022 -0.85665
v 0.90000 7.24584 -0.88362
v -0.22013 6.56078 -0.00882
v -0.22000 6.60218 -0.00519
v -0.19928 6.60088 -0.00692
v -0.11980 6.71979 -0.30605
v -0.09924 6.71815 -0.27832
v -0.09941 6.73803 -0.28656
v -0.06960 6.71845 -0.24710
v -0.09987 6.70027 -0.30659
v -0.09911 6.76039 -0.28699
v -0.15989 7.03854 0.11374
v -0.18000 7.02000 0.15107
v -0.16000 7.01000 0.12400
v -0.18486 7.00000 0.13981
v -0.18837 6.97925 0.13399
v 1.02077 7.92123 -0.79615
v 1.03888 7.92098 -0.77610
v 1.00000 7.90899 -0.77582
v 1.00000 7.89534 -0.79231
v 0.57883 7.27808 -0.79881
v 0.58066 7.31144 -0.80250
v 0.55500 7.29535 -0.79571
v -0.24000 6.52073 0.05334
v -0.25254 6.54000 0.05290
v -0.22902 6.56002 0.03310
v -0.24000 6.50000 0.05798
v -0.26000 6.56000 0.06294
v -0.24043 6.58000 0.03229
v -0.23042 6.58000 0.01311
v -0.26054 6.52000 0.09123
v -0.26079 6.47230 0.09276
v -0.28092 6.48959 0.11186
v -0.27955 6.45000 0.11375
v -0.30005 6.46009 0.15174
v -0.28000 6.41941 0.13443
v -0.22000 6.60218 -0.00519
v -0.22013 6.56078 -0.00882
v -0.23585 6.62067 0.00361
v -0.25026 6.61000 0.03297
v -0.24992 6.58000 0.05295
v -0.25142 6.64000 0.01298
v -0.29063 6.40500 0.17750
v -0.21943 6.55816 0.01319
v -0.26049 6.58137 0.07189
v -0.28000 6.38159 0.13366
v -0.22000 6.61123 -0.02678
v -0.25868 6.66139 -0.01801
v -0.24494 6.65019 -0.04648
v -0.25563 6.69114 -0.05601
v -0.23901 6.68262 -0.08423
v -0.23738 6.64912 -0.06762
v -0.22506 6.65035 -0.08681
v -0.25919 6.74122 -0.10538
v -0.24420 6.70224 -0.10691
v -0.25796 6.74353 -0.13699
v -0.25194 6.64000 0.04298
v -0.22116 6.63693 -0.10677
v -0.23911 6.66481 -0.14690
v -0.24155 6.70580 -0.17187
v -0.23721 6.66000 -0.16688
v -0.24664 6.74000 -0.18690
v -0.23239 6.64000 -0.14686
v -0.22578 6.70000 -0.20676
v -0.23995 6.63977 -0.16692
v -0.23975 6.75605 -0.21554
v -0.23331 6.72000 -0.20681
v -0.23160 6.73000 -0.22679
v -0.22628 6.68000 -0.22678
v -0.26542 6.66903 0.03423
v -0.26414 6.68000 0.01291
v -0.26939 6.70000 0.01288
v -0.21714 6.60918 -0.06931
v -0.27862 6.69781 -0.01655
v -0.22020 6.63005 -0.12677
v -0.21897 6.67796 -0.20672
v -0.23272 6.66000 -0.22685
v -0.28044 6.70004 0.03213
v -0.26056 6.60271 0.09144
v -0.20000 6.59026 -0.06663
v -0.20000 6.58358 -0.04664
v -0.25913 6.43388 0.11118
v -0.25979 6.41981 0.13149
v -0.08000 6.72000 -0.30383
v -0.09941 6.73803 -0.28656
v -0.09924 6.71815 -0.27832
v -0.09987 6.70027 -0.30659
v -0.27399 6.76000 -0.42711
v -0.25923 6.75958 -0.44797
v -0.26000 6.73018 -0.42675
v -0.28042 6.74102 -0.42713
v -0.22388 6.74424 -0.42370
v -0.26414 6.68000 0.01291
v -0.27862 6.69781 -0.01655
v -0.29182 6.68000 -0.00732
v 0.83313 7.47237 -0.83600
v 0.82000 7.44000 -0.82790
v 0.83984 7.44032 -0.81649
v 0.81272 7.42242 -0.83784
v 1.32457 6.86000 -0.43967
v 1.33554 6.84715 -0.39978
v 1.34000 6.85931 -0.41608
v 1.34010 6.88011 -0.45216
v 1.35108 6.84026 -0.37364
v -0.06176 6.74065 -0.27711
v -0.08000 6.72000 -0.30383
v -0.06068 6.73987 -0.30550
v -0.08000 6.72926 -0.28555
v -0.05866 6.76039 -0.30559
v -0.08000 6.71667 -0.26898
v -0.06960 6.71845 -0.24710
v -0.04176 6.73823 -0.26523
v -0.03977 6.75899 -0.27815
v -0.09941 6.73803 -0.28656
v -0.09924 6.71815 -0.27832
v 0.89930 7.60008 -0.83704
v 0.90005 7.61975 -0.79684
v 0.88650 7.62000 -0.82264
v 0.98367 7.15690 -0.87540
v 0.96394 7.14000 -0.87882
v 0.97006 7.12000 -0.85703
v 0.99779 7.14285 -0.85575
v 1.01778 7.16080 -0.87664
v 1.02845 7.18000 -0.88023
v -0.13991 6.49942 0.08251
v -0.12748 6.52000 0.05391
v -0.11866 6.49958 0.05396
v -0.13478 6.54000 0.09778
v -0.14062 6.52120 0.09300
v -0.15990 6.52026 0.11423
v -0.15307 6.50000 0.11369
v -0.15669 6.50406 0.13366
v -0.06000 6.60000 0.11694
v -0.08391 6.60000 0.10854
v -0.05101 6.58000 0.09568
v 0.86130 7.28119 -0.87501
v 0.85142 7.26560 -0.85774
v 0.84000 7.28129 -0.87808
v 0.88000 7.25552 -0.85558
v 0.88251 7.26464 -0.88003
v 0.90000 7.24584 -0.88362
v 0.83486 7.28000 -0.85414
v 0.90000 7.25114 -0.85739
v 0.90000 7.26000 -0.83868
v 0.92000 7.25693 -0.85498
v -0.27969 6.62000 0.29274
v -0.26000 6.60768 0.27289
v -0.27909 6.62106 0.27158
v -0.26609 6.61386 0.31284
v -0.26919 6.60000 0.25281
v 0.79670 7.37963 -0.86120
v 0.82039 7.37951 -0.87949
v 0.83601 7.39849 -0.87830
v 0.81485 7.40000 -0.85785
v -0.26000 6.78000 -0.45824
v -0.29068 6.75874 -0.44849
v -0.27648 6.78979 -0.44711
v -0.26070 6.81628 -0.44995
v -0.25923 6.75958 -0.44797
v -0.27862 6.69781 -0.01655
v -0.30064 6.70020 -0.02761
v -0.28000 6.71373 -0.04720
v -0.16601 6.44000 -0.04442
v -0.15995 6.45988 -0.02644
v -0.13950 6.46082 -0.04604
v -0.15995 6.45988 -0.02644
v -0.16601 6.44000 -0.04442
v -0.13950 6.46082 -0.04604
v -0.22000 6.71238 -0.38670
v -0.20850 6.72000 -0.40660
v -0.19955 6.70089 -0.40639
v -0.19801 6.68738 -0.38654
v -0.22388 6.74424 -0.42370
v -0.20037 6.72051 -0.42899
v -0.20565 6.69000 -0.43660
v -0.21670 6.72061 -0.36587
v -0.42000 6.42000 0.40279
v -0.44000 6.44335 0.40798
v -0.43393 6.40000 0.39734
v -0.42274 6.46000 0.40836
v -0.40262 6.44000 0.38840
v -0.42116 6.48202 0.41013
v -0.39472 6.49005 0.39170
v -0.40152 6.42182 0.37159
v -0.38475 6.44000 0.37175
v -0.42114 6.40557 0.36142
v -0.39386 6.44000 0.34462
v -0.42000 6.42000 0.33593
v 1.69988 8.02058 -0.77119
v 1.74000 8.02000 -0.76618
v 1.72000 8.02000 -0.75648
v 1.72000 8.04000 -0.75088
v 1.77000 8.05000 -0.76320
v 1.77000 8.08000 -0.76412
v 1.70000 8.04000 -0.75768
v 1.71000 8.08000 -0.75924
v 1.74000 8.09000 -0.75955
v 1.72000 8.10000 -0.76228
v 1.74000 8.06000 -0.76213
v 1.76000 8.12000 -0.75032
v 1.76947 8.10021 -0.75104
v 1.69952 8.09927 -0.77084
v 1.68000 8.10000 -0.76537
v 1.00000 7.90899 -0.77582
v 0.98575 7.93000 -0.77746
v 0.98021 7.90017 -0.79606
v 1.00000 7.89534 -0.79231
v -0.28000 6.50009 -0.34735
v -0.30131 6.50539 -0.32522
v -0.28000 6.52000 -0.32360
v -0.26612 6.52000 -0.34722
v -0.26935 6.54018 -0.34516
v -0.28483 6.56000 -0.33941
v -0.26090 6.54120 -0.36717
v -0.26000 6.56602 -0.34346
v -0.23801 6.57691 -0.36695
v -0.24459 6.58924 -0.34700
v -0.21063 6.62000 -0.36670
v -0.22041 6.62073 -0.34688
v -0.19223 6.68000 0.15350
v -0.20080 6.66546 0.11908
v -0.18000 6.66611 0.12619
v -0.11910 6.66309 -0.28707
v -0.10413 6.69161 -0.28525
v -0.11997 6.68015 -0.26585
v -0.05101 6.58000 0.09568
v -0.08391 6.60000 0.10854
v -0.07865 6.58105 0.11516
v -0.06988 6.56000 0.11440
v -0.08546 6.57451 0.13429
v 1.29961 6.91999 -0.48497
v 1.27954 6.91929 -0.47326
v 1.28032 6.93892 -0.45334
v 1.11530 7.94000 -0.75364
v 1.09320 7.94000 -0.77123
v 1.11207 7.92000 -0.77496
v 1.08000 7.94477 -0.75517
v -0.11866 6.49958 0.05396
v -0.13645 6.45654 0.01379
v -0.12000 6.46717 0.03076
v -0.13441 6.52000 0.03385
v -0.14207 6.50000 0.01643
v -0.13779 6.54000 0.02991
v -0.15883 6.54139 -0.00633
v -0.15760 6.52000 -0.00634
v -0.12748 6.52000 0.05391
v -0.12708 6.54000 0.06393
v -0.13943 6.56056 0.05260
v -0.13823 6.45956 -0.00768
v -0.14628 6.48000 -0.00627
v -0.14549 6.50000 -0.00625
v -0.15275 6.52000 -0.02630
v -0.15935 6.51827 -0.04635
v -0.15780 6.48000 -0.02760
v -0.15995 6.45988 -0.02644
v -0.16908 6.48000 -0.04646
v -0.16083 6.55942 0.01447
v -0.17995 6.58006 -0.00660
v -0.16540 6.50000 -0.06641
v -0.16965 6.46032 -0.06648
v -0.14845 6.54000 -0.04625
v -0.13478 6.54000 0.09778
v -0.14805 6.54000 -0.08124
v -0.14793 6.52000 -0.08626
v -0.14279 6.54450 -0.12620
v -0.13633 6.56000 -0.09636
v -0.18181 6.46260 -0.04384
v -0.16601 6.44000 -0.04442
v -0.12516 6.56000 -0.12604
v -0.12000 6.66780 -0.16592
v -0.10080 6.67992 -0.21494
v -0.10767 6.63000 -0.15585
v -0.11891 6.62149 -0.12435
v -0.12142 6.68573 -0.19654
v -0.12000 6.70000 -0.21732
v -0.13983 6.66008 -0.14594
v -0.14110 6.63960 -0.12647
v -0.13824 6.62181 -0.10426
v -0.16000 6.65118 -0.12626
v -0.12822 6.60000 -0.10604
v -0.14233 6.60000 -0.08789
v -0.16223 6.60880 -0.07751
v -0.15023 6.58000 -0.06623
v -0.15939 6.58134 -0.04545
v -0.16364 6.56000 -0.03010
v -0.11993 6.59073 -0.13531
v -0.10143 6.65055 -0.22738
v -0.07995 6.68109 -0.24550
v -0.11738 6.59291 -0.16596
v -0.10840 6.63000 -0.19585
v -0.14098 6.56138 -0.17671
v -0.61942 6.68074 -0.31053
v -0.62000 6.66345 -0.29008
v -0.64000 6.67988 -0.29033
v -0.64000 6.69960 -0.31022
v -0.60000 6.66664 -0.30990
v -0.60183 6.68112 -0.32885
v -0.58000 6.66681 -0.30974
v -0.62000 6.66298 -0.27008
v -0.64000 6.66988 -0.27024
v -0.30131 6.50539 -0.32522
v -0.28000 6.50009 -0.34735
v -0.30016 6.52000 -0.34665
v -0.29819 6.47734 -0.34706
v -0.31935 6.45775 -0.36604
v -0.32000 6.48000 -0.35676
v -0.34342 6.46000 -0.35066
v -0.32014 6.50034 -0.34763
v -0.29500 6.50000 -0.36182
v -0.30016 6.52000 -0.34665
v -0.31946 6.43938 -0.34853
v -0.35223 6.44150 -0.34804
v -0.28000 6.50009 -0.34735
v 0.54284 7.22932 -0.81827
v 0.52000 7.23067 -0.84031
v 0.54000 7.21326 -0.84017
v 0.54000 7.22690 -0.85463
v -0.11910 6.66309 -0.28707
v -0.11997 6.68015 -0.26585
v -0.10011 6.65997 -0.26579
v -0.17298 6.87098 -0.55573
v -0.22000 6.88155 -0.56575
v -0.20000 6.88000 -0.54799
v -0.14000 6.69768 0.07394
v -0.16466 6.68573 0.07373
v -0.14415 6.68401 0.05190
v -0.30131 6.50539 -0.32522
v -0.30016 6.52000 -0.34665
v -0.32014 6.50034 -0.34763
v 1.01412 7.20000 -0.87455
v 1.02845 7.18000 -0.88023
v 1.00000 7.21000 -0.88486
v -0.27111 6.80000 0.03294
v -0.28000 6.79752 0.01143
v -0.25428 6.78000 0.01853
v -0.27399 6.76000 -0.42711
v -0.29068 6.75874 -0.44849
v -0.25923 6.75958 -0.44797
v 0.86229 7.43064 -0.85585
v 0.84000 7.43476 -0.87762
v 0.86223 7.41904 -0.87847
v 0.84000 7.43215 -0.85763
v 0.84000 7.42194 -0.83764
v 0.81272 7.42242 -0.83784
v 0.83984 7.44032 -0.81649
v 0.82138 7.41923 -0.85826
v 0.79670 7.37963 -0.86120
v 0.82000 7.42178 -0.87895
v -0.22388 6.74424 -0.42370
v -0.20000 6.74000 -0.41310
v -0.20037 6.72051 -0.42899
v -0.12138 6.70185 -0.28117
v -0.10413 6.69161 -0.28525
v -0.11980 6.71979 -0.30605
v -0.09987 6.70027 -0.30659
v -0.11997 6.68015 -0.26585
v 0.59809 7.28213 -0.88207
v 0.60100 7.26081 -0.87930
v 0.57442 7.25907 -0.89360
v 0.58000 7.24432 -0.87983
v 0.55987 7.24024 -0.90004
v -0.24008 6.78044 0.15351
v -0.21982 6.77988 0.15349
v -0.21946 6.81167 0.15608
v -0.23988 6.75914 0.15405
v -0.18223 6.75173 -0.42181
v -0.17939 6.78000 -0.42531
v -0.15950 6.75980 -0.42677
v -0.38000 6.81793 -0.05148
v -0.36000 6.84000 -0.06606
v -0.36823 6.84155 -0.04435
v -0.34712 6.44000 0.73206
v -0.34072 6.42000 0.76447
v -0.36000 6.43599 0.74850
v -0.36000 6.41094 0.77193
v -0.42081 6.40106 0.67258
v -0.40137 6.40888 0.69081
v -0.40234 6.42956 0.67083
v -0.38211 6.44419 0.69177
v -0.38082 6.46148 0.67327
v -0.39955 6.38738 0.73295
v -0.37718 6.43261 0.73245
v -0.36566 6.46000 0.69192
v -0.38210 6.38987 0.75170
v -0.39530 6.48500 0.64557
v -0.43567 6.41637 0.65473
v -0.42114 6.44176 0.65219
v -0.46325 6.42000 0.63337
v -0.48075 6.40135 0.63170
v -0.48127 6.42174 0.61312
v -0.46569 6.44000 0.61107
v -0.50000 6.40240 0.61323
v -0.36008 6.48106 0.67049
v -0.46000 6.38285 0.65135
v -0.43199 6.47111 0.63357
v -0.41842 6.49918 0.63062
v -0.44150 6.48275 0.61359
v -0.42579 6.50000 0.61144
v -0.44054 6.50072 0.59250
v -0.42643 6.52000 0.59145
v -0.46031 6.44038 0.63148
v -0.34015 6.44000 0.79211
v -0.33997 6.46043 0.79320
v -0.36007 6.44074 0.81187
v -0.38026 6.42038 0.81196
v -0.38005 6.39057 0.79094
v -0.33977 6.44000 0.76285
v -0.38075 6.39091 0.81195
v -0.42190 6.50305 0.53148
v -0.42872 6.48000 0.53141
v -0.42757 6.48000 0.49142
v -0.42155 6.50200 0.47148
v -0.41879 6.51893 0.55274
v -0.42191 6.52920 0.57181
v -0.40512 6.54000 0.54164
v -0.40509 6.52000 0.43163
v -0.43969 6.49979 0.57208
v -0.44498 6.48000 0.58127
v -0.44162 6.46672 0.52629
v -0.44678 6.46000 0.55124
v -0.40615 6.52000 0.53162
v -0.40119 6.54157 0.43018
v -0.40114 6.54180 0.51168
v -0.38489 6.56000 0.43183
v -0.39054 6.56000 0.51178
v -0.40663 6.52000 0.41162
v -0.45987 6.46062 0.60029
v -0.46114 6.46132 0.56919
v -0.47492 6.43505 0.59099
v -0.46219 6.44366 0.55111
v -0.47848 6.41922 0.55222
v -0.46111 6.44122 0.53111
v -0.47339 6.41624 0.53100
v -0.44177 6.46245 0.42948
v -0.46000 6.44098 0.43112
v -0.42214 6.50345 0.45148
v -0.42132 6.50165 0.42938
v -0.44062 6.48078 0.47342
v -0.44065 6.48078 0.45034
v -0.40831 6.50000 0.41159
v -0.42116 6.48202 0.41013
v -0.42274 6.46000 0.40836
v -0.38671 6.54000 0.41180
v -0.44000 6.44335 0.40798
v -0.39472 6.49005 0.39170
v -0.39654 6.76000 -0.02813
v -0.39983 6.75973 -0.04843
v -0.39074 6.74000 -0.02810
v -0.39540 6.79000 -0.04810
v -0.40000 6.79781 -0.06723
v -0.38000 6.81793 -0.05148
v -0.38019 6.78037 -0.02798
v -0.36000 6.79665 -0.03133
v -0.42000 6.84000 -0.05829
v -0.42000 6.80000 -0.06807
v -0.40000 6.82000 -0.05380
v -0.36823 6.84155 -0.04435
v -0.44000 6.82000 -0.05749
v -0.44000 6.77844 -0.06460
v -0.45825 6.79252 -0.06876
v -0.45959 6.81918 -0.07851
v 1.08670 7.96000 -0.77469
v 1.08000 7.94477 -0.75517
v 1.06000 7.95888 -0.75626
v 1.09320 7.94000 -0.77123
v 0.58007 7.29979 -0.81977
v 0.58066 7.31144 -0.80250
v 0.57883 7.27808 -0.79881
v 0.59861 7.32000 -0.82208
v -0.20000 6.88000 -0.54799
v -0.22000 6.86000 -0.56029
v -0.20000 6.86000 -0.55895
v -0.17298 6.87098 -0.55573
v -0.05740 6.69479 -0.24539
v -0.05945 6.71905 -0.22549
v -0.06960 6.71845 -0.24710
v 0.59809 7.28213 -0.88207
v 0.58342 7.25925 -0.85699
v 0.60100 7.26081 -0.87930
v -0.28000 6.95243 -0.40701
v -0.26032 6.93944 -0.40716
v -0.26736 6.94000 -0.38692
v -0.26244 6.94000 -0.36688
v -0.28846 6.94351 -0.36709
v -0.26010 6.96048 -0.42622
v -0.27487 7.00000 -0.47001
v -0.25705 6.98078 -0.44600
v -0.28021 6.99986 -0.44738
v -0.23997 6.98009 -0.46646
v -0.26001 7.00001 -0.48676
v -0.23944 6.96680 -0.44539
v -0.27895 7.01964 -0.48841
v -0.28000 6.95760 -0.42799
v -0.28000 6.98000 -0.44174
v -0.30160 7.00193 -0.44427
v -0.30000 6.98000 -0.43185
v -0.23962 6.93222 -0.43791
v -0.24582 6.90000 -0.40677
v -0.30000 6.95358 -0.43158
v -0.24604 6.86000 -0.38680
v -0.32071 6.98141 -0.44449
v -0.27908 7.02116 -0.46489
v -0.12097 6.65889 -0.26154
v -0.11910 6.66309 -0.28707
v -0.10011 6.65997 -0.26579
v -0.13560 6.68000 -0.29199
v -0.26935 6.54018 -0.34516
v -0.26000 6.56602 -0.34346
v -0.28483 6.56000 -0.33941
v -0.12000 6.51993 0.15135
v -0.14175 6.50321 0.17378
v -0.12031 6.52000 0.17325
v -0.14021 6.51997 0.15341
v -0.17924 6.43193 0.09342
v -0.19119 6.42000 0.13332
v -0.18065 6.44223 0.12296
v -0.16738 6.47207 0.11855
v -0.19903 6.39894 0.10376
v -0.18410 6.41907 0.06665
v -0.19858 6.39922 0.13324
v -0.18016 6.40020 0.03307
v -0.17690 6.39652 0.01342
v -0.16963 6.42000 0.03349
v -0.17146 6.46000 0.09351
v -0.15307 6.50000 0.11369
v -0.15669 6.50406 0.13366
v -0.15987 6.50055 0.15363
v -0.13991 6.49942 0.08251
v -0.16009 6.48012 0.07404
v -0.17297 6.46000 0.15349
v -0.17420 6.40986 -0.00683
v -0.15908 6.43565 -0.01093
v -0.16084 6.43850 0.04204
v -0.17767 6.43079 0.15344
v -0.14062 6.52120 0.09300
v -0.18056 6.44113 0.07194
v -0.16007 6.46011 0.05335
v -0.16970 6.44000 0.17351
v -0.20000 6.39884 0.17609
v -0.21343 6.39082 0.19312
v -0.19997 6.41995 0.19325
v -0.22000 6.41093 0.21308
v -0.18012 6.42024 0.17341
v -0.15958 6.45994 0.17353
v -0.13973 6.47867 0.06220
v -0.14069 6.46056 0.03300
v -0.14822 6.48000 0.17371
v -0.14401 6.48000 0.19374
v -0.16065 6.85809 -0.50610
v -0.18000 6.87164 -0.50625
v -0.16951 6.88070 -0.52745
v -0.16260 6.86000 -0.52612
v -0.15737 6.84000 -0.53034
v -0.17298 6.87098 -0.55573
v -0.14772 6.84000 -0.50601
v -0.17939 6.78000 -0.42531
v -0.16844 6.76000 -0.44624
v -0.15950 6.75980 -0.42677
v 1.30000 6.90775 -0.45494
v 1.32031 6.90076 -0.43394
v 1.32174 6.90414 -0.45480
v 1.29959 6.90095 -0.43372
v 1.32000 6.91741 -0.47774
v 0.88000 7.44000 -0.86859
v 0.86223 7.41904 -0.87847
v 0.86229 7.43064 -0.85585
v -0.33499 6.88000 -0.48983
v -0.34081 6.87091 -0.50882
v -0.31893 6.85908 -0.48746
v -0.20000 6.74000 -0.41310
v -0.18223 6.75173 -0.42181
v -0.20037 6.72051 -0.42899
v -0.19073 6.73100 -0.44755
v -0.20565 6.69000 -0.43660
v -0.20850 6.72000 -0.40660
v -0.15950 6.75980 -0.42677
v -0.16844 6.76000 -0.44624
v -0.16019 6.78078 -0.48616
v -0.16002 6.78020 -0.46616
v -0.22041 6.70087 -0.46612
v -0.16185 6.80429 -0.50615
v -0.15180 6.83000 -0.48605
v -0.14772 6.84000 -0.50601
v -0.15737 6.84000 -0.53034
v -0.23838 6.61897 -0.36625
v -0.24000 6.64247 -0.36620
v -0.26397 6.64000 -0.36385
v 1.60035 7.26941 -0.83527
v 1.69178 7.44000 -0.81429
v 1.62000 7.29682 -0.83066
v 1.69000 7.48000 -0.80782
v 1.33924 7.71810 -0.75346
v 1.32000 7.75000 -0.74828
v 1.33000 7.79500 -0.74434
v 1.30000 7.81000 -0.74350
v 1.34000 7.88000 -0.72367
v 1.30000 7.88000 -0.72120
v 1.28117 7.75500 -0.76002
v 1.40059 7.89200 -0.71285
v 1.26302 7.70545 -0.76976
v 1.17077 7.73971 -0.77571
v 1.33000 7.90000 -0.72349
v 1.34500 7.93765 -0.71187
v 1.30000 7.92000 -0.72332
v 1.68000 7.30110 -0.83364
v 1.72000 7.30237 -0.83364
v 1.76446 7.30399 -0.83472
v 1.74000 7.28000 -0.84133
v 1.51985 7.80005 -0.73223
v 1.50000 7.80000 -0.72946
v 1.18000 7.76984 -0.77428
v 1.26315 7.82000 -0.75538
v 1.16234 7.80204 -0.77512
v 1.20000 7.84000 -0.76630
v 1.16000 7.84000 -0.77023
v 1.13926 7.80899 -0.77656
v 1.14000 7.84000 -0.76860
v 1.10025 7.75020 -0.79356
v 1.20251 7.88099 -0.75492
v 1.17000 7.88000 -0.76898
v 1.47986 7.85936 -0.71202
v 1.46011 7.90011 -0.71232
v 1.44079 7.86927 -0.71244
v 1.44000 7.91051 -0.71260
v 1.65500 7.30375 -0.83896
v 1.31000 7.70000 -0.76064
v 1.32000 7.67000 -0.76159
v 1.30000 7.66000 -0.77209
v 1.41048 7.85572 -0.71260
v 1.19000 7.71500 -0.78093
v 1.20000 7.69000 -0.78481
v 1.18000 7.68000 -0.78302
v 1.20750 7.66000 -0.78583
v 1.23080 7.86129 -0.75246
v 1.14000 7.75000 -0.78417
v 1.16000 7.72000 -0.78675
v 1.16000 7.67000 -0.79243
v 1.13192 7.67000 -0.79774
v 1.12311 7.72225 -0.79572
v 1.10000 7.70000 -0.79638
v 1.09000 7.68000 -0.80419
v 1.10000 7.63500 -0.80221
v 1.14098 7.63000 -0.79645
v 1.11076 7.82000 -0.78299
v 1.08000 7.78000 -0.79034
v 1.06500 7.66000 -0.80845
v 1.12053 7.62012 -0.79587
v 1.14434 7.58440 -0.79585
v 1.12000 7.55000 -0.79962
v 1.10000 7.56000 -0.79677
v 1.09500 7.52500 -0.80486
v 1.07000 7.54000 -0.80821
v 1.05848 7.49047 -0.81524
v 1.09000 7.46387 -0.81985
v 1.04000 7.52000 -0.80837
v 1.08000 7.72000 -0.80682
v 1.06000 7.70000 -0.80709
v 1.04004 7.72010 -0.81578
v 1.50000 7.82000 -0.72589
v 1.66000 7.28000 -0.84674
v 1.62000 7.28000 -0.84964
v 1.27965 7.84956 -0.73695
v 1.29998 7.94000 -0.71358
v 1.13809 7.53210 -0.79522
v 1.12000 7.51000 -0.79759
v 1.28000 7.88000 -0.71948
v 1.03857 7.68000 -0.81559
v 0.97000 7.68500 -0.82689
v 0.98000 7.64000 -0.82389
v 1.24000 7.88000 -0.74292
v 1.70000 7.28000 -0.84484
v 1.06000 7.75000 -0.80769
v 1.03461 7.76943 -0.81024
v 1.06139 7.80529 -0.79838
v 1.08250 7.86750 -0.78321
v 1.06000 7.86000 -0.78468
v 1.11618 7.87000 -0.77656
v 1.11927 7.89806 -0.77351
v 1.16000 7.90000 -0.76629
v 1.05000 7.90000 -0.78453
v 1.10000 7.90000 -0.77926
v 1.08008 7.89894 -0.77498
v 1.11207 7.92000 -0.77496
v 1.09320 7.94000 -0.77123
v 1.06000 7.92000 -0.78133
v 1.06000 7.95877 -0.77958
v 1.26000 7.90000 -0.72863
v 1.03888 7.92098 -0.77610
v 1.04000 7.81500 -0.80567
v 1.02000 7.81000 -0.80951
v 1.02631 7.88872 -0.79548
v 0.98000 7.82000 -0.82406
v 1.00000 7.78000 -0.82252
v 0.96000 7.78000 -0.83301
v 0.94000 7.79000 -0.83152
v 0.99000 7.72000 -0.82617
v 0.96000 7.74000 -0.83187
v 0.98085 7.86085 -0.81642
v 0.94000 7.82000 -0.83262
v 0.94000 7.86000 -0.82475
v 0.97000 7.87779 -0.81032
v 0.94086 7.89110 -0.81260
v 0.92000 7.87000 -0.82284
v 0.92000 7.80500 -0.82872
v 0.92000 7.76000 -0.83429
v 0.93000 7.74000 -0.82918
v 0.93000 7.71000 -0.83179
v 0.93000 7.69000 -0.82761
v 0.94031 7.65104 -0.83544
v 1.08670 7.96000 -0.77469
v 0.99024 7.62004 -0.81775
v 1.06000 7.60000 -0.80779
v 0.99437 7.57401 -0.82204
v 1.01750 7.54960 -0.81488
v 1.08000 7.59000 -0.80487
v 1.08000 7.62000 -0.80139
v 0.98021 7.90017 -0.79606
v 1.00000 7.89534 -0.79231
v 1.02077 7.92123 -0.79615
v 0.96000 7.66000 -0.82375
v 0.96000 7.62000 -0.83145
v 0.92882 7.62000 -0.83637
v 0.96000 7.58894 -0.83290
v 0.98000 7.60000 -0.82843
v 0.91993 7.63949 -0.83683
v 0.99562 7.53578 -0.83087
v 0.95000 7.55500 -0.84652
v 0.93951 7.58026 -0.83647
v 0.96000 7.48000 -0.86036
v 0.92118 7.53080 -0.86116
v 0.92000 7.50000 -0.86728
v 0.92000 7.58000 -0.84504
v 0.89996 7.55009 -0.85505
v 0.93000 7.47000 -0.86582
v 0.91000 7.44000 -0.86757
v 0.97000 7.42000 -0.86283
v 0.98946 7.47044 -0.85359
v 1.01559 7.43054 -0.85395
v 1.05000 7.45000 -0.84255
v 1.09000 7.41000 -0.84215
v 1.02075 7.50106 -0.83666
v 1.04869 7.46868 -0.83532
v 1.05000 7.39000 -0.84796
v 1.10000 7.36000 -0.84168
v 0.89930 7.60008 -0.83704
v 0.88000 7.47500 -0.86524
v 0.88000 7.44000 -0.86859
v 0.99533 7.38988 -0.85418
v 0.87980 7.58920 -0.83922
v 0.87088 7.54100 -0.85462
v 0.83973 7.51941 -0.85771
v 0.88000 7.52000 -0.86267
v 0.90000 7.51000 -0.86047
v 1.05000 7.34500 -0.84442
v 1.01000 7.35500 -0.84769
v 1.09000 7.43000 -0.82765
v 1.11000 7.43500 -0.82609
v 1.12502 7.39002 -0.83035
v 1.14911 7.42135 -0.81610
v 1.17995 7.39994 -0.81515
v 1.15000 7.36500 -0.82496
v 1.21572 7.37562 -0.81131
v 1.17000 7.33500 -0.82065
v 1.13061 7.34521 -0.83438
v 1.08768 7.30831 -0.83514
v 1.13000 7.29000 -0.83014
v 1.16790 7.30000 -0.81862
v 1.08358 7.28000 -0.83723
v 1.13062 7.25966 -0.83556
v 1.07000 7.30000 -0.84122
v 1.05959 7.31966 -0.83607
v 0.85962 7.48900 -0.85806
v 1.55000 7.81000 -0.73557
v 0.86000 7.59000 -0.84804
v 0.86225 7.62218 -0.83912
v 1.54000 7.84000 -0.72013
v 1.49735 7.88231 -0.71357
v 1.04000 7.32000 -0.84322
v 1.00913 7.32177 -0.83635
v 1.18128 7.90163 -0.75530
v 0.93000 7.42000 -0.86342
v 0.90000 7.68000 -0.82755
v 0.92000 7.66000 -0.82586
v 1.52000 7.82000 -0.71555
v 1.19870 7.90052 -0.73419
v 1.21715 7.92000 -0.73349
v 1.26000 7.92000 -0.72726
v 1.62000 7.26000 -0.84507
v 1.26081 7.94065 -0.71412
v 1.24000 7.94000 -0.71964
v 1.13000 7.44824 -0.81107
v 1.16000 7.45000 -0.80117
v 1.19250 7.44750 -0.80188
v 1.58000 7.23063 -0.85262
v 1.60000 7.24000 -0.84237
v 1.60000 7.22095 -0.85250
v 1.62000 7.23583 -0.84948
v 1.65000 7.26000 -0.83823
v 1.68000 7.46000 -0.80161
v 1.41664 7.92000 -0.69208
v 1.61998 7.85052 -0.73422
v 1.63965 7.85989 -0.73123
v 1.70000 7.86000 -0.74614
v 1.18000 7.42000 -0.80316
v 1.21000 7.42000 -0.80290
v 0.98000 7.37000 -0.84769
v 1.64000 7.24000 -0.84056
v 1.66932 7.22355 -0.85186
v 1.70000 7.26000 -0.83712
v 1.70000 7.24000 -0.84285
v 1.71000 7.22000 -0.84736
v 1.74000 7.25000 -0.84297
v 1.72000 7.26000 -0.84407
v 1.64000 7.22024 -0.85317
v 1.76000 7.28000 -0.84810
v 1.76000 7.23000 -0.83928
v 1.74000 7.22000 -0.84651
v 0.88650 7.62000 -0.82264
v 0.95977 7.37488 -0.85003
v 0.98000 7.31000 -0.83138
v 1.03052 7.30036 -0.83326
v 1.06141 7.25833 -0.83574
v 1.01852 7.25855 -0.83557
v 1.00000 7.28000 -0.82924
v 0.94125 7.28220 -0.83788
v 0.96000 7.32000 -0.83041
v 0.92000 7.32000 -0.84247
v 0.92000 7.28000 -0.84978
v 0.90000 7.28000 -0.84950
v 0.90000 7.30000 -0.84411
v 0.90000 7.32000 -0.84278
v 0.88000 7.25552 -0.85558
v 0.88000 7.32000 -0.85020
v 0.92000 7.25693 -0.85498
v 0.94000 7.26000 -0.84648
v 0.87999 7.30054 -0.83739
v 0.86000 7.30000 -0.84697
v 0.85142 7.26560 -0.85774
v 0.83486 7.28000 -0.85414
v 0.96000 7.25195 -0.85695
v 1.41907 7.88751 -0.69633
v 1.28039 7.92000 -0.71302
v 1.66000 7.87615 -0.75180
v 1.63164 7.87939 -0.75105
v 1.70000 7.94000 -0.75688
v 1.72000 7.94000 -0.75228
v 0.86229 7.43064 -0.85585
v 1.33000 7.96000 -0.71982
v 1.32000 7.98000 -0.72138
v 1.28000 7.96000 -0.72347
v 1.15002 7.23987 -0.84976
v 0.86000 7.32000 -0.84105
v 1.74000 7.96000 -0.76262
v 1.18000 7.92000 -0.74743
v 1.16000 7.91579 -0.75235
v 1.18000 7.94000 -0.74488
v 1.21957 7.94000 -0.73414
v 1.16000 7.94000 -0.74156
v 1.15944 7.95914 -0.73456
v 1.14000 7.92000 -0.74885
v 1.14000 7.96000 -0.75169
v 0.90000 7.64000 -0.82947
v 0.90007 7.65999 -0.81686
v 0.89794 7.42000 -0.85854
v 0.92500 7.37000 -0.85069
v 0.92000 7.34000 -0.85648
v 0.90258 7.35075 -0.85741
v 0.90000 7.37548 -0.85598
v 0.87000 7.36000 -0.86365
v 0.86000 7.38000 -0.86090
v 0.88000 7.40064 -0.85803
v 0.83931 7.35971 -0.85787
v 0.87000 7.34073 -0.84981
v 0.84000 7.34000 -0.84752
v 1.75000 7.20000 -0.83640
v 1.11343 7.91278 -0.75496
v 1.11530 7.94000 -0.75364
v 1.10000 7.25380 -0.85195
v 1.06000 7.22975 -0.85774
v 0.92000 7.60000 -0.82905
v 1.20000 7.40000 -0.80383
v 0.82039 7.37951 -0.87949
v 0.83601 7.39849 -0.87830
v 1.60000 7.21830 -0.87250
v 0.94000 7.60000 -0.84436
v 0.88000 7.66000 -0.83046
v 1.71987 7.28010 -0.85174
v 0.88000 7.42000 -0.84849
v 1.12000 7.24127 -0.85653
v 1.24000 7.96000 -0.72928
v 1.22000 7.96000 -0.72969
v 0.90000 7.71187 -0.81259
v 0.83984 7.29976 -0.85847
v 0.84179 7.32136 -0.85842
v 0.82000 7.32000 -0.86315
v 0.82000 7.37214 -0.85785
v 0.80000 7.33247 -0.85530
v 0.82000 7.29681 -0.85482
v 0.80000 7.36000 -0.84863
v 0.90000 7.26000 -0.83868
v 0.91806 7.72000 -0.81825
v 0.79903 7.29950 -0.86939
v 1.21937 7.93999 -0.71415
v 1.23743 7.29283 -0.81449
v 0.90000 7.76000 -0.82613
v 0.90004 7.74000 -0.83684
v 1.48000 7.88000 -0.70028
v 1.27000 7.34000 -0.80334
v 1.28000 7.36000 -0.80337
v 1.26011 7.36027 -0.79453
v 1.26000 7.38000 -0.80026
v 1.26650 7.51102 -0.79637
v 1.29000 7.46000 -0.80115
v 1.34000 7.46000 -0.79875
v 1.34000 7.50000 -0.79199
v 1.32000 7.56000 -0.78288
v 1.24000 7.56000 -0.79159
v 1.32000 7.60000 -0.77756
v 1.22000 7.60500 -0.78956
v 1.22000 7.50000 -0.79900
v 1.21076 7.56046 -0.79313
v 1.30000 7.41000 -0.80314
v 1.25000 7.44500 -0.80023
v 1.18000 7.49000 -0.80002
v 1.19083 7.53500 -0.79792
v 1.15000 7.50000 -0.79970
v 1.33000 7.40000 -0.80497
v 1.25000 7.41500 -0.80048
v 1.20000 7.62000 -0.78763
v 1.13000 7.48000 -0.80447
v 1.17017 7.58031 -0.79612
v 1.17548 7.61042 -0.79302
v 1.22000 7.54000 -0.78968
v 1.16000 7.48000 -0.79540
v 1.32000 7.38000 -0.80059
v 1.30500 7.33250 -0.80426
v 1.28000 7.32000 -0.80861
v 1.29500 7.29750 -0.81022
v 1.35500 7.34000 -0.80480
v 1.23513 7.32516 -0.81590
v 1.24000 7.25454 -0.81232
v 1.29500 7.24913 -0.81572
v 1.34750 7.28500 -0.80996
v 1.19000 7.32500 -0.82051
v 1.24000 7.36000 -0.80962
v 1.20000 7.60000 -0.78392
v 0.86223 7.41904 -0.87847
v -0.14000 6.53629 0.17382
v -0.12000 6.51993 0.15135
v -0.12031 6.52000 0.17325
v -0.14021 6.51997 0.15341
v 0.76000 7.34000 -0.86627
v 0.77848 7.32000 -0.85822
v 0.77800 7.32023 -0.87886
v 1.11343 7.91278 -0.75496
v 1.11207 7.92000 -0.77496
v 1.11927 7.89806 -0.77351
v 1.11530 7.94000 -0.75364
v 0.82000 7.37214 -0.85785
v 0.82039 7.37951 -0.87949
v 0.79670 7.37963 -0.86120
v 0.83931 7.35971 -0.85787
v 0.84000 7.34000 -0.84752
v 0.80000 7.36000 -0.84863
v -0.47098 6.84000 -0.08870
v -0.49048 6.84063 -0.10720
v -0.45959 6.81918 -0.07851
v -0.26000 6.56602 -0.34346
v -0.28483 6.56000 -0.33941
v -0.27954 6.58066 -0.34724
v -0.25943 6.69947 -0.40756
v -0.27562 6.67969 -0.39512
v -0.27100 6.70000 -0.38713
v 1.32031 6.90076 -0.43394
v 1.31954 6.88010 -0.44497
v 1.34010 6.88011 -0.45216
v 1.29959 6.90095 -0.43372
v 1.32457 6.86000 -0.43967
v 0.52000 7.22927 -0.81810
v 0.50204 7.21549 -0.82006
v 0.52000 7.23067 -0.84031
v 0.51087 7.20942 -0.85175
v 0.54000 7.22690 -0.85463
v 0.54123 7.22000 -0.87823
v 0.56431 7.23672 -0.85996
v 0.54284 7.22932 -0.81827
v 0.55756 7.24125 -0.87784
v 0.58342 7.25925 -0.85699
v 0.55987 7.24024 -0.90004
v 0.48000 7.22000 -0.81003
v 0.44747 7.22000 -0.80088
v 0.50000 7.24000 -0.81018
v 0.50658 7.26616 -0.80079
v 0.47572 7.24077 -0.80214
v 0.48000 7.26167 -0.80001
v 0.44000 7.26000 -0.79794
v 0.50000 7.28000 -0.78866
v 0.48000 7.28000 -0.78509
v 0.43055 7.27985 -0.78231
v 0.52000 7.28000 -0.79149
v 0.54190 7.25842 -0.79900
v 0.42000 7.26000 -0.78726
v 0.43809 7.24000 -0.79995
v 0.52000 7.30000 -0.79210
v 0.55500 7.29535 -0.79571
v 0.54020 7.28124 -0.80052
v 0.48000 7.30000 -0.78712
v 0.58000 7.24000 -0.90686
v 0.58000 7.20000 -0.89155
v 0.90000 7.73651 -0.81680
v 0.91806 7.72000 -0.81825
v 0.90004 7.74000 -0.83684
v -0.36000 6.43599 0.74850
v -0.34072 6.42000 0.76447
v -0.33977 6.44000 0.76285
v -0.20000 6.40866 0.33324
v -0.22231 6.40000 0.33305
v -0.21961 6.40000 0.31249
v -0.19992 6.41998 0.31323
v 0.83486 7.28000 -0.85414
v 0.83984 7.29976 -0.85847
v 0.84000 7.28129 -0.87808
v -0.12097 6.65889 -0.26154
v -0.10011 6.65997 -0.26579
v -0.11997 6.68015 -0.26585
v -0.23677 6.65656 -0.32688
v -0.22917 6.68045 -0.36658
v -0.23324 6.69872 -0.38798
v 0.97006 7.12000 -0.85703
v 0.97316 7.12000 -0.87701
v 0.96394 7.14000 -0.87882
v -0.25860 6.85643 -0.46691
v -0.24126 6.90000 -0.46673
v -0.24000 6.88000 -0.47068
v 1.28024 6.96005 -0.47516
v 1.27121 6.94000 -0.47510
v 1.25967 6.95947 -0.46742
v -0.28000 6.53959 -0.32732
v -0.25823 6.53795 -0.32715
v -0.28000 6.52000 -0.32360
v -0.30131 6.50539 -0.32522
v -0.08000 6.72000 -0.30383
v -0.08000 6.72926 -0.28555
v -0.09941 6.73803 -0.28656
v -0.25943 6.69947 -0.40756
v -0.27100 6.70000 -0.38713
v -0.28023 6.70060 -0.40720
v 1.28024 6.96005 -0.47516
v 1.25967 6.95947 -0.46742
v 1.28000 6.95903 -0.45468
v -0.07865 6.58105 0.11516
v -0.09887 6.56065 0.12997
v -0.08546 6.57451 0.13429
v -0.08484 6.57418 0.15429
v 1.21937 7.93999 -0.71415
v 1.21957 7.94000 -0.73414
v 1.21715 7.92000 -0.73349
v -0.28000 6.79752 0.01143
v -0.26000 6.79791 0.01039
v -0.25428 6.78000 0.01853
v -0.25681 6.81019 -0.00687
v 1.30310 6.89956 -0.46636
v 1.30000 6.90775 -0.45494
v 1.32000 6.91741 -0.47774
v -0.29182 6.68000 -0.00732
v -0.27862 6.69781 -0.01655
v -0.27524 6.67901 -0.01915
v -0.25563 6.69114 -0.05601
v -0.25868 6.66139 -0.01801
v -0.26414 6.68000 0.01291
v 0.79670 7.37963 -0.86120
v 0.81485 7.40000 -0.85785
v 0.82138 7.41923 -0.85826
v -0.23935 6.68928 0.09421
v -0.24402 6.64000 0.07996
v -0.24000 6.66000 0.08662
v -0.21982 6.64061 0.09227
v -0.20080 6.66546 0.11908
v -0.25718 6.68000 0.06704
v -0.21716 6.61725 0.13325
v -0.20259 6.64390 0.15339
v -0.21710 6.61616 0.11325
v -0.22017 6.62192 0.07230
v -0.22027 6.59925 0.09400
v -0.21850 6.61974 0.17364
v -0.20000 6.63538 0.17440
v -0.16951 6.88070 -0.52745
v -0.13939 6.89930 -0.54739
v -0.17298 6.87098 -0.55573
v -0.13772 6.89780 -0.52588
v -0.09984 6.67197 -0.24732
v -0.10143 6.65055 -0.22738
v -0.07995 6.68109 -0.24550
v 0.76000 7.34000 -0.86627
v 0.75585 7.31349 -0.85694
v 0.77848 7.32000 -0.85822
v -0.36000 6.43599 0.74850
v -0.33977 6.44000 0.76285
v -0.34072 6.42000 0.76447
v -0.30855 6.41000 -0.26765
v -0.30036 6.42118 -0.24537
v -0.32806 6.39500 -0.28991
v -0.34642 6.39000 0.61203
v -0.34207 6.40000 0.57514
v -0.34574 6.42000 0.60205
v -0.34898 6.42500 0.66203
v -0.35710 6.38000 0.71193
v -0.35731 6.35000 0.73191
v -0.35236 6.43000 0.70201
v -0.36018 6.45956 0.60899
v -0.34712 6.44000 0.73206
v -0.35235 6.46000 0.71203
v -0.35637 6.46029 0.58199
v -0.36924 6.48000 0.61190
v -0.37104 6.51000 0.58191
v -0.36469 6.52000 0.55197
v -0.36790 6.55000 0.55196
v -0.36444 6.55000 0.53199
v -0.35067 6.50000 0.49207
v -0.35684 6.58742 0.44062
v -0.34996 6.53500 0.43710
v -0.34002 6.49988 0.41210
v -0.33641 6.52000 0.39220
v -0.33899 6.56500 0.40026
v -0.32615 6.55750 0.37231
v -0.32792 6.46000 0.45223
v -0.38032 6.53847 0.58891
v -0.33036 6.48000 0.39222
v -0.37653 6.59054 0.57967
v -0.35255 6.48104 0.55303
v -0.37984 6.56000 0.61187
v -0.36749 6.49000 0.65192
v -0.37305 6.51000 0.63189
v -0.37742 6.53000 0.61187
v -0.34018 6.45950 0.53027
v -0.31830 6.37965 0.43771
v -0.31850 6.41022 0.37255
v -0.32899 6.45000 0.39221
v -0.31663 6.43066 0.34703
v -0.30067 6.38777 0.35279
v -0.29672 6.39140 0.32244
v -0.29787 6.40931 0.27244
v -0.32159 6.46000 0.35228
v -0.30830 6.45000 -0.29762
v -0.30061 6.48152 -0.30605
v -0.32010 6.50958 0.35210
v -0.35298 6.46000 0.67202
v -0.32505 6.46000 0.41225
v -0.33383 6.43000 0.52216
v -0.34116 6.38414 0.77174
v -0.34178 6.38000 0.81206
v -0.33976 6.44224 0.81235
v -0.33723 6.42000 0.79212
v -0.35852 6.38000 0.83241
v -0.34015 6.44000 0.79211
v -0.33997 6.46043 0.79320
v -0.33977 6.44000 0.76285
v -0.34072 6.42000 0.76447
v -0.32001 6.45978 0.31191
v -0.36008 6.48106 0.67049
v -0.31170 6.46000 0.24736
v -0.30304 6.43547 0.23242
v -0.30906 6.48000 0.27240
v -0.30916 6.50000 0.33241
v -0.29933 6.52845 0.30251
v -0.30013 6.54899 0.33075
v -0.28485 6.59000 0.31267
v -0.29813 6.58000 0.33496
v -0.32000 6.54000 0.36348
v -0.31482 6.59000 0.35243
v -0.29931 6.61009 0.33299
v -0.29926 6.51846 0.26164
v -0.28149 6.58000 0.28434
v -0.27909 6.62106 0.27158
v -0.26919 6.60000 0.25281
v -0.26075 6.60319 0.21288
v -0.28369 6.54429 0.23746
v -0.27989 6.53982 0.20279
v -0.28963 6.52000 0.19258
v -0.26836 6.59000 0.17281
v -0.27985 6.56000 0.17269
v -0.27834 6.54039 0.15797
v -0.25969 6.61955 0.18104
v -0.25997 6.64011 0.15308
v -0.25713 6.62817 0.12484
v -0.28703 6.55000 0.27263
v -0.29021 6.40000 0.25250
v -0.30097 6.48918 0.21626
v -0.27969 6.62000 0.29274
v -0.29270 6.42000 0.20249
v -0.30005 6.46009 0.15174
v -0.29063 6.40500 0.17750
v -0.32531 6.43000 0.46223
v -0.26825 6.58000 0.13280
v -0.26807 6.56000 0.13279
v -0.26049 6.58137 0.07189
v -0.27278 6.54000 0.11274
v -0.27799 6.52000 0.14046
v -0.28092 6.48959 0.11186
v -0.26054 6.52000 0.09123
v -0.28340 6.49185 0.13262
v -0.26246 6.56000 0.09284
v -0.26000 6.56000 0.06294
v -0.25254 6.54000 0.05290
v -0.29802 6.48000 0.15567
v -0.26056 6.60271 0.09144
v -0.30335 6.46000 0.21243
v -0.32551 6.39000 0.47220
v -0.29159 6.50000 0.18255
v -0.32505 6.46000 0.41225
v -0.33036 6.48000 0.39222
v -0.32899 6.45000 0.39221
v -0.32159 6.46000 0.35228
v -0.32010 6.50958 0.35210
v -0.32001 6.45978 0.31191
v -0.30916 6.50000 0.33241
v -0.30013 6.54899 0.33075
v -0.32000 6.54000 0.36348
v -0.30097 6.48918 0.21626
v -0.29802 6.48000 0.15567
v -0.30335 6.46000 0.21243
v -0.29159 6.50000 0.18255
v -0.30005 6.46009 0.15174
v -0.28340 6.49185 0.13262
v -0.28092 6.48959 0.11186
v -0.28703 6.55000 0.27263
v -0.28369 6.54429 0.23746
v -0.29926 6.51846 0.26164
v -0.30097 6.48918 0.21626
v -0.29270 6.42000 0.20249
v -0.29063 6.40500 0.17750
v -0.29048 6.38000 0.23248
v -0.23335 6.40000 0.57296
v -0.23530 6.40000 0.61294
v -0.21900 6.40815 0.62266
v -0.22178 6.42000 0.57684
v -0.23283 6.40000 0.51296
v -0.23318 6.40000 0.45296
v -0.21748 6.41674 0.47310
v -0.22337 6.38715 0.43388
v -0.21296 6.42000 0.45314
v -0.21990 6.41986 0.51356
v -0.21834 6.39759 0.65308
v -0.21559 6.44000 0.48313
v -0.21283 6.46000 0.51317
v -0.22087 6.44000 0.55156
v -0.22098 6.46138 0.54812
v -0.21538 6.48000 0.53316
v -0.22030 6.47992 0.51321
v -0.21087 6.50000 0.51321
v -0.20513 6.48000 0.49325
v -0.21659 6.48000 0.56315
v -0.21867 6.50000 0.59315
v -0.21360 6.48000 0.59318
v -0.22162 6.45736 0.59486
v -0.19953 6.45949 0.49445
v -0.29761 6.41026 1.01267
v -0.27508 6.41498 0.94262
v -0.30131 6.46048 0.98492
v -0.29910 6.40242 1.03506
v -0.28692 6.45475 0.93720
v -0.31640 6.44000 1.03231
v -0.26347 6.41517 0.91653
v -0.30462 6.47919 0.96194
v -0.31356 6.49000 0.99237
v -0.29161 6.48000 0.93254
v -0.28406 6.47462 0.87260
v -0.31642 6.48414 1.01126
v -0.23595 6.38500 0.84194
v -0.24358 6.39050 0.88241
v -0.26000 6.43308 0.85277
v -0.26677 6.44000 0.89272
v -0.28002 6.44000 0.85261
v -0.25777 6.45000 0.83820
v -0.27772 6.46745 0.85172
v -0.21668 6.40000 0.81716
v -0.24096 6.41817 0.83181
v -0.21051 6.39000 0.78314
v -0.22000 6.42000 0.82538
v -0.20596 6.46000 0.61323
v -0.21452 6.44000 0.61314
v -0.20966 6.40000 0.69315
v -0.21848 6.42000 0.68240
v -0.20000 6.39872 0.71171
v -0.20000 6.42000 0.69891
v -0.21461 6.42000 0.64313
v -0.19973 6.43961 0.63243
v -0.19982 6.44064 0.65465
v -0.20615 6.42441 0.41320
v -0.20736 6.44000 0.69320
v -0.23086 6.42000 0.55299
v -0.20308 6.50374 0.47105
v -0.19583 6.46000 0.45331
v -0.20245 6.44000 0.44945
v -0.26347 6.41517 0.91653
v -0.24358 6.39050 0.88241
v -0.26677 6.44000 0.89272
v -0.27780 6.46448 0.89264
v -0.28692 6.45475 0.93720
v -0.28406 6.47462 0.87260
v -0.27772 6.46745 0.85172
v -0.20596 6.46000 0.61323
v -0.21452 6.44000 0.61314
v -0.22178 6.42000 0.57684
v -0.19973 6.43961 0.63243
v -0.22162 6.45736 0.59486
v -0.22087 6.44000 0.55156
v -0.23086 6.42000 0.55299
v -0.24430 6.85000 -0.41680
v -0.25161 6.85000 -0.44686
v -0.25129 6.79000 -0.39690
v -0.25641 6.80953 -0.42711
v -0.24604 6.86000 -0.38680
v -0.25197 6.77000 -0.36692
v -0.25856 6.74334 -0.37838
v -0.26070 6.81628 -0.44995
v -0.27648 6.78979 -0.44711
v -0.27399 6.76000 -0.42711
v -0.29068 6.75874 -0.44849
v -0.26676 6.74000 -0.40707
v -0.24040 6.88324 -0.42674
v -0.24582 6.90000 -0.40677
v -0.23962 6.93222 -0.43791
v -0.23986 6.91498 -0.46693
v -0.23955 6.94000 -0.46790
v -0.24842 6.94000 -0.49147
v -0.25972 6.91957 -0.48687
v -0.25431 6.96000 -0.48932
v -0.23997 6.98009 -0.46646
v -0.24126 6.90000 -0.46673
v -0.23944 6.96680 -0.44539
v -0.25860 6.85643 -0.46691
v -0.25495 6.98000 -0.48965
v -0.26001 7.00001 -0.48676
v -0.26000 6.90000 -0.47732
v -0.26976 6.88779 -0.48690
v -0.26014 6.68146 -0.34670
v -0.24747 6.78000 -0.34688
v -0.27100 6.70000 -0.38713
v -0.27435 6.72000 -0.40715
v -0.26000 6.73018 -0.42675
v -0.28023 6.70060 -0.40720
v -0.25275 6.66081 -0.33847
v -0.25184 6.68000 -0.32699
v -0.25906 6.66701 -0.38019
v -0.27562 6.67969 -0.39512
v -0.24901 6.66000 -0.30698
v -0.24088 6.61909 -0.28807
v -0.28042 6.74102 -0.42713
v -0.24126 6.90000 -0.46673
v -0.26976 6.88779 -0.48690
v -0.24000 6.88000 -0.47068
v 0.58000 7.20000 -0.82735
v 0.54284 7.22932 -0.81827
v 0.50204 7.21549 -0.82006
v 0.58363 7.24000 -0.83682
v 0.52000 7.22927 -0.81810
v 0.55931 7.25259 -0.83658
v 0.57659 7.26094 -0.83984
v -0.20230 7.00000 0.11777
v -0.21710 6.94000 0.10745
v -0.18837 6.97925 0.13399
v -0.22501 6.95500 0.09417
v -0.22156 6.90528 0.11839
v -0.23159 6.91000 0.09335
v -0.22496 6.87595 0.12899
v -0.23668 6.89000 0.07330
v -0.23879 6.84182 0.08725
v -0.23701 6.80964 0.13314
v -0.24463 6.81000 0.10317
v -0.24284 6.86000 0.05719
v -0.23999 6.75974 0.13317
v -0.18486 7.00000 0.13981
v -0.19959 7.01919 0.11262
v -0.21946 6.81167 0.15608
v -0.24008 6.78044 0.15351
v -0.20344 6.90000 0.13358
v -0.20033 6.89930 0.15460
v -0.18000 7.02000 0.15107
v -0.17941 7.04000 0.13564
v -0.19580 7.04000 0.09376
v -0.25778 6.83000 0.04901
v -0.20294 6.92990 0.13302
v -0.22000 7.00027 0.09371
v -0.21972 6.86076 0.15401
v -0.24887 6.81000 0.07313
v -0.24800 6.76000 0.09310
v -0.24295 6.74000 0.12142
v -0.24608 6.74000 0.08310
v -0.24787 6.72000 0.08307
v -0.25775 6.76200 0.03302
v -0.25646 6.70141 0.06396
v -0.26149 6.72000 0.03648
v -0.28044 6.70004 0.03213
v -0.26939 6.70000 0.01288
v -0.28069 6.71955 0.01318
v -0.27862 6.69781 -0.01655
v -0.28136 6.72285 -0.00720
v -0.25462 6.74960 0.01371
v -0.28490 6.72000 -0.02723
v -0.30064 6.70020 -0.02761
v -0.28000 6.71373 -0.04720
v -0.25963 6.75861 -0.01622
v -0.25428 6.78000 0.01853
v -0.25966 6.77741 -0.04851
v -0.26206 6.81109 -0.02809
v -0.25681 6.81019 -0.00687
v -0.28000 6.74374 -0.02433
v -0.27112 6.81000 -0.04705
v -0.27675 6.80000 -0.07309
v -0.26542 6.66903 0.03423
v -0.25718 6.68000 0.06704
v -0.25194 6.64000 0.04298
v -0.24402 6.64000 0.07996
v -0.24527 6.61902 0.10088
v -0.24992 6.58000 0.05295
v -0.25026 6.61000 0.03297
v -0.25142 6.64000 0.01298
v -0.23935 6.68928 0.09421
v -0.25840 6.78000 0.05032
v -0.27111 6.80000 0.03294
v -0.27210 6.78000 0.03292
v -0.23988 6.75914 0.15405
v -0.24000 6.72000 0.10360
v -0.26149 6.72000 0.03648
v -0.25775 6.76200 0.03302
v -0.26025 6.74146 0.03376
v -0.25462 6.74960 0.01371
v -0.25428 6.78000 0.01853
v -0.27210 6.78000 0.03292
v -0.28069 6.71955 0.01318
v -0.27111 6.80000 0.03294
v -0.22496 6.87595 0.12899
v -0.21972 6.86076 0.15401
v -0.20000 6.87460 0.13525
v 0.73657 7.31875 -0.87784
v 0.75585 7.31349 -0.85694
v 0.76000 7.34000 -0.86627
v 0.73565 7.34000 -0.87636
v 0.76079 7.36083 -0.85975
v 0.72000 7.32279 -0.90147
v 0.72000 7.35500 -0.87629
v 0.69500 7.34583 -0.88300
v 0.74000 7.36000 -0.86023
v 0.80000 7.33247 -0.85530
v 0.69866 7.32105 -0.90088
v 0.68000 7.30000 -0.90752
v 0.78000 7.36000 -0.84456
v 0.80000 7.36000 -0.84863
v 0.77800 7.32023 -0.87886
v 0.79903 7.29950 -0.86939
v 0.78306 7.30246 -0.89933
v 0.80184 7.28186 -0.89873
v 0.82000 7.29350 -0.87794
v 0.82000 7.29681 -0.85482
v 0.84000 7.28129 -0.87808
v 0.82000 7.32000 -0.86315
v 0.83463 7.25466 -0.90088
v 0.86130 7.28119 -0.87501
v 0.86000 7.26000 -0.89765
v 0.88251 7.26464 -0.88003
v 0.83984 7.29976 -0.85847
v 0.75024 7.32167 -0.89891
v 0.78306 7.30246 -0.89933
v 0.77800 7.32023 -0.87886
v -0.38000 6.53777 -0.48815
v -0.38000 6.52000 -0.47630
v -0.36000 6.52000 -0.47793
v -0.32112 6.56128 -0.48678
v -0.33992 6.51992 -0.46790
v -0.30010 6.56011 -0.46738
v -0.30196 6.58253 -0.48593
v -0.32978 6.49471 -0.43286
v -0.36078 6.48074 -0.44742
v -0.37579 6.49845 -0.46814
v -0.38000 6.48000 -0.45703
v -0.35840 6.44808 -0.41952
v -0.31935 6.45775 -0.36604
v -0.34025 6.42032 -0.36749
v -0.38000 6.41211 -0.41054
v -0.37888 6.43861 -0.42879
v -0.30352 6.50491 -0.40307
v -0.38000 6.46209 -0.44648
v -0.31946 6.43938 -0.34853
v -0.39831 6.42000 -0.42838
v -0.36824 6.40000 -0.38814
v -0.33303 6.40943 -0.34815
v -0.27183 6.55493 -0.40727
v -0.27673 6.57531 -0.44727
v -0.28337 6.58362 -0.46732
v -0.25934 6.59909 -0.44853
v -0.27006 6.60000 -0.46720
v -0.24094 6.62121 -0.44526
v -0.23969 6.63962 -0.46752
v -0.25825 6.63779 -0.49065
v -0.24168 6.67000 -0.48545
v -0.26000 6.66000 -0.50008
v -0.31448 6.61439 -0.51278
v -0.32229 6.66000 -0.52657
v -0.34000 6.62000 -0.52427
v -0.25046 6.70059 -0.49040
v -0.22041 6.70087 -0.46612
v -0.20400 6.74399 -0.49735
v -0.28521 6.60799 -0.48917
v -0.28094 6.67791 -0.50682
v -0.23500 6.73687 -0.50313
v -0.20000 6.79139 -0.52937
v -0.17880 6.77856 -0.50777
v -0.17874 6.79766 -0.52758
v -0.17734 6.83709 -0.54724
v -0.15737 6.84000 -0.53034
v -0.16260 6.86000 -0.52612
v -0.17298 6.87098 -0.55573
v -0.21435 6.82595 -0.54776
v -0.26000 6.72000 -0.49270
v -0.26959 6.75829 -0.50769
v -0.28000 6.78000 -0.51458
v -0.16185 6.80429 -0.50615
v -0.24889 6.60000 -0.42702
v -0.22290 6.68000 -0.45873
v -0.20565 6.69000 -0.43660
v -0.20908 6.66000 -0.42665
v -0.19073 6.73100 -0.44755
v -0.21640 6.63421 -0.40673
v -0.22856 6.64000 -0.44683
v -0.23801 6.57691 -0.36695
v -0.19801 6.68738 -0.38654
v -0.19918 6.65836 -0.38566
v -0.34000 6.60000 -0.51274
v -0.22305 6.65893 -0.45803
v -0.21063 6.62000 -0.36670
v -0.19955 6.70089 -0.40639
v -0.29500 6.50000 -0.36182
v -0.26090 6.54120 -0.36717
v -0.26612 6.52000 -0.34722
v -0.28000 6.50009 -0.34735
v -0.26012 6.58017 -0.42690
v -0.29819 6.47734 -0.34706
v -0.20000 6.86000 -0.55895
v -0.22000 6.86000 -0.56029
v -0.27000 6.84000 -0.56151
v -0.23891 6.88946 -0.57224
v -0.22000 6.88155 -0.56575
v -0.20000 6.88000 -0.54799
v -0.30000 6.83850 -0.56895
v -0.28000 6.82187 -0.54556
v -0.32000 6.83623 -0.56886
v -0.31000 6.85903 -0.58626
v -0.32142 6.82093 -0.54637
v -0.33471 6.82000 -0.56757
v -0.30071 6.79896 -0.52631
v -0.32970 6.80000 -0.56755
v -0.31919 6.76860 -0.54765
v -0.34210 6.84121 -0.58586
v -0.33926 6.86949 -0.61682
v -0.32122 6.88199 -0.60635
v -0.30878 6.80000 -0.54737
v -0.33798 6.82000 -0.59051
v -0.26854 6.90873 -0.58972
v -0.23000 6.79871 -0.53010
v -0.34282 6.76000 -0.56564
v -0.37975 6.75969 -0.58814
v -0.36000 6.80000 -0.59731
v -0.35873 6.81852 -0.60852
v -0.37775 6.79778 -0.60906
v -0.30071 6.74881 -0.52675
v -0.30000 6.78000 -0.53730
v -0.30840 6.70000 -0.52474
v -0.35855 6.66967 -0.54263
v -0.35519 6.69529 -0.54893
v -0.28000 6.74000 -0.51471
v -0.29905 6.90891 -0.60400
v -0.26000 6.94000 -0.59641
v -0.23000 6.96000 -0.59108
v -0.29861 6.95187 -0.62809
v -0.31898 6.91872 -0.62855
v -0.28000 6.96000 -0.61203
v -0.24000 6.98415 -0.58918
v -0.28000 6.98305 -0.61064
v -0.18000 6.96000 -0.58418
v -0.18000 6.98371 -0.57123
v -0.14745 6.97977 -0.58562
v -0.16000 6.95000 -0.58295
v -0.14000 6.91999 -0.56589
v -0.17000 6.91000 -0.57365
v -0.13939 6.89930 -0.54739
v -0.12201 6.96000 -0.56570
v -0.22000 7.01384 -0.56647
v -0.14907 7.00134 -0.56791
v -0.21457 6.92981 -0.58337
v -0.16019 6.78078 -0.48616
v -0.29542 6.98593 -0.62712
v -0.23801 6.57691 -0.36695
v -0.26012 6.58017 -0.42690
v -0.27183 6.55493 -0.40727
v -0.26090 6.54120 -0.36717
v -0.20908 6.66000 -0.42665
v -0.22305 6.65893 -0.45803
v -0.21640 6.63421 -0.40673
v -0.21063 6.62000 -0.36670
v -0.30000 6.72000 -0.51690
v -0.30071 6.74881 -0.52675
v -0.30840 6.70000 -0.52474
v -0.31919 6.76860 -0.54765
v -0.30000 6.78000 -0.53730
v -0.28000 6.74000 -0.51471
v -0.35519 6.69529 -0.54893
v -0.37834 6.71766 -0.56895
v -0.37975 6.75969 -0.58814
v -0.30071 6.79896 -0.52631
v -0.30878 6.80000 -0.54737
v -0.39968 6.74970 -0.59340
v -0.42000 6.72177 -0.58744
v -0.28000 6.78000 -0.51458
v -0.23000 6.79871 -0.53010
v -0.21457 6.92981 -0.58337
v -0.23891 6.88946 -0.57224
v -0.16000 6.95000 -0.58295
v -0.17000 6.91000 -0.57365
v -0.17298 6.87098 -0.55573
v -0.13939 6.89930 -0.54739
v -0.22000 6.88155 -0.56575
v -0.34210 6.84121 -0.58586
v -0.35873 6.81852 -0.60852
v -0.33798 6.82000 -0.59051
v 0.44000 6.94000 -0.81711
v 0.44000 6.90100 -0.80084
v 0.14000 6.84576 -0.78053
v 0.25500 6.84968 -0.76940
v 0.18500 6.83839 -0.76979
v 0.26750 6.81194 -0.74406
v 0.22000 6.80000 -0.73495
v 0.16000 6.76935 -0.71892
v 0.16000 6.82333 -0.76145
v 0.32500 6.80147 -0.73888
v 0.30000 6.83711 -0.76581
v 0.38000 6.79670 -0.74420
v 0.44000 6.78000 -0.73143
v 0.44000 6.80226 -0.75324
v 0.37000 6.81832 -0.76834
v 0.44000 6.83181 -0.78133
v 0.38500 6.83775 -0.78462
v 0.32892 6.83982 -0.78019
v 0.46681 6.78039 -0.72173
v 0.46079 6.82184 -0.76037
v 0.46000 6.84000 -0.79581
v 0.44000 6.86000 -0.79884
v 0.47885 6.84000 -0.78708
v 0.52243 6.81828 -0.76232
v 0.51920 6.83990 -0.78091
v 0.48000 6.80167 -0.73981
v 0.46000 6.80941 -0.74120
v 0.52000 6.78000 -0.72879
v 0.53000 6.80561 -0.74002
v 0.56000 6.80000 -0.73341
v 0.54000 6.82000 -0.75110
v 0.58000 6.79661 -0.73724
v 0.56000 6.87718 -0.78165
v 0.53910 6.88242 -0.77985
v 0.54000 6.92000 -0.79059
v 0.54000 6.96097 -0.80376
v 0.52994 6.90035 -0.80146
v 0.52000 6.94000 -0.81140
v 0.46046 6.94000 -0.80088
v 0.51569 6.87112 -0.79373
v 0.46000 6.89963 -0.78121
v 0.46000 6.86000 -0.77194
v 0.52205 6.92000 -0.80494
v -0.02000 7.09552 -0.76817
v -0.00050 7.07810 -0.76509
v 0.02000 7.08000 -0.77164
v 0.01934 7.09895 -0.79303
v -0.01937 7.05092 -0.74734
v -0.04000 7.04000 -0.73539
v -0.02000 7.02000 -0.72818
v 0.00077 7.05210 -0.76487
v -0.04031 7.00028 -0.72574
v -0.06000 7.03051 -0.73130
v -0.01902 6.99830 -0.73753
v -0.06000 6.99884 -0.70670
v -0.04247 6.97574 -0.70504
v -0.04031 7.00028 -0.72574
v -0.03213 6.96000 -0.71497
v -0.02795 6.98000 -0.75491
v -0.00249 7.02899 -0.78466
v -0.01248 7.00000 -0.80477
v 0.00013 7.01992 -0.81393
v -0.02183 6.98817 -0.82486
v -0.02829 6.98000 -0.80492
v 0.00000 7.03029 -0.84464
v 0.01202 7.05106 -0.84453
v -0.00154 7.01600 -0.86467
v -0.00045 7.02503 -0.88508
v 0.00175 7.04000 -0.82462
v 0.01869 7.06097 -0.81446
v 0.01687 7.06279 -0.78448
v 0.02504 7.08000 -0.84439
v 0.02000 7.08000 -0.77164
v 0.00077 7.05210 -0.76487
v -0.02000 7.02000 -0.72818
v -0.01902 6.99830 -0.73753
v -0.00413 7.00000 -0.78470
v -0.01107 6.97945 -0.84232
v -0.00050 7.07810 -0.76509
v 0.21850 6.68089 0.25540
v 0.24000 6.69998 0.23698
v 0.23986 6.67033 0.25688
v 1.72705 6.88000 0.26785
v 1.75167 6.86814 0.28612
v 1.71971 6.86013 0.28774
v 1.75167 6.86814 0.28612
v 1.76000 6.88000 0.28509
v 1.74000 6.88431 0.28678
v 1.75167 6.86814 0.28612
v 1.74000 6.88431 0.28678
v 1.76000 6.88000 0.28509
v 1.27853 6.95872 -0.02185
v 1.30000 6.96000 -0.01930
v 1.30000 6.94000 -0.03473
v 1.30010 6.91981 0.02507
v 1.29290 6.93153 0.00504
v 1.28000 6.92073 0.02493
v 1.32090 6.94106 0.06347
v 1.29643 6.91568 0.04873
v 1.31612 6.93115 0.04520
v 1.29643 6.91568 0.04873
v 1.30010 6.91981 0.02507
v 1.28000 6.92073 0.02493
v 1.20000 6.84043 0.22428
v 1.20119 6.86039 0.21550
v 1.18000 6.84042 0.22277
v 1.12080 6.91999 0.18433
v 1.12000 6.90156 0.20386
v 1.14518 6.90245 0.18261
v 1.18158 6.88036 0.18981
v 1.16748 6.87931 0.16737
v 1.14518 6.90245 0.18261
v 1.07974 6.91893 0.19185
v 1.06000 6.90260 0.20369
v 1.08000 6.90000 0.20392
v 0.97633 6.91867 0.20278
v 0.96134 6.90804 0.18266
v 1.00000 6.90000 0.20332
v 0.98000 6.95134 0.19200
v 1.00103 6.95964 0.20251
v 1.00000 6.94420 0.18527
v 1.00103 6.95964 0.20251
v 1.02000 6.94267 0.18416
v 1.00000 6.94420 0.18527
v 0.98000 6.95134 0.19200
v 0.97807 6.97793 0.18417
v 1.00000 6.98000 0.21596
v 1.10864 6.95962 0.22344
v 1.12159 6.98000 0.20876
v 1.14396 6.95839 0.21012
v 0.97351 6.96000 0.20458
v 0.96000 6.94674 0.18702
v 0.98000 6.95134 0.19200
v 1.20974 6.87854 0.16295
v 1.21086 6.85824 0.16897
v 1.24540 6.85851 0.17966
v 1.26757 6.90000 0.06482
v 1.28298 6.88982 0.07319
v 1.25562 6.88211 0.08437
v 1.25961 6.86739 0.06767
v 1.26757 6.90000 0.06482
v 1.28298 6.88982 0.07319
v 1.28298 6.88982 0.07319
v 1.30505 6.87843 0.06113
v 1.27995 6.88877 0.04489
v 1.24019 6.87941 0.10445
v 1.25562 6.88211 0.08437
v 1.25161 6.85976 0.10397
v 1.25562 6.88211 0.08437
v 1.24019 6.87941 0.10445
v 1.25161 6.85976 0.10397
v 1.32334 6.92174 0.02523
v 1.34813 6.88000 0.02535
v 1.33136 6.90000 0.02526
v 1.35657 6.84120 0.04536
v 1.36027 6.81994 0.06782
v 1.36153 6.81985 0.02537
v 1.36027 6.81994 0.06782
v 1.35657 6.84120 0.04536
v 1.36153 6.81985 0.02537
v 1.31996 6.94010 0.08504
v 1.34020 6.95906 0.08412
v 1.33843 6.91523 0.09150
v 0.04259 6.62000 0.21460
v 0.04000 6.64000 0.20940
v 0.06620 6.64843 0.21570
v 0.21762 6.48000 0.25663
v 0.19999 6.54995 0.25807
v 0.20000 6.49750 0.26176
v 0.20000 6.40000 0.27580
v 0.22185 6.42000 0.27702
v 0.22109 6.40000 0.27697
v 0.22135 6.44000 0.27685
v 0.20000 6.42000 0.27598
v 0.22185 6.42000 0.27702
v 0.22185 6.42000 0.27702
v 0.20000 6.42000 0.27598
v 0.22135 6.44000 0.27685
v 1.46534 6.84013 0.28558
v 1.52839 6.85997 0.28647
v 1.48000 6.86809 0.28633
v 1.38000 6.83940 0.28568
v 1.43000 6.82000 0.27868
v 1.36000 6.82446 0.28266
v 1.53000 6.84000 0.27938
v 1.56817 6.88045 0.28607
v 1.60500 6.84000 0.28249
v 1.50500 6.81771 0.27215
v 1.54000 6.81870 0.26814
v 1.61000 6.82241 0.26702
v 1.64000 6.82903 0.28723
v 1.54000 6.89000 0.28255
v 1.38000 6.80450 0.26547
v 1.41000 6.88000 0.27618
v 1.35500 6.86000 0.27700
v 1.39500 6.89500 0.27428
v 1.46000 6.88000 0.27589
v 1.47000 6.90000 0.27412
v 1.36000 6.89000 0.27259
v 1.32000 6.88000 0.27242
v 1.26000 6.87000 0.27449
v 1.52000 6.90000 0.27383
v 1.55000 6.92000 0.27319
v 1.56000 6.90000 0.27546
v 1.58000 6.91000 0.27886
v 1.59971 6.90029 0.28706
v 1.25000 6.85208 0.28382
v 1.60000 6.92000 0.27385
v 1.63000 6.88280 0.28790
v 1.63000 6.92000 0.27552
v 1.68000 6.92000 0.27590
v 1.69000 6.89028 0.28751
v 1.74000 6.92000 0.27878
v 1.72000 6.89243 0.28630
v 1.76000 6.92000 0.27247
v 1.78000 6.89120 0.28234
v 1.74500 6.87892 0.26526
v 1.72705 6.88000 0.26785
v 0.16000 6.54000 0.22430
v 0.16000 6.62000 0.22383
v 0.18499 6.56000 0.23083
v 0.18000 6.53000 0.22800
v 0.15796 6.52000 0.21883
v 0.18000 6.60000 0.22477
v 0.14000 6.52000 0.20292
v 0.14000 6.60000 0.20206
v 0.13953 6.63945 0.21637
v 0.11629 6.54000 0.19864
v 0.11660 6.56000 0.19851
v 0.10000 6.54000 0.18131
v 0.10000 6.56000 0.18069
v 0.12000 6.50000 0.20223
v 0.10065 6.58588 0.19482
v 0.19999 6.54995 0.25807
v 0.20000 6.49750 0.26176
v 0.18000 6.50000 0.22811
v 0.14000 6.50000 0.22401
v 0.14000 6.48000 0.22483
v 0.16000 6.48000 0.22716
v 0.19567 6.58000 0.25187
v 0.18000 6.48000 0.24991
v 0.17371 6.46000 0.24268
v 0.21762 6.48000 0.25663
v 0.20328 6.62000 0.21369
v 0.17685 6.64000 0.21850
v 0.16000 6.64000 0.20526
v 0.16000 6.66073 0.21665
v 0.18071 6.66000 0.21745
v 0.18140 6.68231 0.22103
v 0.19739 6.64000 0.21515
v 0.22764 6.63934 0.21813
v 0.22850 6.66000 0.21498
v 0.20070 6.66911 0.19891
v 0.22151 6.68000 0.21654
v 0.21988 6.70000 0.19692
v 0.23060 6.68000 0.23690
v 0.24000 6.69998 0.23698
v 0.23909 6.72045 0.21789
v 0.19962 6.58800 0.21673
v 0.09128 6.52000 0.21566
v 0.09791 6.47929 0.21564
v 0.24000 6.63921 0.24600
v 0.22046 6.62000 0.24349
v 0.22017 6.59967 0.24346
v 0.28000 6.81000 0.26932
v 0.30000 6.80000 0.26885
v 0.33000 6.82500 0.26533
v 0.30934 6.85948 0.25922
v 0.26000 6.84000 0.26619
v 0.34198 6.85856 0.25753
v 0.32000 6.90000 0.24900
v 0.25000 6.78000 0.28155
v 0.22000 6.79863 0.27633
v 0.28889 6.77717 0.27778
v 0.22000 6.76000 0.28393
v 0.38000 6.84000 0.26575
v 0.35000 6.76000 0.28059
v 0.33000 6.74000 0.28377
v 0.38000 6.75188 0.27839
v 0.37000 6.88810 0.25628
v 0.25500 6.74402 0.28202
v 0.30000 6.73584 0.27977
v 0.18878 6.78841 0.27580
v 0.22000 6.84000 0.26550
v 0.16000 6.78000 0.27249
v 0.16000 6.84000 0.26353
v 0.16286 6.75000 0.27593
v 0.22292 6.72000 0.27860
v 0.34000 6.72246 0.27630
v 0.36000 6.72000 0.26869
v 0.34000 6.70305 0.25777
v 0.22065 6.69921 0.27720
v 0.25145 6.72305 0.25783
v 0.23986 6.67033 0.25688
v 0.19918 6.64000 0.25630
v 0.18000 6.62930 0.27410
v 0.19792 6.62000 0.25563
v 0.18083 6.59000 0.27643
v 0.18000 6.66000 0.26966
v 0.19304 6.66000 0.25181
v 0.18040 6.68016 0.27645
v 0.19249 6.60000 0.25135
v 0.19567 6.58000 0.25187
v 0.17996 6.56000 0.27640
v 0.19999 6.54995 0.25807
v 0.18312 6.51000 0.27642
v 0.20000 6.49750 0.26176
v 0.22046 6.62000 0.24349
v 0.22017 6.59967 0.24346
v 0.24000 6.63921 0.24600
v 0.21850 6.68089 0.25540
v 0.20117 6.67835 0.27666
v 0.14000 6.58000 0.26026
v 0.13142 6.50750 0.25693
v 0.16000 6.53000 0.27301
v 0.16000 6.41000 0.27177
v 0.13636 6.40000 0.25708
v 0.15000 6.60000 0.26723
v 0.13000 6.60000 0.25604
v 0.11965 6.55967 0.25598
v 0.12968 6.44000 0.25590
v 0.15000 6.63000 0.26049
v 0.13798 6.67000 0.25893
v 0.12218 6.65816 0.25440
v 0.17912 6.43964 0.27633
v 0.17797 6.36000 0.27892
v 0.11853 6.61788 0.25714
v 0.10283 6.48000 0.23572
v 0.10113 6.54000 0.23484
v 0.10035 6.44000 0.23567
v 0.17252 6.71000 0.27646
v 0.15000 6.71000 0.26547
v 0.11494 6.71491 0.25905
v 0.14000 6.74000 0.26678
v 0.12000 6.68000 0.24354
v 0.08005 6.67035 0.23617
v 0.10000 6.70000 0.24085
v 0.11765 6.63269 0.23689
v 0.10000 6.64820 0.23584
v 0.06620 6.64843 0.21570
v 0.20000 6.40000 0.27580
v 0.20000 6.42000 0.27598
v 0.22185 6.42000 0.27702
v 0.22109 6.40000 0.27697
v 0.22135 6.44000 0.27685
v 0.20000 6.45974 0.27628
v 0.08000 6.72000 0.24864
v 0.09829 6.74266 0.25446
v 0.13169 6.42134 0.23070
v 1.10000 6.81992 0.28373
v 0.98483 6.81984 0.28277
v 0.99000 6.81273 0.26174
v 0.93500 6.80791 0.26236
v 1.15000 6.80897 0.28389
v 1.10000 6.81158 0.26354
v 1.17000 6.80916 0.26403
v 1.19000 6.81338 0.28431
v 1.21000 6.80950 0.26431
v 1.26000 6.81884 0.28480
v 1.08000 6.81645 0.26091
v 1.04000 6.81710 0.26115
v 1.28000 6.80328 0.26479
v 1.30000 6.82221 0.28383
v 1.31081 6.79957 0.26579
v 1.36000 6.82446 0.28266
v 1.36000 6.80763 0.26534
v 1.38000 6.80450 0.26547
v 1.25161 6.85976 0.10397
v 1.22000 6.84212 0.10442
v 1.22000 6.84136 0.07442
v 1.25961 6.86739 0.06767
v 1.21483 6.85666 0.11940
v 1.24000 6.84501 0.06456
v 1.25927 6.86048 0.03135
v 1.24000 6.84489 0.04456
v 1.21483 6.85338 0.02940
v 1.24000 6.84446 0.02456
v 1.25972 6.84000 0.02633
v 1.22004 6.84015 -0.00482
v 1.23975 6.85956 -0.00400
v 1.21962 6.85969 -0.05556
v 1.37946 6.86000 0.12729
v 1.40875 6.87986 0.12733
v 1.40000 6.86626 0.14569
v 1.44000 6.89085 0.14599
v 1.44783 6.89453 0.10604
v 1.38140 6.85946 0.16615
v 1.42010 6.87555 0.07000
v 1.36511 6.84000 0.16542
v 1.44445 6.89945 0.08603
v 1.43956 6.90550 0.04600
v 1.36838 6.84000 0.11544
v 1.36569 6.86000 0.18544
v 1.37185 6.86000 0.09549
v 1.36000 6.82007 0.13651
v 1.36090 6.81992 0.10372
v 1.36665 6.84000 0.07543
v 1.36027 6.81994 0.06782
v 1.35998 6.82132 0.17629
v 1.36812 6.84000 0.20544
v 1.36046 6.81974 0.22334
v 1.37899 6.84170 0.22644
v 1.38000 6.80450 0.26547
v 1.38000 6.86000 0.21452
v 1.39426 6.88000 0.19201
v 1.37958 6.87938 0.16489
v 1.40000 6.87129 0.20569
v 1.42057 6.90000 0.16450
v 1.40000 6.90394 0.18286
v 1.37900 6.90032 0.18591
v 1.46009 6.90122 0.05613
v 1.40053 6.88007 0.22555
v 0.74000 6.83900 0.24096
v 0.74000 6.81854 0.22639
v 0.77000 6.83600 0.24118
v 0.83250 6.82520 0.23754
v 0.81000 6.83360 0.24147
v 0.72769 6.82000 0.24084
v 0.72182 6.80080 0.24078
v 1.27995 6.88877 0.04489
v 1.26239 6.89573 0.02478
v 1.28000 6.92073 0.02493
v 1.29643 6.91568 0.04873
v 1.26000 6.89051 0.04476
v 1.23946 6.87977 0.03369
v 1.25961 6.86739 0.06767
v 1.30505 6.87843 0.06113
v 1.26027 6.89939 0.00326
v 1.22949 6.87854 -0.01558
v 1.24590 6.90449 -0.01532
v 1.24111 6.90051 -0.03828
v 1.30010 6.91981 0.02507
v 1.29290 6.93153 0.00504
v 1.25161 6.85976 0.10397
v 1.28367 6.88240 0.10491
v 1.26000 6.86924 0.14473
v 1.27490 6.88000 0.12965
v 1.25562 6.88211 0.08437
v 1.24000 6.87034 0.12459
v 1.24065 6.85966 0.14341
v 1.28000 6.96000 0.02411
v 1.29136 6.93215 0.04503
v 1.26131 6.95974 0.06730
v 1.30195 6.96056 0.01434
v 1.27913 6.98025 0.03806
v 1.28000 7.00000 0.06062
v 1.29290 6.93153 0.00504
v 1.30010 6.91981 0.02507
v 1.27853 6.95872 -0.02185
v 1.29290 6.93153 0.00504
v 1.27537 6.98034 0.01001
v 1.28000 6.96000 0.02411
v 1.30000 6.94000 -0.03473
v 0.10631 6.64288 0.21358
v 0.08497 6.61000 0.19569
v 0.10065 6.58588 0.19482
v 0.08059 6.66000 0.19622
v 0.18698 6.42000 0.25634
v 0.20000 6.40000 0.27580
v 0.20000 6.42000 0.27598
v 0.22135 6.44000 0.27685
v 0.21232 6.46000 0.25657
v 0.14000 6.72000 0.13784
v 0.17392 6.72462 0.16922
v 0.16000 6.70479 0.15636
v 0.16000 6.73573 0.15639
v 0.16000 6.70357 0.18183
v 0.14000 6.70338 0.15620
v 0.56000 6.78246 0.25954
v 0.52470 6.78000 0.24084
v 0.58000 6.79781 0.23736
v 0.58250 6.79281 0.26502
v 0.52500 6.79500 0.26523
v 0.48000 6.80000 0.26998
v 0.50000 6.78000 0.24871
v 0.48000 6.76000 0.24065
v 0.71500 6.85750 0.26463
v 0.65000 6.82000 0.26633
v 0.72000 6.81602 0.26310
v 0.63000 6.86000 0.26411
v 0.60500 6.83500 0.26618
v 0.59000 6.86000 0.26351
v 0.56000 6.83000 0.26951
v 0.48000 6.85000 0.26542
v 0.46000 6.80000 0.27311
v 0.45000 6.84000 0.26728
v 0.38000 6.80000 0.27388
v 0.38000 6.84000 0.26575
v 0.54000 6.86000 0.26279
v 0.50000 6.87000 0.26285
v 0.74000 6.81824 0.25856
v 0.66000 6.79856 0.26120
v 0.70000 6.80423 0.26062
v 0.76000 6.84000 0.26526
v 0.62000 6.78269 0.26000
v 0.84000 6.84000 0.26908
v 0.79000 6.81930 0.26083
v 0.82000 6.81956 0.26208
v 0.86000 6.82000 0.27352
v 0.89500 6.84000 0.27061
v 0.90333 6.82222 0.25812
v 0.96000 6.84000 0.27110
v 0.98483 6.81984 0.28277
v 0.93500 6.80791 0.26236
v 1.03000 6.84000 0.27541
v 1.10000 6.81992 0.28373
v 1.06750 6.85500 0.28036
v 1.12000 6.84000 0.28044
v 1.61000 6.82241 0.26702
v 1.67000 6.82390 0.26741
v 1.64000 6.82903 0.28723
v 1.66000 6.82622 0.28735
v 1.67898 6.84087 0.28713
v 1.72000 6.82923 0.26774
v 1.78000 6.84000 0.27815
v 1.76000 6.82743 0.26799
v 1.71971 6.86013 0.28774
v 1.75167 6.86814 0.28612
v 1.67500 6.87000 0.28908
v 1.63000 6.88280 0.28790
v 1.72000 6.89243 0.28630
v 1.74000 6.88431 0.28678
v 1.38000 6.88000 0.14341
v 1.38609 6.92650 0.12567
v 1.40090 6.90097 0.12735
v 1.40875 6.87986 0.12733
v 1.41601 6.90000 0.10584
v 1.40000 6.92000 0.10775
v 1.35915 6.90337 0.12744
v 1.37946 6.86000 0.12729
v 1.22000 6.87537 0.12446
v 1.24065 6.85966 0.14341
v 1.25161 6.85976 0.10397
v 1.22137 6.88015 0.14448
v 1.24019 6.87941 0.10445
v 1.22000 6.87878 0.10140
v 0.10000 6.62000 0.17865
v 0.08497 6.61000 0.19569
v 0.08059 6.66000 0.19622
v 0.10000 6.66000 0.17835
v 0.10065 6.58588 0.19482
v 0.04252 6.63829 0.23647
v 0.06620 6.64843 0.21570
v 0.08005 6.67035 0.23617
v 0.06000 6.66000 0.24640
v 0.04259 6.62000 0.21460
v 0.04141 6.65880 0.25641
v 1.21918 6.88007 0.01601
v 1.23946 6.87977 0.03369
v 1.23975 6.85956 -0.00400
v 1.25927 6.86048 0.03135
v 1.25961 6.86739 0.06767
v 1.22949 6.87854 -0.01558
v 1.21837 6.88274 0.04446
v 1.25972 6.84000 0.02633
v 1.21641 6.86137 -0.03558
v 1.21962 6.85969 -0.05556
v 0.10631 6.64288 0.21358
v 0.11765 6.63269 0.23689
v 0.10000 6.64820 0.23584
v 0.06620 6.64843 0.21570
v 0.13953 6.63945 0.21637
v 0.08059 6.66000 0.19622
v 0.18000 6.67621 0.19072
v 0.16000 6.70357 0.18183
v 0.18000 6.70000 0.16292
v 0.17392 6.72462 0.16922
v 0.20146 6.69720 0.17559
v 0.20070 6.66911 0.19891
v 0.15857 6.67835 0.19021
v 0.13987 6.66013 0.21631
v 0.14000 6.68000 0.20386
v 0.16000 6.66073 0.21665
v 1.18158 6.88036 0.18981
v 1.14518 6.90245 0.18261
v 1.16714 6.90160 0.16351
v 0.18000 6.74000 0.18540
v 0.18000 6.76339 0.17983
v 0.20000 6.76847 0.17862
v 0.16000 6.74000 0.18421
v 0.19976 6.71984 0.19687
v 1.16000 6.88148 0.20402
v 1.16000 6.87198 0.18404
v 1.18158 6.88036 0.18981
v 1.12000 6.87453 0.19152
v 1.14000 6.87835 0.21045
v 1.16748 6.87931 0.16737
v 0.11515 6.62000 0.19593
v 0.10065 6.58588 0.19482
v 0.10000 6.62000 0.17865
v 0.11864 6.66293 0.19852
v 0.10000 6.66000 0.17835
v 0.12000 6.68000 0.18232
v 0.14000 6.68000 0.20386
v 0.13987 6.66013 0.21631
v 0.10631 6.64288 0.21358
v 0.14000 6.60000 0.20206
v 0.12000 6.58000 0.20101
v 0.12098 6.59911 0.21596
v 0.10226 6.57753 0.21580
v 0.13953 6.63945 0.21637
v 0.11660 6.56000 0.19851
v 0.12914 6.62000 0.21605
v 0.11765 6.63269 0.23689
v 1.12000 6.90156 0.20386
v 1.14000 6.87835 0.21045
v 1.14518 6.90245 0.18261
v 1.16000 6.88148 0.20402
v 1.29136 6.93215 0.04503
v 1.25950 6.94025 0.04481
v 1.26131 6.95974 0.06730
v 1.28000 6.92073 0.02493
v 1.24000 6.95796 0.06755
v 1.24000 6.94000 0.05248
v 1.24000 6.98000 0.07508
v 1.25488 6.94065 0.02478
v 1.29643 6.91568 0.04873
v 1.20119 6.86039 0.21550
v 1.17876 6.85709 0.18521
v 1.20000 6.84071 0.18486
v 1.18158 6.88036 0.18981
v 1.28575 6.84000 0.10487
v 1.28079 6.84912 0.14407
v 1.30049 6.85809 0.11465
v 1.30478 6.84000 0.09075
v 1.32001 6.86002 0.06514
v 0.18140 6.68231 0.22103
v 0.16000 6.66073 0.21665
v 0.18000 6.67621 0.19072
v 0.11515 6.62000 0.19593
v 0.11864 6.66293 0.19852
v 0.10631 6.64288 0.21358
v 0.10065 6.58588 0.19482
v 0.21232 6.46000 0.25657
v 0.20000 6.49750 0.26176
v 0.20000 6.45974 0.27628
v 0.22135 6.44000 0.27685
v 0.21762 6.48000 0.25663
v 0.12000 6.44000 0.22428
v 0.10035 6.44000 0.23567
v 0.12000 6.46000 0.22394
v 0.10283 6.48000 0.23572
v 0.13169 6.42134 0.23070
v 0.14000 6.48000 0.22483
v 1.28298 6.88982 0.07319
v 1.25562 6.88211 0.08437
v 1.25961 6.86739 0.06767
v 1.30505 6.87843 0.06113
v 1.29643 6.91568 0.04873
v 1.27995 6.88877 0.04489
v 1.28298 6.88982 0.07319
v 1.30010 6.91981 0.02507
v 1.31612 6.93115 0.04520
v 1.32334 6.92174 0.02523
v 1.32090 6.94106 0.06347
v 1.30001 6.90003 -0.00593
v 1.29740 6.89646 0.02502
v 1.32000 6.92000 -0.03454
v 1.30030 6.90001 -0.03495
v 0.19784 6.71886 0.17667
v 0.17392 6.72462 0.16922
v 0.18000 6.74000 0.18540
v 0.16000 6.74000 0.18421
v 0.13903 6.73896 0.15738
v 0.19976 6.71984 0.19687
v 0.21988 6.70000 0.19692
v 0.22000 6.72000 0.21098
v 0.23909 6.72045 0.21789
v 0.20146 6.69720 0.17559
v 0.18000 6.70000 0.16292
v 1.18158 6.88036 0.18981
v 1.21086 6.85824 0.16897
v 1.17876 6.85709 0.18521
v 1.20974 6.87854 0.16295
v 1.22137 6.88015 0.14448
v 1.21202 6.90000 0.14444
v 1.20000 6.84071 0.18486
v 1.22021 6.90000 0.10404
v 1.24000 6.87034 0.12459
v 1.24019 6.87941 0.10445
v 1.24065 6.85966 0.14341
v 1.25161 6.85976 0.10397
v 1.22000 6.91999 0.12452
v 1.22807 6.94240 0.10688
v 1.19335 6.92155 0.12479
v 1.20000 6.96000 0.09771
v 1.16000 6.91648 0.14052
v 1.22240 6.96000 0.08493
v 1.16714 6.90160 0.16351
v 1.16748 6.87931 0.16737
v 1.23939 6.92000 0.10434
v 1.23845 6.93679 0.08466
v 1.25271 6.92000 0.08474
v 1.24000 6.94000 0.05248
v 1.25961 6.86739 0.06767
v 1.27995 6.88877 0.04489
v 1.26757 6.90000 0.06482
v 1.29643 6.91568 0.04873
v 1.00000 7.00000 0.19939
v 0.99868 6.98000 0.18086
v 1.02500 6.97369 0.19888
v 1.32000 6.92000 -0.03454
v 1.32000 6.88750 -0.01483
v 1.30030 6.90001 -0.03495
v 1.34000 6.90000 -0.02622
v 1.34000 6.87071 -0.01472
v 1.30000 6.87480 0.08501
v 1.30505 6.87843 0.06113
v 1.32001 6.86002 0.06514
v 1.30049 6.85809 0.11465
v 1.28367 6.88240 0.10491
v 1.27490 6.88000 0.12965
v 1.28298 6.88982 0.07319
v 1.28079 6.84912 0.14407
v 1.26000 6.86924 0.14473
v 1.26118 6.86140 0.16642
v 1.28000 6.84285 0.16484
v 1.24540 6.85851 0.17966
v 1.34443 6.87108 0.04618
v 1.34094 6.84035 0.06630
v 1.32000 6.83794 0.07807
v 1.30478 6.84000 0.09075
v 1.27995 6.88877 0.04489
v 1.29740 6.89646 0.02502
v 1.31886 6.87800 0.01536
v 1.30001 6.90003 -0.00593
v 1.21086 6.85824 0.16897
v 1.21483 6.85666 0.11940
v 1.25562 6.88211 0.08437
v 1.24065 6.85966 0.14341
v 1.25161 6.85976 0.10397
v 1.35958 6.85890 0.06634
v 1.44022 6.92008 0.06102
v 1.44445 6.89945 0.08603
v 1.46009 6.90122 0.05613
v 1.44127 6.92000 0.08603
v 1.44783 6.89453 0.10604
v 1.43956 6.90550 0.04600
v 1.01834 6.99882 0.18239
v 1.00308 7.02000 0.18356
v 1.00000 7.00000 0.19939
v 1.02500 6.97369 0.19888
v 1.06000 6.97552 0.19811
v 1.41709 6.90148 0.08585
v 1.41867 6.90132 0.06435
v 1.41218 6.88000 0.09579
v 1.41601 6.90000 0.10584
v 1.40875 6.87986 0.12733
v 1.42010 6.87555 0.07000
v 1.44022 6.92008 0.06102
v 1.43956 6.90550 0.04600
v 1.44127 6.92000 0.08603
v 1.28000 6.96000 0.02411
v 1.29290 6.93153 0.00504
v 1.30195 6.96056 0.01434
v 1.27537 6.98034 0.01001
v 1.12000 6.90156 0.20386
v 1.12000 6.87453 0.19152
v 1.14000 6.87835 0.21045
v 1.29643 6.91568 0.04873
v 1.28298 6.88982 0.07319
v 1.26757 6.90000 0.06482
v 1.39426 6.88000 0.19201
v 1.37958 6.87938 0.16489
v 1.37900 6.90032 0.18591
v 1.41532 6.90423 0.20697
v 1.44339 6.88000 0.20813
v 1.36027 6.81994 0.06782
v 1.34094 6.84035 0.06630
v 1.35657 6.84120 0.04536
v 1.34000 6.83239 0.09524
v 0.18140 6.68231 0.22103
v 0.18000 6.67621 0.19072
v 0.20070 6.66911 0.19891
v 1.28527 6.98000 0.06504
v 1.27913 6.98025 0.03806
v 1.30062 6.99943 0.06474
v 1.25961 6.86739 0.06767
v 1.25562 6.88211 0.08437
v 1.25161 6.85976 0.10397
v 1.21865 6.86105 0.18895
v 1.21964 6.84091 0.20592
v 1.20000 6.84071 0.18486
v 1.21086 6.85824 0.16897
v 1.20974 6.87854 0.16295
v 1.15000 6.80897 0.28389
v 1.19000 6.81338 0.28431
v 1.10000 6.81992 0.28373
v 1.02000 6.94267 0.18416
v 0.98000 6.92141 0.18281
v 1.00000 6.94420 0.18527
v 0.98000 6.95134 0.19200
v 1.43936 6.89941 0.18599
v 1.42057 6.90000 0.16450
v 1.43561 6.87969 0.16693
v 0.97633 6.91867 0.20278
v 0.98000 6.92141 0.18281
v 0.96134 6.90804 0.18266
v 0.98000 6.95134 0.19200
v 0.10000 6.56000 0.18069
v 0.08332 6.54000 0.19562
v 0.08560 6.56000 0.19565
v 0.10000 6.54000 0.18131
v 0.10065 6.58588 0.19482
v 0.09128 6.52000 0.21566
v 0.10283 6.48000 0.23572
v 0.09791 6.47929 0.21564
v 0.12000 6.46000 0.22394
v 0.10113 6.54000 0.23484
v 0.08986 6.56000 0.21568
v 0.11796 6.56859 0.23525
v 0.10226 6.57753 0.21580
v 0.11965 6.55967 0.25598
v 0.13000 6.60000 0.25604
v 0.12914 6.62000 0.21605
v 0.12098 6.59911 0.21596
v 0.11765 6.63269 0.23689
v 0.11853 6.61788 0.25714
v 1.27913 6.98025 0.03806
v 1.28000 7.00000 0.06062
v 1.30062 6.99943 0.06474
v 1.06018 6.98003 0.22342
v 1.03000 6.98000 0.21740
v 1.04091 7.00000 0.22247
v 1.20119 6.86039 0.21550
v 1.19181 6.83577 0.20422
v 1.18000 6.84042 0.22277
v 1.20000 6.84071 0.18486
v 1.35657 6.84120 0.04536
v 1.34094 6.84035 0.06630
v 1.35958 6.85890 0.06634
v 0.10065 6.58588 0.19482
v 0.10226 6.57753 0.21580
v 0.11660 6.56000 0.19851
v 1.25950 6.94025 0.04481
v 1.24685 6.91422 0.06469
v 1.24000 6.94000 0.05248
v 1.40053 6.88007 0.22555
v 1.40000 6.87129 0.20569
v 1.42000 6.85730 0.22275
v 1.18158 6.88036 0.18981
v 1.16714 6.90160 0.16351
v 1.16748 6.87931 0.16737
v 1.14104 6.90033 0.20438
v 1.14518 6.90245 0.18261
v 1.16000 6.88148 0.20402
v 1.12000 6.90156 0.20386
v 1.14000 6.87835 0.21045
v 1.07500 6.85117 0.23996
v 1.06989 6.88059 0.22391
v 1.11028 6.88065 0.22418
v 1.00000 6.83880 0.24091
v 1.04002 6.83999 0.24313
v 1.04000 6.81710 0.26115
v 1.08000 6.81645 0.26091
v 1.10000 6.81158 0.26354
v 0.99000 6.81273 0.26174
v 0.95066 6.84951 0.23745
v 0.92000 6.82506 0.24656
v 0.90000 6.84000 0.23283
v 0.93500 6.80791 0.26236
v 1.10000 6.90000 0.20421
v 1.08000 6.90000 0.20392
v 1.10000 6.91462 0.19245
v 1.07974 6.91893 0.19185
v 1.06000 6.90260 0.20369
v 1.04000 6.90171 0.20351
v 1.12080 6.91999 0.18433
v 1.01500 6.88248 0.22668
v 0.95876 6.88113 0.22341
v 0.98000 6.90000 0.20942
v 0.93000 6.90000 0.20807
v 0.90000 6.87677 0.21980
v 0.89000 6.85830 0.22733
v 0.89500 6.91569 0.19852
v 0.85000 6.88000 0.21313
v 0.84876 6.89945 0.20079
v 0.82000 6.88000 0.21065
v 0.84991 6.86001 0.21829
v 0.92866 6.91842 0.20083
v 0.90000 6.94204 0.18360
v 0.96000 6.94674 0.18702
v 0.97633 6.91867 0.20278
v 0.84746 6.92049 0.18265
v 0.82000 6.90000 0.19263
v 0.77444 6.92276 0.18684
v 1.08247 6.94149 0.18519
v 1.05500 6.94194 0.18737
v 1.00000 6.90000 0.20332
v 0.98000 6.95134 0.19200
v 1.12000 6.86000 0.22810
v 1.10000 6.83717 0.23948
v 1.14000 6.83144 0.24385
v 1.17000 6.80916 0.26403
v 1.16000 6.86341 0.22657
v 1.19146 6.82085 0.24611
v 1.21000 6.80950 0.26431
v 1.22793 6.82043 0.24698
v 1.20000 6.84043 0.22428
v 1.18000 6.84042 0.22277
v 1.16000 6.84027 0.22385
v 1.28000 6.80328 0.26479
v 0.77000 6.89877 0.18788
v 0.90333 6.82222 0.25812
v 1.18158 6.88036 0.18981
v 1.20119 6.86039 0.21550
v 0.87923 6.92075 0.18246
v 1.12000 6.84000 0.22663
v 0.87000 6.84000 0.21306
v 0.79959 6.88000 0.18177
v 0.84016 6.84013 0.20164
v 0.72000 6.81602 0.26310
v 0.70000 6.80504 0.24062
v 0.72182 6.80080 0.24078
v 0.74000 6.81824 0.25856
v 0.97807 6.97793 0.18417
v 0.98000 6.95134 0.19200
v 0.99868 6.98000 0.18086
v 1.00103 6.95964 0.20251
v 1.02500 6.97369 0.19888
v 1.06018 6.98003 0.22342
v 1.06000 6.97552 0.19811
v 1.03000 6.98000 0.21740
v 1.08000 6.96469 0.22358
v 1.10000 6.97539 0.19811
v 1.10864 6.95962 0.22344
v 1.11693 6.95880 0.20275
v 1.14396 6.95839 0.21012
v 0.97351 6.96000 0.20458
v 1.00000 6.98000 0.21596
v 0.96000 6.94674 0.18702
v 1.31612 6.93115 0.04520
v 1.29136 6.93215 0.04503
v 1.30010 6.91981 0.02507
v 0.22000 6.72873 0.17686
v 0.22000 6.73803 0.19687
v 0.19976 6.71984 0.19687
v 0.22000 6.72000 0.21098
v 1.44000 6.89085 0.14599
v 1.43561 6.87969 0.16693
v 1.42057 6.90000 0.16450
v 1.26757 6.90000 0.06482
v 1.25562 6.88211 0.08437
v 1.28298 6.88982 0.07319
v 0.97351 6.96000 0.20458
v 0.98000 6.95134 0.19200
v 1.00000 6.98000 0.21596
v 0.24000 6.69998 0.23698
v 0.21850 6.68089 0.25540
v 0.23060 6.68000 0.23690
v 1.00103 6.95964 0.20251
v 1.00000 6.94420 0.18527
v 1.02000 6.94267 0.18416
v 0.98000 6.95134 0.19200
v 0.23060 6.68000 0.23690
v 0.21850 6.68089 0.25540
v 0.23986 6.67033 0.25688
v 1.72705 6.88000 0.26785
v 1.72000 6.89243 0.28630
v 1.74000 6.88431 0.28678
v 1.75167 6.86814 0.28612
v 1.19181 6.83577 0.20422
v 1.20000 6.84043 0.22428
v 1.18000 6.84042 0.22277
v 1.22000 6.83317 0.22441
v 1.36000 6.80763 0.26534
v 1.31960 6.79981 0.24486
v 1.36000 6.80717 0.24534
v 1.31081 6.79957 0.26579
v 1.38000 6.80450 0.26547
v 1.36046 6.81974 0.22334
v 1.32917 6.82058 0.22513
v 1.30019 6.81998 0.22492
v 1.28000 6.81040 0.24480
v 1.28000 6.80328 0.26479
v 1.24000 6.82189 0.22747
v 1.22793 6.82043 0.24698
v 1.29029 6.83784 0.20502
v 1.24500 6.84165 0.21084
v 1.21964 6.84091 0.20592
v 1.20000 6.84071 0.18486
v 1.21865 6.86105 0.18895
v 1.32000 6.83930 0.15001
v 1.32025 6.84026 0.19327
v 1.30000 6.84064 0.16526
v 1.35998 6.82132 0.17629
v 1.36000 6.82007 0.13651
v 1.32000 6.83794 0.07807
v 1.34000 6.82488 0.20523
v 1.34000 6.83239 0.09524
v 1.34094 6.84035 0.06630
v 1.36090 6.81992 0.10372
v 1.36027 6.81994 0.06782
v 1.29215 6.83876 0.18492
v 1.24540 6.85851 0.17966
v 1.28000 6.84285 0.16484
v 1.28079 6.84912 0.14407
v 1.20974 6.87854 0.16295
v 1.74500 6.87892 0.26526
v 1.72705 6.88000 0.26785
v 1.75167 6.86814 0.28612
v 1.71971 6.86013 0.28774
v 1.22000 6.87878 0.10140
v 1.24019 6.87941 0.10445
v 1.22021 6.90000 0.10404
v 0.72769 6.82000 0.24084
v 0.74000 6.81824 0.25856
v 0.72182 6.80080 0.24078
v 0.74000 6.83900 0.24096
v 1.29643 6.91568 0.04873
v 1.29136 6.93215 0.04503
v 1.31612 6.93115 0.04520
v 1.21483 6.85338 0.02940
v 1.20994 6.86000 0.06437
v 1.20294 6.86000 0.04432
v 1.22000 6.84136 0.07442
v 1.21483 6.85666 0.11940
v 1.22000 6.84212 0.10442
v 1.21918 6.88007 0.01601
v 1.20747 6.86000 -0.00564
v 1.22004 6.84015 -0.00482
v 1.21641 6.86137 -0.03558
v 1.21962 6.85969 -0.05556
v 1.22949 6.87854 -0.01558
v 0.16000 6.73573 0.15639
v 0.13903 6.73896 0.15738
v 0.17392 6.72462 0.16922
v 0.72000 6.86000 0.16546
v 0.74000 6.85918 0.17950
v 0.70000 6.86000 0.16826
v 0.79000 6.81930 0.26083
v 0.81000 6.83360 0.24147
v 0.82000 6.81956 0.26208
v 0.77000 6.83600 0.24118
v 0.74000 6.81824 0.25856
v 0.74000 6.83900 0.24096
v 0.83250 6.82520 0.23754
v 0.90333 6.82222 0.25812
v 0.86000 6.82000 0.27352
v 0.86063 6.82350 0.22183
v 0.74000 6.81854 0.22639
v 0.78000 6.83826 0.19909
v 0.84016 6.84013 0.20164
v 0.76000 6.84000 0.20110
v 0.71000 6.83564 0.19942
v 0.76000 6.85986 0.18098
v 0.68000 6.84602 0.18654
v 0.58000 6.86000 0.16552
v 0.62000 6.84586 0.18542
v 0.58000 6.84587 0.18411
v 0.65500 6.81505 0.21768
v 0.64000 6.83527 0.19533
v 0.62000 6.83080 0.20005
v 0.62855 6.79981 0.23904
v 0.67000 6.80960 0.24040
v 0.66000 6.79856 0.26120
v 0.70000 6.80423 0.26062
v 0.68000 6.81660 0.21731
v 0.70000 6.80504 0.24062
v 0.58000 6.82165 0.22195
v 0.56000 6.82548 0.19958
v 0.62000 6.78269 0.26000
v 0.54847 6.82016 0.21928
v 0.72182 6.80080 0.24078
v 0.54000 6.83159 0.19944
v 0.52000 6.82000 0.20706
v 0.71000 6.82000 0.21251
v 0.90000 6.84000 0.23283
v 0.87000 6.84000 0.21306
v 0.58000 6.79781 0.23736
v 0.72000 6.81602 0.26310
v 0.50000 6.84219 0.20189
v 1.40875 6.87986 0.12733
v 1.41218 6.88000 0.09579
v 1.42010 6.87555 0.07000
v 0.38000 6.80000 0.27388
v 0.38000 6.84000 0.26575
v 0.38000 6.75188 0.27839
v 1.28527 6.98000 0.06504
v 1.30040 6.96017 0.04340
v 1.27913 6.98025 0.03806
v 1.30488 6.96320 0.06516
v 1.29914 6.97894 0.08585
v 1.31612 6.93115 0.04520
v 1.30527 6.94000 0.02513
v 1.32090 6.94106 0.06347
v 1.28000 6.96000 0.02411
v 1.30195 6.96056 0.01434
v 1.30010 6.91981 0.02507
v 1.33220 6.90000 0.06527
v 1.32334 6.92174 0.02523
v 1.35650 6.87791 0.07540
v 1.33843 6.91523 0.09150
v 1.34443 6.87108 0.04618
v 1.35958 6.85890 0.06634
v 1.37185 6.86000 0.09549
v 1.33944 6.90091 0.10576
v 1.31996 6.94010 0.08504
v 1.36665 6.84000 0.07543
v 1.35657 6.84120 0.04536
v 1.35915 6.90337 0.12744
v 1.37946 6.86000 0.12729
v 1.38000 6.88000 0.14341
v 1.34813 6.88000 0.02535
v 1.36027 6.81994 0.06782
v 1.36838 6.84000 0.11544
v 1.34000 6.87071 -0.01472
v 1.34000 6.90000 -0.02622
v 1.33082 6.92000 -0.00472
v 1.32000 6.92000 -0.03454
v 1.33136 6.90000 0.02526
v 1.23584 6.90269 0.04460
v 1.21837 6.88274 0.04446
v 1.21762 6.88129 0.07445
v 1.23946 6.87977 0.03369
v 1.24685 6.91422 0.06469
v 1.20994 6.86000 0.06437
v 1.21483 6.85666 0.11940
v 1.22000 6.87878 0.10140
v 1.20294 6.86000 0.04432
v 1.23449 6.90000 0.02459
v 1.25650 6.92000 0.04477
v 1.22000 6.87537 0.12446
v 1.22137 6.88015 0.14448
v 1.21918 6.88007 0.01601
v 1.21086 6.85824 0.16897
v 1.25950 6.94025 0.04481
v 1.21973 6.90070 0.08402
v 1.24000 6.90344 0.08463
v 1.25271 6.92000 0.08474
v 1.23939 6.92000 0.10434
v 1.22021 6.90000 0.10404
v 1.22000 6.91999 0.12452
v 1.24000 6.94000 0.05248
v 1.24685 6.91422 0.06469
v 1.25271 6.92000 0.08474
v 1.45000 6.81678 0.26353
v 1.43000 6.82000 0.27868
v 1.41500 6.81575 0.26030
v 1.43988 6.84867 0.23474
v 1.46000 6.83567 0.24351
v 1.42000 6.84000 0.23619
v 1.50500 6.81771 0.27215
v 1.49000 6.81837 0.26101
v 1.38000 6.80450 0.26547
v 1.40161 6.83922 0.22490
v 1.42000 6.85730 0.22275
v 1.39426 6.88000 0.19201
v 1.44339 6.88000 0.20813
v 1.40000 6.87129 0.20569
v 1.53500 6.84034 0.24703
v 1.54000 6.81870 0.26814
v 1.61000 6.82241 0.26702
v 1.47000 6.85701 0.22316
v 1.57825 6.83998 0.24682
v 1.56000 6.85036 0.22673
v 1.61004 6.85796 0.22708
v 1.50000 6.86000 0.21575
v 1.54000 6.87309 0.20663
v 1.55655 6.85914 0.20672
v 1.49976 6.87996 0.19562
v 1.60000 6.84000 0.23674
v 1.50000 6.84214 0.24864
v 1.47000 6.87818 0.20501
v 1.47000 6.89258 0.18619
v 1.43936 6.89941 0.18599
v 1.41532 6.90423 0.20697
v 1.42000 6.90924 0.18588
v 1.40000 6.90394 0.18286
v 1.37900 6.90032 0.18591
v 1.37899 6.84170 0.22644
v 1.64000 6.83613 0.23981
v 1.67000 6.82390 0.26741
v 1.66000 6.83710 0.24351
v 1.69172 6.83887 0.24757
v 1.72000 6.82923 0.26774
v 1.72000 6.85050 0.24777
v 1.76000 6.82743 0.26799
v 1.79000 6.85513 0.24645
v 1.66000 6.85871 0.22739
v 1.40010 6.85959 0.22575
v 1.38000 6.86000 0.21452
v 1.50000 6.86000 0.21575
v 1.50000 6.84214 0.24864
v 1.47000 6.85701 0.22316
v 1.49976 6.87996 0.19562
v 1.47000 6.87818 0.20501
v 1.47000 6.89258 0.18619
v 1.40010 6.85959 0.22575
v 1.40053 6.88007 0.22555
v 1.42000 6.85730 0.22275
v 1.38000 6.86000 0.21452
v 0.11727 6.74000 0.13890
v 0.12000 6.75679 0.15896
v 0.13903 6.73896 0.15738
v 0.16000 6.76000 0.16045
v 0.16000 6.74000 0.18421
v 0.12329 6.72310 0.15609
v 0.14000 6.72000 0.13784
v 0.10000 6.76000 0.14853
v 0.12000 6.78000 0.14836
v 0.08000 6.78000 0.14402
v 0.14000 6.72000 0.13784
v 0.13903 6.73896 0.15738
v 0.16000 6.73573 0.15639
v -0.40000 6.79781 -0.06723
v -0.42000 6.80000 -0.06807
v -0.41845 6.77895 -0.06697
v -0.26397 6.64000 -0.36385
v -0.24000 6.64247 -0.36620
v -0.23838 6.61897 -0.36625
v -0.08372 6.68334 -0.26561
v -0.07732 6.69668 -0.28555
v -0.10413 6.69161 -0.28525
v -0.01800 6.72376 -0.06505
v -0.01875 6.72239 -0.04282
v -0.01252 6.70000 -0.04502
v -0.02676 6.71500 -0.02513
v 0.00000 6.68437 -0.04493
v 0.00000 6.68295 -0.02494
v -0.04559 6.73529 -0.04526
v -0.03209 6.74000 -0.06515
v -0.02576 6.73935 -0.09577
v -0.13823 6.45956 -0.00768
v -0.12123 6.44419 -0.00610
v -0.12023 6.44465 -0.02749
v -0.10042 6.46053 -0.00665
v -0.12123 6.44419 -0.00610
v -0.10008 6.44000 -0.02592
v -0.13823 6.45956 -0.00768
v -0.12023 6.44465 -0.02749
v -0.12123 6.44419 -0.00610
v -0.10008 6.44000 -0.02592
v -0.03629 6.72228 -0.00520
v -0.02000 6.70749 -0.00508
v -0.02676 6.71500 -0.02513
v -0.19414 6.72000 0.05479
v -0.21963 6.69631 0.07210
v -0.20021 6.69940 0.05342
v -0.21986 6.72016 0.07302
v -0.19414 6.72000 0.05479
v -0.20001 6.74006 0.05353
v -0.21986 6.72016 0.07302
v -0.19414 6.72000 0.05479
v -0.21963 6.69631 0.07210
v -0.20001 6.74006 0.05353
v -0.20021 6.69940 0.05342
v -0.19414 6.72000 0.05479
v -0.20021 6.69940 0.05342
v -0.19999 6.72955 0.03281
v -0.20001 6.74006 0.05353
v -0.19414 6.72000 0.05479
v -0.19999 6.72955 0.03281
v -0.20021 6.69940 0.05342
v -0.20001 6.74006 0.05353
v -0.21986 6.72016 0.07302
v -0.21963 6.69631 0.07210
v -0.19414 6.72000 0.05479
v -0.12057 6.86963 -0.06642
v -0.13240 6.88000 -0.04585
v -0.12131 6.85114 -0.04579
v 0.57442 7.25907 -0.89360
v 0.58342 7.25925 -0.85699
v 0.55756 7.24125 -0.87784
v 0.55987 7.24024 -0.90004
v 0.51984 7.24000 -0.79965
v 0.54575 7.26000 -0.81617
v 0.50658 7.26616 -0.80079
v 0.54284 7.22932 -0.81827
v 0.51995 7.21983 -0.80045
v 0.54020 7.28124 -0.80052
v 0.52000 7.28000 -0.79149
v 0.50000 7.24000 -0.81018
v 0.50204 7.21549 -0.82006
v 0.52000 7.22927 -0.81810
v 0.54284 7.22932 -0.81827
v 0.51995 7.21983 -0.80045
v 0.50204 7.21549 -0.82006
v 0.48000 7.30000 -0.78712
v 0.50658 7.26616 -0.80079
v 0.49994 7.29897 -0.77995
v 0.52000 7.30000 -0.79210
v 0.48000 7.28000 -0.78509
v 0.48000 7.26167 -0.80001
v 0.52000 7.28000 -0.79149
v -0.22387 6.64896 0.29401
v -0.23952 6.63892 0.31364
v -0.22934 6.66000 0.31318
v 0.20000 6.40000 0.27580
v 0.20000 6.42000 0.27598
v 0.22185 6.42000 0.27702
v -0.29953 6.41834 0.85210
v -0.29661 6.46632 0.85041
v -0.32193 6.47036 0.85121
v -0.28002 6.44000 0.85261
v -0.32193 6.47036 0.85121
v -0.30488 6.44000 0.87753
v -0.29978 6.41944 0.87267
v -0.29953 6.41834 0.85210
v -0.29661 6.46632 0.85041
v -0.30488 6.44000 0.87753
v -0.30000 6.45888 0.87190
v -0.28002 6.44000 0.85261
v -0.29978 6.41944 0.87267
v -0.31793 6.47330 0.87232
v -0.30488 6.44000 0.87753
v -0.32193 6.47036 0.85121
v -0.30000 6.45888 0.87190
v -0.29978 6.41944 0.87267
v -0.28002 6.44000 0.85261
v -0.29953 6.41834 0.85210
v -0.30000 6.45888 0.87190
v -0.28406 6.47462 0.87260
v -0.27772 6.46745 0.85172
v -0.29661 6.46632 0.85041
v -0.30000 6.45888 0.87190
v -0.32193 6.47036 0.85121
v -0.31793 6.47330 0.87232
v -0.30000 6.45888 0.87190
v -0.29661 6.46632 0.85041
v -0.28406 6.47462 0.87260
v 1.63856 6.73732 1.92847
v 1.61976 6.73753 1.90978
v 1.64016 6.73257 1.90775
v 1.72083 6.87915 1.93013
v 1.71878 6.91090 1.92789
v 1.70000 6.87929 1.92859
v 1.70000 6.87929 1.92859
v 1.71878 6.91090 1.92789
v 1.72083 6.87915 1.93013
v 1.52744 6.94000 1.92124
v 1.52000 6.91955 1.91719
v 1.54000 6.92441 1.91451
v 1.67573 6.79000 1.94783
v 1.66466 6.80000 1.92181
v 1.67848 6.83000 1.94582
v 1.65794 6.78047 1.92755
v 1.67859 6.74855 1.94839
v 1.66000 6.74000 1.93347
v 1.68249 6.72000 1.94479
v 1.65545 6.72000 1.93097
v 1.70000 6.82000 1.95655
v 1.66673 6.68500 1.93025
v 1.69667 6.66000 1.94884
v 1.68000 6.66000 1.93686
v 1.68442 6.63000 1.93922
v 1.64971 6.65990 1.90852
v 1.66000 6.62000 1.91371
v 1.65956 6.58180 1.90656
v 1.69934 6.58880 1.94805
v 1.67918 6.54973 1.92785
v 1.69568 6.52000 1.93539
v 1.65908 6.55994 1.90717
v 1.64000 6.70000 1.91420
v 1.64016 6.73257 1.90775
v 1.67773 6.52000 1.90962
v 1.63856 6.73732 1.92847
v 1.63500 6.78446 1.92095
v 1.63589 6.76000 1.92949
v 1.61976 6.73753 1.90978
v 1.60000 6.78000 1.91375
v 1.62000 6.81000 1.92334
v 1.60000 6.80000 1.90982
v 1.60000 6.82000 1.92108
v 1.60000 6.69000 1.91390
v 1.65000 6.82000 1.92274
v 1.64000 6.85000 1.92321
v 1.62000 6.84000 1.91645
v 1.62500 6.87000 1.91731
v 1.66000 6.87000 1.92187
v 1.68250 6.84000 1.92651
v 1.66000 6.90000 1.91978
v 1.60000 6.88000 1.91265
v 1.60000 6.74000 1.91677
v 1.56000 6.70000 1.91142
v 1.58000 6.67000 1.90785
v 1.60000 6.64000 1.91390
v 1.58000 6.64000 1.91187
v 1.55271 6.64423 1.90842
v 1.55000 6.67000 1.91002
v 1.60000 6.84000 1.92576
v 1.58000 6.82000 1.91758
v 1.58000 6.84000 1.91885
v 1.57000 6.86000 1.91400
v 1.54000 6.85000 1.92038
v 1.58000 6.90000 1.91867
v 1.52000 6.86000 1.90988
v 1.56000 6.90000 1.91792
v 1.62000 6.68000 1.90928
v 1.56614 6.91848 1.90810
v 1.53298 6.90000 1.92471
v 1.54000 6.92441 1.91451
v 1.52000 6.91955 1.91719
v 1.50000 6.89867 1.92643
v 1.52000 6.88032 1.92591
v 1.52744 6.94000 1.92124
v 1.67999 6.86079 1.93532
v 1.70000 6.87929 1.92859
v 1.66366 6.50000 1.90562
v 1.67373 6.54000 1.90706
v 1.62000 6.58000 1.91108
v 1.62000 6.62000 1.90700
v 1.60000 6.60000 1.91057
v 1.59000 6.55000 1.91054
v 1.57000 6.59000 1.90866
v 1.54000 6.54000 1.91423
v 1.54000 6.57000 1.91177
v 1.56000 6.61000 1.91236
v 1.54000 6.62000 1.91317
v 1.62099 6.54952 1.90583
v 1.60221 6.53000 1.90789
v 1.63033 6.51999 1.90442
v 1.63000 6.48500 1.90317
v 1.58008 6.47915 1.90669
v 1.48000 6.94000 1.93648
v 1.52592 6.96000 1.93062
v 1.52000 6.94000 1.93585
v 1.70000 6.87929 1.92859
v 1.71878 6.91090 1.92789
v 1.70087 6.89993 1.94771
v 1.67999 6.86079 1.93532
v 1.70000 6.92000 1.94305
v 1.69931 6.93968 1.92776
v 1.68250 6.84000 1.92651
v 1.67848 6.83000 1.94582
v 1.68520 6.82000 1.92246
v 1.67999 6.86079 1.93532
v 1.66466 6.80000 1.92181
v 1.63856 6.73732 1.92847
v 1.64016 6.73257 1.90775
v 1.61976 6.73753 1.90978
v 1.63589 6.76000 1.92949
v 1.63856 6.73732 1.92847
v 1.64016 6.73257 1.90775
v 1.68242 6.91840 1.93588
v 1.70087 6.89993 1.94771
v 1.70000 6.92000 1.94305
v 1.69931 6.93968 1.92776
v 1.52592 6.96000 1.93062
v 1.52744 6.94000 1.92124
v 1.52000 6.94000 1.93585
v 1.52000 6.91955 1.91719
v 1.74000 6.38000 1.95589
v 1.74000 6.47000 1.95524
v 1.76000 6.44000 1.95221
v 1.76000 6.39000 1.95171
v 1.76005 6.47274 1.94761
v 1.63500 6.78446 1.92095
v 1.65000 6.82000 1.92274
v 1.66466 6.80000 1.92181
v 1.68520 6.82000 1.92246
v 1.68250 6.84000 1.92651
v 1.67941 6.42981 1.90809
v 1.69722 6.41000 1.92967
v 1.70000 6.44000 1.93972
v 1.71827 6.45000 1.94953
v 1.71652 6.40000 1.94965
v 1.74000 6.38000 1.95589
v 1.70546 6.48000 1.94444
v 1.67945 6.47750 1.91472
v 1.69568 6.52000 1.93539
v 1.66366 6.50000 1.90562
v 1.74000 6.47000 1.95524
v 1.74000 6.88431 0.28678
v 1.78000 6.89120 0.28234
v 1.76000 6.88000 0.28509
v 1.70000 6.87929 1.92859
v 1.70000 6.90000 1.92498
v 1.71878 6.91090 1.92789
v 1.35108 6.84026 -0.37364
v 1.35779 6.81938 -0.37466
v 1.35985 6.82068 -0.35464
v 1.35985 6.82068 -0.35464
v 1.35779 6.81938 -0.37466
v 1.35108 6.84026 -0.37364
v 1.25961 6.86739 0.06767
v 1.28298 6.88982 0.07319
v 1.27995 6.88877 0.04489
v 1.10000 6.91462 0.19245
v 1.08000 6.90000 0.20392
v 1.10000 6.90000 0.20421
v 1.10000 6.91462 0.19245
v 1.07974 6.91893 0.19185
v 1.08000 6.90000 0.20392
v 1.12080 6.91999 0.18433
v 1.10000 6.91462 0.19245
v 1.10000 6.90000 0.20421
v 1.12000 6.90156 0.20386
v 0.97351 6.96000 0.20458
v 0.97807 6.97793 0.18417
v 0.98000 6.95134 0.19200
v 0.97807 6.97793 0.18417
v 0.97351 6.96000 0.20458
v 0.98000 6.95134 0.19200
v 1.29290 6.93153 0.00504
v 1.28000 6.92073 0.02493
v 1.28028 6.91984 -0.03507
v 1.29290 6.93153 0.00504
v 1.28028 6.91984 -0.03507
v 1.27884 6.92285 -0.01507
v 1.28000 6.92073 0.02493
v 1.28000 6.92073 0.02493
v 1.27884 6.92285 -0.01507
v 1.28028 6.91984 -0.03507
v 1.35985 6.84091 0.00448
v 1.35657 6.84120 0.04536
v 1.36153 6.81985 0.02537
v 1.35657 6.84120 0.04536
v 1.35985 6.84091 0.00448
v 1.36153 6.81985 0.02537
v 1.46009 6.90122 0.05613
v 1.43956 6.90550 0.04600
v 1.43995 6.90019 0.02540
v 1.43956 6.90550 0.04600
v 1.46009 6.90122 0.05613
v 1.43995 6.90019 0.02540
v 3.45807 7.70027 -0.86114
v 3.44468 7.70000 -0.84143
v 3.45983 7.72000 -0.84118
v 3.64089 7.70000 -0.76061
v 3.65275 7.70000 -0.78056
v 3.66000 7.67936 -0.76101
v 3.95761 7.46174 -0.74755
v 3.94923 7.44185 -0.73947
v 3.94918 7.43909 -0.76006
v 3.95761 7.46174 -0.74755
v 3.94918 7.43909 -0.76006
v 3.94923 7.44185 -0.73947
v 4.10000 7.36000 -0.84050
v 4.07500 7.37603 -0.83611
v 4.09894 7.33891 -0.83998
v 4.18000 7.39514 -0.75941
v 4.18786 7.37943 -0.75929
v 4.18209 7.39854 -0.78083
v 4.36000 7.41738 -0.81882
v 4.36479 7.40000 -0.82037
v 4.34182 7.39681 -0.81892
v 4.36000 7.41738 -0.81882
v 4.34182 7.39681 -0.81892
v 4.36479 7.40000 -0.82037
v 4.38349 7.33167 -0.77897
v 4.38000 7.34905 -0.76947
v 4.40000 7.35671 -0.76158
v 4.38349 7.33167 -0.77897
v 4.38000 7.35902 -0.79904
v 4.40274 7.35695 -0.79926
v 4.40000 7.38030 -0.79878
v 4.39495 7.40129 -0.82076
v 4.41835 7.37888 -0.81070
v 4.39495 7.40129 -0.82076
v 4.41993 7.39980 -0.81870
v 4.41835 7.37888 -0.81070
v 2.62676 7.66037 -0.79817
v 2.58871 7.62000 -0.78537
v 2.60008 7.63982 -0.78571
v 3.39909 7.63979 -0.82262
v 3.39780 7.61950 -0.85400
v 3.39904 7.59116 -0.82191
v 3.38000 7.60153 -0.82674
v 3.39904 7.59116 -0.82191
v 3.39909 7.63979 -0.82262
v 3.41979 7.69959 -0.84281
v 3.40000 7.68169 -0.82044
v 3.42186 7.70393 -0.81939
v 3.56000 7.62000 -0.83152
v 3.54098 7.63949 -0.84161
v 3.54003 7.62266 -0.82101
v 3.66194 7.56000 -0.80371
v 3.68000 7.57735 -0.80317
v 3.70666 7.60140 -0.80122
v 3.92000 7.35814 -0.78091
v 3.90000 7.35994 -0.78046
v 3.91348 7.37923 -0.78002
v 3.68643 7.34085 -0.70033
v 3.66147 7.31497 -0.68297
v 3.68138 7.31929 -0.70104
v 3.85895 7.36160 -0.79762
v 3.88022 7.37859 -0.79895
v 3.88000 7.36245 -0.81825
v 3.93616 7.34381 -0.84033
v 3.91954 7.35843 -0.86035
v 3.93702 7.34000 -0.86408
v 2.52000 7.34402 -0.87152
v 2.56000 7.34000 -0.85778
v 2.54217 7.34142 -0.86911
v 2.55989 7.57999 -0.80591
v 2.56143 7.56246 -0.78748
v 2.54000 7.56288 -0.79298
v 3.35942 7.64040 -0.81833
v 3.36000 7.62548 -0.80546
v 3.33813 7.62513 -0.80335
v 3.35942 7.64040 -0.81833
v 3.33813 7.62513 -0.80335
v 3.36000 7.62548 -0.80546
v 2.57742 7.38000 -0.82632
v 2.58080 7.38000 -0.84659
v 2.58093 7.40042 -0.84710
v 2.57742 7.38000 -0.82632
v 2.58093 7.40042 -0.84710
v 2.58080 7.38000 -0.84659
v 2.58049 7.44001 -0.80576
v 2.59951 7.46794 -0.78767
v 2.59647 7.44000 -0.78868
v 2.58049 7.44001 -0.80576
v 2.59647 7.44000 -0.78868
v 2.59951 7.46794 -0.78767
v 2.47556 7.33948 -0.90728
v 2.45999 7.36002 -0.90700
v 2.48000 7.35025 -0.88691
v 2.46544 7.36185 -0.85020
v 2.48001 7.38230 -0.87460
v 2.47972 7.36000 -0.86698
v 2.46544 7.36185 -0.85020
v 2.47972 7.36000 -0.86698
v 2.48001 7.38230 -0.87460
v 3.66174 7.36226 -0.66129
v 3.66794 7.36000 -0.64127
v 3.67565 7.34873 -0.62253
v 4.14104 7.31944 -0.84059
v 4.16147 7.33934 -0.82056
v 4.14000 7.33932 -0.82033
v 4.14104 7.31944 -0.84059
v 4.14000 7.33932 -0.82033
v 4.16147 7.33934 -0.82056
v 4.14104 7.31944 -0.84059
v 4.12000 7.33732 -0.85966
v 4.16000 7.33282 -0.85702
v 4.14104 7.31944 -0.84059
v 4.16000 7.33282 -0.85702
v 4.12000 7.33732 -0.85966
v 3.54000 7.61955 -0.88108
v 3.52001 7.61999 -0.86151
v 3.52415 7.64000 -0.86531
v 3.54000 7.61955 -0.88108
v 3.52415 7.64000 -0.86531
v 3.52001 7.61999 -0.86151
v 3.39909 7.63979 -0.82262
v 3.39904 7.59116 -0.82191
v 3.38000 7.60153 -0.82674
v 4.10008 7.43997 -0.79956
v 4.07490 7.42000 -0.80416
v 4.08194 7.44000 -0.81612
v 2.11000 7.42000 -0.80701
v 2.08000 7.44000 -0.80731
v 2.07019 7.41040 -0.80929
v 2.06000 7.44000 -0.80482
v 2.03979 7.40926 -0.80946
v 2.05000 7.38000 -0.80641
v 2.09000 7.37000 -0.80359
v 2.05000 7.35000 -0.80615
v 2.14000 7.38000 -0.80306
v 2.15000 7.40000 -0.80444
v 2.02870 7.37020 -0.80948
v 2.00369 7.41000 -0.81057
v 1.98000 7.30058 -0.81094
v 2.09943 7.34000 -0.80760
v 2.15000 7.42000 -0.80160
v 1.88000 7.36000 -0.82361
v 1.84000 7.31000 -0.81967
v 2.21303 7.39553 -0.78796
v 1.88000 7.34000 -0.81306
v 2.16000 7.34000 -0.80573
v 2.21000 7.36000 -0.79369
v 2.24000 7.38000 -0.78465
v 2.25000 7.33000 -0.79149
v 2.20000 7.34000 -0.79174
v 2.22000 7.29500 -0.79151
v 2.27000 7.36356 -0.78910
v 2.02000 7.46000 -0.81440
v 2.02000 7.44000 -0.81432
v 2.06000 7.46000 -0.80657
v 2.06000 7.50000 -0.79959
v 2.04000 7.32357 -0.81060
v 2.08000 7.32000 -0.81363
v 1.76446 7.30399 -0.83472
v 1.78349 7.28000 -0.83214
v 2.02000 7.51000 -0.80278
v 2.02912 7.48947 -0.80338
v 2.30000 7.34000 -0.79807
v 2.25515 7.28500 -0.80225
v 1.96000 7.67110 -0.76905
v 1.98000 7.67843 -0.76882
v 1.80100 7.69913 -0.77023
v 2.03000 7.91000 -0.74290
v 1.78054 7.67000 -0.77064
v 1.99272 7.57474 -0.78444
v 2.02000 7.56000 -0.78105
v 2.04000 7.52327 -0.79121
v 2.01985 7.97019 -0.75051
v 2.04957 7.96114 -0.74824
v 2.10000 7.46000 -0.79660
v 2.12137 7.47115 -0.78592
v 2.07495 7.92425 -0.75106
v 2.30000 7.36312 -0.78881
v 2.33500 7.38401 -0.78540
v 2.17145 7.43117 -0.78927
v 2.13884 7.34841 -0.81082
v 2.11057 7.36156 -0.80936
v 2.16091 7.31954 -0.80914
v 2.12000 7.32000 -0.81906
v 2.17120 7.29971 -0.80905
v 1.99986 7.70979 -0.75114
v 2.00998 7.75016 -0.74369
v 2.01042 7.64107 -0.76486
v 2.20000 7.26000 -0.79369
v 2.31825 7.42094 -0.76869
v 2.01105 7.61858 -0.76809
v 2.04206 7.60845 -0.76973
v 2.08500 7.29655 -0.82331
v 2.24000 7.26000 -0.79693
v 2.02000 7.69540 -0.74750
v 1.80000 7.72793 -0.75403
v 2.34000 7.42000 -0.76816
v 2.33783 7.44000 -0.76975
v 2.26000 7.40244 -0.77005
v 1.78000 7.26000 -0.83794
v 2.06000 7.29923 -0.82759
v 2.29000 7.40813 -0.76416
v 2.16612 7.26000 -0.80887
v 2.05541 7.73000 -0.72336
v 2.04928 7.75878 -0.72422
v 2.08500 7.77000 -0.72051
v 2.06000 7.79000 -0.72542
v 2.03978 7.78848 -0.72873
v 2.08868 7.82065 -0.72942
v 2.13000 7.79000 -0.72187
v 2.04000 7.82000 -0.72996
v 2.10000 7.87000 -0.73949
v 2.07000 7.88000 -0.73536
v 2.00000 7.60000 -0.77015
v 2.00963 7.81852 -0.74258
v 2.02000 7.85000 -0.74039
v 2.04000 7.84000 -0.73430
v 2.02000 7.88000 -0.73573
v 2.17182 7.24000 -0.80887
v 2.13680 7.81866 -0.72895
v 2.10000 7.75000 -0.71412
v 2.14000 7.76000 -0.71862
v 2.16000 7.78000 -0.71957
v 2.08000 7.73000 -0.71241
v 2.10000 7.70000 -0.70463
v 2.07603 7.67804 -0.70802
v 2.09625 7.66000 -0.70737
v 2.12000 7.67000 -0.70234
v 2.10974 7.62952 -0.70394
v 2.15000 7.65500 -0.69777
v 2.15000 7.63000 -0.69410
v 2.15000 7.60000 -0.69292
v 2.19000 7.62000 -0.69033
v 2.15972 7.58079 -0.68821
v 2.19500 7.57000 -0.68313
v 2.17658 7.55787 -0.68749
v 2.21000 7.53000 -0.68222
v 2.22000 7.58000 -0.68270
v 2.09595 7.48000 -0.78607
v 2.10000 7.50000 -0.77903
v 2.08000 7.53910 -0.76853
v 1.80143 7.24163 -0.83161
v 1.78000 7.22000 -0.84231
v 1.76000 7.23000 -0.83928
v 1.75000 7.20000 -0.83640
v 1.76000 7.28000 -0.84810
v 2.17868 7.77000 -0.72795
v 2.04347 7.64420 -0.74620
v 2.12798 7.58000 -0.71102
v 2.07617 7.64000 -0.72673
v 2.08510 7.60742 -0.72741
v 2.09498 7.58000 -0.72534
v 2.12500 7.54705 -0.72874
v 2.23941 7.23036 -0.78950
v 2.22135 7.42073 -0.76885
v 2.19782 7.23770 -0.78742
v 2.22809 7.20945 -0.78745
v 2.27093 7.20271 -0.78719
v 2.18898 7.43921 -0.77259
v 2.05822 7.65816 -0.72756
v 2.02000 7.40000 -0.80231
v 2.26363 7.26000 -0.80575
v 2.05166 7.68500 -0.72443
v 2.14242 7.30118 -0.82894
v 2.16996 7.51768 -0.71649
v 2.21045 7.50538 -0.70170
v 2.05995 7.53997 -0.76904
v 2.05659 7.56000 -0.76710
v 2.19809 7.47831 -0.72693
v 2.05997 7.61988 -0.74891
v 2.01999 7.58003 -0.78926
v 2.02000 7.60000 -0.78411
v 2.24000 7.49678 -0.68571
v 2.13042 7.50039 -0.75498
v 2.09528 7.52995 -0.75882
v 2.08000 7.58000 -0.74000
v 2.07586 7.55840 -0.74706
v 2.06278 7.59000 -0.75226
v 2.24000 7.44894 -0.72812
v 2.28841 7.45853 -0.70683
v 2.26000 7.18000 -0.77514
v 2.29000 7.18000 -0.77792
v 2.26000 7.16000 -0.78111
v 2.22851 7.16500 -0.79146
v 2.21478 7.20000 -0.80505
v 2.11968 7.30051 -0.80862
v 2.30137 7.43913 -0.72664
v 1.77916 7.20175 -0.83093
v 1.76000 7.16000 -0.83855
v 1.81209 7.18000 -0.83525
v 2.20053 7.22100 -0.81646
v 2.16383 7.28420 -0.83333
v 2.31000 7.21801 -0.80934
v 2.32177 7.43619 -0.74589
v 2.26000 7.48278 -0.68824
v 4.35000 7.02000 -0.78841
v 4.23125 7.05998 -0.75988
v 4.31000 7.04000 -0.76933
v 4.31000 7.08011 -0.75618
v 4.36500 7.04000 -0.77117
v 4.42398 7.08000 -0.76083
v 4.45000 7.06530 -0.76325
v 4.19000 7.07306 -0.76016
v 4.05000 7.04585 -0.76089
v 4.00000 7.03578 -0.75961
v 4.09000 7.05699 -0.75768
v 4.15082 7.06151 -0.76084
v 3.98000 7.03895 -0.76064
v 4.28000 7.08211 -0.74412
v 4.41000 7.02000 -0.79047
v 4.04000 7.06216 -0.74393
v 3.98000 7.05306 -0.74086
v 4.48000 7.04000 -0.77083
v 4.49000 7.06874 -0.75937
v 4.52000 7.03818 -0.77624
v 4.53000 7.06322 -0.76266
v 4.57000 7.06836 -0.75918
v 4.59000 7.03938 -0.77799
v 4.62115 7.06041 -0.75946
v 4.62950 7.03907 -0.77775
v 4.62000 7.02000 -0.79519
v 4.53000 7.02000 -0.79696
v 4.46500 7.02000 -0.79080
v 4.23817 7.07983 -0.74001
v 4.19000 7.07748 -0.74015
v 4.64000 7.02000 -0.78745
v 4.66997 7.03758 -0.77904
v 3.96000 6.98768 -0.76304
v 3.93258 7.00076 -0.76129
v 3.96000 7.04383 -0.74798
v 4.42561 7.10394 -0.76134
v 4.31811 7.10067 -0.75933
v 3.92992 7.04046 -0.75853
v 3.89500 6.99441 -0.75691
v 3.90000 7.04152 -0.74055
v 3.88000 7.03000 -0.74897
v 3.87000 7.00000 -0.74807
v 3.85000 7.02000 -0.74692
v 3.84000 7.00000 -0.74375
v 3.92000 7.05709 -0.74104
v 3.85000 6.98647 -0.76144
v 3.87250 7.04063 -0.73367
v 3.81793 6.99819 -0.75968
v 3.93857 6.98000 -0.78049
v 3.89000 6.98551 -0.78348
v 4.66000 7.04105 -0.76121
v 4.66000 7.06498 -0.74533
v 4.14000 7.07456 -0.74031
v 4.07000 7.06616 -0.73900
v 4.60000 7.07212 -0.73910
v 4.30000 7.08627 -0.73982
v 3.94000 7.04645 -0.74100
v 4.49500 7.07568 -0.73934
v 4.44000 7.08069 -0.74114
v 4.55000 7.07123 -0.73921
v 4.02000 7.34000 -0.88688
v 4.10306 7.31929 -0.86035
v 4.05954 7.35082 -0.88163
v 4.10000 7.34000 -0.86771
v 4.08911 7.36028 -0.87688
v 4.03000 7.36000 -0.88966
v 4.12000 7.33732 -0.85966
v 4.04000 7.28700 -0.84011
v 3.97904 7.29978 -0.86054
v 4.00000 7.33577 -0.88242
v 4.01000 7.28460 -0.84022
v 3.96028 7.27997 -0.84032
v 4.12000 7.35470 -0.88210
v 4.18003 7.36001 -0.87950
v 4.19521 7.34510 -0.86119
v 4.16000 7.33282 -0.85702
v 3.96000 7.32000 -0.86906
v 3.93663 7.31157 -0.86103
v 3.98000 7.36769 -0.88406
v 3.95817 7.33870 -0.88107
v 3.94000 7.29004 -0.84044
v 3.91818 7.29534 -0.84324
v 4.08015 7.30023 -0.83995
v 4.11769 7.30937 -0.84016
v 4.14104 7.31944 -0.84059
v 4.13733 7.38169 -0.88093
v 4.00000 7.36362 -0.88189
v 3.93702 7.34000 -0.86408
v 4.15722 7.37767 -0.87952
v 3.96017 7.35974 -0.88010
v 4.05000 7.37668 -0.87844
v 2.90500 6.54451 -0.79022
v 2.88000 6.51857 -0.78782
v 2.92883 6.52127 -0.78591
v 2.97106 6.52139 -0.78574
v 3.01000 6.49993 -0.76580
v 2.99980 6.44952 -0.74333
v 2.94902 6.49469 -0.76395
v 2.89250 6.48842 -0.76251
v 2.84000 6.48518 -0.76211
v 2.96000 6.46352 -0.74413
v 2.79910 6.46049 -0.74649
v 2.80000 6.48409 -0.76376
v 2.84500 6.50458 -0.78199
v 3.18649 6.52000 -0.77248
v 3.19319 6.54000 -0.78487
v 3.18000 6.48000 -0.75899
v 3.20000 6.48000 -0.75811
v 3.20000 6.44000 -0.74199
v 3.22000 6.42000 -0.73072
v 2.88040 6.53994 -0.80641
v 2.85000 6.53944 -0.80698
v 2.78000 6.46000 -0.75383
v 2.77040 6.51980 -0.80699
v 2.84000 6.52000 -0.79930
v 2.69857 6.51885 -0.80891
v 2.75985 6.49990 -0.78708
v 2.78000 6.48000 -0.75527
v 2.73302 6.47362 -0.76615
v 3.20000 6.50000 -0.75227
v 3.22000 6.50000 -0.75033
v 3.22000 6.46000 -0.73613
v 3.22001 6.43990 -0.72490
v 2.72000 6.50464 -0.78316
v 3.20000 6.54000 -0.75429
v 2.68795 6.52123 -0.78834
v 2.66500 6.46220 -0.76488
v 2.62000 6.50132 -0.78726
v 2.56963 6.47881 -0.76877
v 2.67000 6.48000 -0.77763
v 2.57000 6.50132 -0.78630
v 2.53000 6.50000 -0.77807
v 2.74003 6.49913 -0.76693
v 2.04000 6.90197 -0.72646
v 2.03500 6.88400 -0.71023
v 2.01000 6.90066 -0.72456
v 2.07000 6.90282 -0.72553
v 1.97000 6.90206 -0.72706
v 1.93000 6.87954 -0.71022
v 1.94000 6.92000 -0.74594
v 1.90000 6.92000 -0.74149
v 1.88000 6.87789 -0.71042
v 2.04026 6.92019 -0.75019
v 1.96000 6.92000 -0.75111
v 2.08000 6.89290 -0.70584
v 2.10000 6.91218 -0.74981
v 2.16000 6.89430 -0.70546
v 2.16000 6.90233 -0.72582
v 2.16000 6.91442 -0.74945
v 2.22000 6.91439 -0.72910
v 2.22000 6.89959 -0.70887
v 2.30000 6.91100 -0.70514
v 2.30000 6.92176 -0.72694
v 2.19000 6.89828 -0.70536
v 2.23000 6.92293 -0.74921
v 2.27000 6.93137 -0.74879
v 2.31169 6.94117 -0.74714
v 2.32000 6.92000 -0.70993
v 2.37063 6.93903 -0.72965
v 2.41500 6.93369 -0.70528
v 2.40000 6.94274 -0.72363
v 2.40190 6.96073 -0.74797
v 2.36000 6.95670 -0.74824
v 2.42902 6.94025 -0.72801
v 2.42000 6.95086 -0.74792
v 2.44500 6.94632 -0.74933
v 2.47801 6.93886 -0.74762
v 2.46314 6.92190 -0.70773
v 2.48000 6.92835 -0.72763
v 2.52059 6.92101 -0.72640
v 2.50000 6.93910 -0.74750
v 2.52000 6.93741 -0.74739
v 2.51145 6.90008 -0.70806
v 1.88000 6.89924 -0.73248
v 1.84887 6.89983 -0.73150
v 1.83000 6.87852 -0.71091
v 1.80000 6.87691 -0.71149
v 1.78250 6.89818 -0.73397
v 1.78000 6.87464 -0.71162
v 1.76000 6.87398 -0.71180
v 2.06000 6.90457 -0.75686
v 1.84000 6.92000 -0.74064
v 1.92794 6.93969 -0.75237
v 2.53653 6.88158 -0.71740
v 1.89500 6.94628 -0.74564
v 1.90663 6.96000 -0.77061
v 1.87000 6.96000 -0.76198
v 1.83000 6.95788 -0.75443
v 1.80000 6.96000 -0.75933
v 1.81000 6.94000 -0.73906
v 1.77000 6.95855 -0.75668
v 1.72500 6.94000 -0.73888
v 1.85750 6.94000 -0.73130
v 1.84000 7.00716 -0.76744
v 1.77250 7.00000 -0.75199
v 1.82000 7.01206 -0.77137
v 1.76000 7.01749 -0.77562
v 3.67269 7.20000 -0.66161
v 3.66382 7.24984 -0.68152
v 3.67891 7.20506 -0.69328
v 3.68342 7.16907 -0.66274
v 3.66938 7.26000 -0.70148
v 3.68192 7.24000 -0.71991
v 3.67968 7.28093 -0.72179
v 3.69579 7.20497 -0.71660
v 3.69913 7.24000 -0.74305
v 3.71140 7.16500 -0.71654
v 3.71293 7.19000 -0.74274
v 3.69967 7.13879 -0.68240
v 3.69991 7.11986 -0.66193
v 3.69197 7.28000 -0.74135
v 3.71816 7.13055 -0.70156
v 3.69947 7.21494 -0.74223
v 3.65888 7.27802 -0.70308
v 3.72000 7.10663 -0.68163
v 3.73972 7.10000 -0.69918
v 3.69622 7.27251 -0.75949
v 3.68966 7.32000 -0.78127
v 3.70000 7.28990 -0.78130
v 3.71878 7.15610 -0.75306
v 3.69881 7.11687 -0.64169
v 3.68368 7.16936 -0.62163
v 3.70010 7.11917 -0.57252
v 3.68599 7.15082 -0.57166
v 3.67742 7.18000 -0.57266
v 3.66941 7.20000 -0.62162
v 3.67535 7.20000 -0.64160
v 3.66783 7.27000 -0.66147
v 3.66170 7.24948 -0.62123
v 3.65160 7.28000 -0.62151
v 3.65186 7.28000 -0.60151
v 3.65839 7.29000 -0.67788
v 3.66960 7.31000 -0.66137
v 3.65313 7.30000 -0.70146
v 3.66000 7.30024 -0.72123
v 3.69069 7.34000 -0.76123
v 3.69311 7.30000 -0.71732
v 3.66403 7.32000 -0.72361
v 3.65375 7.33000 -0.70139
v 3.66000 7.33913 -0.71938
v 3.66821 7.26000 -0.58149
v 3.65577 7.31129 -0.60642
v 3.66497 7.32000 -0.64137
v 3.66999 7.34000 -0.66130
v 3.65980 7.34025 -0.64120
v 3.66994 7.36000 -0.68126
v 3.66174 7.36226 -0.66129
v 3.65780 7.30000 -0.57849
v 3.66000 7.33320 -0.58136
v 3.66794 7.36000 -0.64127
v 3.70339 7.13750 -0.72163
v 3.68161 7.34298 -0.78125
v 3.68425 7.30500 -0.80660
v 3.68000 7.33995 -0.80115
v 3.68000 7.32000 -0.81246
v 3.70000 7.28137 -0.80306
v 3.67785 7.36000 -0.75751
v 3.67671 7.37000 -0.77887
v 3.67565 7.34873 -0.62253
v 3.69984 7.14962 -0.54367
v 3.66837 7.36098 -0.70050
v 3.66147 7.31497 -0.68297
v 3.72000 7.10056 -0.58165
v 3.71993 7.10141 -0.65214
v 3.68000 7.25000 -0.56726
v 3.69853 7.32000 -0.72124
v 3.70058 7.35750 -0.74615
v 3.67573 7.34426 -0.60064
v 3.68000 7.20000 -0.57016
v 3.67615 7.37689 -0.66120
v 3.68000 7.37916 -0.68118
v 3.72000 7.11501 -0.55595
v 3.71990 7.14016 -0.54153
v 3.70000 7.19964 -0.56173
v 3.92399 7.39318 -0.72025
v 3.92191 7.37781 -0.70029
v 3.88870 7.37891 -0.74322
v 3.88019 7.34022 -0.68788
v 3.92065 7.42739 -0.75587
v 3.94000 7.41664 -0.72333
v 3.94923 7.44185 -0.73947
v 3.93913 7.40423 -0.70017
v 3.89893 7.40026 -0.76098
v 3.90127 7.40951 -0.78017
v 3.92041 7.42889 -0.78117
v 3.85500 7.37502 -0.74701
v 3.84000 7.38223 -0.76371
v 3.80000 7.36675 -0.76404
v 3.82000 7.34544 -0.72073
v 3.84479 7.35394 -0.71157
v 3.88000 7.36136 -0.71865
v 3.82274 7.34028 -0.67103
v 3.86000 7.33852 -0.68024
v 3.94918 7.43909 -0.76006
v 3.91999 7.45916 -0.78004
v 2.34025 7.35861 -0.80774
v 2.33925 7.38034 -0.82777
v 2.36000 7.37851 -0.80937
v 2.32000 7.34000 -0.80829
v 2.30000 7.34172 -0.82610
v 2.32246 7.31807 -0.80771
v 2.29612 7.32260 -0.82058
v 2.27892 7.32209 -0.82637
v 2.25515 7.28500 -0.80225
v 2.14350 7.83208 -0.76806
v 2.17174 7.78000 -0.74797
v 2.17868 7.77000 -0.72795
v 2.17957 7.75927 -0.74892
v 2.14122 7.86124 -0.74901
v 2.13259 7.87000 -0.76954
v 2.13134 7.88000 -0.74805
v 2.12729 7.90000 -0.76804
v 2.18199 7.74406 -0.72774
v 4.07500 7.37603 -0.83611
v 4.06374 7.42000 -0.83837
v 4.04000 7.40000 -0.82595
v 4.04000 7.44266 -0.83668
v 4.11864 7.38873 -0.83894
v 4.10000 7.42000 -0.84637
v 4.14118 7.40053 -0.84026
v 4.13500 7.36500 -0.83074
v 4.02000 7.44000 -0.83917
v 4.01121 7.39956 -0.81988
v 4.00000 7.42000 -0.83040
v 4.10000 7.36000 -0.84050
v 4.12134 7.44000 -0.84067
v 4.09894 7.33891 -0.83998
v 4.10000 7.44000 -0.84097
v 4.16000 7.40000 -0.83025
v 4.17000 7.38000 -0.83226
v 4.18077 7.35913 -0.81984
v 4.16147 7.33934 -0.82056
v 4.14000 7.33932 -0.82033
v 4.12000 7.33979 -0.81995
v 4.20000 7.38000 -0.82803
v 4.18854 7.39709 -0.81938
v 4.21776 7.40039 -0.81568
v 4.04018 7.38038 -0.83989
v 4.02198 7.37902 -0.81878
v 3.99511 7.37910 -0.81933
v 3.97933 7.37824 -0.83242
v 3.97864 7.42155 -0.80221
v 3.99969 7.44016 -0.81911
v 4.06098 7.43860 -0.81968
v 4.11769 7.30937 -0.84016
v 4.31233 7.39000 -0.75994
v 4.27500 7.36500 -0.76322
v 4.31000 7.36000 -0.76249
v 4.28068 7.40000 -0.75928
v 4.30000 7.42000 -0.75912
v 4.27891 7.42000 -0.75888
v 4.26000 7.40000 -0.75613
v 4.32153 7.41000 -0.76361
v 4.34000 7.36000 -0.77121
v 4.33878 7.37954 -0.75813
v 4.22500 7.35865 -0.77593
v 4.26000 7.34000 -0.76943
v 4.29848 7.34067 -0.78401
v 4.26000 7.32037 -0.78034
v 4.26138 7.42000 -0.74129
v 4.36000 7.34656 -0.78803
v 4.23000 7.38140 -0.76029
v 4.20960 7.39985 -0.76045
v 4.18786 7.37943 -0.75929
v 4.19500 7.35513 -0.77361
v 4.17121 7.36000 -0.77952
v 4.24259 7.34174 -0.77935
v 4.34000 7.40000 -0.75413
v 4.16000 7.38019 -0.77994
v 4.18000 7.39514 -0.75941
v 4.31500 7.35522 -0.78474
v 4.38000 7.34905 -0.76947
v 4.40000 7.35671 -0.76158
v 4.38349 7.33167 -0.77897
v 4.36000 7.34656 -0.78803
v 4.38000 7.35902 -0.79904
v 4.37996 7.38000 -0.81871
v 4.36000 7.38000 -0.82298
v 4.38349 7.33167 -0.77897
v 4.40274 7.35695 -0.79926
v 4.34500 7.37274 -0.80985
v 4.36000 7.32745 -0.77905
v 4.32000 7.31182 -0.77920
v 4.31993 7.33986 -0.79924
v 4.28000 7.34162 -0.79924
v 4.32000 7.38032 -0.81971
v 4.28333 7.38230 -0.82292
v 4.26000 7.34341 -0.79930
v 4.24011 7.33998 -0.79938
v 4.23500 7.37418 -0.81419
v 4.21000 7.33942 -0.80235
v 4.26000 7.37998 -0.82064
v 4.23955 7.41277 -0.83816
v 4.27147 7.40400 -0.83968
v 4.34182 7.39681 -0.81892
v 4.22020 7.39996 -0.83947
v 4.20000 7.38000 -0.82803
v 4.20000 7.36000 -0.80023
v 4.28155 7.42143 -0.84315
v 4.29756 7.40049 -0.82341
v 4.40000 7.38030 -0.79878
v 4.29848 7.34067 -0.78401
v 4.29500 7.31873 -0.77388
v 4.26000 7.32037 -0.78034
v 4.39495 7.40129 -0.82076
v 4.41835 7.37888 -0.81070
v 4.41993 7.39980 -0.81870
v 4.18077 7.35913 -0.81984
v 4.16147 7.33934 -0.82056
v 4.36479 7.40000 -0.82037
v 3.93702 7.34000 -0.86408
v 3.96000 7.36886 -0.86019
v 3.93616 7.34381 -0.84033
v 3.91928 7.31895 -0.83020
v 3.96017 7.35974 -0.88010
v 3.97933 7.37824 -0.83242
v 3.98000 7.37993 -0.86009
v 3.95730 7.38000 -0.80397
v 3.96000 7.40000 -0.79173
v 3.94106 7.35967 -0.78120
v 3.97864 7.42155 -0.80221
v 3.91980 7.33982 -0.82027
v 3.96000 7.42000 -0.78167
v 3.93490 7.37419 -0.80026
v 3.93663 7.31157 -0.86103
v 3.91818 7.29534 -0.84324
v 3.96000 7.44515 -0.78645
v 3.93576 7.40000 -0.77572
v 3.94000 7.42000 -0.79227
v 2.58794 7.40000 -0.80622
v 2.57742 7.38000 -0.82632
v 2.60353 7.39193 -0.80756
v 2.60000 7.42000 -0.79462
v 2.59831 7.35825 -0.82451
v 2.58026 7.41966 -0.78585
v 2.56245 7.42000 -0.80846
v 2.57655 7.44122 -0.77725
v 2.54552 7.42474 -0.82689
v 2.56348 7.46000 -0.80768
v 2.51954 7.43959 -0.83555
v 2.56955 7.48000 -0.80618
v 2.54000 7.50000 -0.81570
v 2.55972 7.49912 -0.80620
v 2.58049 7.44001 -0.80576
v 2.54000 7.52000 -0.79640
v 2.56073 7.51848 -0.78708
v 2.58093 7.40042 -0.84710
v 2.55000 7.40000 -0.83645
v 2.58080 7.38000 -0.84659
v 2.63414 7.37935 -0.82962
v 2.08008 8.25999 -0.82775
v 2.08290 8.24000 -0.80509
v 2.11874 8.19145 -0.82780
v 2.06006 8.28000 -0.80781
v 2.10000 8.24000 -0.83214
v 2.10081 8.22112 -0.80702
v 2.12000 8.23000 -0.83566
v 2.21648 7.94000 -0.88958
v 2.19925 7.93808 -0.85936
v 2.21524 7.92000 -0.87256
v 2.23819 7.89495 -0.88890
v 2.19602 7.96000 -0.86518
v 2.21131 7.88000 -0.84756
v 2.19293 7.90000 -0.83502
v 2.16293 7.88000 -0.80506
v 2.15946 7.91148 -0.80825
v 2.20366 7.84000 -0.82442
v 2.18000 7.82000 -0.79603
v 2.13259 7.87000 -0.76954
v 2.14350 7.83208 -0.76806
v 2.14028 7.90848 -0.78748
v 2.13979 7.95966 -0.80806
v 2.12060 7.95011 -0.78744
v 2.21936 7.81908 -0.82792
v 2.11499 8.00000 -0.79196
v 2.09779 8.01000 -0.77564
v 2.12000 8.04000 -0.80378
v 2.16000 7.95000 -0.82059
v 2.09541 8.04943 -0.78827
v 2.15825 7.83718 -0.78926
v 2.15859 7.79815 -0.76958
v 2.12729 7.90000 -0.76804
v 2.24000 7.86542 -0.86336
v 2.10821 7.92000 -0.76813
v 2.10195 7.94000 -0.76623
v 2.08892 7.96000 -0.76327
v 2.06000 8.04000 -0.75975
v 2.16000 7.98000 -0.82685
v 2.18138 7.92000 -0.82748
v 2.18000 7.94000 -0.82694
v 2.08000 8.00000 -0.76224
v 2.20016 7.79021 -0.79365
v 2.23523 7.77518 -0.81140
v 2.25819 7.77813 -0.82893
v 2.26000 7.76000 -0.81999
v 2.24000 7.92000 -0.89645
v 2.26000 7.91000 -0.90689
v 2.19233 7.92000 -0.84760
v 2.23982 7.73960 -0.78775
v 2.25571 7.72000 -0.78946
v 2.18780 7.76915 -0.76911
v 2.20139 7.74277 -0.76504
v 2.17957 7.75927 -0.74892
v 2.17174 7.78000 -0.74797
v 2.21872 7.71818 -0.76876
v 2.26172 7.68000 -0.78483
v 2.28568 7.70000 -0.79545
v 2.21878 7.69874 -0.74993
v 2.28024 7.71997 -0.80788
v 2.10107 7.90935 -0.74802
v 2.13134 7.88000 -0.74805
v 2.24033 7.66028 -0.72758
v 2.24000 7.84000 -0.84179
v 2.18199 7.74406 -0.72774
v 2.20023 7.72086 -0.72782
v 2.21226 7.72000 -0.74783
v 2.21750 7.69000 -0.72680
v 2.22000 7.96574 -0.89115
v 2.15171 7.99969 -0.80772
v 2.25939 7.87958 -0.88607
v 2.28431 7.65537 -0.76750
v 2.28000 7.68000 -0.80081
v 2.29961 7.65901 -0.78612
v 2.30000 7.66951 -0.80713
v 2.28230 7.74149 -0.80586
v 2.12987 8.07081 -0.80651
v 2.10000 8.09000 -0.79991
v 2.08100 8.05957 -0.76791
v 2.30000 7.74000 -0.81678
v 2.26785 7.84127 -0.85070
v 2.26488 7.82000 -0.83305
v 2.16000 8.04000 -0.81393
v 2.16375 8.09000 -0.82388
v 2.19000 8.07000 -0.83324
v 2.19000 8.11000 -0.83785
v 2.15565 8.14000 -0.82915
v 2.14008 8.11011 -0.81024
v 2.12000 8.10372 -0.80529
v 2.12500 8.14500 -0.81719
v 2.13924 8.16925 -0.83215
v 2.18000 8.02000 -0.81260
v 2.22000 8.05000 -0.83444
v 2.21916 8.08901 -0.84382
v 2.24128 8.06114 -0.84639
v 2.24000 8.02000 -0.83066
v 2.26101 8.05073 -0.84914
v 2.26000 8.01000 -0.83465
v 2.29146 8.01055 -0.84471
v 2.16000 8.17500 -0.83737
v 2.18000 8.16000 -0.84096
v 2.09034 8.15050 -0.81237
v 2.19973 8.01143 -0.82747
v 2.18000 7.99000 -0.81646
v 2.21627 7.96957 -0.82469
v 2.22000 8.01000 -0.83421
v 2.09610 8.12000 -0.81050
v 2.19000 7.96000 -0.82118
v 2.20000 7.93691 -0.82672
v 2.18000 8.14000 -0.83038
v 2.20000 8.14000 -0.84525
v 2.09857 8.18949 -0.80742
v 1.88115 8.20776 -0.76916
v 1.90000 8.22000 -0.78371
v 1.88000 8.24000 -0.77668
v 1.90500 8.19500 -0.78044
v 1.92000 8.22369 -0.78772
v 1.94565 8.18594 -0.78812
v 1.96000 8.25000 -0.79748
v 1.91844 8.25107 -0.79080
v 1.91000 8.17000 -0.78090
v 1.85977 8.15973 -0.76946
v 1.86823 8.14000 -0.76770
v 1.93555 8.28000 -0.79278
v 1.98000 8.29000 -0.79858
v 1.99000 8.25000 -0.79574
v 1.98507 8.21080 -0.79013
v 1.96000 8.15000 -0.78163
v 2.02000 8.25000 -0.79880
v 2.02000 8.21592 -0.79044
v 2.00000 8.15000 -0.77725
v 2.02000 8.19000 -0.78250
v 2.04481 8.18000 -0.78708
v 2.04261 8.20111 -0.78767
v 2.04000 8.16000 -0.78050
v 2.03096 8.10034 -0.77039
v 1.97981 8.08560 -0.77204
v 2.08007 8.16014 -0.78795
v 2.02000 8.05000 -0.76023
v 2.04000 8.01000 -0.75565
v 2.06000 8.11000 -0.77897
v 2.08000 8.08000 -0.77549
v 2.01985 7.97019 -0.75051
v 2.04957 7.96114 -0.74824
v 2.08047 8.13089 -0.78787
v 1.97077 8.05000 -0.76743
v 1.99500 8.01000 -0.76071
v 1.96000 8.11000 -0.78068
v 2.06000 8.24000 -0.79286
v 2.04000 8.24000 -0.79240
v 1.93939 8.01544 -0.77116
v 1.93000 8.05000 -0.77611
v 1.88000 8.00415 -0.77086
v 1.86000 8.01000 -0.77398
v 1.90000 8.05250 -0.77888
v 1.85000 8.04177 -0.77529
v 1.92474 8.12486 -0.78857
v 1.89886 8.14140 -0.78957
v 1.89857 8.11833 -0.78940
v 1.88000 8.06000 -0.77580
v 1.82000 7.98000 -0.75993
v 1.79495 7.92681 -0.74659
v 1.84500 7.89000 -0.74247
v 1.90000 8.02000 -0.77944
v 1.83999 7.99999 -0.76973
v 2.07495 7.92425 -0.75106
v 1.90000 8.10000 -0.77910
v 1.88041 8.11107 -0.77248
v 1.85000 8.07000 -0.76408
v 1.86463 8.12000 -0.77040
v 1.82500 8.11500 -0.75881
v 1.83000 8.08000 -0.76253
v 1.80000 8.10000 -0.75745
v 1.81000 8.13500 -0.75874
v 1.78000 8.12000 -0.75496
v 1.76947 8.10021 -0.75104
v 1.76000 8.12000 -0.75032
v 1.84000 8.14000 -0.76698
v 1.77000 8.05000 -0.76320
v 1.79000 8.04000 -0.76234
v 1.74000 8.02000 -0.76618
v 1.77000 8.08000 -0.76412
v 1.81921 8.03963 -0.77009
v 1.82000 8.02000 -0.76164
v 1.78000 8.02000 -0.75294
v 2.07000 7.88000 -0.73536
v 2.10000 7.87000 -0.73949
v 2.11000 7.84000 -0.73803
v 2.08868 7.82065 -0.72942
v 2.14122 7.86124 -0.74901
v 2.13680 7.81866 -0.72895
v 1.82063 8.00022 -0.74980
v 2.05968 8.22062 -0.80884
v 2.08000 8.18000 -0.81519
v 2.05645 8.20000 -0.81056
v 2.06090 8.18083 -0.80673
v 1.82000 7.90000 -0.73844
v 1.89897 8.23796 -0.76895
v 1.85893 8.11325 -0.78985
v 3.50000 6.64000 -0.74874
v 3.52717 6.65307 -0.76157
v 3.50000 6.68022 -0.74316
v 3.53250 6.72500 -0.75578
v 3.56357 6.76000 -0.76140
v 3.55053 6.70000 -0.76313
v 3.58000 6.74000 -0.77266
v 3.53839 6.68182 -0.76366
v 3.55374 6.78475 -0.76356
v 3.58000 6.77000 -0.77724
v 3.59990 6.75956 -0.78298
v 3.54000 6.88000 -0.75823
v 3.58000 6.90000 -0.77436
v 3.52000 6.69900 -0.74342
v 3.62231 6.77208 -0.78231
v 3.55950 6.93970 -0.78273
v 3.59124 6.94324 -0.78410
v 3.64110 6.80026 -0.78314
v 3.56161 6.90040 -0.76238
v 3.50000 6.62000 -0.75825
v 3.52118 6.67895 -0.74297
v 3.83492 6.49621 -0.74583
v 3.87560 6.46122 -0.74065
v 3.86000 6.48000 -0.74678
v 3.85000 6.62104 -0.76531
v 3.83000 6.64000 -0.75010
v 3.78858 6.94959 -0.78359
v 3.77925 6.98183 -0.78224
v 3.93857 6.98000 -0.78049
v 3.24000 6.44000 -0.73492
v 3.22000 6.46000 -0.73613
v 3.94000 6.96000 -0.77393
v 3.98000 6.96000 -0.77221
v 4.46000 6.68000 -0.76137
v 4.05250 6.66000 -0.75038
v 3.92000 6.65000 -0.74890
v 4.48000 6.68000 -0.76651
v 4.52000 6.68000 -0.76540
v 4.59763 6.77765 -0.77360
v 4.66500 6.82000 -0.78569
v 4.58000 6.85000 -0.77594
v 4.66242 6.77494 -0.78306
v 4.64042 6.70918 -0.77985
v 4.58000 6.68000 -0.77162
v 4.66000 6.68252 -0.77938
v 4.68500 6.85000 -0.78649
v 4.68000 6.71000 -0.78892
v 4.68000 6.76000 -0.78997
v 4.62000 7.02000 -0.79519
v 3.67740 6.92000 -0.78347
v 4.61767 6.98989 -0.79899
v 4.65500 6.65847 -0.77954
v 4.63978 6.94007 -0.77933
v 4.62000 6.86000 -0.77827
v 4.69684 6.89050 -0.77893
v 4.68239 6.94133 -0.77899
v 4.71000 6.99000 -0.78879
v 4.65000 6.99000 -0.78898
v 4.62000 6.95000 -0.78550
v 4.64000 7.02000 -0.78745
v 3.25190 6.50000 -0.74306
v 3.65201 6.84000 -0.75951
v 4.49999 6.68025 -0.76019
v 3.66000 6.80498 -0.76456
v 3.68000 6.88000 -0.77649
v 3.66315 6.96000 -0.78032
v 3.99000 7.00000 -0.76963
v 3.23729 6.52000 -0.74224
v 4.68065 6.61946 -0.78031
v 4.67000 6.64000 -0.78454
v 4.61500 6.62000 -0.78773
v 3.62000 6.94000 -0.77819
v 3.59304 6.95943 -0.76555
v 3.96000 6.98768 -0.76304
v 3.98000 6.98000 -0.76553
v 3.66000 6.94000 -0.77038
v 3.66000 6.92000 -0.77217
v 3.64000 6.90000 -0.77489
v 3.22000 6.52000 -0.76083
v 3.63691 6.86948 -0.76269
v 3.66325 6.87000 -0.76004
v 3.22001 6.43990 -0.72490
v 3.76278 6.95631 -0.76181
v 3.94000 6.63875 -0.75973
v 4.00000 6.64353 -0.76377
v 4.10000 6.64392 -0.76423
v 3.89000 6.63834 -0.75855
v 4.39500 6.66000 -0.77482
v 4.45500 6.65829 -0.77789
v 3.86000 6.64000 -0.75091
v 4.50000 6.65722 -0.77885
v 4.61000 6.64000 -0.78590
v 3.56000 7.01858 -0.70406
v 3.54000 7.00237 -0.70926
v 3.54058 7.03096 -0.72194
v 3.56000 7.04500 -0.72162
v 3.54000 7.13608 -0.74721
v 3.52000 7.14835 -0.76231
v 3.50037 7.14031 -0.74235
v 3.56000 7.14268 -0.75951
v 3.57000 7.12174 -0.73671
v 3.50000 7.15890 -0.76620
v 3.48000 7.16000 -0.77583
v 3.52138 7.17810 -0.78254
v 3.46000 7.17069 -0.78250
v 3.39867 7.14067 -0.74270
v 3.43000 7.15791 -0.76567
v 3.40000 7.16000 -0.77386
v 3.38000 7.15777 -0.76616
v 3.35500 7.13077 -0.74307
v 3.32000 7.16000 -0.77486
v 3.29813 7.12084 -0.74227
v 3.29982 7.15010 -0.76888
v 3.28000 7.08171 -0.72293
v 3.57000 7.09592 -0.72412
v 3.60000 7.12167 -0.73853
v 3.58000 7.15452 -0.76206
v 3.60020 7.09974 -0.72223
v 3.60000 7.14524 -0.75777
v 3.28000 7.11088 -0.74339
v 3.24500 7.10481 -0.74998
v 3.61955 7.12008 -0.72192
v 3.28138 7.12000 -0.76367
v 3.62000 7.14000 -0.77190
v 3.61192 7.11913 -0.75814
v 3.62000 7.12497 -0.77102
v 3.71816 7.13055 -0.70156
v 3.70000 7.10000 -0.71552
v 3.70339 7.13750 -0.72163
v 3.23865 7.06948 -0.72364
v 3.22412 7.11932 -0.75636
v 3.21000 7.08190 -0.72294
v 3.14793 7.08121 -0.72432
v 3.20000 7.04000 -0.72558
v 3.18000 7.04000 -0.72503
v 3.14000 7.04000 -0.72635
v 3.14000 7.01796 -0.70554
v 3.20000 7.10748 -0.75465
v 3.20000 7.12496 -0.76002
v 3.18000 7.11548 -0.74888
v 3.20000 7.13574 -0.78459
v 3.85664 7.30000 -0.80303
v 3.85998 7.25998 -0.78078
v 3.88000 7.30000 -0.80626
v 3.88000 7.25046 -0.78510
v 3.90961 7.28101 -0.80000
v 3.92000 7.24910 -0.78848
v 3.94000 7.28000 -0.80686
v 3.92000 7.30000 -0.81477
v 3.95086 7.29708 -0.82062
v 3.96000 7.28000 -0.81404
v 3.94000 7.24000 -0.79193
v 3.99000 7.29805 -0.82042
v 3.93000 7.21642 -0.76370
v 3.89013 7.21873 -0.76178
v 3.91928 7.31895 -0.83020
v 3.96027 7.25128 -0.78966
v 3.85981 7.22973 -0.75938
v 4.00901 7.27864 -0.80190
v 4.00000 7.25063 -0.78613
v 4.02000 7.26000 -0.79039
v 4.05000 7.26000 -0.79089
v 4.00880 7.22008 -0.75890
v 4.06000 7.21853 -0.76139
v 3.96000 7.21107 -0.76056
v 3.98294 7.21902 -0.76136
v 4.09750 7.23312 -0.76577
v 4.02949 7.19903 -0.74154
v 3.96000 7.20219 -0.74035
v 4.12000 7.26000 -0.78940
v 4.13000 7.24661 -0.77746
v 4.14000 7.22015 -0.75977
v 4.16000 7.22249 -0.75989
v 4.16000 7.25685 -0.78277
v 4.02000 7.30194 -0.82045
v 4.04000 7.30517 -0.82034
v 4.07000 7.28248 -0.79873
v 4.08000 7.30000 -0.81076
v 4.10000 7.28251 -0.79761
v 4.10000 7.30000 -0.81333
v 4.16088 7.28916 -0.79631
v 4.09000 7.32351 -0.82165
v 4.05543 7.32085 -0.82041
v 4.08000 7.20112 -0.73998
v 4.14000 7.20227 -0.73908
v 4.10000 7.21275 -0.74010
v 4.19849 7.28000 -0.77963
v 4.18043 7.23945 -0.76005
v 4.17160 7.22005 -0.73940
v 4.20000 7.22878 -0.73907
v 3.92000 7.20360 -0.73938
v 4.12000 7.32000 -0.81098
v 4.14000 7.30365 -0.79825
v 4.15000 7.32000 -0.80404
v 4.14000 7.33932 -0.82033
v 4.16147 7.33934 -0.82056
v 4.12000 7.33979 -0.81995
v 4.18180 7.31890 -0.80010
v 4.20000 7.36000 -0.80023
v 3.89000 7.20732 -0.74008
v 4.21000 7.33942 -0.80235
v 3.84356 7.28000 -0.78080
v 4.19923 7.30046 -0.77885
v 3.88000 7.34000 -0.80015
v 3.90000 7.32000 -0.80595
v 3.89697 7.33845 -0.82047
v 3.88000 7.36245 -0.81825
v 3.86141 7.34897 -0.82029
v 3.85958 7.31957 -0.79279
v 3.90246 7.35784 -0.84041
v 3.94000 7.21424 -0.74062
v 3.85315 7.34000 -0.80063
v 3.90433 7.33404 -0.84046
v 2.37063 7.46000 -0.82734
v 2.40018 7.44029 -0.80750
v 2.38789 7.44000 -0.82727
v 2.37776 7.50000 -0.81049
v 2.39640 7.41841 -0.80906
v 3.38426 7.59560 -0.84808
v 3.39909 7.63979 -0.82262
v 3.37582 7.62000 -0.82544
v 3.39780 7.61950 -0.85400
v 3.38000 7.60153 -0.82674
v 3.38092 7.55894 -0.82250
v 2.35500 7.82500 -0.83623
v 2.36198 7.80222 -0.84679
v 2.32500 7.79666 -0.84179
v 2.31500 7.84000 -0.82776
v 2.34000 7.86000 -0.82751
v 2.36078 7.86977 -0.82700
v 2.37995 7.84816 -0.82701
v 2.38000 7.82000 -0.84064
v 2.29456 7.82000 -0.84154
v 2.38032 7.79947 -0.82672
v 2.37947 7.78109 -0.83459
v 2.30000 7.34000 -0.79807
v 2.25515 7.28500 -0.80225
v 2.29612 7.32260 -0.82058
v 2.42000 7.35771 -0.83558
v 2.42000 7.37979 -0.86801
v 2.44363 7.38167 -0.87098
v 2.46544 7.36185 -0.85020
v 2.39876 7.36164 -0.84830
v 2.43902 7.36086 -0.82712
v 4.08000 7.38066 -0.85975
v 4.07500 7.37603 -0.83611
v 4.06000 7.38533 -0.85981
v 4.04018 7.38038 -0.83989
v 4.02929 7.37775 -0.86141
v 4.02000 7.37222 -0.83997
v 4.00000 7.37426 -0.86004
v 3.97933 7.37824 -0.83242
v 3.98000 7.37993 -0.86009
v 4.02198 7.37902 -0.81878
v 3.99511 7.37910 -0.81933
v 4.05000 7.37668 -0.87844
v 4.00000 7.36362 -0.88189
v 3.98000 7.36769 -0.88406
v 3.96000 7.36886 -0.86019
v 3.96017 7.35974 -0.88010
v 4.03000 7.36000 -0.88966
v 4.08911 7.36028 -0.87688
v 4.12000 7.36795 -0.85534
v 4.13733 7.38169 -0.88093
v 3.76004 7.42026 -0.78084
v 3.73937 7.42851 -0.76348
v 3.76008 7.39996 -0.78083
v 3.76000 7.37000 -0.77600
v 3.74000 7.36000 -0.76582
v 3.75010 7.32562 -0.76356
v 3.75974 7.44068 -0.76103
v 3.74803 7.45797 -0.74610
v 3.66837 7.36098 -0.70050
v 3.69829 7.35800 -0.68116
v 3.68643 7.34085 -0.70033
v 3.68000 7.37916 -0.68118
v 3.70287 7.34000 -0.69118
v 2.31942 7.93045 -0.82775
v 2.26000 7.92000 -0.84502
v 2.28500 7.95000 -0.83084
v 2.26000 7.95000 -0.83521
v 2.27000 7.98000 -0.83242
v 2.24000 7.97000 -0.83447
v 2.26000 8.01000 -0.83465
v 2.24000 8.00000 -0.83389
v 2.24000 8.02000 -0.83066
v 2.22000 8.01000 -0.83421
v 2.22000 8.05000 -0.83444
v 2.21627 7.96957 -0.82469
v 2.32000 7.99000 -0.84091
v 2.19973 8.01143 -0.82747
v 2.29146 8.01055 -0.84471
v 3.74316 7.22000 -0.75903
v 3.72000 7.24000 -0.75783
v 3.72135 7.26893 -0.76162
v 3.69947 7.21494 -0.74223
v 3.69913 7.24000 -0.74305
v 3.69622 7.27251 -0.75949
v 3.75375 7.24000 -0.78121
v 3.74012 7.26021 -0.78158
v 3.72000 7.29811 -0.78121
v 3.70000 7.28990 -0.78130
v 3.70000 7.19964 -0.56173
v 3.69984 7.14962 -0.54367
v 3.72167 7.18152 -0.56062
v 3.73939 7.19953 -0.59046
v 3.71817 7.21788 -0.58310
v 3.74000 7.22189 -0.60199
v 3.72479 7.24429 -0.60090
v 3.70000 7.23000 -0.56958
v 3.70184 7.26000 -0.57729
v 3.72342 7.28000 -0.61844
v 3.70072 7.30829 -0.60126
v 3.73578 7.26000 -0.62123
v 3.68000 7.25000 -0.56726
v 3.70015 7.28951 -0.57970
v 3.68000 7.28000 -0.56712
v 3.68000 7.31000 -0.58126
v 3.67573 7.34426 -0.60064
v 3.66000 7.33320 -0.58136
v 3.69466 7.33220 -0.62123
v 3.72000 7.33399 -0.64113
v 3.73133 7.30000 -0.64116
v 3.73374 7.22000 -0.62133
v 3.72831 7.28000 -0.64122
v 3.67565 7.34873 -0.62253
v 3.70095 7.34063 -0.64153
v 3.69155 7.36000 -0.65118
v 3.67615 7.37689 -0.66120
v 3.68000 7.20000 -0.57016
v 3.72862 7.25000 -0.67128
v 3.71996 7.28864 -0.68275
v 3.71885 7.27873 -0.65948
v 3.70631 7.32000 -0.66121
v 3.70379 7.32000 -0.69122
v 3.72341 7.25071 -0.70130
v 3.70287 7.34000 -0.69118
v 3.69727 7.34000 -0.66533
v 3.69829 7.35800 -0.68116
v 3.73071 7.22000 -0.67134
v 3.73210 7.22000 -0.70134
v 3.73403 7.18000 -0.67233
v 3.72842 7.19000 -0.62142
v 3.72876 7.22000 -0.64135
v 3.74431 7.17475 -0.70174
v 3.73572 7.24000 -0.72731
v 3.72791 7.12750 -0.62156
v 3.73791 7.11926 -0.67054
v 3.74449 7.14000 -0.70147
v 3.73972 7.10000 -0.69918
v 3.69846 7.34000 -0.72120
v 3.69853 7.32000 -0.72124
v 3.70058 7.35750 -0.74615
v 3.69933 7.38261 -0.74110
v 3.71206 7.28000 -0.70128
v 3.73258 7.16500 -0.60146
v 3.73306 7.14000 -0.58151
v 3.73439 7.17000 -0.58144
v 3.71990 7.14016 -0.54153
v 3.72179 7.26000 -0.72129
v 3.72057 7.28122 -0.71990
v 3.72875 7.28111 -0.74151
v 3.71643 7.16000 -0.54257
v 3.75388 7.19000 -0.72643
v 3.76154 7.14859 -0.72126
v 3.71382 7.32000 -0.74758
v 3.71283 7.34500 -0.76501
v 3.72000 7.11501 -0.55595
v 3.68000 7.37916 -0.68118
v 3.72000 7.39000 -0.77726
v 3.75860 7.22895 -0.73942
v 3.69311 7.30000 -0.71732
v 3.70660 7.30000 -0.74125
v 3.69684 7.40000 -0.75739
v 4.12000 7.33732 -0.85966
v 4.12000 7.36795 -0.85534
v 4.14005 7.35965 -0.86031
v 4.16000 7.37001 -0.85953
v 4.16000 7.33282 -0.85702
v 4.19521 7.34510 -0.86119
v 4.09894 7.33891 -0.83998
v 4.10000 7.36000 -0.84050
v 4.07500 7.37603 -0.83611
v 4.11769 7.30937 -0.84016
v 4.13733 7.38169 -0.88093
v 4.15722 7.37767 -0.87952
v 4.14104 7.31944 -0.84059
v 4.08000 7.38066 -0.85975
v 4.18003 7.36001 -0.87950
v 4.25965 7.41934 -0.81890
v 4.22020 7.39996 -0.83947
v 4.23955 7.41277 -0.83816
v 4.23934 7.39942 -0.79907
v 4.21776 7.40039 -0.81568
v 4.20000 7.38000 -0.82803
v 4.28210 7.42149 -0.81812
v 4.28155 7.42143 -0.84315
v 2.33079 7.71918 -0.80808
v 2.29394 7.72389 -0.78733
v 2.31715 7.71622 -0.76720
v 2.35692 7.70090 -0.79591
v 2.30000 7.74000 -0.81678
v 2.30000 7.73540 -0.76727
v 2.62409 7.61000 -0.82564
v 2.61577 7.64000 -0.81398
v 2.61989 7.60927 -0.80432
v 2.61762 7.57805 -0.79502
v 2.60008 7.63982 -0.78571
v 2.64000 7.59000 -0.84077
v 2.64000 7.64000 -0.83597
v 2.63855 7.66300 -0.82643
v 2.61964 7.55985 -0.82657
v 2.64000 7.56000 -0.84408
v 2.63845 7.51799 -0.82722
v 2.62158 7.54861 -0.80494
v 2.61717 7.52000 -0.80788
v 2.64000 7.50000 -0.81598
v 2.58871 7.62000 -0.78537
v 2.60000 7.59346 -0.79125
v 2.56807 7.59500 -0.76522
v 2.60000 7.58000 -0.77201
v 2.60000 7.56042 -0.76583
v 2.62676 7.66037 -0.79817
v 2.65999 7.70000 -0.82538
v 2.64369 7.68000 -0.80149
v 2.65227 7.70443 -0.80470
v 2.68000 7.72000 -0.81699
v 4.24794 7.37347 -0.79584
v 4.28500 7.38615 -0.79448
v 4.28000 7.36000 -0.78888
v 4.31500 7.35522 -0.78474
v 4.29848 7.34067 -0.78401
v 4.32000 7.38276 -0.79727
v 4.30000 7.39256 -0.79905
v 4.35000 7.36000 -0.78870
v 4.36000 7.34656 -0.78803
v 4.38000 7.35902 -0.79904
v 4.37806 7.38073 -0.79836
v 4.40000 7.38030 -0.79878
v 4.40274 7.35695 -0.79926
v 4.39495 7.40129 -0.82076
v 4.26000 7.34341 -0.79930
v 4.24259 7.34174 -0.77935
v 4.28000 7.34162 -0.79924
v 4.34500 7.37274 -0.80985
v 4.34182 7.39681 -0.81892
v 4.36479 7.40000 -0.82037
v 4.38000 7.34905 -0.76947
v 2.34025 7.35861 -0.80774
v 2.30000 7.36312 -0.78881
v 2.32000 7.34000 -0.80829
v 2.30000 7.34000 -0.79807
v 2.33500 7.38401 -0.78540
v 2.36000 7.37851 -0.80937
v 2.32246 7.31807 -0.80771
v 2.29612 7.32260 -0.82058
v 3.25000 7.86207 -0.85834
v 3.22779 7.84000 -0.84211
v 3.25525 7.81529 -0.84539
v 3.28173 7.79488 -0.84350
v 3.30000 7.81346 -0.84449
v 3.28000 7.82204 -0.84010
v 3.28902 7.83905 -0.86008
v 3.27661 7.78000 -0.82567
v 3.26325 7.80250 -0.81912
v 3.24000 7.82295 -0.81969
v 3.22645 7.84000 -0.82212
v 3.91998 7.37725 -0.83074
v 3.93490 7.37419 -0.80026
v 3.92000 7.40000 -0.79359
v 3.93616 7.34381 -0.84033
v 3.91954 7.35843 -0.86035
v 3.93576 7.40000 -0.77572
v 3.94000 7.42000 -0.79227
v 3.42384 7.66000 -0.81955
v 3.42409 7.64000 -0.84418
v 3.41965 7.65945 -0.84057
v 3.43118 7.64000 -0.81400
v 3.42325 7.62000 -0.81828
v 3.41844 7.62063 -0.84130
v 3.42043 7.59884 -0.82179
v 3.43198 7.68000 -0.84153
v 3.43870 7.68882 -0.86079
v 3.42186 7.70393 -0.81939
v 3.39840 7.64197 -0.86142
v 3.39780 7.61950 -0.85400
v 3.41979 7.69959 -0.84281
v 3.39904 7.59116 -0.82191
v 3.90000 7.35994 -0.78046
v 3.86000 7.34000 -0.77495
v 3.84274 7.30000 -0.77661
v 3.82000 7.30000 -0.76553
v 3.88000 7.36000 -0.77252
v 3.91348 7.37923 -0.78002
v 3.92000 7.35814 -0.78091
v 3.94106 7.35967 -0.78120
v 3.93576 7.40000 -0.77572
v 2.26000 7.28544 -0.83264
v 2.27778 7.29685 -0.84922
v 2.27892 7.32209 -0.82637
v 2.25515 7.28500 -0.80225
v 2.28000 7.31929 -0.84706
v 2.30000 7.34172 -0.82610
v 2.24089 7.28000 -0.82839
v 2.29676 7.68000 -0.74668
v 2.28568 7.70000 -0.79545
v 2.30007 7.68013 -0.78719
v 2.27977 7.70009 -0.74766
v 2.30000 7.66951 -0.80713
v 2.29961 7.65901 -0.78612
v 2.28532 7.72000 -0.76739
v 2.28431 7.65537 -0.76750
v 2.29394 7.72389 -0.78733
v 2.28690 7.66000 -0.74748
v 2.29527 7.64000 -0.74065
v 2.28024 7.71997 -0.80788
v 2.30000 7.73540 -0.76727
v 2.30000 7.74000 -0.81678
v 4.04000 7.30517 -0.82034
v 4.04000 7.28700 -0.84011
v 4.01000 7.28460 -0.84022
v 4.02000 7.30194 -0.82045
v 3.99000 7.29805 -0.82042
v 3.96028 7.27997 -0.84032
v 3.95086 7.29708 -0.82062
v 4.08015 7.30023 -0.83995
v 3.94000 7.29004 -0.84044
v 3.91818 7.29534 -0.84324
v 4.05543 7.32085 -0.82041
v 4.09000 7.32351 -0.82165
v 4.11769 7.30937 -0.84016
v 4.12000 7.33979 -0.81995
v 4.14000 7.33932 -0.82033
v 4.14104 7.31944 -0.84059
v 3.91928 7.31895 -0.83020
v 3.85958 7.31957 -0.79279
v 3.88000 7.34000 -0.80015
v 3.90000 7.35994 -0.78046
v 3.84274 7.30000 -0.77661
v 3.88000 7.36245 -0.81825
v 3.85664 7.30000 -0.80303
v 3.84356 7.28000 -0.78080
v 3.66994 7.36000 -0.68126
v 3.68643 7.34085 -0.70033
v 3.66147 7.31497 -0.68297
v 3.68138 7.31929 -0.70104
v 3.05928 6.91992 -0.76476
v 3.06500 6.92411 -0.78674
v 3.11252 6.92000 -0.78450
v 3.12024 6.91988 -0.76436
v 3.03726 6.93913 -0.76469
v 3.03000 6.92011 -0.78545
v 3.54000 6.95793 -0.76157
v 3.59304 6.95943 -0.76555
v 3.63000 6.98084 -0.76703
v 3.38000 6.95782 -0.76227
v 3.32837 6.95881 -0.76285
v 3.52000 6.94000 -0.77332
v 3.68000 6.99674 -0.75890
v 3.31000 6.98277 -0.74539
v 3.68000 6.98245 -0.78410
v 3.27000 6.96122 -0.76460
v 3.24000 6.98306 -0.74567
v 3.21740 6.96065 -0.76449
v 3.22000 6.98000 -0.75065
v 3.18000 6.94418 -0.76580
v 3.35033 6.94007 -0.78459
v 3.16009 6.97980 -0.74409
v 3.16000 6.96000 -0.75051
v 3.12951 6.95910 -0.74361
v 3.16000 6.92000 -0.78060
v 3.14000 6.92000 -0.77848
v 3.14000 6.93918 -0.76388
v 3.55950 6.93970 -0.78273
v 3.11000 6.94000 -0.76205
v 3.08000 6.97801 -0.74293
v 3.04000 6.96295 -0.74746
v 3.01793 6.96171 -0.74621
v 3.09867 6.95939 -0.74389
v 3.13750 6.98079 -0.72495
v 3.10000 6.98059 -0.72469
v 3.00000 6.93583 -0.76045
v 3.59124 6.94324 -0.78410
v 3.28833 6.94213 -0.78642
v 3.26000 6.93976 -0.78515
v 3.24000 6.94391 -0.78777
v 3.21000 6.94000 -0.78812
v 3.12000 6.90000 -0.77247
v 2.98913 6.92003 -0.78398
v 3.06000 6.97905 -0.73234
v 3.03920 6.98021 -0.72486
v 3.06000 6.99934 -0.70541
v 3.04000 7.00000 -0.71296
v 3.02500 6.99584 -0.70918
v 3.08190 6.99975 -0.70473
v 3.08000 6.98288 -0.72155
v 3.02000 6.97296 -0.72482
v 3.32000 6.94458 -0.78874
v 3.30000 6.99343 -0.72354
v 3.35021 6.58175 -0.74511
v 3.37000 6.60000 -0.73706
v 3.34000 6.60000 -0.72772
v 3.32000 6.56000 -0.75351
v 3.44000 6.58000 -0.74938
v 3.46000 6.64000 -0.73726
v 3.46473 6.60000 -0.76002
v 2.10000 6.48000 -0.76237
v 2.13000 6.52000 -0.74275
v 2.12000 6.50283 -0.75303
v 2.16500 6.50776 -0.75319
v 2.15071 6.47892 -0.77252
v 2.17500 6.48571 -0.77407
v 2.22000 6.48339 -0.77134
v 1.95092 6.72036 -0.75062
v 1.99947 6.74016 -0.75057
v 2.39147 6.77029 -0.76496
v 2.02500 6.76000 -0.76283
v 2.20000 6.86000 -0.77486
v 2.19118 6.89963 -0.76980
v 2.16005 6.90002 -0.76949
v 1.94000 6.83500 -0.78058
v 1.96000 6.86000 -0.78485
v 2.23000 6.90120 -0.77043
v 2.36500 6.83000 -0.77376
v 2.22000 6.88000 -0.78038
v 2.38000 6.80000 -0.77209
v 2.47011 6.85998 -0.78779
v 2.37000 6.86975 -0.78889
v 1.94000 6.86077 -0.77115
v 1.96000 6.87738 -0.76994
v 1.99761 6.88046 -0.77075
v 2.26000 6.90000 -0.77741
v 2.37818 6.90026 -0.78837
v 2.33000 6.90000 -0.78245
v 2.42000 6.88000 -0.80330
v 2.11500 6.90000 -0.76358
v 2.06000 6.90457 -0.75686
v 2.22000 6.50038 -0.74994
v 2.24000 6.50000 -0.75644
v 2.27965 6.48034 -0.76955
v 2.34994 6.92042 -0.76862
v 2.33500 6.94000 -0.75780
v 2.40114 6.92103 -0.76865
v 2.40047 6.89991 -0.78728
v 2.40000 6.94000 -0.76172
v 2.42000 6.91527 -0.76435
v 2.44500 6.94632 -0.74933
v 2.44000 6.91734 -0.76575
v 2.36000 6.95670 -0.74824
v 2.28500 6.91782 -0.76139
v 2.47427 6.91959 -0.77462
v 2.42000 6.95086 -0.74792
v 2.23000 6.92293 -0.74921
v 2.27000 6.93137 -0.74879
v 2.31169 6.94117 -0.74714
v 2.10000 6.91218 -0.74981
v 2.16000 6.91442 -0.74945
v 2.47801 6.93886 -0.74762
v 2.48000 6.90000 -0.80295
v 2.49948 6.92060 -0.78915
v 2.50000 6.93910 -0.74750
v 2.42000 6.90274 -0.79067
v 2.52000 6.93741 -0.74739
v 3.51000 6.92000 -0.77123
v 3.54000 6.90000 -0.75770
v 3.14000 6.62000 -0.73123
v 3.16000 6.60000 -0.72778
v 3.11000 6.62000 -0.73533
v 2.33000 6.51500 -0.76255
v 2.30000 6.50000 -0.76159
v 3.56161 6.90040 -0.76238
v 3.12000 6.59000 -0.75639
v 3.14059 6.60050 -0.74545
v 4.26000 7.30199 -0.75826
v 4.22000 7.31128 -0.77949
v 4.21000 7.29630 -0.76048
v 4.26000 7.32037 -0.78034
v 4.24011 7.33998 -0.79938
v 4.21000 7.33942 -0.80235
v 4.18180 7.31890 -0.80010
v 4.19923 7.30046 -0.77885
v 4.28147 7.31867 -0.75929
v 4.16088 7.28916 -0.79631
v 4.17892 7.28189 -0.76347
v 4.29500 7.31873 -0.77388
v 4.60000 7.22465 -0.73737
v 4.60000 7.24000 -0.75380
v 4.58000 7.24000 -0.74973
v 4.54000 7.22379 -0.73808
v 4.56000 7.24402 -0.75600
v 4.52171 7.24108 -0.73145
v 3.78000 7.26000 -0.75232
v 3.78000 7.20000 -0.73592
v 3.82500 7.26750 -0.75341
v 3.80000 7.29616 -0.76300
v 3.78000 7.30000 -0.76641
v 3.82000 7.30000 -0.76553
v 3.86047 7.28024 -0.76078
v 3.82000 7.22000 -0.74462
v 3.75860 7.22895 -0.73942
v 3.79500 7.33000 -0.76622
v 3.84000 7.36000 -0.77113
v 3.83500 7.24500 -0.75257
v 4.10000 7.09555 -0.70221
v 4.17750 7.10000 -0.71219
v 4.12000 7.10000 -0.70964
v 4.20000 7.22878 -0.73907
v 4.34000 7.10000 -0.71137
v 4.53000 7.16193 -0.71560
v 4.58500 7.10095 -0.69559
v 4.63500 7.16993 -0.71876
v 4.67000 7.14000 -0.70802
v 4.68000 7.16533 -0.71628
v 4.64000 7.10000 -0.69379
v 4.63000 7.06000 -0.68756
v 4.69000 7.08000 -0.68826
v 4.68000 7.12237 -0.69757
v 4.33839 7.08055 -0.69934
v 4.69000 7.20000 -0.73273
v 4.29000 7.22000 -0.73062
v 4.29023 7.24490 -0.73839
v 4.29000 7.28000 -0.74413
v 4.23000 7.26000 -0.74309
v 4.20000 7.27000 -0.75024
v 4.32000 7.24000 -0.73197
v 4.32000 7.22000 -0.72584
v 4.35500 7.21000 -0.72632
v 4.36000 7.24000 -0.73281
v 4.32000 7.26000 -0.73349
v 4.27000 7.29000 -0.74477
v 4.40000 7.22000 -0.72985
v 4.44000 7.22000 -0.73412
v 4.42798 7.24000 -0.73666
v 4.35682 7.25894 -0.73982
v 4.31000 7.30000 -0.74210
v 4.30000 7.33412 -0.75920
v 4.38000 7.24000 -0.72741
v 4.64000 7.20000 -0.73470
v 4.34000 7.30000 -0.74959
v 4.36000 7.30000 -0.74933
v 4.36046 7.27873 -0.73901
v 4.46000 7.20000 -0.73626
v 4.49000 7.22140 -0.73896
v 4.62000 7.18000 -0.72809
v 4.46000 7.24421 -0.75315
v 3.86933 7.26000 -0.76075
v 4.52000 7.22000 -0.73376
v 4.30000 7.07741 -0.71776
v 4.39953 7.25992 -0.73920
v 3.75219 7.26500 -0.74423
v 3.73100 7.30000 -0.75700
v 3.75010 7.32562 -0.76356
v 3.78000 7.35000 -0.77197
v 3.76000 7.37000 -0.77600
v 3.78000 7.38000 -0.77376
v 4.34000 7.32053 -0.76049
v 4.38000 7.28000 -0.75313
v 4.50000 7.24035 -0.73858
v 4.48000 7.24349 -0.73595
v 3.85981 7.22973 -0.75938
v 3.64000 7.02000 -0.70651
v 3.64000 6.97830 -0.68257
v 3.72000 6.99794 -0.68254
v 3.72000 6.97532 -0.68112
v 3.80000 7.36675 -0.76404
v 3.62000 6.97846 -0.69898
v 3.60000 7.00346 -0.70153
v 3.57667 6.97773 -0.70205
v 4.32000 7.32015 -0.75919
v 3.78362 7.40000 -0.76854
v 3.76008 7.39996 -0.78083
v 3.74000 6.97486 -0.69798
v 3.71382 7.32000 -0.74758
v 3.71283 7.34500 -0.76501
v 3.74000 7.36000 -0.76582
v 3.72000 7.39000 -0.77726
v 3.73572 7.24000 -0.72731
v 4.40913 7.28009 -0.76188
v 3.70660 7.30000 -0.74125
v 3.72875 7.28111 -0.74151
v 3.72179 7.26000 -0.72129
v 4.42300 7.26089 -0.73777
v 4.43390 7.25812 -0.76009
v 4.49000 7.24605 -0.75891
v 4.49150 7.27887 -0.77916
v 4.52000 7.25619 -0.76212
v 4.48182 7.30000 -0.77772
v 4.44000 7.30000 -0.77626
v 4.52000 7.30254 -0.79576
v 4.50000 7.30000 -0.79206
v 4.39993 7.24331 -0.71899
v 4.49174 7.32000 -0.77872
v 3.60000 7.02000 -0.71952
v 3.84274 7.30000 -0.77661
v 3.33813 7.62513 -0.80335
v 3.32000 7.60229 -0.78577
v 3.36000 7.60000 -0.81385
v 3.30346 7.58000 -0.78023
v 3.32000 7.56000 -0.79509
v 3.30078 7.55101 -0.78277
v 3.27500 7.57775 -0.76876
v 3.33821 7.53811 -0.80339
v 3.28922 7.52000 -0.78250
v 3.38000 7.58000 -0.81863
v 3.36822 7.54000 -0.82211
v 3.38092 7.55894 -0.82250
v 3.39904 7.59116 -0.82191
v 3.38000 7.60153 -0.82674
v 3.36000 7.62548 -0.80546
v 3.35774 7.52289 -0.82338
v 3.37582 7.62000 -0.82544
v 3.35942 7.64040 -0.81833
v 3.38000 7.66000 -0.83240
v 3.36129 7.67696 -0.82316
v 3.38180 7.54204 -0.83970
v 3.28018 7.51912 -0.76238
v 3.29404 7.56000 -0.76240
v 3.39909 7.63979 -0.82262
v 3.43118 7.64000 -0.81400
v 3.42384 7.66000 -0.81955
v 3.39909 7.63979 -0.82262
v 3.42325 7.62000 -0.81828
v 3.39904 7.59116 -0.82191
v 3.40000 7.68169 -0.82044
v 3.42186 7.70393 -0.81939
v 3.42043 7.59884 -0.82179
v 3.48129 7.67902 -0.80121
v 3.50499 7.70066 -0.82261
v 3.51613 7.67380 -0.80118
v 3.51938 7.67925 -0.82116
v 2.30000 7.86000 -0.82735
v 2.26785 7.84127 -0.85070
v 2.28000 7.86000 -0.82779
v 2.30021 7.83871 -0.85598
v 2.25886 7.83835 -0.82858
v 2.47934 7.31975 -0.88719
v 2.47556 7.33948 -0.90728
v 2.46729 7.33635 -0.86416
v 2.47972 7.36000 -0.86698
v 2.46544 7.36185 -0.85020
v 2.46000 7.32000 -0.88067
v 3.90005 7.34011 -0.86113
v 3.90433 7.33404 -0.84046
v 3.91980 7.33982 -0.82027
v 3.91954 7.35843 -0.86035
v 3.88027 7.32000 -0.84061
v 3.89697 7.33845 -0.82047
v 3.93616 7.34381 -0.84033
v 2.40000 7.40001 -0.82728
v 2.39883 7.36934 -0.80743
v 2.37000 7.38540 -0.82876
v 2.52000 7.34996 -0.82668
v 2.51584 7.34000 -0.80672
v 2.50001 7.31999 -0.80682
v 2.50000 7.33083 -0.82683
v 2.50000 7.35791 -0.85031
v 2.51945 7.36034 -0.84414
v 2.50000 7.37007 -0.86676
v 2.48000 7.31648 -0.81097
v 2.48000 7.34000 -0.83652
v 2.46544 7.36185 -0.85020
v 2.48001 7.38230 -0.87460
v 2.47972 7.36000 -0.86698
v 2.48627 7.32000 -0.78372
v 2.42000 7.34000 -0.81642
v 2.46000 7.34347 -0.82186
v 2.46000 7.31527 -0.80989
v 2.45000 7.30000 -0.79908
v 2.43097 7.32227 -0.80250
v 2.39805 7.27875 -0.78742
v 2.43814 7.28010 -0.78726
v 2.40000 7.30000 -0.79774
v 2.48131 7.29199 -0.78718
v 2.40000 7.33850 -0.80832
v 2.38036 7.30000 -0.78755
v 2.40132 7.31923 -0.78740
v 2.38000 7.34037 -0.80922
v 2.43902 7.36086 -0.82712
v 2.42000 7.35771 -0.83558
v 2.40826 7.38000 -0.83241
v 2.42000 7.28000 -0.77583
v 2.22917 7.92000 -0.84738
v 2.22000 7.94559 -0.86379
v 2.24000 7.92220 -0.86534
v 2.23809 7.89847 -0.85277
v 2.24191 7.90068 -0.82840
v 2.21516 7.91838 -0.82688
v 2.20000 7.93691 -0.82672
v 2.19925 7.93808 -0.85936
v 2.19602 7.96000 -0.86518
v 2.22000 7.96574 -0.89115
v 4.17000 7.42000 -0.78317
v 4.18209 7.39854 -0.78083
v 4.20062 7.41894 -0.77960
v 4.14994 7.39838 -0.79809
v 4.12000 7.41575 -0.79853
v 4.20960 7.39985 -0.76045
v 4.18786 7.37943 -0.75929
v 3.90038 7.42005 -0.64022
v 3.88000 7.42000 -0.65467
v 3.87091 7.40082 -0.63964
v 3.89009 7.43923 -0.66067
v 3.86000 7.42000 -0.65793
v 3.82000 7.40000 -0.66862
v 3.84000 7.36652 -0.64079
v 3.81999 7.35994 -0.64069
v 3.79971 7.37930 -0.66060
v 3.80094 7.39904 -0.68133
v 3.87500 7.46500 -0.66931
v 3.82000 7.44000 -0.67302
v 3.88000 7.38000 -0.63489
v 3.81053 7.42033 -0.67667
v 3.78013 7.42062 -0.70114
v 3.90071 7.39115 -0.64044
v 3.80000 7.44000 -0.67338
v 3.77850 7.43705 -0.68017
v 3.80000 7.46000 -0.67089
v 3.77544 7.46000 -0.67876
v 3.78003 7.48054 -0.69095
v 3.88080 7.35919 -0.63993
v 3.68643 7.34085 -0.70033
v 3.70287 7.34000 -0.69118
v 3.69933 7.38261 -0.74110
v 3.67999 7.36000 -0.72111
v 3.66837 7.36098 -0.70050
v 3.66147 7.31497 -0.68297
v 3.68643 7.34085 -0.70033
v 3.76050 7.22684 -0.60141
v 3.74750 7.24000 -0.62124
v 3.74000 7.22189 -0.60199
v 3.75547 7.26365 -0.62357
v 3.78086 7.26060 -0.62107
v 3.76211 7.49800 -0.74060
v 3.78000 7.50162 -0.71971
v 3.77991 7.52655 -0.74238
v 3.79501 7.52000 -0.70042
v 3.76008 7.50096 -0.76068
v 3.79145 7.50000 -0.70048
v 3.78003 7.48054 -0.69095
v 3.80007 7.49999 -0.68057
v 3.75846 7.48725 -0.70429
v 3.74329 7.48000 -0.74875
v 3.74000 7.49922 -0.76104
v 3.79118 7.52000 -0.68044
v 3.90246 7.35784 -0.84041
v 3.90522 7.37479 -0.80036
v 3.88000 7.36245 -0.81825
v 3.88022 7.37859 -0.79895
v 3.85895 7.36160 -0.79762
v 3.86141 7.34897 -0.82029
v 3.91998 7.37725 -0.83074
v 3.91954 7.35843 -0.86035
v 3.90005 7.34011 -0.86113
v 3.92000 7.40000 -0.79359
v 3.90127 7.40951 -0.78017
v 3.88027 7.32000 -0.84061
v 3.92041 7.42889 -0.78117
v 3.94000 7.42000 -0.79227
v 3.94000 7.44316 -0.78280
v 3.96000 7.44515 -0.78645
v 3.85315 7.34000 -0.80063
v 3.89697 7.33845 -0.82047
v 3.91999 7.45916 -0.78004
v 4.40913 7.28009 -0.76188
v 4.42355 7.30000 -0.75727
v 4.39000 7.30000 -0.75031
v 4.38000 7.28000 -0.75313
v 4.36000 7.30000 -0.74933
v 4.42423 7.33000 -0.75716
v 4.44000 7.32000 -0.76721
v 4.44000 7.30000 -0.77626
v 3.38120 7.63930 -0.79467
v 3.35942 7.64040 -0.81833
v 3.38009 7.67048 -0.80244
v 3.36129 7.67696 -0.82316
v 3.36000 7.62548 -0.80546
v 2.60000 7.48208 -0.76453
v 2.57663 7.46000 -0.76361
v 2.62047 7.45917 -0.75919
v 2.61973 7.50074 -0.76594
v 2.57370 7.48000 -0.76277
v 2.58000 7.50224 -0.76637
v 2.60000 7.44222 -0.76608
v 2.57655 7.44122 -0.77725
v 2.16612 7.26000 -0.80887
v 2.16383 7.28420 -0.83333
v 2.16575 7.26000 -0.83465
v 2.17182 7.24000 -0.80887
v 2.17120 7.29971 -0.80905
v 2.18053 7.24088 -0.82847
v 2.20053 7.22100 -0.81646
v 2.40000 7.50000 -0.82710
v 2.42056 7.51517 -0.84774
v 2.42005 7.48919 -0.86333
v 2.56134 7.48261 -0.78622
v 2.56955 7.48000 -0.80618
v 2.57284 7.46000 -0.78620
v 2.55972 7.49912 -0.80620
v 2.57663 7.46000 -0.76361
v 2.57655 7.44122 -0.77725
v 2.57370 7.48000 -0.76277
v 2.56348 7.46000 -0.80768
v 2.58049 7.44001 -0.80576
v 2.53949 7.49986 -0.78652
v 2.12000 7.31484 -0.84906
v 2.14242 7.30118 -0.82894
v 2.11106 7.28647 -0.85232
v 2.41880 7.52874 -0.82648
v 2.40205 7.56000 -0.82952
v 2.40179 7.54137 -0.85387
v 2.42056 7.51517 -0.84774
v 2.43919 7.50049 -0.82825
v 2.37822 7.56318 -0.84711
v 2.37370 7.56071 -0.86796
v 2.48000 7.49224 -0.80244
v 2.46000 7.52000 -0.79838
v 2.42914 7.55473 -0.80861
v 2.38190 7.60999 -0.82820
v 2.40000 7.52000 -0.86232
v 2.44000 7.59000 -0.79265
v 2.42000 7.61179 -0.79437
v 2.39959 7.62758 -0.80824
v 2.42000 7.64000 -0.78003
v 2.36015 7.64159 -0.82774
v 2.39888 7.49977 -0.86745
v 2.37921 7.66392 -0.79550
v 2.48000 7.57000 -0.77978
v 2.42005 7.48919 -0.86333
v 2.49976 7.53835 -0.78556
v 2.46000 7.62000 -0.77595
v 2.44971 7.63971 -0.76834
v 2.48000 7.62000 -0.76926
v 2.40000 7.66000 -0.77063
v 2.35497 7.66481 -0.80707
v 2.50000 7.52000 -0.79639
v 2.42000 7.66000 -0.77144
v 2.37540 7.54000 -0.85216
v 3.75547 7.26365 -0.62357
v 3.75896 7.21922 -0.62152
v 3.74750 7.24000 -0.62124
v 3.78000 7.22647 -0.62115
v 3.78086 7.26060 -0.62107
v 3.74000 7.22189 -0.60199
v 2.56000 7.56694 -0.76608
v 2.52984 7.58000 -0.76622
v 2.54000 7.56288 -0.79298
v 2.51984 7.58038 -0.78646
v 2.56143 7.56246 -0.78748
v 2.57347 7.56859 -0.76663
v 3.66000 7.30024 -0.72123
v 3.69311 7.30000 -0.71732
v 3.65888 7.27802 -0.70308
v 3.68643 7.34085 -0.70033
v 3.66403 7.32000 -0.72361
v 3.66000 7.33913 -0.71938
v 3.66837 7.36098 -0.70050
v 3.68138 7.31929 -0.70104
v 3.84000 7.38223 -0.76371
v 3.84000 7.36000 -0.77113
v 3.87000 7.38000 -0.77348
v 3.80000 7.36675 -0.76404
v 3.79500 7.33000 -0.76622
v 3.86000 7.34000 -0.77495
v 3.82000 7.30000 -0.76553
v 3.88000 7.36000 -0.77252
v 3.91348 7.37923 -0.78002
v 3.89893 7.40026 -0.76098
v 2.14000 7.30000 -0.85877
v 2.14000 7.28000 -0.83356
v 2.16383 7.28420 -0.83333
v 2.11106 7.28647 -0.85232
v 2.12000 7.31484 -0.84906
v 2.16575 7.26000 -0.83465
v 2.14000 7.26000 -0.85635
v 2.16065 7.24053 -0.84928
v 2.18053 7.24088 -0.82847
v 2.10000 7.26000 -0.85875
v 2.04000 7.26000 -0.85419
v 2.07000 7.28613 -0.84997
v 2.03680 7.28014 -0.84969
v 1.99872 7.28118 -0.83866
v 2.16000 7.22000 -0.84092
v 2.18000 7.22000 -0.83711
v 2.20053 7.22100 -0.81646
v 2.08007 8.16014 -0.78795
v 2.08047 8.13089 -0.78787
v 2.09034 8.15050 -0.81237
v 2.09610 8.12000 -0.81050
v 2.10000 8.09000 -0.79991
v 2.06090 8.18083 -0.80673
v 2.56807 7.59500 -0.76522
v 2.56000 7.56694 -0.76608
v 2.57347 7.56859 -0.76663
v 2.52984 7.58000 -0.76622
v 2.53099 7.60245 -0.76593
v 2.56000 7.61190 -0.76599
v 2.60000 7.58000 -0.77201
v 2.60000 7.56042 -0.76583
v 2.58000 7.53851 -0.76621
v 2.26000 7.86000 -0.85479
v 2.26785 7.84127 -0.85070
v 2.28000 7.86000 -0.85917
v 3.38000 7.66000 -0.83240
v 3.39909 7.63979 -0.82262
v 3.38009 7.67048 -0.80244
v 3.36129 7.67696 -0.82316
v 3.73941 7.58276 -0.76872
v 3.71932 7.54752 -0.78068
v 3.76000 7.58000 -0.77735
v 3.76188 7.58297 -0.75040
v 4.23934 7.39942 -0.79907
v 4.25965 7.41934 -0.81890
v 4.27147 7.40400 -0.83968
v 4.26000 7.37998 -0.82064
v 4.24794 7.37347 -0.79584
v 2.56073 7.51848 -0.78708
v 2.53949 7.49986 -0.78652
v 2.58000 7.50224 -0.76637
v 2.58000 7.53851 -0.76621
v 2.56431 7.54000 -0.79026
v 2.54000 7.52000 -0.79640
v 2.57347 7.56859 -0.76663
v 2.56143 7.56246 -0.78748
v 2.54000 7.56288 -0.79298
v 2.52000 7.54000 -0.79794
v 2.56134 7.48261 -0.78622
v 2.57370 7.48000 -0.76277
v 2.51984 7.58038 -0.78646
v 2.55989 7.57999 -0.80591
v 2.62439 7.55387 -0.76699
v 2.61762 7.57805 -0.79502
v 2.60000 7.56042 -0.76583
v 2.63122 7.56000 -0.78570
v 3.85958 7.31957 -0.79279
v 3.85895 7.36160 -0.79762
v 3.88000 7.34000 -0.80015
v 3.88000 7.36245 -0.81825
v 3.66174 7.36226 -0.66129
v 3.67565 7.34873 -0.62253
v 3.67615 7.37689 -0.66120
v 2.40132 7.31923 -0.78740
v 2.38036 7.30000 -0.78755
v 2.42000 7.30091 -0.77062
v 2.39805 7.27875 -0.78742
v 2.42000 7.28000 -0.77583
v 2.43814 7.28010 -0.78726
v 2.59951 7.46794 -0.78767
v 2.62047 7.45917 -0.75919
v 2.60000 7.44222 -0.76608
v 2.62200 7.48000 -0.76810
v 2.57655 7.44122 -0.77725
v 4.28210 7.42149 -0.81812
v 4.29756 7.40049 -0.82341
v 4.25965 7.41934 -0.81890
v 4.27147 7.40400 -0.83968
v 2.40132 7.31923 -0.78740
v 2.40537 7.32000 -0.76738
v 2.40000 7.34000 -0.75692
v 2.42000 7.30091 -0.77062
v 2.38447 7.34000 -0.78746
v 2.38000 7.34037 -0.80922
v 2.41739 7.29800 -0.74538
v 2.42000 7.32000 -0.73627
v 2.39830 7.36201 -0.76735
v 2.38000 7.35818 -0.79054
v 2.39828 7.35954 -0.74668
v 2.42479 7.33840 -0.74654
v 2.39883 7.36934 -0.80743
v 2.40210 7.38000 -0.78473
v 2.44000 7.32000 -0.73262
v 2.44039 7.30062 -0.72690
v 3.91348 7.37923 -0.78002
v 3.93576 7.40000 -0.77572
v 3.93490 7.37419 -0.80026
v 3.92000 7.35814 -0.78091
v 2.43919 7.50049 -0.82825
v 2.42000 7.50268 -0.82580
v 2.42326 7.48251 -0.84699
v 2.40000 7.50000 -0.82710
v 2.45500 7.47666 -0.84393
v 2.48229 7.48235 -0.82887
v 2.48217 7.46226 -0.84776
v 2.52000 7.46000 -0.81547
v 2.50000 7.48000 -0.81342
v 2.44000 7.46000 -0.85011
v 2.49868 7.50203 -0.80816
v 2.50255 7.46000 -0.83018
v 2.51954 7.43959 -0.83555
v 2.50000 7.44050 -0.84664
v 2.52000 7.50000 -0.81982
v 2.54000 7.50000 -0.81570
v 2.51994 7.51808 -0.78541
v 2.54000 7.52000 -0.79640
v 2.48000 7.49224 -0.80244
v 3.92000 7.44000 -0.66653
v 3.92012 7.41208 -0.66003
v 3.93780 7.42334 -0.68013
v 3.89009 7.43923 -0.66067
v 3.93913 7.40423 -0.70017
v 3.92191 7.37781 -0.70029
v 3.90071 7.39115 -0.64044
v 3.90038 7.42005 -0.64022
v 3.95551 7.42073 -0.70008
v 3.88019 7.34022 -0.68788
v 3.88080 7.35919 -0.63993
v 3.95855 7.44000 -0.68073
v 3.95965 7.42024 -0.72007
v 3.97649 7.44000 -0.70710
v 3.85000 7.34440 -0.66063
v 3.86000 7.33852 -0.68024
v 3.82274 7.34028 -0.67103
v 3.81999 7.35994 -0.64069
v 3.84000 7.36652 -0.64079
v 3.98000 7.41654 -0.71678
v 2.62439 7.55387 -0.76699
v 2.60000 7.52000 -0.78160
v 2.62126 7.51769 -0.78349
v 2.61015 7.50000 -0.78592
v 2.60000 7.54000 -0.78174
v 2.60000 7.56042 -0.76583
v 2.58000 7.53851 -0.76621
v 2.58000 7.50224 -0.76637
v 2.48249 7.36634 -0.90838
v 2.45999 7.36002 -0.90700
v 2.47556 7.33948 -0.90728
v 2.49763 7.34000 -0.88591
v 2.47934 7.31975 -0.88719
v 2.50000 7.30910 -0.87290
v 2.52000 7.34402 -0.87152
v 2.51994 7.31998 -0.86661
v 2.50000 7.36000 -0.88647
v 2.48000 7.29105 -0.87146
v 2.50000 7.27137 -0.84693
v 2.54000 7.30000 -0.85794
v 2.56000 7.32000 -0.85889
v 2.55807 7.30209 -0.84566
v 2.53581 7.28000 -0.84496
v 2.48000 7.26197 -0.84582
v 2.45000 7.28055 -0.86104
v 2.46000 7.30000 -0.87684
v 2.46000 7.32000 -0.88067
v 2.56000 7.34000 -0.85778
v 2.44000 7.26601 -0.84297
v 2.49000 7.21088 -0.81313
v 2.45000 7.21894 -0.81369
v 2.39484 7.21952 -0.80807
v 2.39007 7.25093 -0.83560
v 2.36000 7.21686 -0.81025
v 2.41000 7.28000 -0.85406
v 2.30000 7.26796 -0.84591
v 2.37000 7.28000 -0.85254
v 2.32000 7.28000 -0.85566
v 2.39500 7.30000 -0.85901
v 2.44189 7.30000 -0.86610
v 2.46000 7.19196 -0.78729
v 2.40000 7.20150 -0.78523
v 2.49000 7.18821 -0.78713
v 2.37102 7.20047 -0.78676
v 2.38000 7.16000 -0.75670
v 2.40863 7.18268 -0.76573
v 2.36003 7.18059 -0.76761
v 2.33000 7.19921 -0.78878
v 2.31000 7.21801 -0.80934
v 2.30000 7.24270 -0.82598
v 2.51935 7.17974 -0.78720
v 2.51884 7.19933 -0.80745
v 2.51500 7.24425 -0.83277
v 2.54000 7.20000 -0.79636
v 2.36000 7.30000 -0.85351
v 2.32000 7.30000 -0.85914
v 2.52002 7.27997 -0.86687
v 2.52000 7.30000 -0.87297
v 2.46000 7.18201 -0.76620
v 2.48210 7.18402 -0.76646
v 2.51000 7.15201 -0.74847
v 2.43874 7.34133 -0.86762
v 2.29982 7.29986 -0.84795
v 2.27778 7.29685 -0.84922
v 2.28000 7.31929 -0.84706
v 2.51961 7.15949 -0.76744
v 2.55000 7.17067 -0.78664
v 2.54140 7.14060 -0.74623
v 2.52000 7.13297 -0.72950
v 2.53695 7.12000 -0.73083
v 2.52000 7.08000 -0.69615
v 2.50000 7.12000 -0.73316
v 2.56000 7.14315 -0.76308
v 2.58092 7.14002 -0.75874
v 2.58000 7.16380 -0.78383
v 2.58000 7.11897 -0.72760
v 2.56000 7.10034 -0.72667
v 2.53883 7.07835 -0.71161
v 2.56000 7.07946 -0.71554
v 2.58267 7.08500 -0.72130
v 2.54000 7.06000 -0.69344
v 2.56001 7.04007 -0.68696
v 2.59963 7.11963 -0.74771
v 2.60937 7.12204 -0.76669
v 2.59741 7.05827 -0.72794
v 2.40449 7.33500 -0.85413
v 2.44000 7.36177 -0.86541
v 2.39876 7.36164 -0.84830
v 2.42000 7.37979 -0.86801
v 2.44363 7.38167 -0.87098
v 2.46544 7.36185 -0.85020
v 2.46729 7.33635 -0.86416
v 2.38000 7.36000 -0.83737
v 2.36000 7.32115 -0.84841
v 2.31994 7.33066 -0.84797
v 2.34000 7.36000 -0.84073
v 2.36000 7.34000 -0.83729
v 2.37000 7.38540 -0.82876
v 2.33925 7.38034 -0.82777
v 2.30000 7.34172 -0.82610
v 2.29612 7.32260 -0.82058
v 4.09962 7.41879 -0.82116
v 4.08000 7.40041 -0.79971
v 4.07490 7.42000 -0.80416
v 4.10008 7.43997 -0.79956
v 3.90000 7.35994 -0.78046
v 3.88000 7.36245 -0.81825
v 3.88022 7.37859 -0.79895
v 3.62000 7.50015 -0.80123
v 3.62015 7.51997 -0.82091
v 3.61197 7.54011 -0.80108
v 3.38092 7.55894 -0.82250
v 3.38000 7.60153 -0.82674
v 3.39904 7.59116 -0.82191
v 2.48131 7.29199 -0.78718
v 2.49998 7.29950 -0.76659
v 2.48627 7.32000 -0.78372
v 2.50000 7.27008 -0.78693
v 2.40000 7.50000 -0.82710
v 2.37930 7.48125 -0.82829
v 2.37969 7.50799 -0.84860
v 2.26363 7.26000 -0.80575
v 2.25893 7.25942 -0.82670
v 2.25515 7.28500 -0.80225
v 2.24089 7.28000 -0.82839
v 2.25806 7.24007 -0.80894
v 2.28431 7.65537 -0.76750
v 2.28000 7.62000 -0.73527
v 2.29527 7.64000 -0.74065
v 2.25231 7.64000 -0.72772
v 2.25995 7.60992 -0.71221
v 2.29320 7.59538 -0.73268
v 2.24033 7.66028 -0.72758
v 2.22011 7.63513 -0.70550
v 2.24023 7.59038 -0.69071
v 2.28000 7.54000 -0.69651
v 2.21750 7.69000 -0.72680
v 2.19968 7.64979 -0.70451
v 2.16000 7.69000 -0.70831
v 2.19000 7.62000 -0.69033
v 2.22000 7.58000 -0.68270
v 2.18199 7.74406 -0.72774
v 2.24514 7.54035 -0.68458
v 2.15000 7.65500 -0.69777
v 2.12000 7.72000 -0.71281
v 2.26000 7.48278 -0.68824
v 2.28000 7.50000 -0.69450
v 2.30011 7.50839 -0.70759
v 2.20023 7.72086 -0.72782
v 2.17868 7.77000 -0.72795
v 2.14000 7.76000 -0.71862
v 2.12000 7.67000 -0.70234
v 2.10000 7.70000 -0.70463
v 2.10000 7.75000 -0.71412
v 2.21000 7.53000 -0.68222
v 2.15000 7.63000 -0.69410
v 2.24000 7.49678 -0.68571
v 2.12000 7.74000 -0.71013
v 4.63000 7.06000 -0.68756
v 4.61076 7.04237 -0.69879
v 4.67000 7.05032 -0.69900
v 3.76050 7.22684 -0.60141
v 3.75896 7.21922 -0.62152
v 3.78000 7.22647 -0.62115
v 3.78086 7.26060 -0.62107
v 2.56245 7.42000 -0.80846
v 2.57655 7.44122 -0.77725
v 2.58049 7.44001 -0.80576
v 4.30000 7.40826 -0.73902
v 4.26138 7.42000 -0.74129
v 4.27891 7.42000 -0.75888
v 4.30000 7.42000 -0.75912
v 2.66000 7.80248 -0.80695
v 2.67126 7.81914 -0.78851
v 2.64000 7.80982 -0.78518
v 2.68000 7.80299 -0.80881
v 2.48627 7.32000 -0.78372
v 2.48131 7.29199 -0.78718
v 2.48000 7.31648 -0.81097
v 2.30000 7.86000 -0.82735
v 2.31500 7.84000 -0.82776
v 2.30021 7.83871 -0.85598
v 2.41513 7.40000 -0.81175
v 2.39883 7.36934 -0.80743
v 2.42000 7.37665 -0.79346
v 2.40000 7.40001 -0.82728
v 2.41787 7.41829 -0.82869
v 2.44000 7.40000 -0.83580
v 2.46000 7.38111 -0.82631
v 2.50000 7.39160 -0.82906
v 2.50000 7.42000 -0.83803
v 2.48000 7.36000 -0.82611
v 2.45500 7.43685 -0.84850
v 2.50000 7.44050 -0.84664
v 2.50000 7.36000 -0.81929
v 2.54211 7.36794 -0.82675
v 2.53969 7.33974 -0.82607
v 2.42000 7.44000 -0.85380
v 2.40086 7.44157 -0.84559
v 2.39810 7.47000 -0.85367
v 2.44000 7.46000 -0.85011
v 2.42005 7.48919 -0.86333
v 2.39888 7.49977 -0.86745
v 2.51954 7.43959 -0.83555
v 2.54552 7.42474 -0.82689
v 2.43325 7.77429 -0.82642
v 2.46129 7.77945 -0.80705
v 2.46000 7.78636 -0.82624
v 2.43477 7.76726 -0.80543
v 2.47980 7.77975 -0.82537
v 2.50000 7.78204 -0.80416
v 2.42016 7.78020 -0.80644
v 3.48185 7.72000 -0.82498
v 3.46000 7.69233 -0.83895
v 3.47956 7.69923 -0.85002
v 3.46000 7.69233 -0.83895
v 3.45983 7.72000 -0.84118
v 3.44468 7.70000 -0.84143
v 3.48185 7.72000 -0.82498
v 3.68000 7.28000 -0.56712
v 3.68000 7.31000 -0.58126
v 3.65780 7.30000 -0.57849
v 3.66000 7.33320 -0.58136
v 3.70015 7.28951 -0.57970
v 3.68000 7.25000 -0.56726
v 2.08500 7.29655 -0.82331
v 2.06000 7.29923 -0.82759
v 2.07000 7.28613 -0.84997
v 2.11106 7.28647 -0.85232
v 2.12000 7.29157 -0.82909
v 2.11968 7.30051 -0.80862
v 2.03680 7.28014 -0.84969
v 2.14242 7.30118 -0.82894
v 2.04000 7.32357 -0.81060
v 2.01912 7.27967 -0.82944
v 2.02000 7.30000 -0.81389
v 4.09962 7.41879 -0.82116
v 4.10000 7.44000 -0.84097
v 4.12134 7.44000 -0.84067
v 4.12000 7.41696 -0.82318
v 4.08194 7.44000 -0.81612
v 4.14118 7.40053 -0.84026
v 4.14000 7.40976 -0.81950
v 4.12000 7.41575 -0.79853
v 4.14994 7.39838 -0.79809
v 4.18854 7.39709 -0.81938
v 4.20000 7.38494 -0.79422
v 4.21776 7.40039 -0.81568
v 4.08000 7.40041 -0.79971
v 4.21847 7.37826 -0.80181
v 4.22500 7.35865 -0.77593
v 4.24794 7.37347 -0.79584
v 4.23500 7.37418 -0.81419
v 4.24259 7.34174 -0.77935
v 4.16000 7.40000 -0.83025
v 4.18209 7.39854 -0.78083
v 4.16000 7.38019 -0.77994
v 4.18209 7.39854 -0.78083
v 4.20000 7.38494 -0.79422
v 4.17121 7.36000 -0.77952
v 4.20000 7.36000 -0.80023
v 4.22500 7.35865 -0.77593
v 4.19500 7.35513 -0.77361
v 3.91348 7.37923 -0.78002
v 3.90522 7.37479 -0.80036
v 3.90127 7.40951 -0.78017
v 3.89893 7.40026 -0.76098
v 3.90000 7.35994 -0.78046
v 3.33813 7.62513 -0.80335
v 3.30900 7.63938 -0.78136
v 3.34000 7.62096 -0.78370
v 3.28000 7.75650 -0.80814
v 3.25996 7.75869 -0.82233
v 3.24000 7.76179 -0.80069
v 2.23809 7.89847 -0.85277
v 2.24000 7.92220 -0.86534
v 2.26000 7.92000 -0.84502
v 2.26000 7.93438 -0.86717
v 2.31500 7.84000 -0.82776
v 2.29456 7.82000 -0.84154
v 2.30021 7.83871 -0.85598
v 2.62133 7.27890 -0.86670
v 2.62721 7.30000 -0.87028
v 2.60000 7.29628 -0.84862
v 2.62000 7.32236 -0.85002
v 2.72000 7.46901 -0.76539
v 2.71867 7.47144 -0.74424
v 2.70644 7.49000 -0.76717
v 2.70396 7.46000 -0.78707
v 2.69412 7.51000 -0.78545
v 2.69972 7.52946 -0.76489
v 2.68259 7.54000 -0.81031
v 2.69961 7.57039 -0.76494
v 2.71847 7.52877 -0.74521
v 2.68789 7.59000 -0.80533
v 2.67732 7.56000 -0.82284
v 2.69660 7.60500 -0.77902
v 2.68103 7.65000 -0.81259
v 2.69577 7.63000 -0.78085
v 2.67617 7.59500 -0.82115
v 2.66000 7.56000 -0.83866
v 2.66965 7.49500 -0.80473
v 2.66156 7.53005 -0.82666
v 3.76041 7.42000 -0.76078
v 3.76008 7.39996 -0.78083
v 3.78362 7.40000 -0.76854
v 3.77758 7.41677 -0.74072
v 3.75846 7.48725 -0.70429
v 3.74329 7.48000 -0.74875
v 3.75654 7.46000 -0.71711
v 3.74803 7.45797 -0.74610
v 3.73937 7.42851 -0.76348
v 3.76735 7.44000 -0.72071
v 3.77551 7.46000 -0.70063
v 3.77850 7.43705 -0.68017
v 3.78013 7.42062 -0.70114
v 3.78738 7.40000 -0.73073
v 3.76946 7.44000 -0.74070
v 3.75974 7.44068 -0.76103
v 3.77544 7.46000 -0.67876
v 3.78827 7.38000 -0.73077
v 3.80000 7.36675 -0.76404
v 3.80159 7.35984 -0.74108
v 3.79853 7.35839 -0.70078
v 3.78516 7.39000 -0.70076
v 3.79642 7.35307 -0.68080
v 3.79971 7.37930 -0.66060
v 3.81999 7.35994 -0.64069
v 3.78003 7.48054 -0.69095
v 3.80094 7.39904 -0.68133
v 3.82274 7.34028 -0.67103
v 3.82000 7.34544 -0.72073
v 3.76004 7.42026 -0.78084
v 2.54211 7.36794 -0.82675
v 2.53880 7.33996 -0.84681
v 2.56000 7.35551 -0.84217
v 2.57742 7.38000 -0.82632
v 2.57983 7.36000 -0.84970
v 2.56000 7.34000 -0.85778
v 2.58000 7.34000 -0.86272
v 2.60535 7.36330 -0.84907
v 2.58080 7.38000 -0.84659
v 2.56000 7.32000 -0.85889
v 2.54217 7.34142 -0.86911
v 2.55000 7.40000 -0.83645
v 2.60243 7.34000 -0.84880
v 2.59000 7.32000 -0.85533
v 2.62000 7.32236 -0.85002
v 2.61958 7.33927 -0.82582
v 2.58093 7.40042 -0.84710
v 3.86933 7.26000 -0.76075
v 3.85998 7.25998 -0.78078
v 3.86047 7.28024 -0.76078
v 3.84356 7.28000 -0.78080
v 3.84274 7.30000 -0.77661
v 3.85981 7.22973 -0.75938
v 2.63898 7.30994 -0.84591
v 2.62133 7.27890 -0.86670
v 2.62000 7.28476 -0.84525
v 2.62721 7.30000 -0.87028
v 3.60027 7.52000 -0.80118
v 3.61197 7.54011 -0.80108
v 3.62015 7.51997 -0.82091
v 3.62000 7.50015 -0.80123
v 2.55972 7.49912 -0.80620
v 2.53949 7.49986 -0.78652
v 2.56073 7.51848 -0.78708
v 2.49998 7.29950 -0.76659
v 2.50131 7.30123 -0.78809
v 2.48627 7.32000 -0.78372
v 2.50000 7.27008 -0.78693
v 2.36000 7.37018 -0.78755
v 2.33500 7.38401 -0.78540
v 2.36000 7.37851 -0.80937
v 2.38637 7.37846 -0.80867
v 2.37000 7.38540 -0.82876
v 2.33925 7.38034 -0.82777
v 2.38000 7.35818 -0.79054
v 2.39883 7.36934 -0.80743
v 2.38447 7.34000 -0.78746
v 4.29756 7.40049 -0.82341
v 4.28210 7.42149 -0.81812
v 4.28155 7.42143 -0.84315
v 3.66000 7.34830 -0.80115
v 3.66000 7.32000 -0.81642
v 3.68000 7.32000 -0.81246
v 3.68000 7.33995 -0.80115
v 3.62891 7.34027 -0.82147
v 3.62000 7.36000 -0.81362
v 3.68161 7.34298 -0.78125
v 3.54000 7.36000 -0.81698
v 3.56000 7.36000 -0.81639
v 3.53864 7.38149 -0.82087
v 3.52407 7.33190 -0.82164
v 3.57000 7.33000 -0.81204
v 3.49000 7.36000 -0.83178
v 3.54858 7.42500 -0.82335
v 3.52000 7.43000 -0.83244
v 3.57000 7.40000 -0.81249
v 3.55024 7.46000 -0.81931
v 3.58000 7.44000 -0.81569
v 3.56981 7.48015 -0.81748
v 3.60286 7.48000 -0.80303
v 3.51500 7.46500 -0.83722
v 3.59000 7.38000 -0.81348
v 3.60000 7.32000 -0.81108
v 3.64000 7.38000 -0.81232
v 3.67072 7.38000 -0.80121
v 3.61000 7.42000 -0.81757
v 3.62000 7.46089 -0.80185
v 3.59483 7.50000 -0.81317
v 3.62000 7.50015 -0.80123
v 3.55000 7.49000 -0.83407
v 3.55000 7.54151 -0.83428
v 3.57823 7.53726 -0.81995
v 3.61490 7.40236 -0.80092
v 3.64000 7.39932 -0.80074
v 3.60000 7.51972 -0.82151
v 3.62015 7.51997 -0.82091
v 3.56076 7.55946 -0.84245
v 3.56047 7.37976 -0.80159
v 3.54000 7.56000 -0.85431
v 3.64000 7.48400 -0.79934
v 3.62000 7.48000 -0.78395
v 3.66000 7.45973 -0.78078
v 3.69000 7.46000 -0.77424
v 3.67928 7.49252 -0.78448
v 3.70897 7.48084 -0.78368
v 3.72000 7.52000 -0.79003
v 3.70000 7.54411 -0.79814
v 3.72463 7.50000 -0.78361
v 3.70000 7.44000 -0.77229
v 3.72000 7.43000 -0.77479
v 3.67659 7.52000 -0.79826
v 3.69978 7.42090 -0.76049
v 3.68176 7.44159 -0.78222
v 3.68000 7.56000 -0.79035
v 3.66000 7.48000 -0.79128
v 3.66078 7.50948 -0.80506
v 3.64000 7.52000 -0.81254
v 3.66194 7.56000 -0.80371
v 3.65986 7.44907 -0.80275
v 3.68000 7.57735 -0.80317
v 3.64000 7.42000 -0.81631
v 3.66056 7.40877 -0.80042
v 3.74329 7.48000 -0.74875
v 3.73937 7.42851 -0.76348
v 3.72000 7.39000 -0.77726
v 3.74000 7.36000 -0.76582
v 3.74000 7.49922 -0.76104
v 3.76211 7.49800 -0.74060
v 3.71932 7.54752 -0.78068
v 3.70673 7.57500 -0.80268
v 3.70666 7.60140 -0.80122
v 3.73941 7.58276 -0.76872
v 3.74000 7.52000 -0.76603
v 3.76000 7.58000 -0.77735
v 3.76008 7.50096 -0.76068
v 3.75890 7.52155 -0.75932
v 3.77991 7.52655 -0.74238
v 3.67757 7.40000 -0.77666
v 3.69684 7.40000 -0.75739
v 3.67671 7.37000 -0.77887
v 3.70058 7.35750 -0.74615
v 3.76000 7.54000 -0.77637
v 3.78068 7.53816 -0.76526
v 3.78049 7.56092 -0.76157
v 3.64000 7.54000 -0.80427
v 3.71146 7.60113 -0.78072
v 3.70724 7.62019 -0.76338
v 3.72922 7.61985 -0.74236
v 3.74821 7.60000 -0.74042
v 3.68005 7.62002 -0.78080
v 3.76188 7.58297 -0.75040
v 3.66910 7.63884 -0.76063
v 3.70000 7.64000 -0.74484
v 3.66887 7.62033 -0.80197
v 3.63900 7.63897 -0.77992
v 3.63760 7.65957 -0.76071
v 3.61744 7.65820 -0.77868
v 3.64000 7.68252 -0.77684
v 3.66000 7.67936 -0.76101
v 3.65275 7.70000 -0.78056
v 3.64000 7.70000 -0.79738
v 2.36108 7.67986 -0.76661
v 2.35456 7.66726 -0.78707
v 2.37921 7.66392 -0.79550
v 2.33614 7.68000 -0.76975
v 2.40119 7.67953 -0.78498
v 2.35497 7.66481 -0.80707
v 2.59647 7.44000 -0.78868
v 2.59951 7.46794 -0.78767
v 2.57655 7.44122 -0.77725
v 2.58026 7.41966 -0.78585
v 4.10008 7.43997 -0.79956
v 4.08194 7.44000 -0.81612
v 4.09962 7.41879 -0.82116
v 3.90000 7.35994 -0.78046
v 3.88022 7.37859 -0.79895
v 3.90522 7.37479 -0.80036
v 2.30000 7.34172 -0.82610
v 2.28000 7.31929 -0.84706
v 2.29612 7.32260 -0.82058
v 2.29982 7.29986 -0.84795
v 3.61197 7.54011 -0.80108
v 3.60027 7.52000 -0.80118
v 3.62000 7.50015 -0.80123
v 1.76849 6.97904 -0.73232
v 1.77250 7.00000 -0.75199
v 1.74750 6.96164 -0.72987
v 2.05000 7.16230 -0.80846
v 1.97999 7.10031 -0.79017
v 2.00874 7.12054 -0.79173
v 1.90000 7.13639 -0.81283
v 1.86900 7.11656 -0.80970
v 1.92000 7.14380 -0.80850
v 2.12000 7.24000 -0.85526
v 2.11000 7.22007 -0.84694
v 2.14000 7.19732 -0.83155
v 2.16065 7.24053 -0.84928
v 2.06000 7.22007 -0.84953
v 2.16000 7.22000 -0.84092
v 2.18000 7.22000 -0.83711
v 2.07000 7.19784 -0.83106
v 2.10500 7.19444 -0.82728
v 2.12750 7.17411 -0.81095
v 2.17000 7.10954 -0.77569
v 2.21063 7.14138 -0.78801
v 2.12000 7.06976 -0.74944
v 2.19500 7.10177 -0.76511
v 2.22000 7.12000 -0.77689
v 2.27146 7.11916 -0.76701
v 2.09000 7.08204 -0.76543
v 2.03000 7.10000 -0.78506
v 2.03020 7.19338 -0.82802
v 1.99000 7.19893 -0.83080
v 2.16959 7.18163 -0.80816
v 2.19500 7.18334 -0.80486
v 2.22851 7.16500 -0.79146
v 1.98000 7.18000 -0.81517
v 1.95250 7.18920 -0.82593
v 1.99500 7.22000 -0.83743
v 1.95000 7.22000 -0.84119
v 1.92000 7.22000 -0.84479
v 1.88000 7.18350 -0.82757
v 1.87023 7.22007 -0.84903
v 2.05964 7.06012 -0.74972
v 2.05000 7.08400 -0.76803
v 2.03000 7.05782 -0.75708
v 1.99000 7.07604 -0.77509
v 1.98000 7.04367 -0.74867
v 2.04000 7.24000 -0.83871
v 2.02000 7.24000 -0.84140
v 2.04000 7.26000 -0.85419
v 1.97870 7.26670 -0.85090
v 1.96000 7.24000 -0.84183
v 2.10500 6.94970 -0.71014
v 2.02000 6.96000 -0.72534
v 1.85000 6.98256 -0.72999
v 1.85998 7.16999 -0.82779
v 1.83921 7.19221 -0.83349
v 1.83000 7.21987 -0.85295
v 1.82000 7.20000 -0.84340
v 1.81209 7.18000 -0.83525
v 1.80396 7.22000 -0.84851
v 2.20053 7.22100 -0.81646
v 2.25202 7.14000 -0.77472
v 2.26000 7.16000 -0.78111
v 2.29571 7.15035 -0.76458
v 1.98500 6.96000 -0.72466
v 2.01070 6.94019 -0.71016
v 1.90500 6.92182 -0.71032
v 1.85750 6.94000 -0.73130
v 2.14000 7.26000 -0.85635
v 1.92911 7.07881 -0.79130
v 2.10000 7.26000 -0.85875
v 2.50000 7.12000 -0.73316
v 2.29000 7.18000 -0.77792
v 2.33000 7.16550 -0.76499
v 2.32000 7.14000 -0.75212
v 2.38000 7.16000 -0.75670
v 2.36003 7.18059 -0.76761
v 2.40250 7.14085 -0.74459
v 2.35500 7.11000 -0.73979
v 2.41500 7.10500 -0.73516
v 2.48500 7.14000 -0.74022
v 2.46500 7.15776 -0.74865
v 2.40000 7.16000 -0.75158
v 2.51000 7.15201 -0.74847
v 2.33000 7.19921 -0.78878
v 2.48210 7.18402 -0.76646
v 2.46000 7.18201 -0.76620
v 2.40863 7.18268 -0.76573
v 1.88171 7.24000 -0.85032
v 1.91748 7.24000 -0.84995
v 1.82824 6.91776 -0.71226
v 1.77000 6.94000 -0.72720
v 2.00000 7.09732 -0.79212
v 1.78000 7.22000 -0.84231
v 2.52000 7.13297 -0.72950
v 2.31000 7.21801 -0.80934
v 2.42005 7.48919 -0.86333
v 2.42326 7.48251 -0.84699
v 2.40000 7.50000 -0.82710
v 2.44000 7.46000 -0.85011
v 4.38000 7.35902 -0.79904
v 4.38349 7.33167 -0.77897
v 4.38000 7.34905 -0.76947
v 4.32000 7.38032 -0.81971
v 4.34182 7.39681 -0.81892
v 4.32000 7.38276 -0.79727
v 4.30000 7.39256 -0.79905
v 4.29756 7.40049 -0.82341
v 4.27147 7.40400 -0.83968
v 4.28333 7.38230 -0.82292
v 4.26000 7.37998 -0.82064
v 4.28500 7.38615 -0.79448
v 4.24794 7.37347 -0.79584
v 4.47738 7.31880 -0.79937
v 4.49174 7.32000 -0.77872
v 4.50000 7.30000 -0.79206
v 4.18000 7.39514 -0.75941
v 4.18209 7.39854 -0.78083
v 4.16000 7.38019 -0.77994
v 2.50000 7.27008 -0.78693
v 2.48131 7.29199 -0.78718
v 2.50131 7.30123 -0.78809
v 2.48627 7.32000 -0.78372
v 2.38637 7.37846 -0.80867
v 2.40210 7.38000 -0.78473
v 2.39883 7.36934 -0.80743
v 2.39248 7.40000 -0.78781
v 2.42000 7.37665 -0.79346
v 2.42016 7.78020 -0.80644
v 2.43325 7.77429 -0.82642
v 2.44116 7.79789 -0.82254
v 3.61744 7.65820 -0.77868
v 3.64000 7.68252 -0.77684
v 3.62000 7.66924 -0.76076
v 2.48249 7.36634 -0.90838
v 2.49763 7.34000 -0.88591
v 2.48000 7.35025 -0.88691
v 2.45999 7.36002 -0.90700
v 4.38000 7.34905 -0.76947
v 4.36000 7.32745 -0.77905
v 4.35947 7.34049 -0.75944
v 4.34000 7.32053 -0.76049
v 4.32000 7.31182 -0.77920
v 4.32000 7.32015 -0.75919
v 4.38349 7.33167 -0.77897
v 2.60000 7.48208 -0.76453
v 2.62200 7.48000 -0.76810
v 2.59951 7.46794 -0.78767
v 2.61973 7.50074 -0.76594
v 3.75943 7.54834 -0.72064
v 3.78000 7.53746 -0.71897
v 3.77653 7.55579 -0.70041
v 3.77991 7.52655 -0.74238
v 3.79501 7.52000 -0.70042
v 3.73949 7.59900 -0.72187
v 3.78022 7.55908 -0.73995
v 3.76188 7.58297 -0.75040
v 3.74821 7.60000 -0.74042
v 3.78049 7.56092 -0.76157
v 3.78068 7.53816 -0.76526
v 3.76000 7.58000 -0.77735
v 2.64000 7.80982 -0.78518
v 2.62156 7.81500 -0.79342
v 2.63890 7.82003 -0.80516
v 2.66000 7.80248 -0.80695
v 3.93616 7.34381 -0.84033
v 3.93702 7.34000 -0.86408
v 3.91954 7.35843 -0.86035
v 2.58049 7.44001 -0.80576
v 2.58026 7.41966 -0.78585
v 2.60000 7.42000 -0.79462
v 2.53969 7.33974 -0.82607
v 2.53880 7.33996 -0.84681
v 2.54211 7.36794 -0.82675
v 3.36000 7.62548 -0.80546
v 3.38120 7.63930 -0.79467
v 3.35000 7.64000 -0.79285
v 3.33813 7.62513 -0.80335
v 3.30900 7.63938 -0.78136
v 3.57355 7.61927 -0.80058
v 3.57937 7.61823 -0.82104
v 3.60000 7.60696 -0.80348
v 3.74270 7.22000 -0.78447
v 3.74316 7.22000 -0.75903
v 3.75375 7.24000 -0.78121
v 3.72000 7.22000 -0.81440
v 3.71871 7.23846 -0.79961
v 3.74012 7.26021 -0.78158
v 3.70000 7.24000 -0.81737
v 3.73047 7.26000 -0.80125
v 3.72000 7.29811 -0.78121
v 3.72089 7.28154 -0.80206
v 3.70000 7.28990 -0.78130
v 3.70000 7.28137 -0.80306
v 3.68000 7.26000 -0.80775
v 3.93490 7.37419 -0.80026
v 3.95730 7.38000 -0.80397
v 3.94106 7.35967 -0.78120
v 3.92000 7.35814 -0.78091
v 2.58049 7.44001 -0.80576
v 2.59647 7.44000 -0.78868
v 2.58026 7.41966 -0.78585
v 3.69853 7.32000 -0.72124
v 3.71206 7.28000 -0.70128
v 3.69311 7.30000 -0.71732
v 3.98000 7.43153 -0.73997
v 3.98000 7.41654 -0.71678
v 3.95965 7.42024 -0.72007
v 3.94923 7.44185 -0.73947
v 3.94000 7.41664 -0.72333
v 3.93913 7.40423 -0.70017
v 3.98000 7.43432 -0.77996
v 3.96000 7.44515 -0.78645
v 3.97864 7.42155 -0.80221
v 3.94918 7.43909 -0.76006
v 3.94000 7.44316 -0.78280
v 3.91999 7.45916 -0.78004
v 3.35774 7.52289 -0.82338
v 3.33821 7.53811 -0.80339
v 3.36053 7.52077 -0.80345
v 2.40826 7.38000 -0.83241
v 2.39876 7.36164 -0.84830
v 2.42000 7.35771 -0.83558
v 2.38000 7.36000 -0.83737
v 2.37000 7.38540 -0.82876
v 2.40000 7.40001 -0.82728
v 2.38000 7.35818 -0.79054
v 2.36000 7.39000 -0.77766
v 2.36000 7.37018 -0.78755
v 2.33500 7.38401 -0.78540
v 2.38000 7.38000 -0.77587
v 2.40210 7.38000 -0.78473
v 2.36000 7.42000 -0.77992
v 2.39248 7.40000 -0.78781
v 2.37964 7.41954 -0.78747
v 2.36130 7.44976 -0.78602
v 2.34000 7.42000 -0.76816
v 2.33783 7.44000 -0.76975
v 2.33962 7.47006 -0.76815
v 2.38000 7.44000 -0.80038
v 2.40018 7.44029 -0.80750
v 2.39640 7.41841 -0.80906
v 2.41513 7.40000 -0.81175
v 2.39883 7.36934 -0.80743
v 4.24259 7.34174 -0.77935
v 4.24011 7.33998 -0.79938
v 4.26000 7.32037 -0.78034
v 3.33813 7.62513 -0.80335
v 3.34000 7.62096 -0.78370
v 3.32000 7.60229 -0.78577
v 2.26363 7.26000 -0.80575
v 2.23941 7.23036 -0.78950
v 2.25806 7.24007 -0.80894
v 2.26979 7.21990 -0.80503
v 2.30000 7.24270 -0.82598
v 2.30000 7.26796 -0.84591
v 2.27093 7.20271 -0.78719
v 2.25893 7.25942 -0.82670
v 2.26000 7.28544 -0.83264
v 2.27778 7.29685 -0.84922
v 2.31000 7.21801 -0.80934
v 2.36000 7.21686 -0.81025
v 4.50000 7.32000 -0.80529
v 4.47738 7.31880 -0.79937
v 4.50000 7.30000 -0.79206
v 4.29500 7.31873 -0.77388
v 4.30000 7.33412 -0.75920
v 4.32000 7.32015 -0.75919
v 4.32000 7.31182 -0.77920
v 4.28147 7.31867 -0.75929
v 2.20000 6.42000 -0.76496
v 2.23500 6.43629 -0.77126
v 2.22000 6.42000 -0.76038
v 2.44780 6.46000 -0.76585
v 2.48000 6.44000 -0.75394
v 2.52000 6.43900 -0.74853
v 2.57000 6.44219 -0.74625
v 2.42000 6.48000 -0.76194
v 2.45440 6.49320 -0.76728
v 2.51000 6.46000 -0.76343
v 2.61000 6.46809 -0.76816
v 2.54000 6.46000 -0.76693
v 2.47991 6.46003 -0.76863
v 2.56000 6.46000 -0.76071
v 2.44000 6.48000 -0.75630
v 3.66174 7.36226 -0.66129
v 3.66000 7.38000 -0.64125
v 3.66000 7.38896 -0.66123
v 4.19849 7.28000 -0.77963
v 4.18010 7.26090 -0.76872
v 4.17892 7.28189 -0.76347
v 4.19923 7.30046 -0.77885
v 4.39495 7.40129 -0.82076
v 4.37806 7.38073 -0.79836
v 4.37996 7.38000 -0.81871
v 3.54000 7.67568 -0.78009
v 3.51626 7.67260 -0.78118
v 3.51613 7.67380 -0.80118
v 3.53910 7.68096 -0.80142
v 3.56000 7.67524 -0.80100
v 3.58000 7.67609 -0.77850
v 3.54103 7.66177 -0.82259
v 3.51938 7.67925 -0.82116
v 3.70058 7.35750 -0.74615
v 3.67671 7.37000 -0.77887
v 3.67785 7.36000 -0.75751
v 3.56000 7.62000 -0.83152
v 3.54003 7.62266 -0.82101
v 3.53973 7.60784 -0.84191
v 3.51938 7.67925 -0.82116
v 3.50044 7.68047 -0.84167
v 3.51501 7.65386 -0.84123
v 3.50499 7.70066 -0.82261
v 3.47956 7.69923 -0.85002
v 3.48396 7.68000 -0.86484
v 3.50243 7.66199 -0.86222
v 3.48185 7.72000 -0.82498
v 3.45807 7.70027 -0.86114
v 3.54103 7.66177 -0.82259
v 3.54098 7.63949 -0.84161
v 3.56000 7.67524 -0.80100
v 3.46000 7.68000 -0.87397
v 3.57430 7.64000 -0.79807
v 3.58000 7.67609 -0.77850
v 3.57937 7.61823 -0.82104
v 3.53910 7.68096 -0.80142
v 3.52415 7.64000 -0.86531
v 3.57596 7.58748 -0.82144
v 3.60000 7.60696 -0.80348
v 3.60000 7.56000 -0.80865
v 3.57823 7.53726 -0.81995
v 3.56076 7.55946 -0.84245
v 3.61197 7.54011 -0.80108
v 3.60000 7.51972 -0.82151
v 3.56161 7.58109 -0.84252
v 3.54000 7.56000 -0.85431
v 3.56000 7.60000 -0.82587
v 3.52000 7.56000 -0.85625
v 3.52000 7.60000 -0.85372
v 3.52001 7.61999 -0.86151
v 3.62015 7.51997 -0.82091
v 3.66837 7.36098 -0.70050
v 3.68643 7.34085 -0.70033
v 3.66994 7.36000 -0.68126
v 2.50000 7.36000 -0.81929
v 2.51584 7.34000 -0.80672
v 2.52000 7.34996 -0.82668
v 2.47737 7.34072 -0.79470
v 2.48000 7.36000 -0.82611
v 2.46056 7.36051 -0.80650
v 2.46000 7.34000 -0.77879
v 2.46000 7.38111 -0.82631
v 2.48627 7.32000 -0.78372
v 2.50001 7.31999 -0.80682
v 2.46011 7.31045 -0.76702
v 2.43786 7.33718 -0.77474
v 2.42479 7.33840 -0.74654
v 2.42063 7.36053 -0.76654
v 2.44000 7.32000 -0.73262
v 2.44000 7.36000 -0.77658
v 2.42000 7.37665 -0.79346
v 2.39830 7.36201 -0.76735
v 2.40210 7.38000 -0.78473
v 2.39828 7.35954 -0.74668
v 2.42000 7.32000 -0.73627
v 2.40000 7.34000 -0.75692
v 2.60000 7.29628 -0.84862
v 2.62000 7.28476 -0.84525
v 2.62133 7.27890 -0.86670
v 2.39640 7.41841 -0.80906
v 2.41513 7.40000 -0.81175
v 2.40000 7.40001 -0.82728
v 4.37806 7.38073 -0.79836
v 4.36479 7.40000 -0.82037
v 4.37996 7.38000 -0.81871
v 2.23809 7.89847 -0.85277
v 2.26000 7.92000 -0.84502
v 2.26248 7.90000 -0.85053
v 2.43919 7.50049 -0.82825
v 2.42056 7.51517 -0.84774
v 2.42000 7.50268 -0.82580
v 2.40000 7.50000 -0.82710
v 3.91928 7.31895 -0.83020
v 3.91980 7.33982 -0.82027
v 3.90433 7.33404 -0.84046
v 3.36214 7.58000 -0.84205
v 3.38092 7.55894 -0.82250
v 3.36952 7.56000 -0.84206
v 3.36822 7.54000 -0.82211
v 3.38426 7.59560 -0.84808
v 3.99969 7.44016 -0.81911
v 4.00000 7.42990 -0.79991
v 3.97864 7.42155 -0.80221
v 3.69684 7.40000 -0.75739
v 3.70058 7.35750 -0.74615
v 3.69933 7.38261 -0.74110
v 3.67999 7.36000 -0.72111
v 3.69846 7.34000 -0.72120
v 3.68643 7.34085 -0.70033
v 3.68138 7.31929 -0.70104
v 3.69853 7.32000 -0.72124
v 3.69311 7.30000 -0.71732
v 3.67615 7.37689 -0.66120
v 3.66000 7.38000 -0.64125
v 3.66174 7.36226 -0.66129
v 3.59851 7.67889 -0.76083
v 3.60000 7.67411 -0.78083
v 3.62000 7.66924 -0.76076
v 3.58000 7.67609 -0.77850
v 3.61744 7.65820 -0.77868
v 3.62000 7.64000 -0.79213
v 3.57430 7.64000 -0.79807
v 3.57355 7.61927 -0.80058
v 3.60000 7.60696 -0.80348
v 3.62000 7.62000 -0.80865
v 3.63988 7.64017 -0.80023
v 3.64000 7.62000 -0.81800
v 3.62025 7.60008 -0.82099
v 3.64000 7.60000 -0.81637
v 3.66887 7.62033 -0.80197
v 3.65996 7.60000 -0.82080
v 3.70666 7.60140 -0.80122
v 3.71146 7.60113 -0.78072
v 3.63900 7.63897 -0.77992
v 3.64000 7.54000 -0.80427
v 3.64000 7.52000 -0.81254
v 3.66194 7.56000 -0.80371
v 3.62000 7.58000 -0.81358
v 3.61197 7.54011 -0.80108
v 3.60000 7.56000 -0.80865
v 3.62015 7.51997 -0.82091
v 2.58049 7.44001 -0.80576
v 2.60000 7.42000 -0.79462
v 2.59647 7.44000 -0.78868
v 3.62578 7.70000 -0.78067
v 3.64000 7.68252 -0.77684
v 3.64000 7.70000 -0.79738
v 2.26785 7.84127 -0.85070
v 2.26488 7.82000 -0.83305
v 2.25886 7.83835 -0.82858
v 2.39883 7.36934 -0.80743
v 2.38637 7.37846 -0.80867
v 2.37000 7.38540 -0.82876
v 2.39248 7.40000 -0.78781
v 2.71867 7.47144 -0.74424
v 2.72000 7.46901 -0.76539
v 2.74000 7.47666 -0.76198
v 2.49763 7.34000 -0.88591
v 2.47972 7.36000 -0.86698
v 2.48000 7.35025 -0.88691
v 2.47556 7.33948 -0.90728
v 3.57355 7.61927 -0.80058
v 3.57430 7.64000 -0.79807
v 3.57937 7.61823 -0.82104
v 3.67615 7.37689 -0.66120
v 3.66000 7.38896 -0.66123
v 3.66000 7.38000 -0.64125
v 2.57983 7.36000 -0.84970
v 2.58080 7.38000 -0.84659
v 2.57742 7.38000 -0.82632
v 3.66000 7.38896 -0.66123
v 3.67615 7.37689 -0.66120
v 3.66174 7.36226 -0.66129
v 2.38742 7.82000 -0.82287
v 2.38032 7.79947 -0.82672
v 2.38000 7.82000 -0.84064
v 4.24011 7.33998 -0.79938
v 4.24259 7.34174 -0.77935
v 4.26000 7.34341 -0.79930
v 2.44039 7.30062 -0.72690
v 2.44035 7.29969 -0.74722
v 2.44000 7.32000 -0.73262
v 2.46011 7.31045 -0.76702
v 2.44000 7.29418 -0.76723
v 2.43814 7.28010 -0.78726
v 2.48131 7.29199 -0.78718
v 2.41739 7.29800 -0.74538
v 2.48627 7.32000 -0.78372
v 2.42000 7.30091 -0.77062
v 2.29676 7.68000 -0.74668
v 2.28690 7.66000 -0.74748
v 2.29527 7.64000 -0.74065
v 2.28000 7.62000 -0.73527
v 2.29320 7.59538 -0.73268
v 2.32000 7.61000 -0.73693
v 2.32132 7.64979 -0.74551
v 2.34152 7.60507 -0.74606
v 2.32013 7.56122 -0.72739
v 2.30000 7.58000 -0.73788
v 2.30000 7.54000 -0.71888
v 2.33614 7.68000 -0.76975
v 2.33117 7.70000 -0.76715
v 2.34254 7.56000 -0.74415
v 2.34892 7.64000 -0.76715
v 2.30135 7.70119 -0.74659
v 2.30000 7.73540 -0.76727
v 2.31715 7.71622 -0.76720
v 2.27977 7.70009 -0.74766
v 2.31899 7.53000 -0.73319
v 2.34000 7.52000 -0.73398
v 2.30011 7.50839 -0.70759
v 2.33996 7.49197 -0.74551
v 2.28000 7.54000 -0.69651
v 2.35692 7.70090 -0.79591
v 2.33520 7.46000 -0.74754
v 2.28841 7.45853 -0.70683
v 2.28000 7.50000 -0.69450
v 2.26000 7.48278 -0.68824
v 2.30137 7.43913 -0.72664
v 2.32177 7.43619 -0.74589
v 2.28532 7.72000 -0.76739
v 1.88041 8.11107 -0.77248
v 1.85893 8.11325 -0.78985
v 1.86463 8.12000 -0.77040
v 3.96000 7.46000 -0.72973
v 3.94923 7.44185 -0.73947
v 3.95761 7.46174 -0.74755
v 1.85893 8.11325 -0.78985
v 1.86823 8.14000 -0.76770
v 1.86463 8.12000 -0.77040
v 3.46000 7.69233 -0.83895
v 3.44468 7.70000 -0.84143
v 3.45807 7.70027 -0.86114
v 3.47956 7.69923 -0.85002
v 2.55989 7.62000 -0.78590
v 2.56000 7.61190 -0.76599
v 2.56807 7.59500 -0.76522
v 3.85895 7.36160 -0.79762
v 3.85958 7.31957 -0.79279
v 3.85315 7.34000 -0.80063
v 4.07490 7.42000 -0.80416
v 4.08000 7.40041 -0.79971
v 4.08000 7.42000 -0.78853
v 2.62200 7.48000 -0.76810
v 2.61973 7.50074 -0.76594
v 2.62047 7.45917 -0.75919
v 2.53969 7.33974 -0.82607
v 2.50000 7.36000 -0.81929
v 2.52000 7.34996 -0.82668
v 2.51945 7.36034 -0.84414
v 2.50000 7.37007 -0.86676
v 2.52000 7.34402 -0.87152
v 2.50000 7.36000 -0.88647
v 2.53880 7.33996 -0.84681
v 2.48001 7.38230 -0.87460
v 2.54217 7.34142 -0.86911
v 2.60353 7.39193 -0.80756
v 2.59647 7.44000 -0.78868
v 2.60000 7.42000 -0.79462
v 2.62158 7.54861 -0.80494
v 2.62126 7.51769 -0.78349
v 2.61717 7.52000 -0.80788
v 2.63122 7.56000 -0.78570
v 2.61015 7.50000 -0.78592
v 2.61240 7.49000 -0.81023
v 2.59951 7.46794 -0.78767
v 2.60000 7.48208 -0.76453
v 2.62439 7.55387 -0.76699
v 2.61647 7.46000 -0.80898
v 2.61852 7.43000 -0.81358
v 2.61940 7.39961 -0.82658
v 2.63414 7.37935 -0.82962
v 2.58000 7.50224 -0.76637
v 2.61762 7.57805 -0.79502
v 2.29612 7.32260 -0.82058
v 2.29982 7.29986 -0.84795
v 2.31994 7.33066 -0.84797
v 2.24000 7.92000 -0.82023
v 2.26000 7.92000 -0.84502
v 2.26000 7.95000 -0.83521
v 2.24191 7.90068 -0.82840
v 2.24034 7.94036 -0.82709
v 2.24000 7.97000 -0.83447
v 2.21627 7.96957 -0.82469
v 2.22000 7.94000 -0.81772
v 2.21516 7.91838 -0.82688
v 2.20000 7.93691 -0.82672
v 4.12000 7.41575 -0.79853
v 4.08000 7.42000 -0.78853
v 4.08000 7.40041 -0.79971
v 2.14242 7.30118 -0.82894
v 2.14000 7.30000 -0.85877
v 2.16383 7.28420 -0.83333
v 2.12000 7.31484 -0.84906
v 2.59831 7.35825 -0.82451
v 2.58080 7.38000 -0.84659
v 2.60535 7.36330 -0.84907
v 2.61958 7.33927 -0.82582
v 4.23500 7.37418 -0.81419
v 4.21776 7.40039 -0.81568
v 4.23934 7.39942 -0.79907
v 4.24794 7.37347 -0.79584
v 1.84000 8.16000 -0.75458
v 1.81000 8.13500 -0.75874
v 1.84000 8.14000 -0.76698
v 1.86823 8.14000 -0.76770
v 1.85977 8.15973 -0.76946
v 4.12000 7.33979 -0.81995
v 4.11769 7.30937 -0.84016
v 4.14000 7.33932 -0.82033
v 4.14104 7.31944 -0.84059
v 2.46000 7.32000 -0.88067
v 2.46729 7.33635 -0.86416
v 2.43874 7.34133 -0.86762
v 2.47972 7.36000 -0.86698
v 2.50000 7.36000 -0.88647
v 2.48001 7.38230 -0.87460
v 2.49763 7.34000 -0.88591
v 3.96000 7.44515 -0.78645
v 3.94000 7.42000 -0.79227
v 3.96000 7.42000 -0.78167
v 3.96000 7.40000 -0.79173
v 2.25893 7.25942 -0.82670
v 2.26000 7.28544 -0.83264
v 2.24089 7.28000 -0.82839
v 2.06000 7.50000 -0.79959
v 2.06000 7.46000 -0.80657
v 2.06000 7.44000 -0.80482
v 4.32000 7.07736 -0.72375
v 4.37500 7.06143 -0.70637
v 4.33881 7.05987 -0.69994
v 4.34000 7.10000 -0.75167
v 4.36000 7.10514 -0.76240
v 4.42000 7.07166 -0.72339
v 4.42561 7.10394 -0.76134
v 4.44000 7.08069 -0.74114
v 4.31811 7.10067 -0.75933
v 4.42730 7.04533 -0.69958
v 4.47000 7.05824 -0.72173
v 4.48000 7.03912 -0.70065
v 4.53000 7.05668 -0.72337
v 4.52000 7.03948 -0.69696
v 4.50000 7.04000 -0.68719
v 4.59000 7.05681 -0.72301
v 4.56000 7.03944 -0.69700
v 4.55000 7.07123 -0.73921
v 4.54000 7.04000 -0.68820
v 4.61076 7.04237 -0.69879
v 4.67000 7.05032 -0.69900
v 4.49500 7.07568 -0.73934
v 4.46000 7.04000 -0.68970
v 4.60000 7.07212 -0.73910
v 4.57000 7.06836 -0.75918
v 4.66000 7.06498 -0.74533
v 4.64881 7.05959 -0.71997
v 4.30000 7.08627 -0.73982
v 4.30000 7.07741 -0.71776
v 4.24000 7.06347 -0.72004
v 4.23817 7.07983 -0.74001
v 4.20555 7.05956 -0.72069
v 4.19000 7.07748 -0.74015
v 4.15000 7.05736 -0.72338
v 4.14000 7.07456 -0.74031
v 4.07000 7.06616 -0.73900
v 4.18000 7.05513 -0.69911
v 4.14750 7.05092 -0.69847
v 4.08500 7.03848 -0.70174
v 4.04000 7.03089 -0.70072
v 3.98000 7.05306 -0.74086
v 4.04000 7.06216 -0.74393
v 3.98500 7.03390 -0.69827
v 3.96000 7.04383 -0.74798
v 3.94000 7.04645 -0.74100
v 3.93000 7.02458 -0.70109
v 3.92000 7.03835 -0.72507
v 3.90000 7.04152 -0.74055
v 3.92000 7.05709 -0.74104
v 3.89000 7.02680 -0.70122
v 3.87250 7.04063 -0.73367
v 3.84998 7.01957 -0.70178
v 3.79921 7.02973 -0.74305
v 3.81686 7.02199 -0.72148
v 3.81051 7.00765 -0.70069
v 4.23928 7.06000 -0.70005
v 4.68000 7.06819 -0.71893
v 2.96000 7.33000 -0.74887
v 2.94827 7.36025 -0.74444
v 3.06000 7.30466 -0.74537
v 3.02000 7.27592 -0.76160
v 3.04000 7.28000 -0.75237
v 3.05500 7.26000 -0.77140
v 3.00000 7.50000 -0.76888
v 3.04000 7.51000 -0.76866
v 3.10000 7.54373 -0.76232
v 3.11054 7.28083 -0.74461
v 2.83018 7.40114 -0.76548
v 2.82500 7.45000 -0.74902
v 2.80000 7.39179 -0.77169
v 2.80000 7.45000 -0.74943
v 2.80000 7.48000 -0.74741
v 2.76996 7.41996 -0.76985
v 2.83000 7.51000 -0.75066
v 2.79750 7.52500 -0.75696
v 2.74000 7.47666 -0.76198
v 2.82879 7.59702 -0.76481
v 2.77776 7.57841 -0.76516
v 2.78000 7.61000 -0.77383
v 2.83250 7.63500 -0.77330
v 2.88000 7.58000 -0.76075
v 2.79484 7.65002 -0.78114
v 2.87000 7.66000 -0.78164
v 2.77079 7.39025 -0.78541
v 2.74119 7.42171 -0.78609
v 2.74000 7.46000 -0.77324
v 2.70396 7.46000 -0.78707
v 2.72000 7.46901 -0.76539
v 2.72015 7.42019 -0.80556
v 2.76000 7.50000 -0.75810
v 2.84897 7.36500 -0.77030
v 2.73137 7.40000 -0.80075
v 2.76000 7.62000 -0.77468
v 2.86000 7.69127 -0.78634
v 2.82538 7.70719 -0.79194
v 2.80000 7.69000 -0.79274
v 2.77967 7.68982 -0.79258
v 2.77000 7.46000 -0.75565
v 2.70119 7.44102 -0.80627
v 2.68000 7.44000 -0.82205
v 2.65165 7.40000 -0.82520
v 2.66185 7.37890 -0.82679
v 2.66000 7.44000 -0.82389
v 2.61940 7.39961 -0.82658
v 2.64000 7.47000 -0.81672
v 2.61852 7.43000 -0.81358
v 2.61647 7.46000 -0.80898
v 2.61240 7.49000 -0.81023
v 2.66000 7.47000 -0.81480
v 2.66965 7.49500 -0.80473
v 3.08000 7.27629 -0.76016
v 2.90250 7.75000 -0.79874
v 2.85266 7.77145 -0.80816
v 2.94000 7.80000 -0.80119
v 2.90871 7.69094 -0.78556
v 2.98500 7.79750 -0.79774
v 2.63414 7.37935 -0.82962
v 2.98885 7.83727 -0.80373
v 3.03500 7.84282 -0.80264
v 3.01000 7.86000 -0.80976
v 2.92000 7.84000 -0.80675
v 2.64000 7.50000 -0.81598
v 3.05000 7.56500 -0.77511
v 3.08001 7.84982 -0.80795
v 3.22000 7.42790 -0.74662
v 3.25545 7.44000 -0.74429
v 3.28000 7.44000 -0.75324
v 3.30101 7.41844 -0.76211
v 3.30000 7.44000 -0.77213
v 3.28000 7.48000 -0.77009
v 3.30180 7.49024 -0.78209
v 3.33899 7.45818 -0.79183
v 3.24000 7.46578 -0.74259
v 3.28018 7.51912 -0.76238
v 3.26000 7.50000 -0.76792
v 3.26000 7.52000 -0.75762
v 3.29404 7.56000 -0.76240
v 3.27000 7.55000 -0.75843
v 3.24000 7.52000 -0.75734
v 3.24000 7.56865 -0.76212
v 3.22612 7.55000 -0.76441
v 3.27500 7.57775 -0.76876
v 3.22493 7.51000 -0.76623
v 3.20000 7.52000 -0.77093
v 3.19870 7.47114 -0.76270
v 3.17152 7.49500 -0.75758
v 3.18000 7.53790 -0.76166
v 3.18187 7.46401 -0.74282
v 3.18422 7.44000 -0.74161
v 3.20000 7.58000 -0.77475
v 3.32912 7.42000 -0.78253
v 3.22000 7.58000 -0.77265
v 3.14000 7.26000 -0.75098
v 3.24000 7.50000 -0.74907
v 3.22000 7.46076 -0.76257
v 3.17000 7.58000 -0.77078
v 3.14500 7.55112 -0.76440
v 3.17827 7.59810 -0.78367
v 3.15500 7.61000 -0.77591
v 3.20000 7.62000 -0.78916
v 2.68104 7.46280 -0.80699
v 3.10000 7.50000 -0.75062
v 3.32000 7.47697 -0.78374
v 3.26000 7.46000 -0.75511
v 2.94000 7.86000 -0.81150
v 2.92000 7.86000 -0.81270
v 2.95000 7.88000 -0.80853
v 2.92069 7.87987 -0.80355
v 3.02000 7.56000 -0.77166
v 3.02000 7.59500 -0.77766
v 3.07000 7.60000 -0.77337
v 3.11000 7.60000 -0.76970
v 3.11000 7.62000 -0.77619
v 3.04036 7.61978 -0.78350
v 2.90000 7.62000 -0.77439
v 2.87000 7.53500 -0.75703
v 2.93073 7.55019 -0.76613
v 2.91608 7.51000 -0.76245
v 2.88000 7.50000 -0.75373
v 2.97000 7.76000 -0.79702
v 3.09500 7.67500 -0.77990
v 3.16513 7.65615 -0.77953
v 3.15554 7.70040 -0.78499
v 3.09000 7.70901 -0.78212
v 3.13000 7.74500 -0.78807
v 3.07000 7.74000 -0.78518
v 3.20000 7.75000 -0.79509
v 3.17000 7.77000 -0.79747
v 3.22000 7.74000 -0.79529
v 3.11000 7.78000 -0.79484
v 3.21000 7.70000 -0.79576
v 3.20457 7.78000 -0.80077
v 3.20000 7.80000 -0.79381
v 3.22000 7.80000 -0.81268
v 3.20000 7.82000 -0.81437
v 3.24000 7.78000 -0.82147
v 3.24000 7.76179 -0.80069
v 3.25996 7.75869 -0.82233
v 3.26325 7.80250 -0.81912
v 3.22000 7.76000 -0.78714
v 3.06231 7.66818 -0.78347
v 3.03000 7.67847 -0.78208
v 2.99108 7.69522 -0.78395
v 2.99347 7.66000 -0.78420
v 3.11831 7.56779 -0.76330
v 2.94000 7.34000 -0.76074
v 2.92000 7.36000 -0.75602
v 2.95000 7.72000 -0.79198
v 2.88000 7.82000 -0.81036
v 2.84000 7.82000 -0.81939
v 2.86201 7.84741 -0.80881
v 2.83000 7.84000 -0.81177
v 2.80000 7.82000 -0.82040
v 2.78474 7.82687 -0.81089
v 2.79000 7.78000 -0.81499
v 2.95532 7.62000 -0.78186
v 3.18197 7.82000 -0.80110
v 2.88000 7.84000 -0.80929
v 2.90000 7.48000 -0.75632
v 3.21000 7.68000 -0.79030
v 2.80844 7.35000 -0.77997
v 2.73912 7.50000 -0.74579
v 2.71867 7.47144 -0.74424
v 2.71847 7.52877 -0.74521
v 2.75000 7.57062 -0.76015
v 2.97750 7.54250 -0.77101
v 2.92000 7.67201 -0.78501
v 3.01000 7.73389 -0.78944
v 2.88014 7.48027 -0.74446
v 2.73996 7.68001 -0.78488
v 2.74000 7.65000 -0.77617
v 2.72000 7.64000 -0.77762
v 2.70000 7.68000 -0.79230
v 2.73000 7.70000 -0.79812
v 2.69717 7.72000 -0.80403
v 2.75000 7.76000 -0.81073
v 2.72000 7.73845 -0.80523
v 2.70000 7.74000 -0.80812
v 2.68000 7.72000 -0.81699
v 2.68000 7.76000 -0.81788
v 2.65227 7.70443 -0.80470
v 2.72000 7.76000 -0.81976
v 2.65967 7.75164 -0.80527
v 2.68000 7.78000 -0.81132
v 2.70000 7.78000 -0.81192
v 2.69895 7.65117 -0.78089
v 2.69577 7.63000 -0.78085
v 2.71962 7.62043 -0.76496
v 2.69660 7.60500 -0.77902
v 2.68103 7.65000 -0.81259
v 2.69961 7.57039 -0.76494
v 2.68000 7.69000 -0.81600
v 2.76000 7.72767 -0.79932
v 3.24000 7.71000 -0.79247
v 3.26026 7.66912 -0.78190
v 3.26000 7.70000 -0.78433
v 3.27000 7.72000 -0.79491
v 3.26000 7.74000 -0.79671
v 3.28000 7.74000 -0.79451
v 3.30000 7.72000 -0.79679
v 3.28000 7.75650 -0.80814
v 3.30000 7.75227 -0.81422
v 3.31852 7.71000 -0.80846
v 3.32000 7.68000 -0.79803
v 3.34000 7.68825 -0.80091
v 3.30000 7.68000 -0.79267
v 3.32000 7.76000 -0.82944
v 3.34209 7.74376 -0.82069
v 3.36150 7.72215 -0.82060
v 3.34427 7.76000 -0.83934
v 3.34107 7.78154 -0.84098
v 3.32000 7.78000 -0.83068
v 3.31844 7.79834 -0.84445
v 3.32000 7.82367 -0.85871
v 3.34000 7.82000 -0.86891
v 3.32000 7.84000 -0.87281
v 3.30000 7.81346 -0.84449
v 3.36000 7.80000 -0.87033
v 3.36000 7.78000 -0.85308
v 3.28902 7.83905 -0.86008
v 3.31000 7.66000 -0.79056
v 3.34810 7.66500 -0.79986
v 3.30900 7.63938 -0.78136
v 3.35000 7.64000 -0.79285
v 3.38009 7.67048 -0.80244
v 3.38120 7.63930 -0.79467
v 3.36129 7.67696 -0.82316
v 3.28000 7.70000 -0.79193
v 2.98000 7.60000 -0.77718
v 3.35932 7.70111 -0.82332
v 3.27000 7.60000 -0.77498
v 3.32000 7.60229 -0.78577
v 3.29009 7.62006 -0.78306
v 3.26000 7.63000 -0.77678
v 3.30000 7.78000 -0.83269
v 2.88000 7.46000 -0.75781
v 2.75000 7.34000 -0.79710
v 3.30346 7.58000 -0.78023
v 2.64000 7.36000 -0.82041
v 2.59831 7.35825 -0.82451
v 2.61958 7.33927 -0.82582
v 2.72000 7.36000 -0.80217
v 3.28255 7.66000 -0.78114
v 2.95040 7.64886 -0.78276
v 3.24000 7.74000 -0.78709
v 3.24000 7.82295 -0.81969
v 3.38920 7.80040 -0.86050
v 3.38000 7.82000 -0.87425
v 3.38000 7.78000 -0.85162
v 2.65999 7.70000 -0.82538
v 3.20051 7.66000 -0.78286
v 2.74000 7.79140 -0.82151
v 3.36284 7.73407 -0.84460
v 3.04000 7.78000 -0.79297
v 2.68782 7.36000 -0.80780
v 2.68000 7.34000 -0.81685
v 2.65000 7.32762 -0.82602
v 2.62000 7.32236 -0.85002
v 2.67000 7.32000 -0.83288
v 2.70000 7.32000 -0.81870
v 2.69184 7.29000 -0.82246
v 2.63898 7.30994 -0.84591
v 2.70950 7.30000 -0.80575
v 2.71920 7.28000 -0.80526
v 2.69944 7.22098 -0.80565
v 2.67514 7.26978 -0.82592
v 2.64000 7.28000 -0.84082
v 3.22792 7.62000 -0.78436
v 2.74011 7.62013 -0.76495
v 2.72000 7.79000 -0.81838
v 3.12415 7.82905 -0.80242
v 3.15000 7.84000 -0.80910
v 2.71186 7.34000 -0.81271
v 3.27661 7.78000 -0.82567
v 3.07500 7.80500 -0.79589
v 3.28000 7.68000 -0.76465
v 2.62721 7.30000 -0.87028
v 2.93500 7.58000 -0.76874
v 2.66156 7.53005 -0.82666
v 2.63845 7.51799 -0.82722
v 2.64000 7.56000 -0.84408
v 2.66000 7.56000 -0.83866
v 2.66204 7.61000 -0.83164
v 2.64000 7.59000 -0.84077
v 2.67617 7.59500 -0.82115
v 2.64000 7.64000 -0.83597
v 2.61717 7.52000 -0.80788
v 2.76000 7.82570 -0.81262
v 2.66284 7.66000 -0.82714
v 3.22000 7.64000 -0.77817
v 2.72000 7.57000 -0.75539
v 2.81000 7.75039 -0.80648
v 2.70000 7.80000 -0.81961
v 2.68000 7.80299 -0.80881
v 2.70588 7.81732 -0.80481
v 3.38000 7.76000 -0.85216
v 3.10874 7.26004 -0.76377
v 3.10000 7.24000 -0.74978
v 3.06000 7.23926 -0.76396
v 2.72495 7.82000 -0.82121
v 3.24008 7.48001 -0.76281
v 3.19620 7.42000 -0.74510
v 2.69972 7.52946 -0.76489
v 3.18000 7.84000 -0.80589
v 3.11000 7.60000 -0.76970
v 3.11831 7.56779 -0.76330
v 3.15500 7.61000 -0.77591
v 3.11000 7.62000 -0.77619
v 3.16513 7.65615 -0.77953
v 3.20051 7.66000 -0.78286
v 2.95000 7.72000 -0.79198
v 2.99108 7.69522 -0.78395
v 3.01000 7.73389 -0.78944
v 2.90871 7.69094 -0.78556
v 2.92000 7.67201 -0.78501
v 2.95040 7.64886 -0.78276
v 2.95040 7.64886 -0.78276
v 2.90000 7.62000 -0.77439
v 2.95532 7.62000 -0.78186
v 2.93500 7.58000 -0.76874
v 3.11831 7.56779 -0.76330
v 3.10000 7.54373 -0.76232
v 3.14500 7.55112 -0.76440
v 3.10000 7.50000 -0.75062
v 2.79000 7.78000 -0.81499
v 2.75000 7.76000 -0.81073
v 2.81000 7.75039 -0.80648
v 2.74000 7.79140 -0.82151
v 2.76000 7.82570 -0.81262
v 3.26026 7.66912 -0.78190
v 3.22000 7.64000 -0.77817
v 3.26000 7.63000 -0.77678
v 3.28255 7.66000 -0.78114
v 3.28000 7.68000 -0.76465
v 3.29009 7.62006 -0.78306
v 3.30900 7.63938 -0.78136
v 3.28255 7.66000 -0.78114
v 3.32000 7.62000 -0.77307
v 3.32000 7.60229 -0.78577
v 3.34000 7.62096 -0.78370
v 3.20000 7.62000 -0.78916
v 3.22792 7.62000 -0.78436
v 3.20051 7.66000 -0.78286
v 3.22000 7.64000 -0.77817
v 3.24000 7.76179 -0.80069
v 3.26000 7.74000 -0.79671
v 3.28000 7.74000 -0.79451
v 3.24000 7.74000 -0.78709
v 3.28000 7.75650 -0.80814
v 3.22000 7.74000 -0.79529
v 3.22000 7.76000 -0.78714
v 2.70950 7.30000 -0.80575
v 2.75000 7.34000 -0.79710
v 2.71186 7.34000 -0.81271
v 2.63855 7.66300 -0.82643
v 2.64000 7.64000 -0.83597
v 2.66284 7.66000 -0.82714
v 2.65999 7.70000 -0.82538
v 2.74000 7.47666 -0.76198
v 2.74000 7.46000 -0.77324
v 2.77000 7.46000 -0.75565
v 2.72000 7.46901 -0.76539
v 2.70396 7.46000 -0.78707
v 2.66965 7.49500 -0.80473
v 2.68104 7.46280 -0.80699
v 2.69412 7.51000 -0.78545
v 3.27661 7.78000 -0.82567
v 3.25996 7.75869 -0.82233
v 3.28000 7.75650 -0.80814
v 2.68103 7.65000 -0.81259
v 2.66284 7.66000 -0.82714
v 2.66204 7.61000 -0.83164
v 2.67617 7.59500 -0.82115
v 2.37776 7.50000 -0.81049
v 2.35486 7.53000 -0.78936
v 2.35941 7.48000 -0.78778
v 2.36695 7.53000 -0.80724
v 2.34737 7.50000 -0.76740
v 2.33962 7.47006 -0.76815
v 2.33996 7.49197 -0.74551
v 2.36130 7.44976 -0.78602
v 2.35223 7.56000 -0.78727
v 2.37897 7.55090 -0.82740
v 2.36617 7.58000 -0.82715
v 2.35174 7.59000 -0.78722
v 2.34999 7.62500 -0.80217
v 2.34923 7.61000 -0.76720
v 2.36174 7.60972 -0.82618
v 2.36015 7.64159 -0.82774
v 2.35622 7.56000 -0.76725
v 2.38190 7.60999 -0.82820
v 2.35497 7.66481 -0.80707
v 2.38224 7.52000 -0.82635
v 2.37969 7.50799 -0.84860
v 2.37540 7.54000 -0.85216
v 2.40000 7.52000 -0.86232
v 2.39888 7.49977 -0.86745
v 2.39810 7.47000 -0.85367
v 2.37930 7.48125 -0.82829
v 2.37063 7.46000 -0.82734
v 2.40086 7.44157 -0.84559
v 2.38789 7.44000 -0.82727
v 2.41787 7.41829 -0.82869
v 2.39640 7.41841 -0.80906
v 2.40000 7.40001 -0.82728
v 2.40000 7.50000 -0.82710
v 2.37822 7.56318 -0.84711
v 2.37370 7.56071 -0.86796
v 2.40018 7.44029 -0.80750
v 2.34152 7.60507 -0.74606
v 2.34892 7.64000 -0.76715
v 2.34254 7.56000 -0.74415
v 2.35456 7.66726 -0.78707
v 2.33614 7.68000 -0.76975
v 2.33520 7.46000 -0.74754
v 2.32177 7.43619 -0.74589
v 2.33783 7.44000 -0.76975
v 2.31825 7.42094 -0.76869
v 2.35180 7.54000 -0.76731
v 2.34000 7.52000 -0.73398
v 2.37930 7.48125 -0.82829
v 2.37776 7.50000 -0.81049
v 2.37063 7.46000 -0.82734
v 2.40000 7.50000 -0.82710
v 2.30000 7.86000 -0.82735
v 2.31500 7.84000 -0.82776
v 2.32098 7.86848 -0.82728
v 2.28000 7.82000 -0.81834
v 2.28000 7.86000 -0.82779
v 2.25886 7.83835 -0.82858
v 2.26488 7.82000 -0.83305
v 2.34000 7.86000 -0.82751
v 2.36000 7.84000 -0.82073
v 2.37995 7.84816 -0.82701
v 2.27828 7.80000 -0.82576
v 2.25819 7.77813 -0.82893
v 2.21936 7.81908 -0.82792
v 2.24000 7.84000 -0.84179
v 2.30000 7.82000 -0.82080
v 2.36000 7.81000 -0.81970
v 2.38742 7.82000 -0.82287
v 2.38032 7.79947 -0.82672
v 2.36000 7.78000 -0.81732
v 2.37947 7.78109 -0.83459
v 2.38000 7.76000 -0.81051
v 2.40000 7.78000 -0.81005
v 2.41409 7.79857 -0.82165
v 2.32000 7.74000 -0.81876
v 2.37000 7.72000 -0.81222
v 2.43477 7.76726 -0.80543
v 2.39678 7.70000 -0.80665
v 2.35692 7.70090 -0.79591
v 2.42000 7.72000 -0.79934
v 2.44000 7.74000 -0.80331
v 2.44009 7.71010 -0.78940
v 2.46000 7.74000 -0.79295
v 2.47458 7.68993 -0.78739
v 2.47878 7.71952 -0.78574
v 2.50000 7.74000 -0.78329
v 2.53210 7.72000 -0.78783
v 2.46000 7.76000 -0.79782
v 2.40119 7.67953 -0.78498
v 2.33079 7.71918 -0.80808
v 2.42016 7.78020 -0.80644
v 2.52750 7.69542 -0.78313
v 2.58093 7.71045 -0.78763
v 2.58000 7.74000 -0.79132
v 2.63029 7.78044 -0.80472
v 2.58000 7.78000 -0.79592
v 2.48000 7.64000 -0.77272
v 2.62156 7.81500 -0.79342
v 2.58000 7.81716 -0.80682
v 2.56000 7.78000 -0.80010
v 2.55250 7.83500 -0.81952
v 2.51897 7.80082 -0.80553
v 2.52000 7.82000 -0.81492
v 2.52000 7.84167 -0.82505
v 2.54000 7.77000 -0.79703
v 2.65967 7.75164 -0.80527
v 2.61000 7.70837 -0.78946
v 2.65227 7.70443 -0.80470
v 2.60000 7.68000 -0.78201
v 2.54000 7.66000 -0.77941
v 2.52000 7.63000 -0.77447
v 2.53941 7.62020 -0.78665
v 2.53099 7.60245 -0.76593
v 2.56000 7.61190 -0.76599
v 2.50000 7.59000 -0.77719
v 2.51984 7.58038 -0.78646
v 2.52984 7.58000 -0.76622
v 2.48000 7.62000 -0.76926
v 2.55989 7.62000 -0.78590
v 2.56000 7.66000 -0.77628
v 2.68000 7.78000 -0.81132
v 2.50000 7.78204 -0.80416
v 2.62000 7.68000 -0.79168
v 2.64369 7.68000 -0.80149
v 2.45000 7.66000 -0.78006
v 2.66000 7.80248 -0.80695
v 2.63890 7.82003 -0.80516
v 2.68000 7.80299 -0.80881
v 2.54000 7.74000 -0.78823
v 2.62676 7.66037 -0.79817
v 2.30000 7.74000 -0.81678
v 2.42000 7.66000 -0.77144
v 2.40000 7.66000 -0.77063
v 2.37921 7.66392 -0.79550
v 2.42000 7.64000 -0.78003
v 2.44971 7.63971 -0.76834
v 2.28000 7.76000 -0.82180
v 2.46129 7.77945 -0.80705
v 2.51000 7.75788 -0.78911
v 2.56000 7.64000 -0.78101
v 2.58871 7.62000 -0.78537
v 2.56807 7.59500 -0.76522
v 2.26000 7.76000 -0.81999
v 2.28230 7.74149 -0.80586
v 2.46000 7.62000 -0.77595
v 2.44116 7.79789 -0.82254
v 2.44040 7.82182 -0.82579
v 2.48000 7.57000 -0.77978
v 2.49976 7.53835 -0.78556
v 2.52000 7.54000 -0.79794
v 2.50000 7.52000 -0.79639
v 2.51994 7.51808 -0.78541
v 2.49868 7.50203 -0.80816
v 2.48000 7.49224 -0.80244
v 2.54000 7.52000 -0.79640
v 2.34000 7.80000 -0.81548
v 2.46129 7.77945 -0.80705
v 2.46000 7.76000 -0.79782
v 2.50000 7.78204 -0.80416
v 2.51000 7.75788 -0.78911
v 2.48000 7.62000 -0.76926
v 2.48000 7.64000 -0.77272
v 2.46000 7.62000 -0.77595
v 2.30000 7.74000 -0.81678
v 2.28000 7.76000 -0.82180
v 2.28230 7.74149 -0.80586
v 2.40119 7.67953 -0.78498
v 2.35692 7.70090 -0.79591
v 2.36108 7.67986 -0.76661
v 2.33614 7.68000 -0.76975
v 4.19849 7.28000 -0.77963
v 4.16000 7.25685 -0.78277
v 4.18010 7.26090 -0.76872
v 4.18043 7.23945 -0.76005
v 4.20000 7.22878 -0.73907
v 4.20000 7.27000 -0.75024
v 4.20000 7.27000 -0.75024
v 4.17892 7.28189 -0.76347
v 4.18010 7.26090 -0.76872
v 3.60000 7.32000 -0.81108
v 3.62000 7.30000 -0.80898
v 3.62018 7.32038 -0.80111
v 3.66000 7.32000 -0.81642
v 3.65000 7.30000 -0.80930
v 3.62891 7.34027 -0.82147
v 3.58000 7.30000 -0.80324
v 3.56000 7.28000 -0.80895
v 3.54000 7.29000 -0.80904
v 3.68000 7.32000 -0.81246
v 3.61000 7.28000 -0.80825
v 3.57000 7.33000 -0.81204
v 3.68425 7.30500 -0.80660
v 3.54000 7.26000 -0.80812
v 3.55000 7.24181 -0.79842
v 3.50994 7.26139 -0.80101
v 3.51000 7.24000 -0.79869
v 3.48000 7.26000 -0.79207
v 3.47000 7.20000 -0.79717
v 3.49000 7.28000 -0.81071
v 3.23414 7.15196 -0.78124
v 3.22412 7.11932 -0.75636
v 3.20000 7.13574 -0.78459
v 3.18000 7.16271 -0.78253
v 3.15000 7.14000 -0.77335
v 3.18000 7.11548 -0.74888
v 3.13000 7.12657 -0.75692
v 3.14793 7.08121 -0.72432
v 3.09500 7.10100 -0.73975
v 3.09945 7.12023 -0.74394
v 3.07000 7.11640 -0.74674
v 3.08000 7.13827 -0.76602
v 3.06000 7.13651 -0.76774
v 3.02887 7.11878 -0.74519
v 3.02000 7.14000 -0.75921
v 3.00000 7.14000 -0.76430
v 2.96500 7.12260 -0.74206
v 3.02000 7.10000 -0.74137
v 2.95000 7.13832 -0.75095
v 2.97500 7.07696 -0.72649
v 3.14000 7.01796 -0.70554
v 3.10000 7.02000 -0.71313
v 3.14000 7.04000 -0.72635
v 2.81750 7.12000 -0.74045
v 2.75000 7.12725 -0.74556
v 2.81000 7.13499 -0.74980
v 2.77098 7.13850 -0.76641
v 2.74000 7.13007 -0.76591
v 2.70000 7.13359 -0.76991
v 2.75000 7.16000 -0.77423
v 2.69000 7.11684 -0.74655
v 2.73591 7.18444 -0.78187
v 2.69157 7.16110 -0.78580
v 2.70000 7.18000 -0.79004
v 2.75951 7.22000 -0.78550
v 2.78000 7.20000 -0.77361
v 2.78000 7.23000 -0.77848
v 2.69944 7.22098 -0.80565
v 2.73011 7.24000 -0.79045
v 2.71920 7.28000 -0.80526
v 2.75981 7.27039 -0.78723
v 2.86000 7.28000 -0.77099
v 2.86520 7.24086 -0.76497
v 2.81000 7.18112 -0.76223
v 2.80010 7.16029 -0.76556
v 2.66500 7.19000 -0.79876
v 2.75872 7.17982 -0.76552
v 2.65000 7.15713 -0.78819
v 2.60978 7.18164 -0.79887
v 2.60937 7.12204 -0.76669
v 2.64000 7.11791 -0.76781
v 2.62859 7.10049 -0.74660
v 2.59963 7.11963 -0.74771
v 2.58000 7.16380 -0.78383
v 2.62000 7.23611 -0.82890
v 2.58000 7.24460 -0.82467
v 2.56000 7.20256 -0.80492
v 2.56000 7.26000 -0.83881
v 2.54000 7.20000 -0.79636
v 2.54000 7.26000 -0.83324
v 2.51500 7.24425 -0.83277
v 2.53581 7.28000 -0.84496
v 2.55000 7.17067 -0.78664
v 2.57983 7.28992 -0.84352
v 2.62000 7.28476 -0.84525
v 2.65000 7.23000 -0.81753
v 2.50000 7.27137 -0.84693
v 2.48000 7.26197 -0.84582
v 2.49000 7.21088 -0.81313
v 2.66000 7.10363 -0.74637
v 2.55807 7.30209 -0.84566
v 3.03710 7.08078 -0.72424
v 3.18000 7.18000 -0.79324
v 3.16000 7.18920 -0.78140
v 3.51000 7.06000 -0.76701
v 3.60000 7.04434 -0.75978
v 3.58000 7.04000 -0.75277
v 2.51935 7.17974 -0.78720
v 2.67514 7.26978 -0.82592
v 2.85000 7.32500 -0.76992
v 2.80844 7.35000 -0.77997
v 2.84000 7.16000 -0.75714
v 2.76000 7.30000 -0.78642
v 2.75000 7.34000 -0.79710
v 3.42238 7.18077 -0.78247
v 3.43000 7.15791 -0.76567
v 3.44849 7.27894 -0.80252
v 3.47000 7.33769 -0.82404
v 3.50000 7.34000 -0.82982
v 3.33011 7.37965 -0.79782
v 3.32705 7.40000 -0.80258
v 3.40000 7.53188 -0.84488
v 3.44000 7.50847 -0.84150
v 3.50000 7.54000 -0.85783
v 3.48474 7.55977 -0.86146
v 3.52000 7.56000 -0.85625
v 3.46000 7.58000 -0.85649
v 3.52000 7.60000 -0.85372
v 3.48000 7.60000 -0.85591
v 3.44000 7.58788 -0.86153
v 3.49000 7.62000 -0.87058
v 3.50000 7.52332 -0.84011
v 3.42000 7.56000 -0.85719
v 3.35774 7.52289 -0.82338
v 3.38180 7.54204 -0.83970
v 3.31075 7.39924 -0.78739
v 3.46000 7.62000 -0.87748
v 3.48000 7.64000 -0.87007
v 3.46000 7.64000 -0.87494
v 3.50243 7.66199 -0.86222
v 3.45000 7.66000 -0.86738
v 3.39840 7.64197 -0.86142
v 3.43870 7.68882 -0.86079
v 3.46000 7.68000 -0.87397
v 3.45807 7.70027 -0.86114
v 3.44000 7.72000 -0.85646
v 3.41979 7.69959 -0.84281
v 3.41884 7.73000 -0.84834
v 3.40000 7.71000 -0.83234
v 3.38000 7.74000 -0.83535
v 3.40000 7.68169 -0.82044
v 3.38000 7.72000 -0.84056
v 3.42000 7.76000 -0.85363
v 3.38000 7.76000 -0.85216
v 3.44000 7.74000 -0.84902
v 3.36284 7.73407 -0.84460
v 3.38000 7.70000 -0.83503
v 3.52415 7.64000 -0.86531
v 3.48396 7.68000 -0.86484
v 3.42000 7.62000 -0.87210
v 3.38426 7.59560 -0.84808
v 3.49834 7.19945 -0.80260
v 3.49000 7.17779 -0.78490
v 3.53105 7.19976 -0.80059
v 3.52407 7.33190 -0.82164
v 3.46000 7.17069 -0.78250
v 2.81000 7.26000 -0.77692
v 3.52001 7.61999 -0.86151
v 3.55000 7.54151 -0.83428
v 3.53000 7.52000 -0.83539
v 3.55000 7.49000 -0.83407
v 3.54000 7.56000 -0.85431
v 2.64000 7.28000 -0.84082
v 2.63898 7.30994 -0.84591
v 2.60000 7.29628 -0.84862
v 2.59000 7.32000 -0.85533
v 2.62000 7.32236 -0.85002
v 3.54000 7.32000 -0.80799
v 3.52138 7.17810 -0.78254
v 3.57000 7.18134 -0.77911
v 3.52000 7.30000 -0.81181
v 3.64500 7.26570 -0.80303
v 3.68000 7.26000 -0.80775
v 3.70000 7.28137 -0.80306
v 3.66000 7.24000 -0.79445
v 3.58996 7.22008 -0.80101
v 3.66000 7.22000 -0.79527
v 3.68539 7.24000 -0.79869
v 3.68000 7.20000 -0.79369
v 3.69908 7.18941 -0.79785
v 3.68104 7.18160 -0.78099
v 3.69500 7.15650 -0.76573
v 3.71990 7.15987 -0.78168
v 3.72000 7.20000 -0.80887
v 3.70000 7.22000 -0.81731
v 3.74199 7.17826 -0.78290
v 3.72000 7.22000 -0.81440
v 3.66479 7.20134 -0.78069
v 2.56000 7.32000 -0.85889
v 2.58000 7.34000 -0.86272
v 3.56000 7.20000 -0.79909
v 2.70950 7.30000 -0.80575
v 3.45983 7.72000 -0.84118
v 3.38009 7.67048 -0.80244
v 3.39909 7.63979 -0.82262
v 3.36129 7.67696 -0.82316
v 3.36952 7.56000 -0.84206
v 3.59065 7.25890 -0.79946
v 3.36214 7.58000 -0.84205
v 3.35932 7.70111 -0.82332
v 3.36822 7.54000 -0.82211
v 3.39780 7.61950 -0.85400
v 3.36150 7.72215 -0.82060
v 3.70000 7.24000 -0.81737
v 3.34810 7.66500 -0.79986
v 2.67012 7.11887 -0.76717
v 3.11000 7.14000 -0.77408
v 3.51500 7.46500 -0.83722
v 3.53000 7.52000 -0.83539
v 3.55000 7.49000 -0.83407
v 3.52407 7.33190 -0.82164
v 3.52000 7.30000 -0.81181
v 3.54000 7.32000 -0.80799
v 3.57000 7.33000 -0.81204
v 3.55000 7.24181 -0.79842
v 3.56000 7.20000 -0.79909
v 3.58996 7.22008 -0.80101
v 3.59065 7.25890 -0.79946
v 2.81000 7.18112 -0.76223
v 2.80010 7.16029 -0.76556
v 2.84000 7.16000 -0.75714
v 2.75872 7.17982 -0.76552
v 2.85000 7.32500 -0.76992
v 2.75981 7.27039 -0.78723
v 2.81000 7.26000 -0.77692
v 2.76000 7.30000 -0.78642
v 3.17110 7.00031 -0.74405
v 3.20876 7.00041 -0.74394
v 3.18000 6.98165 -0.72253
v 3.16009 6.97980 -0.74409
v 3.13750 6.98079 -0.72495
v 3.24000 6.95713 -0.70667
v 3.14500 6.94911 -0.70430
v 3.13000 6.93919 -0.68585
v 3.23660 6.94200 -0.68391
v 3.25125 6.95939 -0.68322
v 3.31500 6.95861 -0.70522
v 3.38000 6.96005 -0.68284
v 3.39693 6.96113 -0.70320
v 3.35500 6.98000 -0.71350
v 3.06874 6.94007 -0.70413
v 3.45000 7.00000 -0.71528
v 3.39970 7.00015 -0.72305
v 3.24000 6.98415 -0.71961
v 3.04000 6.93622 -0.68423
v 3.01000 6.93809 -0.70791
v 3.01692 6.92117 -0.68494
v 2.94500 6.91984 -0.68536
v 3.02000 6.97296 -0.72482
v 3.00359 6.95842 -0.72493
v 2.96000 6.95214 -0.72515
v 2.93000 6.94000 -0.71737
v 3.03920 6.98021 -0.72486
v 3.06000 6.97905 -0.73234
v 3.08000 6.98288 -0.72155
v 3.30000 6.99343 -0.72354
v 3.32000 6.98316 -0.72102
v 3.31000 6.98277 -0.74539
v 3.34000 6.99190 -0.72337
v 3.34000 6.99627 -0.74336
v 3.36115 6.99939 -0.74327
v 2.90000 6.94785 -0.72544
v 2.86500 6.94221 -0.72356
v 2.82000 6.91908 -0.68752
v 2.83000 6.92807 -0.70582
v 2.77397 6.91968 -0.70708
v 2.78000 6.91598 -0.68513
v 2.76000 6.90674 -0.68620
v 2.68000 6.91827 -0.70859
v 2.73000 6.93831 -0.72847
v 2.68273 6.91195 -0.68452
v 2.67000 6.93578 -0.72860
v 2.64500 6.91774 -0.71449
v 2.79000 6.93885 -0.72943
v 2.60000 6.89890 -0.68844
v 2.57856 6.90124 -0.70487
v 2.57510 6.89804 -0.67532
v 2.60000 6.92362 -0.72417
v 2.57846 6.92247 -0.72511
v 2.58000 6.93243 -0.74709
v 3.24000 6.98306 -0.74567
v 2.86442 7.06000 1.92889
v 2.86000 7.08359 1.91789
v 2.88201 7.07895 1.92391
v 3.16151 6.56107 1.77791
v 3.17872 6.57783 1.80267
v 3.18055 6.56437 1.77012
v 3.23992 6.55957 1.91587
v 3.26000 6.56000 1.89950
v 3.24086 6.53118 1.89474
v 3.28084 6.38500 1.91642
v 3.28170 6.42000 1.91602
v 3.27996 6.40000 1.89523
v 3.03971 6.76000 1.73446
v 3.04204 6.70000 1.75477
v 3.04077 6.69767 1.73476
v 3.04792 6.61950 1.79653
v 3.02354 6.60000 1.77749
v 3.01691 6.62000 1.78764
v 3.02792 6.80000 1.75526
v 3.03895 6.79333 1.73156
v 3.03805 6.78000 1.75490
v 3.04849 6.84000 1.75506
v 3.04097 6.84199 1.73369
v 3.05566 6.82000 1.78505
v 3.02247 6.61489 1.81622
v 2.99848 6.62000 1.81470
v 2.99937 6.59587 1.81651
v 3.02247 6.61489 1.81622
v 2.99937 6.59587 1.81651
v 2.99848 6.62000 1.81470
v 2.86001 7.30003 1.87511
v 2.88000 7.31999 1.89516
v 2.86000 7.31847 1.89428
v 2.98030 7.29763 1.85439
v 2.97964 7.30000 1.87561
v 2.95260 7.30000 1.87539
v 2.97964 7.30000 1.87561
v 2.96366 7.31905 1.85557
v 2.95260 7.30000 1.87539
v 2.95746 7.32000 1.88051
v 2.96366 7.31905 1.85557
v 2.97964 7.30000 1.87561
v 2.95746 7.32000 1.88051
v 2.95260 7.30000 1.87539
v 2.96366 7.31905 1.85557
v 2.95746 7.32000 1.88051
v 2.97964 7.30000 1.87561
v 2.95260 7.30000 1.87539
v 3.12000 6.70000 1.78461
v 3.14134 6.65934 1.77551
v 3.10000 6.69737 1.77683
v 3.14000 6.68000 1.78334
v 3.10000 6.68000 1.76178
v 3.12000 6.66000 1.75702
v 3.14000 6.64000 1.76108
v 3.16170 6.66000 1.77311
v 3.16000 6.64000 1.76610
v 3.06419 6.68774 1.77511
v 3.09564 6.66000 1.76324
v 3.07818 6.70237 1.77309
v 3.08000 6.72000 1.78369
v 3.10000 6.72000 1.78693
v 3.10000 6.74797 1.79145
v 3.08000 6.74351 1.79204
v 3.05976 6.72000 1.77529
v 3.06000 6.74000 1.78934
v 3.05813 6.78000 1.79777
v 3.08000 6.76000 1.80520
v 3.08000 6.78000 1.80502
v 3.08316 6.80000 1.80584
v 3.06008 6.82007 1.81511
v 3.10000 6.78000 1.79804
v 3.12000 6.78000 1.80265
v 3.12000 6.76000 1.79691
v 3.13688 6.77655 1.79490
v 3.12000 6.72000 1.77772
v 3.11814 6.63858 1.76349
v 3.08000 6.82000 1.80606
v 3.10000 6.82000 1.79679
v 3.12000 6.80000 1.79545
v 3.06000 6.70000 1.78771
v 3.14000 6.62000 1.77093
v 3.16000 6.61467 1.76795
v 3.13995 6.69984 1.77431
v 3.06000 6.84000 1.80700
v 3.10000 6.80000 1.82504
v 3.16000 6.68000 1.75844
v 3.15828 6.69828 1.79655
v 3.17872 6.57783 1.80267
v 3.15809 6.59742 1.77509
v 3.15995 6.60008 1.79525
v 3.17202 6.58000 1.77512
v 3.15882 6.58009 1.75506
v 3.13989 6.60049 1.73502
v 3.14000 6.58000 1.76556
v 3.17858 6.62000 1.79689
v 3.17636 6.64000 1.79780
v 3.18052 6.66070 1.79416
v 3.19797 6.63100 1.81470
v 3.18000 6.60000 1.79573
v 3.20124 6.60000 1.81322
v 3.21936 6.62000 1.83617
v 3.22415 6.60000 1.85538
v 3.21853 6.58000 1.83729
v 3.20103 6.57828 1.81383
v 3.17338 6.68000 1.79531
v 3.20363 6.56000 1.83209
v 3.21948 6.54685 1.85409
v 3.18359 6.55539 1.79512
v 3.20055 6.54050 1.81410
v 3.21501 6.54000 1.83523
v 3.20534 6.51468 1.83318
v 3.23429 6.50990 1.85525
v 3.22000 6.50000 1.84254
v 3.24270 6.48000 1.85129
v 3.19786 6.66000 1.83877
v 3.20725 6.64000 1.83538
v 3.19466 6.68000 1.84139
v 3.21556 6.66000 1.85545
v 3.22047 6.68240 1.85394
v 3.17981 6.67981 1.81567
v 3.18000 6.70000 1.82579
v 3.23970 6.57951 1.85540
v 3.24000 6.54978 1.85535
v 3.20109 6.69857 1.83447
v 3.21634 6.70327 1.85554
v 3.11822 6.73876 1.79584
v 3.15500 6.73601 1.82041
v 3.13806 6.76117 1.81656
v 3.15906 6.77858 1.81632
v 3.16151 6.56107 1.77791
v 3.18055 6.56437 1.77012
v 3.08000 6.66000 1.73540
v 3.10151 6.64118 1.71416
v 3.22002 6.62005 1.89540
v 3.23992 6.55957 1.91587
v 3.22881 6.58000 1.88536
v 3.23906 6.59028 1.93611
v 3.22415 6.60000 1.85538
v 3.21614 6.63079 1.91540
v 3.20779 6.65000 1.89540
v 3.20462 6.67000 1.91543
v 3.21849 6.65022 1.93664
v 3.23988 6.55978 1.89537
v 3.21721 6.65092 1.87498
v 3.21936 6.62000 1.83617
v 3.24086 6.53118 1.89474
v 3.21090 6.68000 1.87547
v 3.21556 6.66000 1.85545
v 3.20267 6.70000 1.87547
v 3.20087 6.70000 1.91547
v 3.23047 6.56000 1.87533
v 3.20725 6.64000 1.83538
v 3.23970 6.57951 1.85540
v 3.22047 6.68240 1.85394
v 3.21634 6.70327 1.85554
v 3.21984 6.68030 1.93562
v 3.24000 6.62000 1.92826
v 3.22137 6.71000 1.93284
v 3.23557 6.67494 1.95557
v 3.22852 6.70000 1.95558
v 3.24000 6.66000 1.94012
v 3.22024 6.77154 1.87216
v 3.19881 6.80000 1.85798
v 3.20167 6.78127 1.87563
v 3.21283 6.75000 1.89561
v 3.22766 6.76000 1.85570
v 3.23755 6.73622 1.85569
v 3.24035 6.71841 1.84687
v 3.24004 6.73135 1.81568
v 3.21979 6.71876 1.88373
v 3.21088 6.72000 1.91555
v 3.22000 6.70927 1.83557
v 3.20109 6.69857 1.83447
v 3.22345 6.71462 1.79346
v 3.22011 6.74124 1.91442
v 3.24000 6.54978 1.85535
v 3.17964 6.99099 1.91660
v 3.16000 7.00000 1.93006
v 3.18180 7.05000 1.91849
v 3.13827 7.05000 1.93695
v 3.13558 7.08000 1.93688
v 3.15308 7.07000 1.92983
v 3.13841 7.01378 1.93699
v 3.03751 7.16000 1.85761
v 3.06000 7.21554 1.87699
v 3.06323 7.18000 1.87331
v 3.03870 7.22520 1.87611
v 3.06000 7.14751 1.85807
v 3.06005 7.26084 1.90521
v 3.04000 7.27604 1.89830
v 3.06070 7.28000 1.91501
v 3.06002 7.29971 1.92695
v 3.04000 7.31634 1.91817
v 3.08000 7.28000 1.93475
v 3.07911 7.23809 1.91652
v 3.09991 7.19971 1.91607
v 3.10000 7.24000 1.92897
v 3.02058 7.26419 1.87230
v 3.02072 7.19487 1.84918
v 3.02151 7.30952 1.89387
v 3.01970 7.13102 1.83573
v 3.05102 7.07890 1.85529
v 3.02293 7.09000 1.83465
v 3.00000 7.10000 1.82115
v 3.08000 7.16000 1.88981
v 3.10902 7.14575 1.90930
v 3.07782 7.12000 1.87998
v 3.10067 7.11119 1.89878
v 3.12097 7.12000 1.91505
v 3.13784 7.10477 1.92428
v 3.11686 7.17000 1.91810
v 3.14000 7.14000 1.92320
v 3.12377 7.06000 1.91347
v 3.10175 7.06000 1.89422
v 3.12000 7.04000 1.90566
v 3.08000 7.09000 1.88466
v 3.08000 7.03500 1.88872
v 3.06521 7.06000 1.87149
v 3.04000 7.06000 1.84304
v 3.06000 7.02000 1.86249
v 3.08000 7.00000 1.88578
v 3.03953 7.04053 1.85800
v 3.04032 7.02095 1.85488
v 3.02000 7.02000 1.84451
v 3.00469 7.04000 1.83523
v 3.01943 7.06210 1.83669
v 3.10816 7.01000 1.90268
v 3.10548 6.97183 1.89466
v 3.14016 7.02042 1.91580
v 3.12000 7.22000 1.92518
v 3.10000 7.27000 1.92336
v 3.06000 7.00000 1.86788
v 3.06159 6.98000 1.87444
v 3.04000 6.98000 1.83605
v 3.08074 6.96913 1.89549
v 3.06147 6.95641 1.87533
v 2.99556 7.05500 1.82991
v 3.13827 7.05000 1.93695
v 3.13558 7.08000 1.93688
v 3.13841 7.01378 1.93699
v 3.02000 7.00000 1.85347
v 3.00000 7.00115 1.83702
v 3.00000 6.97838 1.83982
v 3.02000 6.97741 1.85314
v 3.14000 7.20235 1.91720
v 3.04950 7.32000 1.93598
v 2.99633 7.22000 1.85842
v 3.00000 7.29000 1.88559
v 2.99168 7.31806 1.89644
v 2.97964 7.30000 1.87561
v 2.98233 7.27604 1.86320
v 3.00006 7.25976 1.87572
v 2.97816 7.26503 1.83553
v 2.97828 7.20604 1.84389
v 3.00001 7.19987 1.85554
v 2.98024 7.18000 1.83322
v 3.00000 7.16000 1.84919
v 2.98079 7.16000 1.82757
v 3.00000 7.14000 1.82318
v 2.98075 7.11084 1.83496
v 3.14035 7.08040 1.91616
v 3.05942 7.34015 1.93614
v 3.04000 7.35000 1.93304
v 3.01977 7.31965 1.91604
v 3.00417 7.34000 1.91346
v 3.02000 7.36292 1.93488
v 2.99918 7.36039 1.91567
v 3.00000 7.39773 1.93686
v 2.97943 7.35051 1.91675
v 3.00204 7.04000 1.81231
v 3.00012 7.00958 1.81375
v 2.98000 7.38152 1.93498
v 2.98000 7.42028 1.95567
v 3.00000 7.42000 1.94830
v 2.97581 7.44000 1.95849
v 2.98763 7.32000 1.87569
v 2.98063 7.32087 1.85493
v 2.97948 7.34000 1.87608
v 3.27865 6.41500 1.87525
v 3.27996 6.40000 1.89523
v 3.28170 6.42000 1.91602
v 3.28084 6.38500 1.91642
v 3.27340 6.40000 1.84520
v 3.28046 6.40030 1.81540
v 3.25818 6.41975 1.83605
v 3.31701 6.40000 1.87538
v 3.31821 6.39712 1.85384
v 3.31535 6.42000 1.85070
v 3.27996 6.40000 1.89523
v 3.27865 6.41500 1.87525
v 3.33999 6.39939 1.83495
v 3.32000 6.43906 1.85693
v 3.29434 6.44500 1.87336
v 3.34559 6.42000 1.85406
v 2.86395 7.17580 1.83291
v 2.90000 7.20000 1.84261
v 2.88068 7.15000 1.83341
v 2.88000 7.20000 1.83856
v 2.92441 7.18000 1.85006
v 2.92000 7.14000 1.84224
v 2.89203 7.12000 1.83608
v 2.85323 7.12000 1.82760
v 2.85660 7.14000 1.83161
v 2.83849 7.15759 1.82914
v 2.88000 7.22000 1.84497
v 2.87651 7.10000 1.81747
v 2.85613 7.09827 1.81295
v 2.91890 7.21062 1.83615
v 2.94043 7.19897 1.85374
v 2.94000 7.24000 1.84562
v 2.89911 7.23962 1.83538
v 2.91950 7.26014 1.85540
v 2.94000 7.25639 1.85727
v 2.94000 7.27816 1.85537
v 2.96007 7.27982 1.87481
v 2.96143 7.24585 1.87624
v 2.90000 7.22000 1.82362
v 2.95986 7.19989 1.87535
v 2.95986 7.22000 1.87620
v 2.85767 7.20000 1.85092
v 2.87967 7.23990 1.85492
v 2.84099 7.19159 1.89573
v 2.84467 7.21778 1.87515
v 2.83966 7.16000 1.87401
v 2.83948 7.22153 1.89705
v 2.84788 7.16000 1.85469
v 2.83965 7.14093 1.85352
v 2.83244 7.14000 1.87458
v 2.83952 7.11913 1.85186
v 2.85323 7.12000 1.82760
v 2.85767 7.20000 1.85092
v 2.86395 7.17580 1.83291
v 2.85943 7.23946 1.86447
v 2.85660 7.14000 1.83161
v 2.85512 7.24000 1.89488
v 2.85867 7.27500 1.89611
v 2.86245 7.28000 1.87346
v 2.84967 7.24000 1.91485
v 2.84894 7.22000 1.91481
v 2.86001 7.30003 1.87511
v 2.86000 7.31847 1.89428
v 2.86031 7.30000 1.91364
v 2.85920 7.26093 1.92062
v 2.84972 7.14000 1.91467
v 2.84000 7.11803 1.89511
v 2.87904 7.28134 1.93508
v 2.86047 7.24000 1.93439
v 2.85729 7.16000 1.92298
v 2.85077 7.16000 1.89471
v 2.84445 7.22194 1.83293
v 2.86520 7.22000 1.92966
v 2.88163 7.31000 1.93295
v 2.87364 7.32000 1.91512
v 2.86716 7.34539 1.93514
v 2.86326 7.34059 1.90932
v 2.88000 7.31999 1.89516
v 2.83849 7.15759 1.82914
v 2.85888 7.22078 1.81546
v 2.90000 7.04897 1.87475
v 2.88010 7.06015 1.87444
v 2.89716 7.03690 1.85471
v 2.86017 7.08020 1.84570
v 2.87840 7.05721 1.83465
v 2.87485 7.06000 1.80913
v 2.89967 7.03354 1.82970
v 2.85675 7.07655 1.87458
v 2.85867 7.07859 1.89716
v 2.87791 7.05775 1.89635
v 2.86000 7.08359 1.91789
v 2.84258 7.10000 1.87456
v 2.85830 7.10000 1.85463
v 2.85623 7.10000 1.89462
v 2.85723 7.12000 1.91467
v 2.84436 7.10000 1.83457
v 2.85613 7.09827 1.81295
v 2.84182 7.12171 1.87459
v 3.00299 6.50000 1.91236
v 2.98315 6.48000 1.91711
v 2.97728 6.51505 1.91106
v 3.00000 6.44238 1.91543
v 3.00023 6.52037 1.91417
v 2.98000 6.54000 1.90386
v 2.99951 6.55271 1.91004
v 2.97081 6.58015 1.89551
v 3.02519 6.52506 1.91977
v 2.96003 6.53791 1.89354
v 3.02130 6.50114 1.93452
v 3.01796 6.46984 1.93478
v 3.04000 6.46000 1.94032
v 3.02626 6.44000 1.92973
v 3.00000 6.42000 1.91940
v 3.02638 6.40000 1.92884
v 3.06000 6.46000 1.93963
v 2.95998 6.45997 1.93396
v 2.97813 6.43080 1.93438
v 2.94000 6.42000 1.94170
v 2.98390 6.39000 1.93588
v 2.95566 6.48878 1.93580
v 2.96907 6.52000 1.95411
v 3.16000 6.98000 1.93535
v 3.14000 7.00000 1.90340
v 3.16000 7.00000 1.93006
v 3.13841 7.01378 1.93699
v 3.14016 7.02042 1.91580
v 3.12000 7.04000 1.90566
v 3.13914 7.27898 1.89484
v 3.14000 7.26000 1.90422
v 3.10000 7.27000 1.92336
v 3.13161 7.30000 1.89633
v 3.10386 7.30000 1.91860
v 3.08000 7.28000 1.93475
v 3.11840 7.23886 1.91539
v 3.14000 7.23000 1.90502
v 3.10000 7.24000 1.92897
v 3.14000 7.20235 1.91720
v 3.12000 7.22000 1.92518
v 3.09609 7.32000 1.91233
v 3.13552 7.32000 1.89639
v 3.08000 7.30000 1.92392
v 3.08000 7.33000 1.92419
v 3.09236 7.35000 1.91883
v 3.06000 7.37000 1.92618
v 3.05942 7.34015 1.93614
v 3.06002 7.29971 1.92695
v 3.04950 7.32000 1.93598
v 3.04000 7.35000 1.93304
v 3.04000 7.38408 1.93442
v 3.02000 7.36292 1.93488
v 3.02205 7.39000 1.94094
v 3.00000 7.39773 1.93686
v 3.04904 6.64000 1.77469
v 3.04792 6.61950 1.79653
v 3.03957 6.62000 1.77461
v 3.03982 6.64000 1.75205
v 3.04668 6.66000 1.76472
v 3.04000 6.66000 1.74527
v 3.06170 6.68046 1.75271
v 3.06419 6.68774 1.77511
v 3.05378 6.66209 1.79716
v 3.04084 6.64000 1.79510
v 3.03589 6.64000 1.81463
v 3.02247 6.61489 1.81622
v 3.02000 6.58260 1.79446
v 3.02354 6.60000 1.77749
v 2.94719 6.63000 1.93421
v 2.95323 6.62000 1.91079
v 2.95853 6.59036 1.93416
v 2.96006 6.60000 1.91301
v 2.94252 6.62000 1.95728
v 2.95990 6.55979 1.95399
v 2.93527 6.67079 1.95444
v 2.94010 6.66036 1.93469
v 2.95026 6.64191 1.91253
v 2.93605 6.68000 1.91254
v 2.93979 6.66000 1.91353
v 2.92279 6.70247 1.91422
v 2.92036 6.72130 1.93369
v 2.91606 6.73500 1.90722
v 2.91376 6.76000 1.93428
v 2.95880 6.57787 1.91417
v 2.91886 6.75507 1.95430
v 2.96791 6.56000 1.91418
v 2.98000 6.54000 1.90386
v 2.97139 6.56000 1.93419
v 2.97342 6.53000 1.93415
v 2.97436 6.54000 1.95417
v 2.97081 6.58015 1.89551
v 2.96907 6.52000 1.95411
v 2.98315 6.48000 1.91711
v 2.89922 6.75901 1.91586
v 2.95954 6.53988 1.91466
v 3.02412 6.64000 1.77865
v 3.01691 6.62000 1.78764
v 3.02408 6.66500 1.78357
v 2.99848 6.62000 1.81470
v 3.04000 6.66000 1.74527
v 3.03911 6.68000 1.75265
v 3.04204 6.70000 1.75477
v 3.03132 6.71000 1.77474
v 3.01591 6.70000 1.81839
v 3.01426 6.66000 1.81822
v 3.03982 6.64000 1.75205
v 3.04077 6.69767 1.73476
v 3.03971 6.76000 1.73446
v 3.03957 6.62000 1.77461
v 3.03988 6.62000 1.75285
v 3.02354 6.60000 1.77749
v 3.03995 6.60000 1.75306
v 3.04006 6.57899 1.77654
v 3.04792 6.61950 1.79653
v 2.90711 6.79000 1.93431
v 2.91886 6.75507 1.95430
v 2.89767 6.84000 1.93219
v 2.91376 6.76000 1.93428
v 2.90000 6.81903 1.95083
v 2.91998 6.78000 1.91435
v 2.92851 6.81896 1.91549
v 2.96372 6.80083 1.88291
v 3.02792 6.80000 1.75526
v 3.03805 6.78000 1.75490
v 2.99909 6.77796 1.77222
v 3.00002 6.80002 1.77479
v 3.00000 6.82000 1.76442
v 3.02000 6.82000 1.75738
v 3.02145 6.84000 1.75623
v 3.02002 6.76000 1.75480
v 3.03895 6.79333 1.73156
v 3.02076 6.83858 1.73493
v 3.01840 6.81853 1.73358
v 3.04097 6.84199 1.73369
v 3.04247 6.82000 1.73190
v 2.96059 6.95900 1.87567
v 2.92746 6.96000 1.91471
v 2.97930 6.97000 1.84853
v 2.97018 7.00000 1.86506
v 3.00000 7.00115 1.83702
v 2.97898 6.83000 1.81123
v 2.97492 6.83000 1.83470
v 2.97799 6.80000 1.82965
v 2.96932 6.82000 1.85465
v 2.97490 6.77930 1.84460
v 2.97964 6.77941 1.80967
v 2.96831 6.78000 1.87458
v 2.97914 6.76000 1.85511
v 2.98878 6.76000 1.83463
v 2.99967 6.75668 1.79274
v 3.01825 6.72918 1.78134
v 3.00837 6.72000 1.81465
v 3.00000 6.70816 1.83459
v 3.00058 6.74160 1.84623
v 2.96751 6.78000 1.89457
v 3.00000 6.97838 1.83982
v 2.98012 6.74000 1.85264
v 3.05274 6.80000 1.77500
v 3.05813 6.78000 1.79777
v 3.03805 6.78000 1.75490
v 3.04915 6.76000 1.77491
v 3.06000 6.74000 1.78934
v 3.06008 6.82007 1.81511
v 3.05566 6.82000 1.78505
v 3.04983 6.82000 1.75502
v 3.04849 6.84000 1.75506
v 3.04097 6.84199 1.73369
v 3.06000 6.84000 1.80700
v 3.04247 6.82000 1.73190
v 3.04902 6.76000 1.75491
v 3.05976 6.72000 1.77529
v 3.04204 6.70000 1.75477
v 3.03971 6.76000 1.73446
v 3.03895 6.79333 1.73156
v 3.06419 6.68774 1.77511
v 3.06000 6.70000 1.78771
v 3.02792 6.80000 1.75526
v 3.06170 6.68046 1.75271
v 3.04077 6.69767 1.73476
v 3.25829 6.75854 1.82309
v 3.23925 6.75720 1.79357
v 3.25993 6.71992 1.79553
v 3.26052 6.73080 1.75644
v 3.19184 6.71930 1.81546
v 3.20000 6.74000 1.79973
v 3.21150 6.72498 1.79388
v 3.18013 6.74127 1.81790
v 3.18000 6.76151 1.81405
v 3.22345 6.71462 1.79346
v 3.15500 6.73601 1.82041
v 3.18000 6.70000 1.82579
v 3.20608 6.77706 1.81814
v 3.15911 6.75979 1.79428
v 3.13806 6.76117 1.81656
v 3.20109 6.69857 1.83447
v 3.22000 6.70927 1.83557
v 3.15906 6.77858 1.81632
v 3.11814 6.63858 1.76349
v 3.10075 6.62106 1.75653
v 3.10151 6.64118 1.71416
v 3.35309 6.41000 1.87686
v 3.34559 6.42000 1.85406
v 3.34000 6.38478 1.85815
v 3.33999 6.39939 1.83495
v 3.34000 6.44000 1.86618
v 3.32000 6.43906 1.85693
v 3.33000 6.46000 1.87349
v 3.29434 6.44500 1.87336
v 3.28000 6.55755 1.89775
v 3.28160 6.58113 1.91319
v 3.26000 6.56000 1.89950
v 2.85767 7.20000 1.85092
v 2.85888 7.22078 1.81546
v 2.88000 7.22000 1.84497
v 2.87829 7.22337 1.82496
v 3.11994 6.62384 1.71997
v 3.10075 6.62106 1.75653
v 3.11814 6.63858 1.76349
v 3.02000 6.58260 1.79446
v 3.01691 6.62000 1.78764
v 3.02354 6.60000 1.77749
v 3.02247 6.61489 1.81622
v 3.29917 6.74000 1.74464
v 3.28085 6.74000 1.77669
v 3.27960 6.71983 1.77640
v 3.29912 6.76807 1.74320
v 3.29507 6.71973 1.74242
v 3.28000 6.71401 1.75583
v 3.20608 6.77706 1.81814
v 3.22024 6.76005 1.83588
v 3.21889 6.73848 1.81773
v 3.22766 6.76000 1.85570
v 3.20000 6.74000 1.79973
v 3.21150 6.72498 1.79388
v 3.23744 6.78000 1.85139
v 3.24004 6.73135 1.81568
v 3.22345 6.71462 1.79346
v 3.24004 6.73135 1.81568
v 3.23925 6.75720 1.79357
v 3.25829 6.75854 1.82309
v 3.18088 6.38904 1.82543
v 3.16218 6.41000 1.85042
v 3.20000 6.42000 1.84498
v 3.24000 6.40085 1.81417
v 3.23059 6.42087 1.83481
v 3.24417 6.44000 1.84947
v 3.25818 6.41975 1.83605
v 3.04006 6.57899 1.77654
v 3.04792 6.61950 1.79653
v 3.02354 6.60000 1.77749
v 2.82000 7.20067 1.79684
v 2.84000 7.21693 1.77370
v 2.84000 7.19803 1.81598
v 2.81794 7.19136 1.81564
v 2.86000 7.20487 1.79484
v 2.86000 7.21954 1.77469
v 2.88026 7.19983 1.79551
v 3.02145 6.84000 1.75623
v 3.04097 6.84199 1.73369
v 3.02076 6.83858 1.73493
v 3.03824 6.85787 1.77629
v 2.98075 7.11084 1.83496
v 3.00000 7.12000 1.85066
v 3.00000 7.10000 1.82115
v 3.01970 7.13102 1.83573
v 2.99168 7.31806 1.89644
v 2.97948 7.34000 1.87608
v 2.95746 7.32000 1.88051
v 3.10000 6.82000 1.79679
v 3.12000 6.80000 1.79545
v 3.10000 6.80000 1.82504
v 3.10000 6.80000 1.82504
v 3.12000 6.80000 1.79545
v 3.10000 6.78000 1.79804
v 3.08000 6.66000 1.73540
v 3.09564 6.66000 1.76324
v 3.08000 6.64069 1.77640
v 3.13989 6.60049 1.73502
v 3.14000 6.62000 1.77093
v 3.16000 6.61467 1.76795
v 3.12158 6.60119 1.75679
v 3.25744 6.50545 1.91582
v 3.24086 6.53118 1.89474
v 3.26000 6.54000 1.90801
v 3.26000 6.56000 1.89950
v 3.23748 6.50083 1.88461
v 3.26000 6.45999 1.91527
v 3.26246 6.48000 1.91902
v 3.21948 6.54685 1.85409
v 3.23988 6.55978 1.89537
v 3.23047 6.56000 1.87533
v 3.24452 6.48000 1.87524
v 3.24991 6.46000 1.89522
v 3.25906 6.43802 1.88526
v 3.28170 6.42000 1.91602
v 3.24270 6.48000 1.85129
v 3.24417 6.44000 1.84947
v 3.24000 6.46000 1.84362
v 3.23429 6.50990 1.85525
v 3.25818 6.41975 1.83605
v 3.27865 6.41500 1.87525
v 2.88201 7.07895 1.92391
v 2.86000 7.08359 1.91789
v 2.87791 7.05775 1.89635
v 2.90652 7.08000 1.90097
v 2.90207 7.05923 1.89609
v 2.90000 7.04897 1.87475
v 2.91940 7.06184 1.87486
v 2.92007 7.04060 1.85486
v 2.89716 7.03690 1.85471
v 2.89967 7.03354 1.82970
v 2.89930 7.10096 1.91542
v 2.91621 7.11500 1.90277
v 2.92436 7.14000 1.87504
v 2.91987 7.14020 1.89501
v 2.94074 7.15500 1.89678
v 2.92441 7.18000 1.85006
v 2.92000 7.12000 1.86307
v 2.92000 7.14000 1.84224
v 2.93989 7.18103 1.89571
v 2.91297 7.09000 1.85489
v 2.89987 7.08865 1.83401
v 2.90176 7.06000 1.83026
v 2.89203 7.12000 1.83608
v 2.88000 7.07915 1.81537
v 2.87485 7.06000 1.80913
v 2.87651 7.10000 1.81747
v 2.94043 7.19897 1.85374
v 2.95986 7.19989 1.87535
v 3.12000 6.99000 1.90247
v 3.14000 7.00000 1.90340
v 3.10548 6.97183 1.89466
v 3.10816 7.01000 1.90268
v 3.14016 7.02042 1.91580
v 3.29917 6.74000 1.74464
v 3.28000 6.76000 1.74813
v 3.29507 6.71973 1.74242
v 3.26052 6.73080 1.75644
v 3.25416 6.76500 1.77240
v 3.24763 6.79000 1.78334
v 3.23925 6.75720 1.79357
v 3.21829 6.82000 1.81372
v 3.20608 6.77706 1.81814
v 3.19888 6.82000 1.83206
v 3.22024 6.76005 1.83588
v 3.28000 6.71401 1.75583
v 3.24004 6.73135 1.81568
v 3.19899 6.80564 1.81395
v 3.19201 6.82000 1.85566
v 3.19881 6.80000 1.85798
v 3.18602 6.77630 1.83555
v 3.18126 6.77760 1.85740
v 3.18000 6.76151 1.81405
v 2.86000 7.21954 1.77469
v 2.88000 7.18881 1.77491
v 2.88026 7.19983 1.79551
v 2.84000 7.30002 1.87491
v 2.86001 7.30003 1.87511
v 2.86000 7.31847 1.89428
v 2.83842 7.33000 1.88391
v 2.86326 7.34059 1.90932
v 2.88000 7.31999 1.89516
v 3.27996 6.40000 1.89523
v 3.29272 6.42000 1.89532
v 3.27865 6.41500 1.87525
v 3.29434 6.44500 1.87336
v 3.28170 6.42000 1.91602
v 3.28250 6.44157 1.91682
v 3.29046 6.46000 1.89539
v 3.29912 6.48818 1.87575
v 3.27895 6.47910 1.89488
v 3.27392 6.50500 1.88928
v 3.26246 6.48000 1.91902
v 3.26000 6.54000 1.90801
v 3.28000 6.53000 1.88528
v 3.26000 6.45999 1.91527
v 3.28000 6.55755 1.89775
v 3.26000 6.56000 1.89950
v 3.14000 6.62000 1.77093
v 3.13112 6.62000 1.74502
v 3.11814 6.63858 1.76349
v 3.11994 6.62384 1.71997
v 3.19881 6.80000 1.85798
v 3.22024 6.77154 1.87216
v 3.21910 6.79847 1.87725
v 2.95212 7.36000 1.87559
v 2.94794 7.34000 1.89553
v 2.95746 7.32000 1.88051
v 2.94092 7.34532 1.84731
v 2.93111 7.38000 1.85553
v 2.92037 7.37000 1.83603
v 2.95814 7.36000 1.89674
v 2.96379 7.38000 1.90680
v 2.94338 7.41016 1.89549
v 2.92214 7.40231 1.85552
v 2.97943 7.35051 1.91675
v 2.98000 7.38152 1.93498
v 2.95128 7.40000 1.91566
v 2.95865 7.41797 1.93717
v 2.93580 7.44075 1.90520
v 2.95244 7.44000 1.93575
v 2.93461 7.46000 1.91570
v 2.95777 7.45784 1.95826
v 2.98000 7.42028 1.95567
v 2.97581 7.44000 1.95849
v 2.99168 7.31806 1.89644
v 2.96101 7.27976 1.85455
v 2.93910 7.26129 1.83437
v 2.95177 7.28000 1.83543
v 2.95505 7.30000 1.83879
v 2.92926 7.32000 1.81540
v 2.96366 7.31905 1.85557
v 2.94846 7.26000 1.81538
v 2.91941 7.29114 1.79599
v 2.93902 7.23050 1.79531
v 2.91892 7.33836 1.81637
v 2.89911 7.31921 1.79570
v 2.88000 7.28000 1.77750
v 2.91000 7.26000 1.78377
v 2.88362 7.24000 1.77470
v 2.89835 7.22000 1.77608
v 2.92000 7.22000 1.78244
v 2.90000 7.29000 1.78726
v 2.88000 7.18881 1.77491
v 2.86000 7.21954 1.77469
v 2.89807 7.20000 1.77502
v 2.86017 7.08020 1.84570
v 2.85613 7.09827 1.81295
v 2.87651 7.10000 1.81747
v 2.88000 7.07915 1.81537
v 2.86017 7.08020 1.84570
v 2.87651 7.10000 1.81747
v 2.87485 7.06000 1.80913
v 2.99848 6.62000 1.81470
v 3.02000 6.64000 1.82854
v 3.01426 6.66000 1.81822
v 3.02247 6.61489 1.81622
v 3.03965 6.68000 1.81050
v 3.05378 6.66209 1.79716
v 3.01591 6.70000 1.81839
v 3.03589 6.64000 1.81463
v 2.96366 7.31905 1.85557
v 2.95746 7.32000 1.88051
v 2.97948 7.34000 1.87608
v 2.98063 7.32087 1.85493
v 2.95505 7.30000 1.83879
v 2.88201 7.07895 1.92391
v 2.89930 7.10096 1.91542
v 2.91234 7.08000 1.91486
v 2.91621 7.11500 1.90277
v 2.90166 7.06465 1.93623
v 2.94074 7.15500 1.89678
v 2.96300 7.16000 1.86363
v 2.96410 7.13445 1.86459
v 2.94177 7.11000 1.89899
v 2.95647 7.08000 1.88635
v 2.98075 7.11084 1.83496
v 2.98079 7.16000 1.82757
v 2.97883 7.14000 1.83117
v 2.96085 7.04500 1.87614
v 2.97824 7.03000 1.85204
v 2.97018 7.00000 1.86506
v 2.98024 7.18000 1.83322
v 2.94897 7.18000 1.87523
v 2.93989 7.18103 1.89571
v 2.94262 7.05000 1.89647
v 2.93979 7.02063 1.89451
v 2.90945 7.04000 1.93478
v 3.00000 7.00115 1.83702
v 2.94459 7.00000 1.89907
v 2.94201 6.98000 1.89632
v 2.92746 6.96000 1.91471
v 2.92755 6.98000 1.91475
v 2.91986 7.00860 1.91380
v 2.90656 7.02000 1.93472
v 2.92022 7.00041 1.93417
v 2.91935 6.94000 1.93510
v 2.91727 7.06000 1.91076
v 2.95986 7.19989 1.87535
v 2.97602 7.18000 1.85536
v 2.97828 7.20604 1.84389
v 2.95986 7.22000 1.87620
v 2.97388 7.25000 1.85548
v 2.96143 7.24585 1.87624
v 2.97816 7.26503 1.83553
v 2.98233 7.27604 1.86320
v 2.96007 7.27982 1.87481
v 2.98030 7.29763 1.85439
v 2.98055 7.08000 1.83552
v 3.00000 7.10000 1.82115
v 2.99556 7.05500 1.82991
v 2.98794 7.02000 1.83511
v 3.00204 7.04000 1.81231
v 3.00012 7.00958 1.81375
v 3.00000 7.14000 1.82318
v 3.16151 6.56107 1.77791
v 3.18359 6.55539 1.79512
v 3.13466 6.56118 1.78802
v 3.18055 6.56437 1.77012
v 3.15000 6.54000 1.80797
v 3.17000 6.52863 1.81698
v 3.20055 6.54050 1.81410
v 3.14119 6.51057 1.82974
v 3.20534 6.51468 1.83318
v 3.16000 6.48831 1.83795
v 3.20000 6.48000 1.84332
v 3.16012 6.44978 1.85294
v 3.22000 6.50000 1.84254
v 3.22000 6.46000 1.84667
v 3.18000 6.44000 1.84828
v 3.24417 6.44000 1.84947
v 3.24000 6.46000 1.84362
v 3.24270 6.48000 1.85129
v 3.16218 6.41000 1.85042
v 3.20000 6.42000 1.84498
v 2.98030 7.29763 1.85439
v 2.95260 7.30000 1.87539
v 2.96007 7.27982 1.87481
v 3.00000 6.70816 1.83459
v 3.01591 6.70000 1.81839
v 3.01890 6.71805 1.85470
v 3.02247 6.61489 1.81622
v 2.99848 6.62000 1.81470
v 3.01691 6.62000 1.78764
v 3.02000 6.97741 1.85314
v 3.04000 6.98000 1.83605
v 3.02000 7.00000 1.85347
v 3.01970 7.13102 1.83573
v 3.00000 7.12000 1.85066
v 2.98075 7.11084 1.83496
v 3.03805 6.78000 1.75490
v 3.03895 6.79333 1.73156
v 3.02002 6.76000 1.75480
v 2.92000 6.76000 1.90168
v 2.89270 6.78037 1.91425
v 2.91998 6.78000 1.91435
v 2.94134 6.76000 1.91516
v 2.94619 6.80000 1.91961
v 2.92851 6.81896 1.91549
v 2.91606 6.73500 1.90722
v 2.89922 6.75901 1.91586
v 3.20167 6.78127 1.87563
v 3.19881 6.80000 1.85798
v 3.18126 6.77760 1.85740
v 2.97728 6.51505 1.91106
v 2.95954 6.53988 1.91466
v 2.96003 6.53791 1.89354
v 2.97342 6.53000 1.93415
v 2.98315 6.48000 1.91711
v 2.96791 6.56000 1.91418
v 3.22024 6.76005 1.83588
v 3.24000 6.75141 1.83573
v 3.23744 6.78000 1.85139
v 3.24004 6.73135 1.81568
v 2.91998 6.78000 1.91435
v 2.89270 6.78037 1.91425
v 2.89922 6.75901 1.91586
v 2.91376 6.76000 1.93428
v 2.90176 7.06000 1.83026
v 2.89967 7.03354 1.82970
v 2.87840 7.05721 1.83465
v 3.13112 6.62000 1.74502
v 3.12158 6.60119 1.75679
v 3.11994 6.62384 1.71997
v 3.14000 6.62000 1.77093
v 2.90176 7.06000 1.83026
v 2.87840 7.05721 1.83465
v 2.87485 7.06000 1.80913
v 3.00155 6.74243 1.87466
v 2.97914 6.76000 1.85511
v 2.98012 6.74000 1.85264
v 3.03903 6.68000 1.85370
v 3.03097 6.70000 1.85472
v 3.03893 6.69775 1.83475
v 3.02058 6.69829 1.87484
v 3.01890 6.71805 1.85470
v 3.00000 6.72000 1.88607
v 2.98937 6.75000 1.88900
v 2.96831 6.78000 1.87458
v 2.96751 6.78000 1.89457
v 2.95438 6.78000 1.91004
v 2.96372 6.80083 1.88291
v 2.94619 6.80000 1.91961
v 2.92851 6.81896 1.91549
v 3.00058 6.74160 1.84623
v 3.03965 6.68000 1.81050
v 3.05389 6.66000 1.82432
v 3.05378 6.66209 1.79716
v 3.06308 6.64000 1.79911
v 3.01591 6.70000 1.81839
v 3.00000 6.70816 1.83459
v 3.04792 6.61950 1.79653
v 3.01691 6.62000 1.78764
v 3.03957 6.62000 1.77461
v 3.06156 6.86462 1.81349
v 3.05566 6.82000 1.78505
v 3.04097 6.84199 1.73369
v 3.03824 6.85787 1.77629
v 3.06000 6.84000 1.80700
v 3.08000 6.84082 1.81436
v 3.10146 6.85910 1.84757
v 3.12778 6.82000 1.83538
v 3.13847 6.83762 1.87759
v 3.14708 6.80532 1.85016
v 3.13688 6.77655 1.79490
v 3.12000 6.80000 1.79545
v 3.15962 6.81967 1.87586
v 3.18000 6.79660 1.87800
v 3.18126 6.77760 1.85740
v 3.20167 6.78127 1.87563
v 3.20189 6.80000 1.89420
v 3.15906 6.77858 1.81632
v 3.18602 6.77630 1.83555
v 3.18000 6.76151 1.81405
v 3.15911 6.75979 1.79428
v 3.12146 6.82064 1.81438
v 3.10034 6.84136 1.81457
v 3.10000 6.82000 1.79679
v 3.08000 6.82000 1.80606
v 3.21283 6.75000 1.89561
v 3.18013 6.74127 1.81790
v 2.98030 7.29763 1.85439
v 2.96007 7.27982 1.87481
v 2.97964 7.30000 1.87561
v 3.00058 6.74160 1.84623
v 3.00155 6.74243 1.87466
v 2.98012 6.74000 1.85264
v 3.03911 6.68000 1.75265
v 3.04077 6.69767 1.73476
v 3.06170 6.68046 1.75271
v 3.13784 7.10477 1.92428
v 3.13558 7.08000 1.93688
v 3.14035 7.08040 1.91616
v 3.12377 7.06000 1.91347
v 2.96548 6.66646 1.91436
v 2.94010 6.66036 1.93469
v 2.93979 6.66000 1.91353
v 2.96865 6.68000 1.89622
v 2.95260 7.30000 1.87539
v 2.97964 7.30000 1.87561
v 2.96007 7.27982 1.87481
v 2.88000 7.18881 1.77491
v 2.89807 7.20000 1.77502
v 2.88026 7.19983 1.79551
v 2.89835 7.22000 1.77608
v 2.88000 7.31999 1.89516
v 2.86000 7.31847 1.89428
v 2.86031 7.30000 1.91364
v 3.27960 6.71983 1.77640
v 3.26000 6.72887 1.77577
v 3.26052 6.73080 1.75644
v 3.28000 6.71401 1.75583
v 2.96101 7.27976 1.85455
v 2.98030 7.29763 1.85439
v 2.96007 7.27982 1.87481
v 2.94000 7.27816 1.85537
v 2.95505 7.30000 1.83879
v 2.98063 7.32087 1.85493
v 2.97964 7.30000 1.87561
v 2.86001 7.30003 1.87511
v 2.86000 7.31847 1.89428
v 2.88000 7.31999 1.89516
v 2.91621 7.11500 1.90277
v 2.91987 7.14020 1.89501
v 2.94074 7.15500 1.89678
v 2.90000 7.20642 1.79504
v 2.89835 7.22000 1.77608
v 2.92126 7.19930 1.79449
v 2.88026 7.19983 1.79551
v 2.92000 7.22000 1.78244
v 2.93902 7.23050 1.79531
v 2.87829 7.22337 1.82496
v 2.88026 7.19983 1.79551
v 2.90000 7.20642 1.79504
v 2.89911 7.23962 1.83538
v 2.92000 7.24395 1.83208
v 2.91950 7.26014 1.85540
v 2.87967 7.23990 1.85492
v 2.93910 7.26129 1.83437
v 2.94005 7.23995 1.81508
v 2.92000 7.22381 1.81205
v 2.94000 7.27816 1.85537
v 2.96101 7.27976 1.85455
v 2.93902 7.23050 1.79531
v 2.92126 7.19930 1.79449
v 2.86000 7.20487 1.79484
v 2.85888 7.22078 1.81546
v 2.84000 7.19803 1.81598
v 2.84445 7.22194 1.83293
v 2.81794 7.19136 1.81564
v 2.82000 7.25601 1.84299
v 2.80000 7.24248 1.83358
v 2.80920 7.27554 1.84798
v 2.84139 7.28171 1.85408
v 2.84000 7.30002 1.87491
v 2.80140 7.30000 1.85426
v 2.84000 7.24000 1.84532
v 2.84271 7.26000 1.85292
v 2.86245 7.28000 1.87346
v 2.86001 7.30003 1.87511
v 2.85943 7.23946 1.86447
v 2.94846 7.26000 1.81538
v 3.24000 6.54978 1.85535
v 3.23047 6.56000 1.87533
v 3.21948 6.54685 1.85409
v 3.04000 6.66000 1.74527
v 3.03911 6.68000 1.75265
v 3.06170 6.68046 1.75271
v 2.98030 7.29763 1.85439
v 2.97964 7.30000 1.87561
v 2.98233 7.27604 1.86320
v 3.03982 6.64000 1.75205
v 3.03957 6.62000 1.77461
v 3.03988 6.62000 1.75285
v 3.04858 6.60000 1.77461
v 3.04792 6.61950 1.79653
v 3.03995 6.60000 1.75306
v 3.04006 6.57899 1.77654
v 2.88000 7.22000 1.84497
v 2.87829 7.22337 1.82496
v 2.87967 7.23990 1.85492
v 2.95954 6.53988 1.91466
v 2.98000 6.54000 1.90386
v 2.96003 6.53791 1.89354
v 3.26000 6.72887 1.77577
v 3.27960 6.71983 1.77640
v 3.28085 6.74000 1.77669
v 2.99780 6.57847 1.89343
v 2.97081 6.58015 1.89551
v 2.98358 6.60574 1.91731
v 2.96006 6.60000 1.91301
v 3.24000 6.66000 1.94012
v 3.24000 6.62000 1.92826
v 3.21849 6.65022 1.93664
v 3.21984 6.68030 1.93562
v 3.14000 6.58000 1.76556
v 3.15809 6.59742 1.77509
v 3.15882 6.58009 1.75506
v 2.96000 6.74000 1.90479
v 2.94070 6.73971 1.91461
v 2.94134 6.76000 1.91516
v 2.94000 6.72000 1.90090
v 2.91606 6.73500 1.90722
v 2.95438 6.78000 1.91004
v 2.96000 6.71000 1.90322
v 3.00000 6.72000 1.88607
v 2.96865 6.68000 1.89622
v 2.97833 6.64000 1.89132
v 3.02058 6.69829 1.87484
v 3.01457 6.65000 1.87352
v 2.96814 6.66000 1.89436
v 2.97914 6.62000 1.89094
v 3.01536 6.60915 1.87389
v 2.97984 6.59849 1.89394
v 2.98358 6.60574 1.91731
v 3.02912 6.64000 1.85460
v 3.03165 6.60000 1.85454
v 3.03231 6.57054 1.87648
v 3.05345 6.58069 1.83038
v 3.06263 6.60000 1.79833
v 3.08087 6.60861 1.77546
v 3.08171 6.55152 1.82487
v 3.04792 6.61950 1.79653
v 3.10890 6.57519 1.78222
v 3.10923 6.52940 1.82855
v 3.13466 6.56118 1.78802
v 3.14000 6.58000 1.76556
v 3.15000 6.54000 1.80797
v 3.14119 6.51057 1.82974
v 3.06292 6.55457 1.84890
v 3.15882 6.58009 1.75506
v 3.16151 6.56107 1.77791
v 3.12158 6.60119 1.75679
v 3.04455 6.62098 1.82463
v 2.99780 6.57847 1.89343
v 3.03903 6.68000 1.85370
v 2.93605 6.68000 1.91254
v 2.96548 6.66646 1.91436
v 2.98937 6.75000 1.88900
v 2.95323 6.62000 1.91079
v 2.94619 6.80000 1.91961
v 2.96006 6.60000 1.91301
v 3.04177 6.54397 1.89601
v 3.08065 6.51078 1.88555
v 3.02519 6.52506 1.91977
v 3.06000 6.50592 1.91920
v 3.08000 6.48000 1.92351
v 3.06000 6.46000 1.93963
v 3.08310 6.46000 1.93640
v 3.09956 6.45902 1.91336
v 3.07918 6.43976 1.93395
v 3.10103 6.42817 1.93401
v 3.09786 6.48000 1.89061
v 3.02130 6.50114 1.93452
v 3.11845 6.43000 1.89304
v 3.12001 6.40034 1.89460
v 3.13946 6.42000 1.87405
v 3.16218 6.41000 1.85042
v 3.16012 6.44978 1.85294
v 3.10243 6.39000 1.93649
v 3.14238 6.46212 1.85635
v 3.10075 6.62106 1.75653
v 3.11994 6.62384 1.71997
v 3.08000 6.64069 1.77640
v 3.09112 6.64000 1.74488
v 3.09564 6.66000 1.76324
v 3.10151 6.64118 1.71416
v 3.05389 6.66000 1.82432
v 3.13989 6.60049 1.73502
v 2.99951 6.55271 1.91004
v 2.93979 6.66000 1.91353
v 2.95026 6.64191 1.91253
v 3.06308 6.64000 1.79911
v 3.09470 6.50792 1.86465
v 2.92279 6.70247 1.91422
v 3.16000 6.48831 1.83795
v 3.05378 6.66209 1.79716
v 2.97081 6.58015 1.89551
v 3.09470 6.50792 1.86465
v 3.14119 6.51057 1.82974
v 3.14238 6.46212 1.85635
v 3.16000 6.48831 1.83795
v 3.08000 6.64069 1.77640
v 3.05378 6.66209 1.79716
v 3.08000 6.66000 1.73540
v 3.06419 6.68774 1.77511
v 2.96548 6.66646 1.91436
v 2.95026 6.64191 1.91253
v 2.94010 6.66036 1.93469
v 3.24166 6.80000 1.83832
v 3.23744 6.78000 1.85139
v 3.21910 6.79847 1.87725
v 3.22024 6.77154 1.87216
v 3.25829 6.75854 1.82309
v 3.22766 6.76000 1.85570
v 3.24000 6.75141 1.83573
v 3.24004 6.73135 1.81568
v 3.30531 6.75801 1.77696
v 3.28085 6.74000 1.77669
v 3.27175 6.74000 1.79584
v 3.26000 6.72887 1.77577
v 3.25993 6.71992 1.79553
v 3.26052 6.73080 1.75644
v 3.06000 6.39000 1.94528
v 3.08000 6.39000 1.95279
v 3.10243 6.39000 1.93649
v 3.10103 6.42817 1.93401
v 3.08000 6.42000 1.94212
v 3.06000 6.44000 1.94507
v 3.07918 6.43976 1.93395
v 3.08310 6.46000 1.93640
v 3.06000 6.46000 1.93963
v 3.43727 7.63948 -0.79218
v 3.44830 7.66169 -0.80271
v 3.46061 7.66000 -0.78445
v 3.43727 7.63948 -0.79218
v 3.46061 7.66000 -0.78445
v 3.43779 7.66193 -0.78032
v 3.43779 7.66193 -0.78032
v 3.46061 7.66000 -0.78445
v 3.46359 7.68076 -0.78100
v 3.44830 7.66169 -0.80271
v 3.48129 7.67902 -0.80121
v 3.46061 7.66000 -0.78445
v 3.43779 7.66193 -0.78032
v 3.44830 7.66169 -0.80271
v 3.43727 7.63948 -0.79218
v 3.48129 7.67902 -0.80121
v 3.46359 7.68076 -0.78100
v 3.46061 7.66000 -0.78445
v 3.46061 7.66000 -0.78445
v 3.43779 7.66193 -0.78032
v 3.46359 7.68076 -0.78100
v 3.44830 7.66169 -0.80271
v 3.46061 7.66000 -0.78445
v 3.45845 7.68113 -0.80319
v 3.46359 7.68076 -0.78100
v 3.46061 7.66000 -0.78445
v 3.44830 7.66169 -0.80271
v 3.43779 7.66193 -0.78032
v 3.45845 7.68113 -0.80319
v 3.48129 7.67902 -0.80121
v 3.44830 7.66169 -0.80271
v 3.43727 7.63948 -0.79218
v 3.43118 7.64000 -0.81400
v 3.44068 7.61965 -0.79147
v 3.44830 7.66169 -0.80271
v 3.44068 7.61965 -0.79147
v 3.43118 7.64000 -0.81400
v 3.43727 7.63948 -0.79218
v 3.44830 7.66169 -0.80271
v 2.54015 6.93999 0.25269
v 2.54000 6.92045 0.23295
v 2.51810 6.92790 0.23386
v 2.54015 6.93999 0.25269
v 2.51810 6.92790 0.23386
v 2.54000 6.92045 0.23295
v 2.58000 6.91229 0.27875
v 2.54000 6.90995 0.27267
v 2.52000 6.90733 0.25256
v 2.56000 6.90119 0.25276
v 2.56000 6.92000 0.28358
v 2.52500 6.92000 0.28502
v 2.51902 6.90062 0.27254
v 2.58000 6.90985 0.25288
v 2.60000 6.91881 0.27584
v 2.60000 6.90870 0.25298
v 2.62545 6.92185 0.27874
v 2.60000 6.91075 0.23298
v 2.62000 6.91132 0.23309
v 2.61962 6.92000 0.25232
v 2.50000 6.90098 0.25478
v 2.61000 6.94000 0.29152
v 2.50000 6.90000 0.27996
v 2.64000 6.94000 0.29234
v 2.47000 6.90000 0.27863
v 2.45055 6.91665 0.29219
v 2.44000 6.89000 0.27964
v 2.42000 6.89077 0.28759
v 2.56000 6.92436 0.23823
v 2.56000 6.90119 0.25276
v 2.54000 6.92045 0.23295
v 2.58000 6.90985 0.25288
v 2.58000 6.92866 0.23291
v 2.52000 6.90733 0.25256
v 2.51810 6.92790 0.23386
v 2.54015 6.93999 0.25269
v 2.56000 6.92436 0.23823
v 2.54000 6.92045 0.23295
v 2.54015 6.93999 0.25269
v 2.54000 6.92045 0.23295
v 2.56000 6.92436 0.23823
v 3.13784 7.10477 1.92428
v 3.16000 7.12000 1.91872
v 3.15308 7.07000 1.92983
v 3.76819 6.96091 0.23871
v 3.80000 6.97917 0.23837
v 3.80000 6.96470 0.25834
v 3.42000 7.00013 0.29705
v 3.48000 6.97703 0.29751
v 3.47500 7.00161 0.29752
v 3.52000 6.97002 0.29731
v 3.40000 6.96904 0.29683
v 3.45000 6.96721 0.29703
v 3.39722 7.02000 0.29478
v 3.43000 7.02000 0.28404
v 3.49000 7.02000 0.29282
v 3.52000 7.01664 0.29693
v 3.44000 6.94000 0.26826
v 3.44000 6.91984 0.25722
v 3.46500 6.95000 0.26948
v 3.41500 6.97240 0.27690
v 3.46000 6.97718 0.27709
v 3.38000 6.96000 0.26971
v 3.38000 6.97890 0.27677
v 3.52000 6.96013 0.27724
v 3.36000 6.91792 0.26064
v 3.46501 6.91951 0.26241
v 3.36000 6.97024 0.27667
v 3.34000 6.97011 0.27658
v 3.33691 6.91893 0.25862
v 3.49667 6.93847 0.25576
v 3.32000 6.94370 0.27477
v 3.57000 6.93850 0.26045
v 3.56000 6.96075 0.27728
v 3.61000 6.96000 0.27160
v 3.58000 6.97861 0.27756
v 3.60997 6.98001 0.27772
v 3.64888 6.95897 0.25847
v 3.61096 6.94224 0.25769
v 3.55139 6.98097 0.29720
v 3.57785 6.97974 0.29760
v 3.30000 6.93262 0.25634
v 3.42000 6.92000 0.27519
v 3.52000 6.97002 0.29731
v 3.57000 6.93850 0.26045
v 3.62000 6.94938 0.23765
v 3.61096 6.94224 0.25769
v 3.54000 6.94000 0.24668
v 3.49667 6.93847 0.25576
v 3.64888 6.95897 0.25847
v 3.66563 6.95786 0.23354
v 3.54000 6.96000 0.22777
v 3.44000 6.91984 0.25722
v 3.45077 6.93783 0.23749
v 3.46501 6.91951 0.26241
v 3.49667 6.93847 0.25576
v 3.78455 6.98066 0.25683
v 3.75002 6.98018 0.25843
v 3.76819 6.96091 0.23871
v 3.72480 6.96021 0.23806
v 3.72000 6.97757 0.25808
v 3.80000 6.96470 0.25834
v 3.76819 6.96091 0.23871
v 3.72000 6.97125 0.21807
v 3.76000 6.97391 0.21822
v 3.72480 6.96021 0.23806
v 4.22000 6.98320 0.27971
v 4.18000 6.98240 0.27817
v 4.19694 6.98099 0.25964
v 4.22000 6.98481 0.25971
v 4.36845 6.99995 0.28118
v 4.32500 7.00000 0.29196
v 4.28375 6.99476 0.28591
v 4.35000 7.02000 0.29888
v 4.39000 7.02000 0.29726
v 4.41000 7.01295 0.28029
v 4.44000 7.01622 0.28750
v 4.12625 7.05625 0.29204
v 4.11000 7.00000 0.29562
v 4.19000 7.02000 0.29546
v 4.14000 7.11000 0.28403
v 4.27000 7.12000 0.28491
v 4.25125 7.05250 0.29196
v 4.25000 7.02000 0.29650
v 4.10000 7.10000 0.28474
v 4.31000 7.02000 0.29851
v 4.36750 7.06000 0.29320
v 4.38500 7.12000 0.28686
v 4.46125 7.08000 0.29168
v 4.54000 7.10000 0.29008
v 4.08500 7.02000 0.29763
v 3.98000 7.08000 0.28567
v 4.40000 7.04000 0.29818
v 4.01018 7.02006 0.29813
v 3.92000 7.04000 0.29289
v 3.89000 7.08000 0.28582
v 4.03758 7.00001 0.29848
v 3.85625 7.00000 0.30154
v 3.90000 7.02274 0.29955
v 3.77750 7.02239 0.29905
v 3.66000 7.00488 0.29889
v 3.87000 7.04000 0.29239
v 3.81500 7.04000 0.29074
v 3.73000 7.08000 0.28197
v 3.76000 7.04000 0.29234
v 3.69750 7.06000 0.28702
v 3.70000 7.01650 0.29692
v 4.45000 7.06000 0.29638
v 4.55000 7.04000 0.29521
v 4.56000 7.10000 0.28904
v 4.62500 7.06750 0.29237
v 4.67000 7.10000 0.29038
v 4.71000 7.07000 0.29374
v 4.46000 7.04000 0.29752
v 4.50000 7.04000 0.29541
v 4.65500 7.04000 0.29284
v 4.60000 7.04000 0.29262
v 3.99985 6.98024 0.29902
v 3.83000 6.98000 0.30172
v 3.73000 6.97761 0.29884
v 3.67000 6.97109 0.29832
v 3.63750 6.97377 0.29896
v 3.62415 7.01941 0.29771
v 3.55627 7.01900 0.29677
v 3.55139 6.98097 0.29720
v 3.52000 6.97002 0.29731
v 3.52000 7.01664 0.29693
v 3.95000 6.95853 0.29863
v 3.98073 6.95976 0.29878
v 3.81000 6.97184 0.29905
v 3.66000 7.04000 0.28620
v 3.64000 7.05000 0.28578
v 4.04500 6.98000 0.29562
v 4.52000 7.02000 0.29269
v 4.17000 7.00000 0.29241
v 4.22000 7.00000 0.29586
v 4.14000 7.00000 0.29132
v 3.84470 6.96163 0.29848
v 3.61000 7.04000 0.28640
v 4.11000 6.98000 0.29065
v 3.55000 7.04000 0.28474
v 3.52000 7.04000 0.28354
v 4.15079 6.98060 0.27945
v 4.07050 6.96000 0.28185
v 4.46000 7.01861 0.28296
v 4.50033 7.02027 0.28046
v 4.18000 6.98240 0.27817
v 4.22000 6.98320 0.27971
v 4.45664 7.00183 0.26038
v 4.64000 7.03025 0.28089
v 4.58835 7.02000 0.28229
v 4.56000 7.01885 0.28288
v 4.00000 6.97123 0.27678
v 3.99985 6.98024 0.29902
v 3.98073 6.95976 0.29878
v 4.04500 6.98000 0.29562
v 4.07050 6.96000 0.28185
v 3.78000 6.96915 0.27828
v 3.73000 6.97285 0.27811
v 3.75002 6.98018 0.25843
v 3.78455 6.98066 0.25683
v 3.72000 6.97757 0.25808
v 3.69000 6.96924 0.25795
v 3.80000 6.96470 0.25834
v 3.67000 6.97109 0.29832
v 3.63750 6.97377 0.29896
v 3.64000 6.97180 0.27778
v 3.67000 6.97230 0.27789
v 3.73000 6.97761 0.29884
v 3.81000 6.97184 0.29905
v 3.81000 6.96880 0.27838
v 3.86500 6.97416 0.27858
v 3.85000 6.96680 0.25851
v 3.90000 6.97377 0.25870
v 3.94000 6.97293 0.27883
v 3.84470 6.96163 0.29848
v 3.60997 6.98001 0.27772
v 3.57785 6.97974 0.29760
v 3.58000 6.97861 0.27756
v 3.94000 6.97785 0.25592
v 3.96500 6.97493 0.27542
v 3.64888 6.95897 0.25847
v 3.95000 6.95853 0.29863
v 4.00000 6.99345 0.25907
v 3.28000 6.94977 0.29629
v 3.34000 6.95897 0.29603
v 3.25500 6.95328 0.29658
v 3.32000 6.94806 0.29646
v 3.23000 6.92463 0.27603
v 3.28000 6.92275 0.27624
v 3.19000 6.93798 0.29672
v 3.18109 6.92000 0.27640
v 3.14000 6.93059 0.27564
v 3.14000 6.93911 0.29596
v 3.29440 6.94145 0.27534
v 3.32000 6.94370 0.27477
v 3.30000 6.93262 0.25634
v 3.40000 6.96904 0.29683
v 3.38000 6.96280 0.29674
v 3.38000 6.97890 0.27677
v 3.36000 6.97024 0.27667
v 3.34000 6.97011 0.27658
v 3.41500 6.97240 0.27690
v 3.45000 6.96721 0.29703
v 3.46000 6.97718 0.27709
v 3.48000 6.97703 0.29751
v 3.52000 6.97002 0.29731
v 3.55139 6.98097 0.29720
v 3.57785 6.97974 0.29760
v 3.63750 6.97377 0.29896
v 2.50000 7.38253 -0.88674
v 2.48000 7.40000 -0.90532
v 2.48001 7.38230 -0.87460
v 2.50000 7.40000 -0.90385
v 2.40000 7.40001 -0.82728
v 2.41513 7.40000 -0.81175
v 2.39883 7.36934 -0.80743
v 2.95880 6.57787 1.91417
v 2.97081 6.58015 1.89551
v 2.96003 6.53791 1.89354
v 2.95880 6.57787 1.91417
v 2.96003 6.53791 1.89354
v 2.97081 6.58015 1.89551
v 2.94010 6.66036 1.93469
v 2.93979 6.66000 1.91353
v 2.95026 6.64191 1.91253
v 2.93979 6.66000 1.91353
v 2.94010 6.66036 1.93469
v 2.95026 6.64191 1.91253
v 1.75167 6.86814 0.28612
v 1.80000 6.87780 0.28661
v 1.76000 6.88000 0.28509
v 1.95938 6.87924 0.26104
v 1.96000 6.87625 0.28588
v 1.94000 6.86214 0.28850
v 2.10794 6.88004 0.29028
v 2.06000 6.86000 0.25941
v 2.08000 6.86576 0.27001
v 2.05000 6.87528 0.29065
v 2.08770 6.86651 0.25005
v 2.10073 6.87939 0.27015
v 2.12000 6.86710 0.25025
v 2.12241 6.88130 0.26914
v 2.14000 6.89240 0.29040
v 2.22000 6.88656 0.28839
v 2.18000 6.86000 0.28363
v 2.22000 6.85903 0.27326
v 2.26991 6.86082 0.27116
v 2.26000 6.88000 0.28869
v 2.34000 6.88581 0.28876
v 2.36000 6.87727 0.28013
v 2.38000 6.90679 0.29112
v 2.40000 6.90000 0.28589
v 2.19000 6.88000 0.28191
v 2.16000 6.88000 0.28293
v 2.14000 6.86609 0.27036
v 2.16226 6.86082 0.27048
v 1.82103 6.87993 0.26748
v 1.79500 6.88177 0.26708
v 1.81000 6.86000 0.28411
v 1.75167 6.86814 0.28612
v 1.84000 6.86809 0.28450
v 1.74500 6.87892 0.26526
v 1.80000 6.92000 0.27621
v 1.78000 6.89120 0.28234
v 1.79685 6.90195 0.28833
v 1.82000 6.90489 0.28848
v 1.76000 6.92000 0.27247
v 2.05000 6.87528 0.29065
v 2.03963 6.89092 0.27006
v 2.06000 6.86000 0.25941
v 1.74500 6.87892 0.26526
v 1.79500 6.88177 0.26708
v 1.78000 6.89120 0.28234
v 1.79685 6.90195 0.28833
v 2.02000 6.88000 0.25645
v 2.00000 6.88000 0.25590
v 2.01643 6.86000 0.26560
v 1.99763 6.90000 0.25205
v 2.02266 6.90000 0.25259
v 2.04000 6.86000 0.25914
v 1.98333 6.87873 0.26612
v 2.03963 6.89092 0.27006
v 2.06000 6.86000 0.25941
v 1.98333 6.87873 0.26612
v 1.98000 6.87106 0.28861
v 2.00000 6.87139 0.28873
v 2.01643 6.86000 0.26560
v 2.16226 6.86082 0.27048
v 2.12000 6.86710 0.25025
v 2.16000 6.86891 0.25048
v 2.14000 6.86609 0.27036
v 1.80000 6.87780 0.28661
v 1.75167 6.86814 0.28612
v 1.78000 6.89120 0.28234
v 1.76000 6.88000 0.28509
v 1.79685 6.90195 0.28833
v 1.82103 6.87993 0.26748
v 1.84000 6.86809 0.28450
v 1.80000 6.87780 0.28661
v 1.79500 6.88177 0.26708
v 1.90015 6.85448 0.28898
v 1.92000 6.86276 0.28816
v 1.84000 6.86809 0.28450
v 1.96000 6.87625 0.28588
v 1.95880 6.90000 0.28933
v 1.98333 6.87873 0.26612
v 1.95880 6.90000 0.28933
v 1.95908 6.90016 0.26918
v 1.98333 6.87873 0.26612
v 1.98333 6.87873 0.26612
v 1.95938 6.87924 0.26104
v 1.96000 6.87625 0.28588
v 1.98000 6.87106 0.28861
v 1.94000 6.86214 0.28850
v 1.95908 6.90016 0.26918
v 1.95880 6.90000 0.28933
v 1.95938 6.87924 0.26104
v 1.96000 6.87625 0.28588
v 1.95938 6.87924 0.26104
v 1.98333 6.87873 0.26612
v 1.95908 6.90016 0.26918
v 1.98000 6.87106 0.28861
v 1.96000 6.87625 0.28588
v 1.98333 6.87873 0.26612
v 2.00000 6.87139 0.28873
v 2.02266 6.90000 0.25259
v 2.02000 6.87301 0.28916
v 1.99763 6.90000 0.25205
v 2.03963 6.89092 0.27006
v 2.05000 6.87528 0.29065
v 1.79685 6.90195 0.28833
v 1.79500 6.88177 0.26708
v 1.80000 6.87780 0.28661
v 1.94000 6.86214 0.28850
v 1.96000 6.87625 0.28588
v 1.92000 6.86276 0.28816
v 2.38000 6.90679 0.29112
v 2.40000 6.90000 0.28589
v 2.42000 6.89077 0.28759
v 2.00000 6.84857 0.26950
v 2.00000 6.87139 0.28873
v 1.98000 6.87106 0.28861
v 1.92000 6.84851 0.26902
v 1.96000 6.87625 0.28588
v 2.01643 6.86000 0.26560
v 1.90015 6.85448 0.28898
v 1.85915 6.86031 0.26814
v 1.88000 6.85275 0.24878
v 1.84000 6.86809 0.28450
v 1.90000 6.84935 0.26889
v 1.86000 6.85076 0.24865
v 1.91518 6.86000 0.25028
v 1.92000 6.86276 0.28816
v 1.94000 6.86214 0.28850
v 1.84084 6.83962 0.27491
v 1.83000 6.85255 0.24707
v 1.82000 6.83677 0.27120
v 1.80000 6.83998 0.26828
v 1.79000 6.85513 0.24645
v 1.76000 6.82743 0.26799
v 1.75167 6.86814 0.28612
v 1.78000 6.84000 0.27815
v 1.81000 6.86000 0.28411
v 1.78000 6.45000 1.95204
v 1.76000 6.44000 1.95221
v 1.76005 6.47274 1.94761
v 4.52000 7.30254 -0.79576
v 4.52000 7.32000 -0.81031
v 4.50000 7.32000 -0.80529
v 4.56000 7.24402 -0.75600
v 4.58000 7.26000 -0.76437
v 4.52000 7.25619 -0.76212
v 3.69846 7.34000 -0.72120
v 3.70058 7.35750 -0.74615
v 3.69853 7.32000 -0.72124
v 2.53598 7.36123 -0.88883
v 2.52000 7.34402 -0.87152
v 2.54217 7.34142 -0.86911
v 2.53598 7.36123 -0.88883
v 2.54217 7.34142 -0.86911
v 2.52000 7.34402 -0.87152
v 2.32098 7.86848 -0.82728
v 2.31500 7.84000 -0.82776
v 2.30000 7.86000 -0.82735
v 3.73822 7.56245 -0.71964
v 3.74130 7.56000 -0.74531
v 3.73855 7.53736 -0.71929
v 3.74000 7.57416 -0.74051
v 3.73999 7.53842 -0.74125
v 3.74130 7.56000 -0.74531
v 3.74000 7.57416 -0.74051
v 3.75943 7.54834 -0.72064
v 3.73999 7.53842 -0.74125
v 3.74000 7.57416 -0.74051
v 3.73822 7.56245 -0.71964
v 3.75943 7.54834 -0.72064
v 3.73822 7.56245 -0.71964
v 3.73855 7.53736 -0.71929
v 3.75943 7.54834 -0.72064
v 3.75943 7.54834 -0.72064
v 3.73855 7.53736 -0.71929
v 3.73999 7.53842 -0.74125
v 2.97999 7.19967 1.81580
v 2.97986 7.24024 1.81542
v 2.97828 7.20604 1.84389
v 2.97816 7.26503 1.83553
v 2.96344 7.22000 1.83538
v 2.97986 7.24024 1.81542
v 2.97999 7.19967 1.81580
v 2.97816 7.26503 1.83553
v 2.97828 7.20604 1.84389
v 2.97816 7.26503 1.83553
v 2.96344 7.22000 1.83538
v 2.97828 7.20604 1.84389
v 2.96344 7.22000 1.83538
v 2.97999 7.19967 1.81580
v 4.34500 7.37274 -0.80985
v 4.36479 7.40000 -0.82037
v 4.34182 7.39681 -0.81892
v 4.41835 7.37888 -0.81070
v 4.40000 7.38030 -0.79878
v 4.40274 7.35695 -0.79926
vt 0.290195 0.269126
vt 0.289560 0.268533
vt 0.289014 0.269126
vt 0.089643 0.173511
vt 0.088820 0.172917
vt 0.088757 0.173511
vt 0.261249 0.057703
vt 0.261249 0.058594
vt 0.260659 0.057954
vt 0.289604 0.331485
vt 0.289202 0.330891
vt 0.288718 0.331485
vt 0.232894 0.269423
vt 0.232894 0.270611
vt 0.232304 0.270114
vt 0.315006 0.053286
vt 0.315301 0.052655
vt 0.315301 0.053842
vt 0.070740 0.008410
vt 0.070111 0.008113
vt 0.069558 0.008410
vt 0.305259 0.145004
vt 0.305259 0.146192
vt 0.304668 0.145642
vt 0.090529 0.203799
vt 0.090529 0.204987
vt 0.089643 0.204375
vt 0.062765 0.250716
vt 0.063946 0.250716
vt 0.063457 0.250122
vt 0.030570 0.322177
vt 0.031161 0.321685
vt 0.031161 0.322873
vt 0.206607 0.241271
vt 0.207493 0.240917
vt 0.207493 0.241511
vt 0.099095 0.135205
vt 0.099685 0.135205
vt 0.099333 0.134314
vt 0.250056 0.112340
vt 0.250026 0.112934
vt 0.250616 0.112934
vt 0.198928 0.072847
vt 0.198337 0.072817
vt 0.198928 0.072253
vt 0.061879 0.257843
vt 0.061583 0.257205
vt 0.061879 0.256061
vt 0.248155 0.146192
vt 0.247663 0.146489
vt 0.248844 0.146489
vt 0.148230 0.219834
vt 0.147830 0.220428
vt 0.148716 0.220428
vt 0.005760 0.254873
vt 0.006646 0.254873
vt 0.006150 0.253982
vt 0.086394 0.329731
vt 0.086689 0.328515
vt 0.086689 0.330594
vt 0.110189 0.322279
vt 0.110023 0.322873
vt 0.110909 0.322873
vt 0.310575 0.096602
vt 0.309985 0.096188
vt 0.310575 0.095711
vt 0.203071 0.149755
vt 0.202767 0.150349
vt 0.203653 0.150349
vt 0.015802 0.001580
vt 0.015211 0.000924
vt 0.015802 0.000393
vt 0.027026 0.306541
vt 0.028207 0.306541
vt 0.027679 0.305947
vt 0.028503 0.096305
vt 0.028503 0.097790
vt 0.028207 0.096847
vt 0.330712 0.303572
vt 0.329774 0.303869
vt 0.331251 0.303869
vt 0.076352 0.196078
vt 0.077238 0.196078
vt 0.076854 0.195484
vt 0.116226 0.098681
vt 0.117112 0.098681
vt 0.116999 0.097790
vt 0.309394 0.065423
vt 0.309394 0.066611
vt 0.308508 0.066357
vt 0.250026 0.250122
vt 0.250026 0.251013
vt 0.249435 0.250591
vt 0.277790 0.182122
vt 0.277790 0.183013
vt 0.277199 0.182544
vt 0.309098 0.077895
vt 0.308212 0.076908
vt 0.309098 0.076707
vt 0.039146 0.186576
vt 0.038250 0.187467
vt 0.039431 0.187467
vt 0.041499 0.318319
vt 0.042385 0.318122
vt 0.042385 0.319013
vt 0.202472 0.086803
vt 0.203358 0.086803
vt 0.202944 0.086209
vt 0.027617 0.313074
vt 0.026730 0.312706
vt 0.027617 0.312183
vt 0.113272 0.316376
vt 0.113863 0.316043
vt 0.113863 0.317231
vt 0.202767 0.246559
vt 0.202767 0.247450
vt 0.202177 0.247364
vt 0.092006 0.331865
vt 0.092892 0.331188
vt 0.092892 0.332078
vt 0.081668 0.032166
vt 0.081668 0.033353
vt 0.080782 0.033090
vt 0.021119 0.236760
vt 0.022005 0.236760
vt 0.021422 0.236166
vt 0.248844 0.008238
vt 0.249730 0.008113
vt 0.249730 0.008707
vt 0.154623 0.026102
vt 0.155509 0.025633
vt 0.155509 0.026227
vt 0.285765 0.109371
vt 0.286651 0.109371
vt 0.286397 0.108777
vt 0.076352 0.295554
vt 0.075880 0.294961
vt 0.075465 0.295554
vt 0.165847 0.131345
vt 0.165256 0.130904
vt 0.165847 0.130454
vt 0.017279 0.319904
vt 0.016670 0.319310
vt 0.016393 0.319904
vt 0.314120 0.060672
vt 0.314120 0.061563
vt 0.313529 0.061285
vt 0.303191 0.214786
vt 0.304373 0.214786
vt 0.303992 0.213895
vt 0.009248 0.189546
vt 0.008418 0.189843
vt 0.009895 0.189843
vt 0.007790 0.289319
vt 0.007236 0.290506
vt 0.008418 0.290506
vt 0.066309 0.312480
vt 0.067195 0.312480
vt 0.066560 0.311589
vt 0.212219 0.191624
vt 0.213105 0.191624
vt 0.212710 0.190733
vt 0.226692 0.300009
vt 0.225806 0.299516
vt 0.226692 0.299118
vt 0.251502 0.257249
vt 0.251502 0.258140
vt 0.250912 0.257707
vt 0.122724 0.274175
vt 0.122724 0.275065
vt 0.122133 0.274607
vt 0.056858 0.254335
vt 0.056858 0.255467
vt 0.056267 0.254872
vt 0.056281 0.253982
vt 0.072512 0.294681
vt 0.073103 0.294070
vt 0.073103 0.295258
vt 0.328026 0.105214
vt 0.328444 0.106106
vt 0.327706 0.105876
vt 0.328048 0.106572
vt 0.328592 0.106995
vt 0.328592 0.105547
vt 0.254161 0.305057
vt 0.253755 0.304463
vt 0.253275 0.305057
vt 0.322094 0.146489
vt 0.322094 0.147677
vt 0.321504 0.147105
vt 0.027026 0.122436
vt 0.027026 0.123624
vt 0.026435 0.123008
vt 0.186324 0.273463
vt 0.186447 0.275508
vt 0.186447 0.276987
vt 0.186539 0.278190
vt 0.184842 0.279381
vt 0.185444 0.280192
vt 0.186013 0.281020
vt 0.187190 0.278493
vt 0.187047 0.276741
vt 0.187775 0.277589
vt 0.187743 0.278368
vt 0.187835 0.275949
vt 0.187100 0.274045
vt 0.188064 0.272066
vt 0.187686 0.280686
vt 0.188330 0.272965
vt 0.188380 0.271319
vt 0.188400 0.270766
vt 0.187375 0.269637
vt 0.188410 0.270220
vt 0.187305 0.266861
vt 0.186322 0.266278
vt 0.189102 0.272741
vt 0.189181 0.270516
vt 0.187316 0.266305
vt 0.188439 0.269673
vt 0.188473 0.269128
vt 0.187094 0.282069
vt 0.188771 0.275173
vt 0.188524 0.278257
vt 0.187917 0.279698
vt 0.188488 0.280502
vt 0.188209 0.266468
vt 0.187336 0.265183
vt 0.188587 0.281167
vt 0.188657 0.268553
vt 0.187833 0.282075
vt 0.188424 0.282644
vt 0.189139 0.269136
vt 0.186768 0.264564
vt 0.186089 0.264435
vt 0.188653 0.275712
vt 0.185606 0.265738
vt 0.185461 0.281183
vt 0.184926 0.279953
vt 0.184327 0.280891
vt 0.183926 0.280018
vt 0.183189 0.280985
vt 0.184814 0.281300
vt 0.187860 0.282934
vt 0.189181 0.283083
vt 0.185570 0.265096
vt 0.185256 0.264505
vt 0.185361 0.263940
vt 0.185734 0.263221
vt 0.185068 0.262637
vt 0.186447 0.263795
vt 0.184147 0.281581
vt 0.185585 0.262006
vt 0.184762 0.261856
vt 0.185750 0.261440
vt 0.185206 0.261109
vt 0.196713 0.241974
vt 0.195507 0.242260
vt 0.195985 0.241107
vt 0.194686 0.241900
vt 0.193550 0.241318
vt 0.193020 0.241924
vt 0.195246 0.243879
vt 0.195772 0.243069
vt 0.195164 0.243058
vt 0.194132 0.242593
vt 0.194673 0.243839
vt 0.161865 0.300067
vt 0.161027 0.299597
vt 0.162491 0.298851
vt 0.161901 0.298257
vt 0.160942 0.300955
vt 0.159247 0.299164
vt 0.160005 0.298789
vt 0.158974 0.297976
vt 0.160146 0.300906
vt 0.162424 0.298023
vt 0.160913 0.303038
vt 0.158306 0.298480
vt 0.158542 0.299079
vt 0.160217 0.302886
vt 0.159927 0.304146
vt 0.161529 0.304000
vt 0.159572 0.303455
vt 0.161535 0.297444
vt 0.162907 0.300891
vt 0.163219 0.299028
vt 0.164049 0.299792
vt 0.164455 0.300913
vt 0.163542 0.302116
vt 0.162345 0.302770
vt 0.161831 0.301846
vt 0.163401 0.303060
vt 0.162754 0.303613
vt 0.163499 0.303881
vt 0.162545 0.304436
vt 0.164614 0.300013
vt 0.165236 0.298864
vt 0.163970 0.298045
vt 0.164861 0.297972
vt 0.162839 0.297650
vt 0.163684 0.296936
vt 0.163358 0.296229
vt 0.161532 0.296107
vt 0.162456 0.295558
vt 0.161848 0.294841
vt 0.161155 0.295146
vt 0.162755 0.296195
vt 0.161019 0.296535
vt 0.166044 0.299281
vt 0.162235 0.303845
vt 0.160609 0.295307
vt 0.164522 0.302228
vt 0.160583 0.298056
vt 0.160930 0.298785
vt 0.160209 0.297370
vt 0.165233 0.300573
vt 0.166100 0.300517
vt 0.166529 0.300184
vt 0.159830 0.301538
vt 0.161423 0.294367
vt 0.159726 0.297584
vt 0.159901 0.296694
vt 0.159358 0.296985
vt 0.159571 0.296157
vt 0.158529 0.297545
vt 0.165246 0.301785
vt 0.160734 0.294554
vt 0.159947 0.294962
vt 0.160090 0.295495
vt 0.165615 0.298328
vt 0.157817 0.297894
vt 0.164131 0.303789
vt 0.159003 0.296211
vt 0.166309 0.303158
vt 0.165091 0.304469
vt 0.167024 0.304582
vt 0.166102 0.305342
vt 0.167232 0.305196
vt 0.165624 0.305651
vt 0.165915 0.302424
vt 0.166761 0.301759
vt 0.166018 0.301498
vt 0.166491 0.301242
vt 0.166877 0.302905
vt 0.167637 0.303106
vt 0.167654 0.302213
vt 0.168076 0.302816
vt 0.168455 0.303301
vt 0.168050 0.303640
vt 0.163524 0.304609
vt 0.159170 0.302777
vt 0.159114 0.303751
vt 0.158171 0.302126
vt 0.158749 0.301253
vt 0.166974 0.301077
vt 0.157546 0.300977
vt 0.157177 0.301509
vt 0.168801 0.302736
vt 0.158049 0.300716
vt 0.157093 0.299602
vt 0.156707 0.300924
vt 0.157427 0.298364
vt 0.167742 0.304502
vt 0.167744 0.301292
vt 0.166857 0.299678
vt 0.167241 0.300301
vt 0.158273 0.296972
vt 0.167062 0.303367
vt 0.165099 0.297131
vt 0.167814 0.305063
vt 0.163084 0.295603
vt 0.167417 0.303935
vt 0.159475 0.295286
vt 0.156274 0.299967
vt 0.156071 0.298432
vt 0.155821 0.299251
vt 0.168419 0.302133
vt 0.155580 0.299961
vt 0.167925 0.305625
vt 0.155399 0.298488
vt 0.155214 0.297794
vt 0.155627 0.297339
vt 0.157420 0.302391
vt 0.157755 0.303259
vt 0.157412 0.304044
vt 0.158653 0.304663
vt 0.157959 0.305116
vt 0.156525 0.304396
vt 0.156343 0.305116
vt 0.155705 0.304633
vt 0.164660 0.297422
vt 0.158589 0.295554
vt 0.158145 0.295808
vt 0.159299 0.295718
vt 0.164289 0.297033
vt 0.156525 0.297545
vt 0.155992 0.300719
vt 0.168401 0.301023
vt 0.168250 0.301555
vt 0.156590 0.301943
vt 0.157130 0.303326
vt 0.167959 0.300215
vt 0.156458 0.305651
vt 0.251776 0.308483
vt 0.252562 0.308475
vt 0.252437 0.309350
vt 0.252703 0.310107
vt 0.253343 0.309453
vt 0.252959 0.308947
vt 0.252188 0.308015
vt 0.251536 0.307856
vt 0.250437 0.310159
vt 0.250876 0.310860
vt 0.251642 0.311032
vt 0.250970 0.308252
vt 0.250084 0.308923
vt 0.251156 0.311577
vt 0.249435 0.309103
vt 0.250041 0.307618
vt 0.250793 0.307635
vt 0.252603 0.310698
vt 0.253606 0.311026
vt 0.249950 0.310635
vt 0.249522 0.308207
vt 0.252934 0.311360
vt 0.253617 0.311587
vt 0.251725 0.307294
vt 0.250757 0.306978
vt 0.250794 0.306412
vt 0.251745 0.305883
vt 0.252131 0.306577
vt 0.252450 0.307271
vt 0.252243 0.311162
vt 0.252361 0.311821
vt 0.252405 0.305827
vt 0.254347 0.309846
vt 0.254654 0.310882
vt 0.254434 0.311376
vt 0.255957 0.310577
vt 0.256228 0.311593
vt 0.256491 0.311109
vt 0.256948 0.310117
vt 0.257850 0.311055
vt 0.257566 0.311545
vt 0.256465 0.309291
vt 0.251694 0.311640
vt 0.250219 0.306935
vt 0.255055 0.308668
vt 0.254368 0.308433
vt 0.257964 0.309026
vt 0.252441 0.305247
vt 0.257770 0.307722
vt 0.256727 0.307915
vt 0.255259 0.307373
vt 0.258849 0.308168
vt 0.258287 0.305690
vt 0.259199 0.306011
vt 0.257669 0.306069
vt 0.258753 0.305317
vt 0.256913 0.306334
vt 0.251093 0.305912
vt 0.252903 0.311886
vt 0.250406 0.311427
vt 0.256846 0.305715
vt 0.256203 0.306364
vt 0.255882 0.305803
vt 0.254841 0.306994
vt 0.253665 0.307878
vt 0.255113 0.306233
vt 0.254333 0.306814
vt 0.253412 0.306189
vt 0.253093 0.305492
vt 0.254881 0.304760
vt 0.147934 0.309021
vt 0.147266 0.308730
vt 0.148152 0.307960
vt 0.146959 0.310453
vt 0.148757 0.309851
vt 0.146099 0.308799
vt 0.146435 0.307892
vt 0.148407 0.307064
vt 0.148625 0.307734
vt 0.147910 0.306522
vt 0.146678 0.306982
vt 0.145247 0.308539
vt 0.148703 0.306333
vt 0.145865 0.309678
vt 0.144965 0.309407
vt 0.144919 0.310880
vt 0.144101 0.309781
vt 0.144042 0.311003
vt 0.144518 0.308796
vt 0.146539 0.310898
vt 0.143384 0.310521
vt 0.142905 0.310101
vt 0.141979 0.310729
vt 0.142032 0.311583
vt 0.148856 0.308336
vt 0.149228 0.309225
vt 0.147691 0.310780
vt 0.148928 0.310462
vt 0.150059 0.310171
vt 0.148212 0.305829
vt 0.147265 0.306085
vt 0.148934 0.305414
vt 0.144068 0.309023
vt 0.149418 0.307759
vt 0.141332 0.311238
vt 0.146201 0.307195
vt 0.145482 0.307532
vt 0.146216 0.306516
vt 0.144745 0.307969
vt 0.149890 0.309338
vt 0.149799 0.308784
vt 0.145419 0.306894
vt 0.150988 0.308281
vt 0.151499 0.309674
vt 0.151988 0.308774
vt 0.151577 0.307064
vt 0.152538 0.309843
vt 0.151054 0.306949
vt 0.150961 0.306087
vt 0.151002 0.305215
vt 0.152277 0.308070
vt 0.151845 0.305665
vt 0.153248 0.309232
vt 0.153087 0.308401
vt 0.153342 0.310104
vt 0.150420 0.308674
vt 0.143524 0.309271
vt 0.149811 0.308189
vt 0.152701 0.310631
vt 0.144755 0.307399
vt 0.151413 0.304671
vt 0.152019 0.304964
vt 0.151810 0.303572
vt 0.144278 0.308294
vt 0.153365 0.311016
vt 0.153737 0.311589
vt 0.143495 0.309785
vt 0.142876 0.309576
vt 0.143116 0.308819
vt 0.142374 0.309038
vt 0.143767 0.308577
vt 0.143347 0.308186
vt 0.144014 0.307889
vt 0.142793 0.308717
vt 0.150091 0.307246
vt 0.144258 0.307162
vt 0.150734 0.310628
vt 0.150247 0.311042
vt 0.149371 0.311146
vt 0.148539 0.311247
vt 0.146482 0.311565
vt 0.151911 0.310441
vt 0.145686 0.311491
vt 0.144355 0.311589
vt 0.310695 0.045899
vt 0.309794 0.046265
vt 0.310586 0.047075
vt 0.311166 0.047898
vt 0.310471 0.047808
vt 0.309839 0.047157
vt 0.311073 0.048794
vt 0.143807 0.330430
vt 0.144511 0.330087
vt 0.144781 0.330683
vt 0.143921 0.330933
vt 0.145784 0.330362
vt 0.146291 0.331262
vt 0.146474 0.330298
vt 0.145454 0.329506
vt 0.146077 0.329802
vt 0.146898 0.329264
vt 0.147239 0.330585
vt 0.144556 0.328918
vt 0.145160 0.328921
vt 0.145900 0.328812
vt 0.143550 0.329789
vt 0.146916 0.331485
vt 0.145002 0.331485
vt 0.142622 0.331293
vt 0.143126 0.330409
vt 0.142519 0.330567
vt 0.141627 0.331253
vt 0.142418 0.330012
vt 0.142932 0.329751
vt 0.141774 0.330525
vt 0.142915 0.329162
vt 0.162665 0.308668
vt 0.162634 0.307990
vt 0.163730 0.308270
vt 0.161570 0.308152
vt 0.161627 0.309768
vt 0.160445 0.308466
vt 0.160508 0.307529
vt 0.158646 0.307519
vt 0.158647 0.308282
vt 0.159971 0.309500
vt 0.161072 0.309832
vt 0.161817 0.306865
vt 0.161021 0.306841
vt 0.163205 0.307117
vt 0.158634 0.309015
vt 0.157623 0.308976
vt 0.159929 0.306783
vt 0.157033 0.308167
vt 0.157556 0.307640
vt 0.156491 0.307578
vt 0.162943 0.309424
vt 0.163747 0.309338
vt 0.164280 0.310546
vt 0.162719 0.310626
vt 0.164296 0.308362
vt 0.164835 0.309023
vt 0.165369 0.308315
vt 0.165233 0.307389
vt 0.166481 0.308953
vt 0.166442 0.308261
vt 0.166455 0.307619
vt 0.164580 0.309815
vt 0.165680 0.310283
vt 0.166250 0.309867
vt 0.167411 0.310629
vt 0.167622 0.309250
vt 0.167311 0.308478
vt 0.168450 0.308841
vt 0.168785 0.309612
vt 0.169121 0.310209
vt 0.169189 0.309234
vt 0.169151 0.310853
vt 0.170277 0.310511
vt 0.169185 0.311471
vt 0.165162 0.310994
vt 0.164327 0.311136
vt 0.164285 0.306667
vt 0.165097 0.306244
vt 0.165931 0.306770
vt 0.167020 0.307134
vt 0.167280 0.307878
vt 0.168707 0.307522
vt 0.166323 0.310733
vt 0.164961 0.311589
vt 0.158901 0.306750
vt 0.156530 0.308445
vt 0.161630 0.310636
vt 0.169411 0.309645
vt 0.155938 0.309019
vt 0.155634 0.308080
vt 0.157320 0.309492
vt 0.159172 0.309753
vt 0.155214 0.308524
vt 0.167448 0.311258
vt 0.168259 0.311589
vt 0.169897 0.311208
vt 0.157533 0.307076
vt 0.156971 0.306969
vt 0.160791 0.310706
vt 0.160502 0.310112
vt 0.159691 0.310789
vt 0.206817 0.320543
vt 0.206742 0.321269
vt 0.205373 0.320602
vt 0.205243 0.319489
vt 0.204943 0.319987
vt 0.203343 0.320390
vt 0.207498 0.321071
vt 0.203266 0.319525
vt 0.203528 0.321106
vt 0.205008 0.321426
vt 0.207223 0.321617
vt 0.206564 0.319681
vt 0.207819 0.320582
vt 0.207944 0.319802
vt 0.209104 0.320650
vt 0.206767 0.319035
vt 0.202767 0.321357
vt 0.208175 0.318732
vt 0.207449 0.318716
vt 0.208595 0.319269
vt 0.208437 0.320921
vt 0.207940 0.321685
vt 0.206353 0.321685
vt 0.209561 0.320203
vt 0.317626 0.209987
vt 0.317839 0.209223
vt 0.317166 0.209070
vt 0.318060 0.208505
vt 0.318358 0.207510
vt 0.318584 0.209231
vt 0.318054 0.210870
vt 0.318657 0.210786
vt 0.318827 0.208299
vt 0.319301 0.208615
vt 0.319436 0.208049
vt 0.319141 0.209144
vt 0.318742 0.211920
vt 0.318034 0.212103
vt 0.317188 0.208162
vt 0.316450 0.207753
vt 0.316701 0.208548
vt 0.317938 0.206644
vt 0.316730 0.207023
vt 0.317625 0.206102
vt 0.316000 0.208129
vt 0.316234 0.209143
vt 0.316304 0.210015
vt 0.317013 0.209997
vt 0.318242 0.206094
vt 0.317799 0.204987
vt 0.316613 0.205099
vt 0.318947 0.212444
vt 0.318335 0.212577
vt 0.318767 0.213161
vt 0.318299 0.213710
vt 0.319234 0.213776
vt 0.317577 0.212694
vt 0.317586 0.213498
vt 0.319436 0.212620
vt 0.318731 0.214389
vt 0.319432 0.214786
vt 0.315818 0.207337
vt 0.316548 0.206482
vt 0.316825 0.205649
vt 0.315543 0.208765
vt 0.315680 0.209665
vt 0.316308 0.211860
vt 0.316951 0.211019
vt 0.316423 0.211163
vt 0.317427 0.211837
vt 0.317484 0.210764
vt 0.316437 0.210549
vt 0.315730 0.211755
vt 0.316737 0.212981
vt 0.316234 0.212601
vt 0.315766 0.210509
vt 0.315006 0.210627
vt 0.317129 0.213179
vt 0.317069 0.212763
vt 0.309417 0.030311
vt 0.310224 0.031128
vt 0.309697 0.031486
vt 0.310069 0.030264
vt 0.310792 0.030781
vt 0.308508 0.030956
vt 0.309199 0.032125
vt 0.310871 0.032166
vt 0.309307 0.029790
vt 0.308893 0.031484
vt 0.308607 0.032166
vt 0.188821 0.012057
vt 0.190067 0.012864
vt 0.187922 0.012864
vt 0.188064 0.011892
vt 0.189678 0.012315
vt 0.187704 0.012387
vt 0.189313 0.011596
vt 0.188492 0.011380
vt 0.321051 0.194719
vt 0.320228 0.195195
vt 0.320776 0.195212
vt 0.319773 0.195903
vt 0.320151 0.196669
vt 0.320848 0.196304
vt 0.321011 0.197171
vt 0.319704 0.198231
vt 0.321321 0.195512
vt 0.321538 0.196298
vt 0.319479 0.196389
vt 0.319229 0.197231
vt 0.319160 0.197957
vt 0.319279 0.195666
vt 0.319600 0.195155
vt 0.321650 0.194826
vt 0.319946 0.194799
vt 0.320723 0.197856
vt 0.320565 0.194564
vt 0.321590 0.193230
vt 0.320660 0.193174
vt 0.321713 0.192138
vt 0.322132 0.192405
vt 0.320139 0.194282
vt 0.320324 0.193698
vt 0.319866 0.193515
vt 0.322390 0.191846
vt 0.318815 0.196431
vt 0.319683 0.193904
vt 0.318550 0.195794
vt 0.321032 0.192391
vt 0.321253 0.191989
vt 0.320511 0.192513
vt 0.321567 0.191624
vt 0.319697 0.193045
vt 0.318807 0.195243
vt 0.319263 0.194566
vt 0.318708 0.194415
vt 0.319108 0.194087
vt 0.320429 0.198642
vt 0.321130 0.198681
vt 0.320408 0.200064
vt 0.319899 0.199630
vt 0.322004 0.198146
vt 0.322390 0.199090
vt 0.321843 0.199632
vt 0.320072 0.200829
vt 0.319401 0.198936
vt 0.319066 0.199818
vt 0.321480 0.197372
vt 0.077250 0.173309
vt 0.077634 0.174075
vt 0.078155 0.173381
vt 0.076622 0.174181
vt 0.076412 0.173403
vt 0.075999 0.174162
vt 0.076094 0.174750
vt 0.076801 0.174911
vt 0.075761 0.173269
vt 0.079010 0.175292
vt 0.076895 0.172706
vt 0.077950 0.172539
vt 0.078813 0.172836
vt 0.076305 0.172556
vt 0.079010 0.171729
vt 0.078961 0.174261
vt 0.078970 0.173353
vt 0.081688 0.226688
vt 0.082613 0.226937
vt 0.082124 0.227302
vt 0.082169 0.226359
vt 0.081160 0.226084
vt 0.081620 0.225749
vt 0.082230 0.225568
vt 0.081476 0.227353
vt 0.080574 0.227134
vt 0.081069 0.227693
vt 0.081944 0.227914
vt 0.080232 0.226698
vt 0.080358 0.226061
vt 0.079730 0.226942
vt 0.080696 0.225706
vt 0.080331 0.227686
vt 0.079673 0.229257
vt 0.079521 0.228741
vt 0.079418 0.229722
vt 0.079993 0.230227
vt 0.080269 0.229778
vt 0.078511 0.228956
vt 0.079761 0.227846
vt 0.079158 0.228045
vt 0.078905 0.228512
vt 0.078419 0.228205
vt 0.083356 0.225623
vt 0.083085 0.226350
vt 0.081306 0.225373
vt 0.080418 0.225071
vt 0.083836 0.226074
vt 0.083368 0.226890
vt 0.084154 0.226787
vt 0.084402 0.228606
vt 0.084943 0.226629
vt 0.084657 0.225775
vt 0.084515 0.227605
vt 0.085208 0.229174
vt 0.083738 0.228811
vt 0.083209 0.228981
vt 0.082794 0.228291
vt 0.082528 0.228908
vt 0.082450 0.227766
vt 0.082888 0.229637
vt 0.085435 0.227300
vt 0.085941 0.226575
vt 0.085210 0.225906
vt 0.086443 0.226122
vt 0.087230 0.226944
vt 0.086703 0.227241
vt 0.086985 0.225809
vt 0.083598 0.229628
vt 0.083210 0.230227
vt 0.085998 0.228679
vt 0.087657 0.226462
vt 0.087442 0.225375
vt 0.088462 0.226162
vt 0.086037 0.227803
vt 0.082041 0.224882
vt 0.180557 0.036000
vt 0.179914 0.034451
vt 0.180208 0.035273
vt 0.180115 0.033876
vt 0.179694 0.034067
vt 0.179554 0.035683
vt 0.180220 0.035693
vt 0.179228 0.034549
vt 0.178930 0.034094
vt 0.180120 0.036323
vt 0.187121 0.006108
vt 0.186589 0.006079
vt 0.186560 0.005604
vt 0.186092 0.006073
vt 0.186509 0.006920
vt 0.186012 0.005084
vt 0.186982 0.004453
vt 0.186166 0.002350
vt 0.185510 0.003127
vt 0.186153 0.001756
vt 0.180106 0.013865
vt 0.180478 0.015066
vt 0.186387 0.002919
vt 0.187202 0.002709
vt 0.185527 0.004584
vt 0.180031 0.014473
vt 0.187692 0.003843
vt 0.187705 0.004932
vt 0.187135 0.005304
vt 0.187773 0.003034
vt 0.188590 0.003113
vt 0.164086 0.024294
vt 0.164132 0.023143
vt 0.164165 0.024819
vt 0.176886 0.024621
vt 0.176641 0.026403
vt 0.176580 0.028427
vt 0.176659 0.030077
vt 0.176996 0.017262
vt 0.174824 0.017389
vt 0.175438 0.016229
vt 0.177621 0.016308
vt 0.175761 0.014490
vt 0.177024 0.016737
vt 0.176707 0.032250
vt 0.174822 0.015054
vt 0.177177 0.033624
vt 0.176958 0.032886
vt 0.178644 0.034607
vt 0.165250 0.021585
vt 0.164687 0.024807
vt 0.178713 0.034985
vt 0.164753 0.022833
vt 0.164774 0.030996
vt 0.164291 0.032517
vt 0.164445 0.030486
vt 0.178039 0.035488
vt 0.174997 0.014468
vt 0.178315 0.035051
vt 0.178501 0.035508
vt 0.176932 0.027486
vt 0.068081 0.332700
vt 0.069558 0.332864
vt 0.068444 0.331674
vt 0.069558 0.331215
vt 0.068155 0.330918
vt 0.069042 0.330297
vt 0.068706 0.333266
vt 0.149515 0.029400
vt 0.149275 0.028711
vt 0.148289 0.029057
vt 0.148616 0.028388
vt 0.149124 0.027603
vt 0.150324 0.030057
vt 0.147830 0.026749
vt 0.148705 0.027042
vt 0.154016 0.025424
vt 0.154307 0.024931
vt 0.153298 0.025246
vt 0.153617 0.026249
vt 0.154328 0.025897
vt 0.152517 0.025272
vt 0.151920 0.024867
vt 0.152043 0.025604
vt 0.153055 0.025729
vt 0.151142 0.024979
vt 0.151052 0.024574
vt 0.152443 0.026009
vt 0.150403 0.024445
vt 0.152660 0.026474
vt 0.154174 0.026833
vt 0.152808 0.027031
vt 0.153122 0.028042
vt 0.153711 0.029637
vt 0.153941 0.028643
vt 0.153720 0.027861
vt 0.153513 0.027329
vt 0.152513 0.029650
vt 0.153346 0.030288
vt 0.152922 0.031364
vt 0.151781 0.027350
vt 0.151646 0.031034
vt 0.152293 0.027175
vt 0.151692 0.031939
vt 0.151992 0.032418
vt 0.150778 0.033366
vt 0.151639 0.033095
vt 0.152970 0.032747
vt 0.152200 0.034061
vt 0.151601 0.033889
vt 0.152799 0.032187
vt 0.153320 0.031962
vt 0.151619 0.026840
vt 0.151246 0.029777
vt 0.150207 0.027297
vt 0.150368 0.031541
vt 0.151459 0.026369
vt 0.150720 0.026043
vt 0.149876 0.034635
vt 0.151214 0.035100
vt 0.150265 0.035528
vt 0.152105 0.035153
vt 0.152151 0.035886
vt 0.153126 0.036192
vt 0.152540 0.037214
vt 0.153020 0.034769
vt 0.152413 0.034632
vt 0.153373 0.033250
vt 0.154328 0.035879
vt 0.153404 0.034107
vt 0.151521 0.036208
vt 0.151922 0.037093
vt 0.151939 0.026191
vt 0.150931 0.035776
vt 0.150452 0.036155
vt 0.152174 0.026664
vt 0.151295 0.025863
vt 0.150490 0.025011
vt 0.149553 0.033574
vt 0.149425 0.032649
vt 0.149273 0.026863
vt 0.153566 0.036595
vt 0.154257 0.035064
vt 0.153757 0.032637
vt 0.154148 0.034190
vt 0.153952 0.033563
vt 0.149775 0.026547
vt 0.221610 0.032462
vt 0.222557 0.032462
vt 0.221375 0.031572
vt 0.222374 0.031612
vt 0.193795 0.333215
vt 0.193178 0.332413
vt 0.192249 0.332473
vt 0.192838 0.333187
vt 0.191544 0.333266
vt 0.319812 0.305210
vt 0.318897 0.305526
vt 0.318885 0.306148
vt 0.319056 0.304546
vt 0.320128 0.304010
vt 0.320735 0.304987
vt 0.319061 0.303707
vt 0.319804 0.303498
vt 0.320580 0.303244
vt 0.320045 0.302783
vt 0.320838 0.303765
vt 0.321419 0.304227
vt 0.321517 0.303424
vt 0.320868 0.302493
vt 0.321739 0.302650
vt 0.321136 0.301649
vt 0.322094 0.301723
vt 0.321182 0.300891
vt 0.321964 0.300602
vt 0.320532 0.301921
vt 0.320188 0.305851
vt 0.320727 0.305600
vt 0.321502 0.305475
vt 0.320002 0.306604
vt 0.321240 0.306172
vt 0.319255 0.307166
vt 0.319701 0.307631
vt 0.318788 0.308238
vt 0.318511 0.307705
vt 0.319478 0.308995
vt 0.319786 0.308480
vt 0.318560 0.309533
vt 0.319435 0.309808
vt 0.318647 0.306982
vt 0.317959 0.306161
vt 0.320263 0.308252
vt 0.320344 0.309010
vt 0.320821 0.308435
vt 0.321103 0.308954
vt 0.321400 0.308400
vt 0.321631 0.307578
vt 0.322094 0.308377
vt 0.320783 0.307872
vt 0.320271 0.307413
vt 0.206691 0.076170
vt 0.206412 0.074936
vt 0.205992 0.075298
vt 0.205785 0.076204
vt 0.206145 0.076631
vt 0.205319 0.075861
vt 0.206586 0.077004
vt 0.206100 0.073633
vt 0.206902 0.074631
vt 0.207198 0.073763
vt 0.207009 0.072550
vt 0.207198 0.076947
vt 0.205130 0.076390
vt 0.205896 0.074401
vt 0.322408 0.100141
vt 0.321972 0.100860
vt 0.323295 0.100436
vt 0.321773 0.100320
vt 0.323571 0.099572
vt 0.322674 0.101515
vt 0.321504 0.101430
vt 0.323571 0.101612
vt 0.323006 0.101947
vt 0.146057 0.032759
vt 0.146057 0.033947
vt 0.144876 0.033163
vt 0.310844 0.309278
vt 0.311903 0.308824
vt 0.311322 0.308393
vt 0.312065 0.307984
vt 0.311287 0.307733
vt 0.310280 0.308194
vt 0.312313 0.307152
vt 0.311111 0.307135
vt 0.310833 0.310508
vt 0.311690 0.309886
vt 0.312437 0.309213
vt 0.311323 0.310975
vt 0.312643 0.309780
vt 0.310404 0.311127
vt 0.311047 0.311886
vt 0.312150 0.310531
vt 0.312643 0.307742
vt 0.026968 0.281224
vt 0.025932 0.281849
vt 0.026928 0.282352
vt 0.027265 0.281859
vt 0.026283 0.281238
vt 0.025259 0.280755
vt 0.024958 0.281432
vt 0.026804 0.280374
vt 0.027439 0.280460
vt 0.027617 0.281392
vt 0.027220 0.283025
vt 0.027617 0.279816
vt 0.026133 0.282635
vt 0.025646 0.282308
vt 0.025599 0.283142
vt 0.025163 0.282813
vt 0.026688 0.282852
vt 0.026240 0.283290
vt 0.025826 0.283974
vt 0.217623 0.196540
vt 0.216713 0.196384
vt 0.218011 0.197791
vt 0.217039 0.197552
vt 0.217762 0.198871
vt 0.216279 0.197767
vt 0.218346 0.198990
vt 0.216838 0.195539
vt 0.216059 0.197043
vt 0.218232 0.199642
vt 0.217003 0.198439
vt 0.218717 0.198106
vt 0.217402 0.195021
vt 0.218022 0.195428
vt 0.217908 0.194633
vt 0.218571 0.195157
vt 0.218160 0.196440
vt 0.218717 0.194594
vt 0.039467 0.125802
vt 0.040573 0.125081
vt 0.041293 0.125849
vt 0.042839 0.125232
vt 0.043566 0.126000
vt 0.078615 0.057831
vt 0.078256 0.057153
vt 0.080191 0.058891
vt 0.077320 0.057465
vt 0.078346 0.058492
vt 0.078752 0.058891
vt 0.077238 0.058084
vt 0.077696 0.058518
vt 0.136310 0.310699
vt 0.135424 0.310016
vt 0.136310 0.309214
vt 0.141692 0.026231
vt 0.141321 0.025203
vt 0.140555 0.026221
vt 0.140094 0.025829
vt 0.142120 0.025039
vt 0.142803 0.025760
vt 0.139437 0.026145
vt 0.138673 0.026524
vt 0.142354 0.026524
vt 0.142970 0.026363
vt 0.143695 0.025337
vt 0.328767 0.001580
vt 0.329177 0.000731
vt 0.330353 0.001416
vt 0.330396 0.000690
vt 0.328297 0.000983
vt 0.330955 0.001580
vt 0.325048 0.180637
vt 0.326325 0.181458
vt 0.326433 0.180901
vt 0.325057 0.181528
vt 0.327116 0.181528
vt 0.301190 0.202521
vt 0.300992 0.203412
vt 0.300663 0.202755
vt 0.300533 0.202127
vt 0.308962 0.034838
vt 0.308212 0.033574
vt 0.309098 0.034209
vt 0.309098 0.032759
vt 0.288718 0.137534
vt 0.288718 0.138768
vt 0.287832 0.137741
vt 0.288198 0.137284
vt 0.035001 0.293967
vt 0.036182 0.293179
vt 0.036182 0.294070
vt 0.010015 0.202972
vt 0.009502 0.201948
vt 0.010069 0.201182
vt 0.012741 0.203442
vt 0.009318 0.201310
vt 0.011908 0.202687
vt 0.013365 0.204001
vt 0.009613 0.200300
vt 0.011745 0.208148
vt 0.012064 0.207816
vt 0.012486 0.208247
vt 0.011739 0.207604
vt 0.011201 0.208330
vt 0.010491 0.208699
vt 0.010669 0.207847
vt 0.011194 0.207721
vt 0.004783 0.202279
vt 0.004770 0.201572
vt 0.006273 0.203801
vt 0.006564 0.202003
vt 0.007692 0.203169
vt 0.009193 0.203825
vt 0.010549 0.204940
vt 0.009644 0.205239
vt 0.011830 0.204324
vt 0.008193 0.201005
vt 0.007531 0.200559
vt 0.009065 0.204880
vt 0.008306 0.205162
vt 0.006906 0.205098
vt 0.005164 0.203991
vt 0.005493 0.205036
vt 0.004140 0.203269
vt 0.003724 0.203899
vt 0.010947 0.205367
vt 0.012492 0.204897
vt 0.008491 0.206465
vt 0.006732 0.200876
vt 0.007451 0.199945
vt 0.009185 0.206112
vt 0.008999 0.200611
vt 0.006183 0.205481
vt 0.006954 0.206136
vt 0.002788 0.202544
vt 0.003137 0.202023
vt 0.002775 0.203610
vt 0.010441 0.206165
vt 0.011178 0.205920
vt 0.010622 0.206741
vt 0.009742 0.206459
vt 0.012602 0.206003
vt 0.004813 0.200719
vt 0.005896 0.200300
vt 0.011858 0.206764
vt 0.012452 0.207318
vt 0.012063 0.209046
vt 0.011831 0.208580
vt 0.011382 0.209097
vt 0.008287 0.200252
vt 0.004889 0.204548
vt 0.006686 0.200114
vt 0.011298 0.207273
vt 0.003526 0.201042
vt 0.003431 0.200180
vt 0.010003 0.206953
vt 0.009383 0.207272
vt 0.008996 0.206853
vt 0.008008 0.207305
vt 0.004794 0.205488
vt 0.010015 0.207574
vt 0.010769 0.207267
vt 0.008999 0.208037
vt 0.001652 0.203142
vt 0.002183 0.202353
vt 0.002123 0.204129
vt 0.002806 0.204516
vt 0.003441 0.204586
vt 0.004089 0.200268
vt 0.010798 0.208807
vt 0.010758 0.209461
vt 0.010983 0.209904
vt 0.011411 0.209713
vt 0.005096 0.205986
vt 0.004892 0.206484
vt 0.005822 0.206218
vt 0.006283 0.206606
vt 0.003863 0.206081
vt 0.008886 0.199835
vt 0.009997 0.199495
vt 0.010551 0.200380
vt 0.012201 0.200255
vt 0.011253 0.199219
vt 0.012117 0.198817
vt 0.009531 0.208956
vt 0.009788 0.208284
vt 0.007823 0.206798
vt 0.001329 0.203689
vt 0.011152 0.210332
vt 0.011854 0.210261
vt 0.002806 0.199945
vt 0.002198 0.201065
vt 0.002093 0.200376
vt 0.002202 0.201696
vt 0.001400 0.200374
vt 0.001560 0.201175
vt 0.009314 0.198915
vt 0.028678 0.282992
vt 0.027952 0.282960
vt 0.028796 0.282113
vt 0.029038 0.282499
vt 0.029662 0.282030
vt 0.037421 0.282674
vt 0.037814 0.283466
vt 0.041130 0.283545
vt 0.041678 0.284227
vt 0.040067 0.283299
vt 0.040511 0.282566
vt 0.041386 0.282351
vt 0.042712 0.283906
vt 0.043662 0.284665
vt 0.044549 0.283015
vt 0.042959 0.282737
vt 0.044985 0.284351
vt 0.044959 0.285071
vt 0.041918 0.282437
vt 0.039707 0.282438
vt 0.041953 0.283575
vt 0.041464 0.281545
vt 0.042605 0.281959
vt 0.041963 0.281004
vt 0.045218 0.283768
vt 0.043381 0.281012
vt 0.045625 0.283189
vt 0.046111 0.285116
vt 0.046503 0.284191
vt 0.039343 0.283760
vt 0.041275 0.284818
vt 0.039155 0.284326
vt 0.039947 0.285199
vt 0.042334 0.285715
vt 0.038586 0.285051
vt 0.036617 0.285228
vt 0.035654 0.284222
vt 0.033436 0.284697
vt 0.033355 0.283877
vt 0.034971 0.283581
vt 0.032232 0.284031
vt 0.035823 0.285426
vt 0.039185 0.286124
vt 0.038333 0.286203
vt 0.040188 0.286641
vt 0.039523 0.287313
vt 0.041181 0.286552
vt 0.042112 0.286764
vt 0.043924 0.286130
vt 0.045107 0.285802
vt 0.044051 0.285598
vt 0.043539 0.285320
vt 0.038415 0.287085
vt 0.037948 0.286682
vt 0.036398 0.286235
vt 0.036687 0.286810
vt 0.034846 0.285816
vt 0.033253 0.285437
vt 0.034192 0.286346
vt 0.035236 0.286553
vt 0.032911 0.283266
vt 0.031335 0.283008
vt 0.031884 0.283034
vt 0.038991 0.283048
vt 0.037498 0.288122
vt 0.045207 0.282402
vt 0.037246 0.287477
vt 0.042838 0.290029
vt 0.043145 0.291018
vt 0.030519 0.284443
vt 0.029640 0.286072
vt 0.029047 0.285328
vt 0.032337 0.284859
vt 0.029827 0.284013
vt 0.046683 0.289183
vt 0.039188 0.282285
vt 0.046981 0.282991
vt 0.033606 0.282230
vt 0.034417 0.282583
vt 0.036213 0.281856
vt 0.033546 0.281491
vt 0.032553 0.282481
vt 0.028925 0.284191
vt 0.029113 0.283677
vt 0.028202 0.283745
vt 0.028944 0.287061
vt 0.028790 0.287620
vt 0.047248 0.289272
vt 0.028356 0.284268
vt 0.029089 0.286044
vt 0.028546 0.285955
vt 0.028977 0.286535
vt 0.032608 0.281807
vt 0.032197 0.281173
vt 0.031799 0.282275
vt 0.031610 0.281602
vt 0.030814 0.281634
vt 0.031067 0.282221
vt 0.039961 0.281744
vt 0.043245 0.281579
vt 0.044043 0.281752
vt 0.043124 0.282078
vt 0.038937 0.281483
vt 0.037569 0.281924
vt 0.038057 0.281198
vt 0.037441 0.281127
vt 0.044092 0.291100
vt 0.029453 0.282695
vt 0.030272 0.283297
vt 0.040864 0.281855
vt 0.029945 0.282693
vt 0.030468 0.282579
vt 0.046229 0.289827
vt 0.042782 0.282571
vt 0.028059 0.284916
vt 0.027516 0.284924
vt 0.027784 0.285578
vt 0.028266 0.287179
vt 0.027321 0.284050
vt 0.043794 0.282817
vt 0.030918 0.283213
vt 0.030630 0.284209
vt 0.102049 0.001435
vt 0.102299 0.002454
vt 0.101715 0.002183
vt 0.100870 0.002244
vt 0.101608 0.000917
vt 0.100772 0.001378
vt 0.101086 0.000393
vt 0.101906 0.003053
vt 0.102975 0.002309
vt 0.103276 0.001586
vt 0.102418 0.000701
vt 0.103820 0.001766
vt 0.100257 0.002428
vt 0.103636 0.000812
vt 0.101927 0.000437
vt 0.100240 0.001022
vt 0.102635 0.003065
vt 0.099685 0.001938
vt 0.100635 0.002881
vt 0.099814 0.003065
vt 0.196781 0.318603
vt 0.197211 0.318962
vt 0.195982 0.319013
vt 0.197455 0.318031
vt 0.196054 0.318381
vt 0.198186 0.318470
vt 0.195082 0.318906
vt 0.199092 0.317998
vt 0.196666 0.317976
vt 0.196521 0.317262
vt 0.195646 0.317688
vt 0.195243 0.318207
vt 0.194695 0.317299
vt 0.197059 0.317140
vt 0.198924 0.318787
vt 0.193935 0.317858
vt 0.194430 0.318493
vt 0.198117 0.317081
vt 0.197669 0.316042
vt 0.197634 0.316688
vt 0.196737 0.316712
vt 0.197136 0.315928
vt 0.196643 0.315453
vt 0.195946 0.316110
vt 0.195230 0.316854
vt 0.194930 0.316093
vt 0.196050 0.315045
vt 0.194816 0.315303
vt 0.193775 0.315659
vt 0.195460 0.314827
vt 0.193646 0.318490
vt 0.192731 0.317201
vt 0.192666 0.318059
vt 0.191956 0.317481
vt 0.191253 0.317004
vt 0.190953 0.317626
vt 0.194169 0.314953
vt 0.193343 0.314757
vt 0.194884 0.314559
vt 0.194055 0.319013
vt 0.319436 0.190949
vt 0.320618 0.191223
vt 0.320618 0.190359
vt 0.319738 0.190205
vt 0.320333 0.189546
vt 0.319750 0.191921
vt 0.183291 0.276022
vt 0.183877 0.276514
vt 0.184232 0.276118
vt 0.184455 0.275484
vt 0.183394 0.275128
vt 0.183050 0.276847
vt 0.184117 0.274999
vt 0.183670 0.274108
vt 0.183015 0.274475
vt 0.182891 0.273866
vt 0.183396 0.273203
vt 0.184034 0.273217
vt 0.184302 0.272394
vt 0.182843 0.272976
vt 0.182387 0.273587
vt 0.182958 0.272145
vt 0.184455 0.271357
vt 0.183286 0.270882
vt 0.184131 0.270611
vt 0.001329 0.275065
vt 0.000934 0.274131
vt 0.000148 0.274841
vt 0.001329 0.273581
vt 0.000190 0.274145
vt 0.314449 0.329109
vt 0.315596 0.329109
vt 0.315434 0.328257
vt 0.313824 0.328802
vt 0.314607 0.328218
vt 0.323694 0.245406
vt 0.323156 0.244777
vt 0.324240 0.245010
vt 0.322980 0.245668
vt 0.324457 0.245668
vt 0.197438 0.301200
vt 0.197960 0.301375
vt 0.197708 0.302287
vt 0.198348 0.302303
vt 0.198954 0.301598
vt 0.199223 0.302667
vt 0.198150 0.300659
vt 0.197574 0.300602
vt 0.198790 0.302978
vt 0.197652 0.302978
vt 0.197155 0.301931
vt 0.197171 0.302608
vt 0.122242 0.265537
vt 0.123288 0.265192
vt 0.122133 0.266157
vt 0.123122 0.265869
vt 0.123610 0.266157
vt 0.311323 0.105981
vt 0.311757 0.106713
vt 0.310664 0.107081
vt 0.310575 0.106307
vt 0.311757 0.105511
vt 0.310959 0.107886
vt 0.173008 0.331394
vt 0.172320 0.330521
vt 0.172115 0.331498
vt 0.173569 0.330808
vt 0.172865 0.330000
vt 0.171837 0.330047
vt 0.174856 0.331031
vt 0.173776 0.330148
vt 0.174748 0.330232
vt 0.174763 0.332078
vt 0.175826 0.331207
vt 0.175363 0.330735
vt 0.171553 0.330890
vt 0.171191 0.330378
vt 0.170555 0.330795
vt 0.170943 0.331440
vt 0.170752 0.332032
vt 0.170092 0.331479
vt 0.169827 0.332078
vt 0.169391 0.330686
vt 0.175297 0.330030
vt 0.175889 0.330725
vt 0.143542 0.142571
vt 0.142737 0.142722
vt 0.143481 0.141990
vt 0.142612 0.142154
vt 0.144194 0.142418
vt 0.143446 0.143816
vt 0.144285 0.143473
vt 0.144285 0.141738
vt 0.142513 0.143572
vt 0.223011 0.216493
vt 0.222340 0.215934
vt 0.222657 0.215380
vt 0.221691 0.216568
vt 0.223493 0.215897
vt 0.223803 0.216568
vt 0.224329 0.216190
vt 0.221617 0.215710
vt 0.221080 0.216313
vt 0.306491 0.270017
vt 0.306925 0.269178
vt 0.306209 0.269215
vt 0.307031 0.269839
vt 0.305502 0.269645
vt 0.305137 0.268901
vt 0.304936 0.269832
vt 0.303950 0.269404
vt 0.304002 0.268866
vt 0.304701 0.261145
vt 0.304399 0.262279
vt 0.305057 0.262070
vt 0.304905 0.262941
vt 0.304126 0.263607
vt 0.304660 0.263726
vt 0.305674 0.264089
vt 0.304471 0.265077
vt 0.303798 0.264634
vt 0.305468 0.265417
vt 0.304421 0.266003
vt 0.303779 0.266072
vt 0.303568 0.265176
vt 0.304225 0.266525
vt 0.303370 0.266777
vt 0.306287 0.264741
vt 0.306814 0.265609
vt 0.307031 0.265017
vt 0.305928 0.263467
vt 0.305675 0.262491
vt 0.303045 0.265343
vt 0.305629 0.260594
vt 0.305267 0.259152
vt 0.306062 0.259005
vt 0.305521 0.258553
vt 0.306336 0.258018
vt 0.305972 0.257377
vt 0.306104 0.262855
vt 0.303634 0.262982
vt 0.305369 0.266493
vt 0.306328 0.266943
vt 0.305862 0.267896
vt 0.304974 0.267622
vt 0.306626 0.266086
vt 0.303770 0.267688
vt 0.304419 0.267542
vt 0.306441 0.268347
vt 0.303491 0.268764
vt 0.303108 0.267996
vt 0.306723 0.262225
vt 0.306337 0.261012
vt 0.303005 0.264251
vt 0.303834 0.261629
vt 0.303292 0.266248
vt 0.302350 0.266452
vt 0.302094 0.265570
vt 0.301825 0.265994
vt 0.302408 0.264186
vt 0.301219 0.265555
vt 0.301288 0.264957
vt 0.301799 0.264875
vt 0.301314 0.266019
vt 0.301124 0.266709
vt 0.303107 0.267386
vt 0.243528 0.303101
vt 0.242815 0.303569
vt 0.242916 0.304459
vt 0.242779 0.302716
vt 0.243476 0.304708
vt 0.243034 0.305385
vt 0.242867 0.302151
vt 0.242143 0.304516
vt 0.242165 0.305080
vt 0.242051 0.303374
vt 0.243496 0.302087
vt 0.242159 0.305806
vt 0.243528 0.305889
vt 0.243123 0.307135
vt 0.028683 0.004030
vt 0.028920 0.003418
vt 0.029878 0.003858
vt 0.026272 0.001591
vt 0.025539 0.001913
vt 0.025706 0.001455
vt 0.026780 0.001448
vt 0.024783 0.002050
vt 0.021459 0.002523
vt 0.019758 0.002763
vt 0.024398 0.001566
vt 0.025660 0.000987
vt 0.028199 0.001894
vt 0.028028 0.001392
vt 0.028570 0.001519
vt 0.025189 0.001388
vt 0.020324 0.001774
vt 0.003101 0.232899
vt 0.003987 0.232899
vt 0.003361 0.232009
vt 0.332436 0.120885
vt 0.331895 0.121361
vt 0.332675 0.121639
vt 0.331991 0.121961
vt 0.331655 0.120290
vt 0.333023 0.122747
vt 0.332097 0.123030
vt 0.331251 0.122050
vt 0.332371 0.119467
vt 0.333023 0.120936
vt 0.331688 0.121138
vt 0.086646 0.332375
vt 0.086099 0.333266
vt 0.087280 0.333266
vt 0.081693 0.328812
vt 0.081064 0.329938
vt 0.080920 0.328969
vt 0.080349 0.329625
vt 0.080157 0.330310
vt 0.079585 0.329733
vt 0.081075 0.330530
vt 0.079305 0.330220
vt 0.079837 0.331017
vt 0.081936 0.330029
vt 0.081582 0.330751
vt 0.081963 0.329287
vt 0.079995 0.329277
vt 0.080555 0.331268
vt 0.079596 0.331723
vt 0.080410 0.331958
vt 0.081133 0.331130
vt 0.081539 0.331735
vt 0.081178 0.332343
vt 0.079654 0.332969
vt 0.080568 0.332969
vt 0.079324 0.332544
vt 0.271883 0.009301
vt 0.271066 0.008707
vt 0.270110 0.009301
vt 0.275930 0.037265
vt 0.275722 0.038242
vt 0.276608 0.037464
vt 0.276508 0.036620
vt 0.276608 0.038306
vt 0.276087 0.038698
vt 0.332134 0.293135
vt 0.332432 0.292588
vt 0.331418 0.292129
vt 0.331251 0.292955
vt 0.331690 0.293634
vt 0.331541 0.294190
vt 0.332087 0.294321
vt 0.332111 0.291939
vt 0.332428 0.291397
vt 0.332428 0.293715
vt 0.332218 0.294367
vt 0.105289 0.137604
vt 0.106018 0.138174
vt 0.106064 0.137017
vt 0.105084 0.136965
vt 0.105659 0.136393
vt 0.106479 0.136399
vt 0.106479 0.137611
vt 0.054495 0.306541
vt 0.053877 0.305651
vt 0.053609 0.306541
vt 0.255419 0.223561
vt 0.254945 0.223991
vt 0.255223 0.222209
vt 0.254645 0.223410
vt 0.254089 0.223636
vt 0.254641 0.222503
vt 0.255933 0.223991
vt 0.253225 0.223296
vt 0.252398 0.222972
vt 0.331540 0.140901
vt 0.330955 0.140682
vt 0.331167 0.141461
vt 0.331659 0.141738
vt 0.332120 0.141239
vt 0.218645 0.269660
vt 0.219162 0.268830
vt 0.219273 0.269596
vt 0.218066 0.268931
vt 0.217800 0.269701
vt 0.216964 0.268937
vt 0.217001 0.269720
vt 0.216354 0.268920
vt 0.219898 0.269720
vt 0.307622 0.330594
vt 0.308803 0.330594
vt 0.308763 0.330000
vt 0.179095 0.181689
vt 0.179752 0.182565
vt 0.180086 0.181995
vt 0.180615 0.183607
vt 0.178843 0.182392
vt 0.180615 0.181528
vt 0.163282 0.040098
vt 0.162493 0.041371
vt 0.162347 0.040209
vt 0.161805 0.041091
vt 0.161121 0.040891
vt 0.324059 0.199048
vt 0.323571 0.199642
vt 0.324835 0.199642
vt 0.325048 0.199161
vt 0.035887 0.241182
vt 0.036773 0.240620
vt 0.036773 0.241511
vt 0.161749 0.200092
vt 0.162031 0.199553
vt 0.162949 0.199923
vt 0.161276 0.200322
vt 0.162269 0.198944
vt 0.163332 0.199392
vt 0.163740 0.199884
vt 0.160976 0.199233
vt 0.160090 0.200031
vt 0.159944 0.199225
vt 0.159241 0.199872
vt 0.158726 0.198946
vt 0.158404 0.200049
vt 0.164613 0.199915
vt 0.163812 0.200788
vt 0.164745 0.199164
vt 0.163892 0.198671
vt 0.162922 0.198889
vt 0.164876 0.198391
vt 0.157464 0.199564
vt 0.163304 0.200435
vt 0.162589 0.198396
vt 0.157813 0.200674
vt 0.165268 0.200074
vt 0.165972 0.198315
vt 0.166436 0.199194
vt 0.167370 0.198330
vt 0.167891 0.199198
vt 0.166901 0.199663
vt 0.167391 0.200126
vt 0.169393 0.197980
vt 0.168771 0.199067
vt 0.170199 0.198451
vt 0.164151 0.197912
vt 0.167652 0.200811
vt 0.169170 0.200688
vt 0.170461 0.200068
vt 0.169581 0.201165
vt 0.171371 0.199415
vt 0.168756 0.201332
vt 0.171280 0.200909
vt 0.169250 0.201681
vt 0.172345 0.199518
vt 0.171576 0.200331
vt 0.172227 0.200391
vt 0.171547 0.201721
vt 0.164849 0.197244
vt 0.165533 0.197331
vt 0.165850 0.196814
vt 0.166264 0.200827
vt 0.166601 0.197298
vt 0.168023 0.201314
vt 0.170966 0.201529
vt 0.171372 0.202314
vt 0.165373 0.196375
vt 0.162794 0.197627
vt 0.165815 0.201437
vt 0.165231 0.201255
vt 0.159183 0.200517
vt 0.158597 0.200611
vt 0.034580 0.069283
vt 0.033524 0.069283
vt 0.033618 0.068707
vt 0.034705 0.068393
vt 0.329966 0.222082
vt 0.329774 0.222829
vt 0.330955 0.222534
vt 0.330616 0.221912
vt 0.330955 0.223694
vt 0.110614 0.294664
vt 0.109613 0.293773
vt 0.109432 0.294664
vt 0.034691 0.254279
vt 0.034077 0.255192
vt 0.034705 0.255467
vt 0.033524 0.255467
vt 0.314415 0.078087
vt 0.314644 0.079223
vt 0.314853 0.078704
vt 0.315006 0.077598
vt 0.315006 0.079973
vt 0.055861 0.200607
vt 0.054790 0.200092
vt 0.055008 0.200861
vt 0.055400 0.200078
vt 0.055179 0.201423
vt 0.055845 0.199690
vt 0.056562 0.199685
vt 0.056562 0.200801
vt 0.056194 0.201402
vt 0.054865 0.199754
vt 0.055337 0.199345
vt 0.200109 0.002174
vt 0.201586 0.002174
vt 0.200820 0.001580
vt 0.131585 0.305714
vt 0.131629 0.306436
vt 0.132471 0.306541
vt 0.132353 0.305555
vt 0.131795 0.304788
vt 0.131771 0.304173
vt 0.271883 0.199810
vt 0.271290 0.198886
vt 0.271821 0.198751
vt 0.270701 0.200186
vt 0.271261 0.200121
vt 0.271346 0.200956
vt 0.271883 0.200832
vt 0.271757 0.201423
vt 0.311651 0.330000
vt 0.311166 0.330594
vt 0.312347 0.330594
vt 0.324671 0.035343
vt 0.323864 0.035390
vt 0.324514 0.035951
vt 0.323918 0.034509
vt 0.324753 0.034551
vt 0.324753 0.033798
vt 0.323735 0.036026
vt 0.323920 0.033919
vt 0.323276 0.034007
vt 0.323697 0.033353
vt 0.248130 0.275172
vt 0.248844 0.274469
vt 0.247958 0.274579
vt 0.248844 0.275659
vt 0.248554 0.273878
vt 0.118293 0.280707
vt 0.117396 0.280810
vt 0.117112 0.281598
vt 0.118000 0.281598
vt 0.124653 0.213187
vt 0.125677 0.213895
vt 0.124590 0.213895
vt 0.123610 0.213750
vt 0.125261 0.213004
vt 0.164665 0.305057
vt 0.164665 0.305947
vt 0.163779 0.305645
vt 0.135129 0.313371
vt 0.136015 0.313371
vt 0.135766 0.312480
vt 0.188590 0.328218
vt 0.189476 0.328218
vt 0.188839 0.327327
vt 0.287974 0.281790
vt 0.288570 0.281557
vt 0.288329 0.280947
vt 0.287657 0.280828
vt 0.289309 0.282192
vt 0.289146 0.281172
vt 0.288977 0.280410
vt 0.287537 0.282192
vt 0.009026 0.183164
vt 0.009794 0.183607
vt 0.008470 0.183607
vt 0.010156 0.182974
vt 0.009339 0.182343
vt 0.010781 0.182765
vt 0.010724 0.181749
vt 0.008629 0.182198
vt 0.009102 0.181637
vt 0.007930 0.182584
vt 0.008361 0.181231
vt 0.007532 0.181798
vt 0.056829 0.242033
vt 0.057534 0.241069
vt 0.057293 0.241583
vt 0.057714 0.241859
vt 0.058620 0.240891
vt 0.059276 0.241300
vt 0.057409 0.242303
vt 0.058450 0.242648
vt 0.059108 0.242129
vt 0.059035 0.242719
vt 0.058462 0.241712
vt 0.060107 0.242132
vt 0.059814 0.241635
vt 0.058749 0.243216
vt 0.058376 0.243589
vt 0.102934 0.007108
vt 0.103525 0.006629
vt 0.103525 0.007816
vt 0.102950 0.007801
vt 0.039294 0.162227
vt 0.038840 0.161471
vt 0.039540 0.161382
vt 0.039933 0.162050
vt 0.040354 0.161664
vt 0.040726 0.161039
vt 0.040724 0.162217
vt 0.041310 0.161454
vt 0.041880 0.162222
vt 0.042069 0.161555
vt 0.043271 0.162227
vt 0.043150 0.161607
vt 0.214514 0.039589
vt 0.213991 0.040480
vt 0.214582 0.040480
vt 0.304963 0.214786
vt 0.305849 0.214786
vt 0.305397 0.214192
vt 0.139950 0.202017
vt 0.139855 0.203205
vt 0.140451 0.202905
vt 0.140938 0.202406
vt 0.141036 0.203205
vt 0.307121 0.123624
vt 0.307458 0.124199
vt 0.308212 0.124218
vt 0.046815 0.295851
vt 0.046040 0.295366
vt 0.046815 0.294961
vt 0.045634 0.295833
vt 0.316916 0.204091
vt 0.315620 0.203558
vt 0.316010 0.203997
vt 0.317136 0.203370
vt 0.316517 0.203136
vt 0.317539 0.203070
vt 0.317184 0.202109
vt 0.316717 0.202369
vt 0.317346 0.203829
vt 0.317905 0.203854
vt 0.318248 0.203302
vt 0.315464 0.203115
vt 0.315866 0.202863
vt 0.316264 0.202658
vt 0.316401 0.201990
vt 0.316021 0.201665
vt 0.315605 0.202414
vt 0.315277 0.202578
vt 0.315388 0.202079
vt 0.317850 0.202322
vt 0.318137 0.201495
vt 0.315487 0.201578
vt 0.314952 0.202008
vt 0.316478 0.201252
vt 0.318255 0.204690
vt 0.315831 0.200505
vt 0.315323 0.200794
vt 0.314943 0.199521
vt 0.315934 0.199695
vt 0.315175 0.202240
vt 0.314903 0.202442
vt 0.315329 0.198968
vt 0.317225 0.195944
vt 0.316433 0.194426
vt 0.316327 0.196838
vt 0.316735 0.197783
vt 0.317240 0.194824
vt 0.317222 0.194027
vt 0.317753 0.196695
vt 0.317576 0.197573
vt 0.317290 0.198387
vt 0.318255 0.197550
vt 0.316625 0.198651
vt 0.317067 0.199182
vt 0.317751 0.199422
vt 0.317025 0.200101
vt 0.317459 0.200603
vt 0.317270 0.201320
vt 0.315824 0.198130
vt 0.315447 0.194689
vt 0.315810 0.193406
vt 0.315254 0.197379
vt 0.315526 0.195899
vt 0.314120 0.197896
vt 0.109317 0.028306
vt 0.108482 0.028230
vt 0.108861 0.027539
vt 0.109728 0.027570
vt 0.108972 0.028955
vt 0.109728 0.028976
vt 0.108890 0.029493
vt 0.107956 0.028018
vt 0.108163 0.027414
vt 0.096732 0.071956
vt 0.096732 0.072847
vt 0.096141 0.072343
vt 0.167914 0.320507
vt 0.168141 0.321430
vt 0.168568 0.320845
vt 0.168945 0.321706
vt 0.169074 0.320396
vt 0.168396 0.319897
vt 0.169096 0.319606
vt 0.168122 0.322149
vt 0.169096 0.322279
vt 0.168307 0.319310
vt 0.271292 0.310105
vt 0.270257 0.310105
vt 0.270754 0.309316
vt 0.270110 0.309214
vt 0.131880 0.272987
vt 0.130994 0.272574
vt 0.131880 0.272096
vt 0.228464 0.295851
vt 0.228464 0.297336
vt 0.227873 0.296644
vt 0.000148 0.022249
vt 0.000738 0.021773
vt 0.000738 0.022663
vt 0.026730 0.091886
vt 0.027617 0.091554
vt 0.027617 0.092445
vt 0.265339 0.162795
vt 0.264794 0.163239
vt 0.265385 0.162227
vt 0.175003 0.317825
vt 0.174412 0.317614
vt 0.175003 0.316934
vt 0.298055 0.215083
vt 0.297579 0.215677
vt 0.298465 0.215677
vt 0.225098 0.128112
vt 0.224174 0.128030
vt 0.224741 0.127484
vt 0.224551 0.128472
vt 0.224985 0.128953
vt 0.224367 0.129449
vt 0.225510 0.129563
vt 0.224046 0.128896
vt 0.222852 0.129563
vt 0.223632 0.128460
vt 0.261545 0.200236
vt 0.261545 0.201126
vt 0.260659 0.201009
vt 0.327943 0.314508
vt 0.328592 0.314415
vt 0.327706 0.313668
vt 0.328592 0.313764
vt 0.328354 0.315153
vt 0.035887 0.224101
vt 0.036265 0.224585
vt 0.036925 0.223991
vt 0.037044 0.224585
vt 0.037659 0.224021
vt 0.286946 0.150764
vt 0.286355 0.150477
vt 0.286946 0.149755
vt 0.286541 0.151240
vt 0.306735 0.212410
vt 0.306735 0.213301
vt 0.306145 0.212748
vt 0.189181 0.081604
vt 0.190067 0.080864
vt 0.190067 0.081755
vt 0.313798 0.159597
vt 0.313586 0.158821
vt 0.313383 0.159405
vt 0.313079 0.158609
vt 0.311362 0.161164
vt 0.311936 0.160706
vt 0.312254 0.161388
vt 0.312985 0.160921
vt 0.313301 0.161524
vt 0.311734 0.159497
vt 0.313009 0.159831
vt 0.313613 0.160960
vt 0.312171 0.158985
vt 0.313436 0.162568
vt 0.311320 0.161902
vt 0.312091 0.162143
vt 0.310789 0.162696
vt 0.310073 0.162627
vt 0.310365 0.163316
vt 0.311023 0.163499
vt 0.309623 0.163197
vt 0.314098 0.161596
vt 0.310197 0.161729
vt 0.312422 0.163092
vt 0.313258 0.163381
vt 0.312418 0.163784
vt 0.313082 0.163911
vt 0.312746 0.164480
vt 0.313411 0.164641
vt 0.311263 0.162993
vt 0.313991 0.158233
vt 0.314415 0.158137
vt 0.313830 0.157671
vt 0.313197 0.157477
vt 0.312489 0.157962
vt 0.314037 0.158835
vt 0.312531 0.157476
vt 0.312646 0.166295
vt 0.311975 0.166158
vt 0.311733 0.167208
vt 0.312174 0.167938
vt 0.313232 0.165787
vt 0.313578 0.165257
vt 0.313896 0.166267
vt 0.312587 0.169247
vt 0.312606 0.165019
vt 0.312078 0.164644
vt 0.311418 0.166139
vt 0.311362 0.165395
vt 0.313284 0.166473
vt 0.313221 0.169412
vt 0.313807 0.167152
vt 0.313935 0.169548
vt 0.314415 0.167295
vt 0.312494 0.169833
vt 0.311529 0.163954
vt 0.311307 0.164775
vt 0.310636 0.164002
vt 0.310741 0.165205
vt 0.309919 0.164960
vt 0.310548 0.165749
vt 0.309756 0.165564
vt 0.310533 0.168757
vt 0.309752 0.168486
vt 0.312032 0.168512
vt 0.311866 0.169125
vt 0.311367 0.167684
vt 0.311195 0.168302
vt 0.311899 0.169765
vt 0.311226 0.169626
vt 0.310561 0.169590
vt 0.313291 0.170077
vt 0.309893 0.169323
vt 0.311686 0.170541
vt 0.078416 0.241881
vt 0.078934 0.242156
vt 0.078124 0.242402
vt 0.079305 0.241361
vt 0.079905 0.241410
vt 0.079663 0.240513
vt 0.078568 0.241147
vt 0.078660 0.240402
vt 0.080995 0.240553
vt 0.080447 0.241598
vt 0.080198 0.240726
vt 0.079664 0.239729
vt 0.081263 0.241320
vt 0.080725 0.242402
vt 0.081385 0.242311
vt 0.081963 0.241740
vt 0.121542 0.102435
vt 0.121000 0.101853
vt 0.121542 0.101353
vt 0.120952 0.102541
vt 0.329479 0.064087
vt 0.328888 0.063879
vt 0.329071 0.064829
vt 0.329479 0.063345
vt 0.116521 0.314308
vt 0.116918 0.315153
vt 0.117112 0.314574
vt 0.117112 0.313668
vt 0.189181 0.231781
vt 0.190067 0.231118
vt 0.190067 0.232009
vt 0.269815 0.273581
vt 0.270996 0.273581
vt 0.270257 0.272987
vt 0.275003 0.059360
vt 0.275538 0.058960
vt 0.275005 0.058657
vt 0.274695 0.058202
vt 0.274128 0.058636
vt 0.275722 0.059719
vt 0.275716 0.061432
vt 0.275895 0.060486
vt 0.275231 0.061018
vt 0.276608 0.060768
vt 0.276302 0.061658
vt 0.276424 0.060127
vt 0.275730 0.062157
vt 0.275152 0.059739
vt 0.275203 0.060455
vt 0.274629 0.061097
vt 0.274559 0.060427
vt 0.276608 0.059191
vt 0.276236 0.058014
vt 0.274570 0.059722
vt 0.276319 0.056812
vt 0.273950 0.060717
vt 0.275200 0.061764
vt 0.304077 0.033333
vt 0.304668 0.033908
vt 0.304668 0.033056
vt 0.304341 0.034541
vt 0.291081 0.303187
vt 0.291967 0.302681
vt 0.291967 0.303572
vt 0.008054 0.321505
vt 0.009024 0.321604
vt 0.008486 0.321092
vt 0.008387 0.321947
vt 0.010392 0.324492
vt 0.011146 0.323580
vt 0.010414 0.323640
vt 0.009520 0.323485
vt 0.011510 0.324537
vt 0.010508 0.325314
vt 0.011706 0.323753
vt 0.010600 0.326383
vt 0.010472 0.326924
vt 0.010011 0.326191
vt 0.009643 0.324235
vt 0.008655 0.323373
vt 0.008758 0.322824
vt 0.009032 0.322340
vt 0.008235 0.324192
vt 0.008912 0.324572
vt 0.010142 0.322680
vt 0.009946 0.327327
vt 0.009134 0.327181
vt 0.009544 0.325804
vt 0.010915 0.322903
vt 0.007827 0.323675
vt 0.009999 0.324967
vt 0.009134 0.325296
vt 0.010801 0.322277
vt 0.011975 0.322678
vt 0.012427 0.322303
vt 0.011644 0.322078
vt 0.012223 0.321599
vt 0.011230 0.322655
vt 0.010234 0.322039
vt 0.008419 0.324961
vt 0.008623 0.325871
vt 0.009661 0.321776
vt 0.009842 0.321251
vt 0.314585 0.152056
vt 0.313824 0.152131
vt 0.313840 0.151430
vt 0.314544 0.151500
vt 0.315221 0.151414
vt 0.314158 0.150646
vt 0.315301 0.152131
vt 0.152556 0.331188
vt 0.151835 0.330594
vt 0.151669 0.331188
vt 0.228759 0.290312
vt 0.228202 0.289637
vt 0.228169 0.290288
vt 0.228759 0.289616
vt 0.228238 0.291100
vt 0.092006 0.194937
vt 0.092892 0.194297
vt 0.092892 0.195188
vt 0.018756 0.001041
vt 0.019346 0.000690
vt 0.019346 0.001580
vt 0.218497 0.250513
vt 0.218501 0.251151
vt 0.219229 0.250396
vt 0.219493 0.250995
vt 0.219946 0.249825
vt 0.218698 0.249961
vt 0.218422 0.251829
vt 0.219046 0.251916
vt 0.219902 0.252897
vt 0.219358 0.252682
vt 0.220489 0.250127
vt 0.220201 0.253704
vt 0.219333 0.254183
vt 0.219747 0.254677
vt 0.220489 0.254873
vt 0.294330 0.222803
vt 0.294330 0.223694
vt 0.293444 0.223664
vt 0.244406 0.249767
vt 0.246985 0.254591
vt 0.244925 0.250554
vt 0.246942 0.255765
vt 0.237226 0.262499
vt 0.236728 0.263369
vt 0.236979 0.264570
vt 0.236196 0.264975
vt 0.237242 0.266856
vt 0.236233 0.266871
vt 0.235661 0.263469
vt 0.238767 0.267257
vt 0.235166 0.262134
vt 0.232769 0.263062
vt 0.236981 0.267364
vt 0.237342 0.268365
vt 0.236246 0.267843
vt 0.246592 0.250605
vt 0.247664 0.250600
vt 0.248874 0.250573
vt 0.248170 0.249916
vt 0.242117 0.264763
vt 0.241594 0.264793
vt 0.233018 0.263841
vt 0.235185 0.265173
vt 0.232572 0.264677
vt 0.233548 0.265653
vt 0.232542 0.265660
vt 0.231986 0.264871
vt 0.232048 0.265674
vt 0.230900 0.263349
vt 0.233649 0.266726
vt 0.232776 0.266667
vt 0.241023 0.266438
vt 0.240499 0.267444
vt 0.239964 0.266702
vt 0.240064 0.267739
vt 0.245906 0.250627
vt 0.236437 0.262001
vt 0.236706 0.261198
vt 0.236130 0.260892
vt 0.239141 0.266348
vt 0.233224 0.262374
vt 0.233469 0.261703
vt 0.232945 0.261459
vt 0.233646 0.260901
vt 0.234364 0.266234
vt 0.231952 0.263328
vt 0.232430 0.262516
vt 0.232370 0.261202
vt 0.231629 0.261217
vt 0.231455 0.262592
vt 0.230835 0.262055
vt 0.230536 0.261519
vt 0.230760 0.260322
vt 0.231850 0.260150
vt 0.231248 0.265160
vt 0.230439 0.264155
vt 0.229857 0.261014
vt 0.231304 0.259904
vt 0.231895 0.258928
vt 0.231203 0.258042
vt 0.230702 0.258348
vt 0.230489 0.257416
vt 0.229855 0.257860
vt 0.229422 0.256579
vt 0.230156 0.255733
vt 0.229065 0.257410
vt 0.230279 0.262569
vt 0.229766 0.262061
vt 0.229236 0.262603
vt 0.241551 0.265336
vt 0.246046 0.249966
vt 0.245057 0.249934
vt 0.235676 0.266027
vt 0.236209 0.268379
vt 0.231664 0.257537
vt 0.231154 0.256981
vt 0.235752 0.266901
vt 0.229165 0.261562
vt 0.227381 0.261759
vt 0.227607 0.260577
vt 0.234625 0.266750
vt 0.247106 0.249944
vt 0.229807 0.263362
vt 0.229181 0.263891
vt 0.229936 0.264804
vt 0.230582 0.266397
vt 0.230011 0.266239
vt 0.231440 0.266430
vt 0.231540 0.267129
vt 0.232551 0.267168
vt 0.229796 0.267261
vt 0.231060 0.267186
vt 0.230573 0.267208
vt 0.231374 0.267661
vt 0.230954 0.268171
vt 0.230097 0.267746
vt 0.230181 0.268677
vt 0.235162 0.267318
vt 0.229594 0.267844
vt 0.229366 0.265054
vt 0.228854 0.264942
vt 0.229117 0.266980
vt 0.227798 0.265197
vt 0.228261 0.264176
vt 0.227236 0.264215
vt 0.226766 0.264501
vt 0.227931 0.262649
vt 0.227176 0.263201
vt 0.227884 0.266229
vt 0.226810 0.265235
vt 0.226869 0.266229
vt 0.227660 0.266693
vt 0.226959 0.267044
vt 0.226401 0.266515
vt 0.226295 0.264905
vt 0.226238 0.263796
vt 0.226388 0.263246
vt 0.226389 0.262459
vt 0.226367 0.261938
vt 0.226561 0.260906
vt 0.230821 0.268663
vt 0.227879 0.260047
vt 0.229669 0.259446
vt 0.227902 0.258842
vt 0.228499 0.258176
vt 0.230183 0.259160
vt 0.230228 0.259947
vt 0.227984 0.267308
vt 0.228470 0.267187
vt 0.228973 0.267791
vt 0.227137 0.261113
vt 0.227038 0.260077
vt 0.226232 0.260107
vt 0.226984 0.259275
vt 0.227518 0.259531
vt 0.226043 0.260634
vt 0.227801 0.257818
vt 0.226598 0.258383
vt 0.226457 0.259084
vt 0.226579 0.256399
vt 0.225758 0.257815
vt 0.225617 0.257036
vt 0.225935 0.259125
vt 0.225315 0.258405
vt 0.225759 0.256243
vt 0.225117 0.255555
vt 0.226604 0.254776
vt 0.227328 0.256056
vt 0.227882 0.254898
vt 0.228898 0.255349
vt 0.229879 0.254143
vt 0.228293 0.256807
vt 0.228959 0.255891
vt 0.228723 0.253677
vt 0.230069 0.252724
vt 0.225483 0.259698
vt 0.224517 0.256571
vt 0.224404 0.255709
vt 0.227202 0.253838
vt 0.224997 0.259519
vt 0.224556 0.258318
vt 0.223672 0.257891
vt 0.224691 0.257713
vt 0.225150 0.257390
vt 0.228620 0.252395
vt 0.227518 0.252799
vt 0.230048 0.254778
vt 0.230596 0.254854
vt 0.230885 0.253548
vt 0.231691 0.254425
vt 0.232508 0.253749
vt 0.231575 0.252784
vt 0.233498 0.253017
vt 0.232126 0.251880
vt 0.230935 0.252239
vt 0.229634 0.251229
vt 0.230852 0.250612
vt 0.232041 0.250844
vt 0.229438 0.250376
vt 0.230796 0.249709
vt 0.229080 0.251017
vt 0.228867 0.251628
vt 0.224027 0.257016
vt 0.242891 0.265019
vt 0.224467 0.259578
vt 0.224665 0.260388
vt 0.242557 0.265854
vt 0.241556 0.266925
vt 0.228291 0.251695
vt 0.227392 0.251801
vt 0.233134 0.267260
vt 0.225543 0.254934
vt 0.225622 0.261770
vt 0.226030 0.261214
vt 0.242068 0.265374
vt 0.233740 0.267389
vt 0.234145 0.267849
vt 0.235152 0.267801
vt 0.244991 0.249432
vt 0.235248 0.268372
vt 0.234732 0.268410
vt 0.231253 0.255246
vt 0.232106 0.255272
vt 0.232985 0.255121
vt 0.243868 0.248561
vt 0.244415 0.248924
vt 0.244432 0.248339
vt 0.244970 0.248760
vt 0.245792 0.249403
vt 0.246612 0.255216
vt 0.239245 0.268070
vt 0.244677 0.266176
vt 0.245174 0.266380
vt 0.246737 0.266491
vt 0.232606 0.254383
vt 0.233423 0.254315
vt 0.226710 0.253298
vt 0.245521 0.248906
vt 0.246262 0.248376
vt 0.247071 0.249383
vt 0.247080 0.248846
vt 0.247337 0.248299
vt 0.248133 0.249095
vt 0.247613 0.249378
vt 0.245484 0.248302
vt 0.248741 0.249839
vt 0.248594 0.248502
vt 0.248012 0.248304
vt 0.225276 0.260256
vt 0.226155 0.253514
vt 0.226527 0.251534
vt 0.227929 0.251112
vt 0.228708 0.249832
vt 0.227492 0.249936
vt 0.226999 0.250609
vt 0.225313 0.250875
vt 0.226003 0.251877
vt 0.224823 0.252047
vt 0.224612 0.250834
vt 0.224006 0.250936
vt 0.224108 0.251556
vt 0.224241 0.252141
vt 0.223262 0.250400
vt 0.223646 0.252297
vt 0.224627 0.250164
vt 0.225181 0.250268
vt 0.223544 0.251682
vt 0.222944 0.251792
vt 0.222518 0.250801
vt 0.222121 0.251284
vt 0.225642 0.249853
vt 0.239370 0.267272
vt 0.235727 0.267881
vt 0.245719 0.266978
vt 0.245001 0.267058
vt 0.246750 0.268631
vt 0.247259 0.268601
vt 0.223868 0.255506
vt 0.236925 0.268935
vt 0.236668 0.269423
vt 0.235701 0.268915
vt 0.231182 0.248914
vt 0.223043 0.252388
vt 0.247763 0.269160
vt 0.233170 0.267780
vt 0.232635 0.267690
vt 0.233177 0.268289
vt 0.234167 0.268340
vt 0.232678 0.268367
vt 0.232739 0.268871
vt 0.232152 0.267870
vt 0.232118 0.268856
vt 0.225518 0.260718
vt 0.225505 0.261257
vt 0.224678 0.255062
vt 0.225175 0.253555
vt 0.224874 0.252753
vt 0.224431 0.253121
vt 0.224507 0.253836
vt 0.223583 0.253588
vt 0.223411 0.254201
vt 0.224108 0.254646
vt 0.222723 0.253713
vt 0.223447 0.252936
vt 0.222596 0.253077
vt 0.248290 0.247718
vt 0.231472 0.267731
vt 0.231564 0.268405
vt 0.229841 0.249453
vt 0.228680 0.248813
vt 0.225937 0.259695
vt 0.233134 0.253769
vt 0.222211 0.254571
vt 0.222775 0.254993
vt 0.244320 0.248078
vt 0.226438 0.259565
vt 0.225016 0.261082
vt 0.247612 0.249891
vt 0.224202 0.255130
vt 0.230334 0.249003
vt 0.234809 0.268937
vt 0.234383 0.269038
vt 0.225547 0.262604
vt 0.222245 0.251854
vt 0.222371 0.252485
vt 0.221705 0.252606
vt 0.222104 0.254209
vt 0.221168 0.253172
vt 0.221580 0.251791
vt 0.221334 0.254050
vt 0.223953 0.250289
vt 0.225999 0.262748
vt 0.220785 0.252157
vt 0.234226 0.268488
vt 0.234041 0.250609
vt 0.225786 0.263893
vt 0.225657 0.263403
vt 0.241078 0.267028
vt 0.235028 0.251989
vt 0.235344 0.252531
vt 0.234804 0.252577
vt 0.234789 0.253104
vt 0.235110 0.256793
vt 0.235703 0.255343
vt 0.237084 0.255310
vt 0.237124 0.256442
vt 0.236621 0.258139
vt 0.234440 0.258176
vt 0.236643 0.259247
vt 0.233946 0.259414
vt 0.233823 0.256541
vt 0.233645 0.258219
vt 0.235942 0.253925
vt 0.234576 0.254965
vt 0.232722 0.256322
vt 0.233075 0.257539
vt 0.231926 0.256643
vt 0.236778 0.253622
vt 0.234541 0.254113
vt 0.233420 0.259833
vt 0.231337 0.256131
vt 0.232577 0.258787
vt 0.232747 0.259595
vt 0.233881 0.257657
vt 0.232165 0.256087
vt 0.236474 0.253060
vt 0.236012 0.251724
vt 0.235283 0.251376
vt 0.235695 0.250708
vt 0.237434 0.251895
vt 0.233992 0.251541
vt 0.234101 0.249506
vt 0.235656 0.249308
vt 0.237189 0.250289
vt 0.232695 0.251569
vt 0.234168 0.252544
vt 0.233410 0.259306
vt 0.223394 0.255067
vt 0.298170 0.115310
vt 0.299044 0.116201
vt 0.298300 0.116201
vt 0.299056 0.115520
vt 0.261545 0.297039
vt 0.262431 0.297039
vt 0.262236 0.296445
vt 0.287537 0.198093
vt 0.288128 0.198365
vt 0.287573 0.198751
vt 0.288128 0.197563
vt 0.235881 0.307309
vt 0.236439 0.306923
vt 0.236439 0.307847
vt 0.235323 0.306838
vt 0.234667 0.307051
vt 0.235708 0.308026
vt 0.020988 0.302978
vt 0.020232 0.303572
vt 0.021709 0.303572
vt 0.332137 0.273782
vt 0.333023 0.273284
vt 0.333023 0.274175
vt 0.328888 0.119467
vt 0.328888 0.120358
vt 0.328297 0.119945
vt 0.146173 0.015148
vt 0.146753 0.014731
vt 0.147239 0.015240
vt 0.145762 0.014686
vt 0.147239 0.014349
vt 0.326031 0.314243
vt 0.325383 0.314316
vt 0.325992 0.314844
vt 0.325429 0.315246
vt 0.326336 0.315357
vt 0.326336 0.316017
vt 0.327003 0.315396
vt 0.326625 0.314418
vt 0.327053 0.315871
vt 0.327706 0.315227
vt 0.327228 0.316412
vt 0.324920 0.313822
vt 0.324147 0.313310
vt 0.325678 0.313647
vt 0.326169 0.313041
vt 0.325102 0.313236
vt 0.325485 0.312800
vt 0.324555 0.312298
vt 0.326213 0.312523
vt 0.325763 0.312240
vt 0.324621 0.311589
vt 0.326686 0.312778
vt 0.326974 0.313568
vt 0.324091 0.311921
vt 0.324237 0.312720
vt 0.326913 0.312299
vt 0.327706 0.312779
vt 0.327221 0.313026
vt 0.326038 0.311788
vt 0.327462 0.316945
vt 0.326358 0.317282
vt 0.139490 0.026821
vt 0.138969 0.027414
vt 0.139855 0.027414
vt 0.057153 0.223991
vt 0.056375 0.223397
vt 0.056267 0.223991
vt 0.002806 0.211051
vt 0.002806 0.210332
vt 0.002265 0.210368
vt 0.002215 0.211223
vt 0.322980 0.247198
vt 0.323571 0.246856
vt 0.323571 0.247747
vt 0.210742 0.282489
vt 0.210742 0.283083
vt 0.210151 0.282571
vt 0.072512 0.162524
vt 0.072216 0.161221
vt 0.072512 0.160445
vt 0.303486 0.115214
vt 0.302896 0.115704
vt 0.303486 0.116201
vt 0.141922 0.199048
vt 0.143399 0.199048
vt 0.142829 0.198751
vt 0.154918 0.328515
vt 0.154918 0.329109
vt 0.154328 0.328759
vt 0.111665 0.177371
vt 0.112091 0.177965
vt 0.111314 0.177965
vt 0.110614 0.177851
vt 0.109432 0.221022
vt 0.108842 0.220591
vt 0.109432 0.220131
vt 0.205500 0.251310
vt 0.205130 0.251904
vt 0.205721 0.251904
vt 0.201881 0.218943
vt 0.202472 0.218943
vt 0.202085 0.218349
vt 0.311757 0.215380
vt 0.311757 0.216271
vt 0.311389 0.215854
vt 0.310871 0.216104
vt 0.290490 0.270039
vt 0.291081 0.270017
vt 0.291081 0.270611
vt 0.145171 0.283964
vt 0.145862 0.283961
vt 0.146057 0.283380
vt 0.146057 0.284568
vt 0.015424 0.203799
vt 0.015211 0.204393
vt 0.016097 0.204393
vt 0.289158 0.134291
vt 0.289604 0.133831
vt 0.289005 0.133711
vt 0.289604 0.132532
vt 0.288356 0.133310
vt 0.288128 0.134314
vt 0.112386 0.058000
vt 0.111532 0.057703
vt 0.110909 0.058000
vt 0.143398 0.304518
vt 0.142033 0.304734
vt 0.142601 0.304710
vt 0.142279 0.305433
vt 0.143399 0.305819
vt 0.142796 0.303869
vt 0.142255 0.306735
vt 0.143271 0.306910
vt 0.141998 0.306275
vt 0.141508 0.305331
vt 0.141332 0.306111
vt 0.142742 0.307729
vt 0.143398 0.307523
vt 0.193906 0.270905
vt 0.193249 0.269754
vt 0.193020 0.271205
vt 0.193906 0.269720
vt 0.188129 0.088288
vt 0.187408 0.088882
vt 0.188590 0.088882
vt 0.237620 0.270314
vt 0.237620 0.271205
vt 0.237030 0.270896
vt 0.074579 0.089773
vt 0.073989 0.089214
vt 0.074579 0.088882
vt 0.145900 0.153832
vt 0.145530 0.153247
vt 0.146473 0.154480
vt 0.149101 0.132103
vt 0.149027 0.133121
vt 0.148373 0.132513
vt 0.147943 0.130975
vt 0.148842 0.129425
vt 0.149508 0.128742
vt 0.147599 0.129954
vt 0.147246 0.132526
vt 0.147166 0.129225
vt 0.146768 0.129874
vt 0.147386 0.133234
vt 0.146653 0.132546
vt 0.146045 0.133487
vt 0.145997 0.134338
vt 0.145224 0.134522
vt 0.145357 0.135041
vt 0.146917 0.135778
vt 0.144983 0.137632
vt 0.146359 0.137406
vt 0.147439 0.137845
vt 0.147065 0.138500
vt 0.145865 0.138597
vt 0.146267 0.139331
vt 0.148303 0.136589
vt 0.145237 0.133446
vt 0.148108 0.138272
vt 0.143990 0.134074
vt 0.147048 0.134118
vt 0.144522 0.133027
vt 0.146261 0.131529
vt 0.145794 0.132129
vt 0.145330 0.132788
vt 0.147782 0.134596
vt 0.150074 0.136703
vt 0.149647 0.138562
vt 0.148479 0.138266
vt 0.149277 0.139347
vt 0.150449 0.139017
vt 0.150519 0.139832
vt 0.150182 0.141196
vt 0.148479 0.139376
vt 0.144936 0.154726
vt 0.144093 0.154999
vt 0.147637 0.139542
vt 0.147000 0.130884
vt 0.148330 0.137710
vt 0.148559 0.134635
vt 0.148375 0.127801
vt 0.148284 0.126711
vt 0.146639 0.127016
vt 0.147313 0.127467
vt 0.148167 0.126008
vt 0.146776 0.127548
vt 0.146229 0.127598
vt 0.146891 0.128328
vt 0.147462 0.128204
vt 0.148687 0.140385
vt 0.146452 0.131032
vt 0.148964 0.141998
vt 0.149660 0.142284
vt 0.148344 0.141483
vt 0.147560 0.140103
vt 0.146980 0.140998
vt 0.146346 0.140394
vt 0.145380 0.141085
vt 0.145562 0.140408
vt 0.146473 0.139410
vt 0.145253 0.139826
vt 0.144813 0.140513
vt 0.147428 0.141955
vt 0.145749 0.141749
vt 0.144791 0.142248
vt 0.145406 0.142678
vt 0.145535 0.143700
vt 0.146897 0.142679
vt 0.147200 0.143510
vt 0.147802 0.143595
vt 0.146153 0.144579
vt 0.146932 0.144380
vt 0.147501 0.144596
vt 0.145355 0.144582
vt 0.145062 0.145404
vt 0.145532 0.146018
vt 0.146553 0.141865
vt 0.150533 0.141665
vt 0.148389 0.142884
vt 0.144722 0.141719
vt 0.150208 0.142980
vt 0.149379 0.144387
vt 0.150672 0.143548
vt 0.149060 0.136217
vt 0.146676 0.145496
vt 0.147171 0.145384
vt 0.146986 0.147029
vt 0.147820 0.145712
vt 0.148119 0.144883
vt 0.149067 0.145360
vt 0.148442 0.146230
vt 0.148872 0.144862
vt 0.147424 0.146379
vt 0.147574 0.147144
vt 0.148152 0.147326
vt 0.149049 0.144123
vt 0.146359 0.146666
vt 0.149123 0.142872
vt 0.149816 0.135776
vt 0.148324 0.143687
vt 0.139171 0.010786
vt 0.139636 0.011414
vt 0.138805 0.011282
vt 0.138883 0.012398
vt 0.140251 0.012643
vt 0.138673 0.013458
vt 0.139953 0.013234
vt 0.141332 0.013458
vt 0.141131 0.012422
vt 0.136310 0.194950
vt 0.137969 0.195213
vt 0.136409 0.195781
vt 0.137254 0.194594
vt 0.138072 0.195781
vt 0.138695 0.194824
vt 0.139264 0.194911
vt 0.164727 0.296445
vt 0.165847 0.296010
vt 0.164665 0.295496
vt 0.165847 0.294367
vt 0.221966 0.059791
vt 0.222622 0.060337
vt 0.222845 0.058650
vt 0.094260 0.014757
vt 0.094253 0.013676
vt 0.093869 0.013277
vt 0.093509 0.014566
vt 0.094301 0.016391
vt 0.094325 0.018011
vt 0.093704 0.017477
vt 0.094696 0.018574
vt 0.093609 0.018200
vt 0.093666 0.016380
vt 0.094179 0.012513
vt 0.093088 0.017185
vt 0.092573 0.016358
vt 0.093171 0.015331
vt 0.092593 0.015387
vt 0.092066 0.015785
vt 0.092002 0.016335
vt 0.091421 0.016206
vt 0.091688 0.016937
vt 0.092086 0.014975
vt 0.091568 0.014151
vt 0.092122 0.014162
vt 0.092756 0.014142
vt 0.092411 0.017060
vt 0.092586 0.002922
vt 0.092943 0.004885
vt 0.091405 0.003921
vt 0.092670 0.002286
vt 0.091865 0.005197
vt 0.091574 0.002476
vt 0.093144 0.005631
vt 0.090993 0.004610
vt 0.090529 0.003834
vt 0.091212 0.005452
vt 0.091699 0.007017
vt 0.090570 0.003306
vt 0.094160 0.007296
vt 0.093916 0.006195
vt 0.092706 0.007026
vt 0.092437 0.005943
vt 0.092135 0.007045
vt 0.092634 0.007631
vt 0.091627 0.007290
vt 0.093949 0.008219
vt 0.093368 0.007508
vt 0.094469 0.009044
vt 0.093363 0.008146
vt 0.092569 0.013529
vt 0.092957 0.013517
vt 0.094144 0.011392
vt 0.093566 0.011715
vt 0.094226 0.010827
vt 0.093585 0.011041
vt 0.093564 0.012737
vt 0.092840 0.012862
vt 0.092932 0.012372
vt 0.093633 0.019397
vt 0.093039 0.011464
vt 0.093725 0.015320
vt 0.090760 0.017571
vt 0.092143 0.018467
vt 0.092947 0.018363
vt 0.285055 0.296908
vt 0.284221 0.295945
vt 0.284306 0.297476
vt 0.284212 0.298209
vt 0.285469 0.298234
vt 0.283664 0.298524
vt 0.283106 0.298136
vt 0.239251 0.076304
vt 0.238990 0.076872
vt 0.237765 0.077004
vt 0.239688 0.077004
vt 0.238568 0.076113
vt 0.237207 0.076258
vt 0.237030 0.076875
vt 0.297486 0.285708
vt 0.297142 0.284876
vt 0.299206 0.285450
vt 0.298378 0.284861
vt 0.297610 0.286632
vt 0.300057 0.285982
vt 0.300585 0.285316
vt 0.297948 0.284321
vt 0.298702 0.283908
vt 0.299656 0.284158
vt 0.299496 0.283380
vt 0.300346 0.284503
vt 0.296546 0.285878
vt 0.296390 0.286646
vt 0.295215 0.286232
vt 0.295279 0.285239
vt 0.294657 0.285545
vt 0.294354 0.284881
vt 0.294904 0.284507
vt 0.293840 0.285154
vt 0.293702 0.286123
vt 0.295653 0.285056
vt 0.294285 0.286498
vt 0.296758 0.284384
vt 0.293355 0.285412
vt 0.292853 0.285691
vt 0.295490 0.284455
vt 0.295679 0.283964
vt 0.302449 0.285375
vt 0.300046 0.286646
vt 0.301546 0.284487
vt 0.300837 0.284188
vt 0.300202 0.283856
vt 0.301302 0.283889
vt 0.303074 0.285376
vt 0.302736 0.285908
vt 0.302488 0.284322
vt 0.301891 0.283964
vt 0.303446 0.286198
vt 0.304668 0.286218
vt 0.299919 0.284081
vt 0.325343 0.227554
vt 0.325749 0.226367
vt 0.325934 0.227554
vt 0.004987 0.145810
vt 0.004016 0.144930
vt 0.004166 0.143749
vt 0.004096 0.146429
vt 0.003896 0.144311
vt 0.003435 0.145857
vt 0.003397 0.146489
vt 0.278843 0.280146
vt 0.277363 0.279359
vt 0.278842 0.279348
vt 0.277372 0.279936
vt 0.276762 0.278581
vt 0.276392 0.279213
vt 0.276292 0.277883
vt 0.275629 0.279306
vt 0.274843 0.278213
vt 0.274915 0.276709
vt 0.274397 0.277354
vt 0.274716 0.279153
vt 0.273874 0.275868
vt 0.279365 0.279607
vt 0.279181 0.280564
vt 0.275486 0.276188
vt 0.274599 0.275805
vt 0.277145 0.278060
vt 0.277373 0.277538
vt 0.279979 0.279733
vt 0.280153 0.280388
vt 0.279371 0.281301
vt 0.273846 0.278848
vt 0.277722 0.278569
vt 0.278297 0.280712
vt 0.276436 0.277099
vt 0.273895 0.277985
vt 0.273189 0.276723
vt 0.273259 0.275784
vt 0.272605 0.276581
vt 0.272187 0.276240
vt 0.272163 0.278015
vt 0.271444 0.276334
vt 0.271343 0.277229
vt 0.270628 0.277019
vt 0.270581 0.277615
vt 0.271060 0.277986
vt 0.270124 0.278306
vt 0.270821 0.278487
vt 0.271975 0.278533
vt 0.270459 0.278901
vt 0.269782 0.278873
vt 0.270381 0.279474
vt 0.271627 0.279307
vt 0.272675 0.278970
vt 0.271451 0.280296
vt 0.272492 0.280478
vt 0.272854 0.280017
vt 0.270926 0.279207
vt 0.272140 0.280917
vt 0.271482 0.281301
vt 0.270255 0.276170
vt 0.271146 0.275836
vt 0.269998 0.275317
vt 0.270804 0.274703
vt 0.270883 0.273910
vt 0.269224 0.273878
vt 0.269293 0.274844
vt 0.269363 0.275811
vt 0.271898 0.275465
vt 0.272857 0.277975
vt 0.272890 0.278749
vt 0.272522 0.278467
vt 0.274196 0.275453
vt 0.272555 0.275817
vt 0.113333 0.322279
vt 0.112116 0.322045
vt 0.112716 0.322120
vt 0.112503 0.321388
vt 0.111611 0.321502
vt 0.111476 0.322279
vt 0.113567 0.321401
vt 0.110909 0.322113
vt 0.177366 0.099572
vt 0.177366 0.098681
vt 0.176480 0.099266
vt 0.097963 0.331932
vt 0.097231 0.331707
vt 0.097666 0.331086
vt 0.098264 0.331449
vt 0.097891 0.330549
vt 0.098659 0.332269
vt 0.098776 0.331185
vt 0.099404 0.331555
vt 0.098315 0.330762
vt 0.096610 0.330715
vt 0.099221 0.332356
vt 0.099685 0.332969
vt 0.097376 0.330152
vt 0.096854 0.330000
vt 0.097018 0.331535
vt 0.096196 0.331577
vt 0.096810 0.332241
vt 0.096112 0.332490
vt 0.095636 0.331852
vt 0.095611 0.331229
vt 0.095032 0.331993
vt 0.095956 0.330815
vt 0.095042 0.332969
vt 0.094457 0.331860
vt 0.094373 0.332711
vt 0.093778 0.332186
vt 0.095088 0.331250
vt 0.253850 0.192218
vt 0.254456 0.193109
vt 0.253570 0.193109
vt 0.033133 0.294393
vt 0.033709 0.294453
vt 0.033627 0.295004
vt 0.032401 0.295987
vt 0.033688 0.295623
vt 0.032617 0.296747
vt 0.031852 0.296547
vt 0.034722 0.296245
vt 0.034963 0.295251
vt 0.034339 0.294673
vt 0.034934 0.294656
vt 0.036091 0.295550
vt 0.036507 0.297353
vt 0.037408 0.296601
vt 0.037118 0.294991
vt 0.036251 0.294895
vt 0.034829 0.297374
vt 0.035475 0.294734
vt 0.037177 0.297512
vt 0.036752 0.294352
vt 0.037674 0.295519
vt 0.037908 0.296995
vt 0.033526 0.298336
vt 0.032482 0.297687
vt 0.032025 0.297269
vt 0.031860 0.298199
vt 0.031604 0.297664
vt 0.031340 0.298798
vt 0.030588 0.298575
vt 0.030364 0.297787
vt 0.029638 0.298475
vt 0.029710 0.297775
vt 0.030639 0.296017
vt 0.029336 0.295942
vt 0.030336 0.295291
vt 0.028767 0.298461
vt 0.029065 0.299484
vt 0.027579 0.299752
vt 0.031132 0.296999
vt 0.029087 0.297320
vt 0.027718 0.298868
vt 0.026028 0.299743
vt 0.026595 0.300442
vt 0.025858 0.300335
vt 0.024666 0.300293
vt 0.024757 0.301014
vt 0.024195 0.301115
vt 0.023715 0.300338
vt 0.025016 0.299283
vt 0.028252 0.298171
vt 0.027142 0.297899
vt 0.026565 0.297571
vt 0.025986 0.301097
vt 0.032127 0.298801
vt 0.029664 0.299418
vt 0.029642 0.300241
vt 0.030496 0.300135
vt 0.028480 0.300612
vt 0.031550 0.300093
vt 0.030848 0.299169
vt 0.033519 0.299910
vt 0.030262 0.301493
vt 0.030989 0.301188
vt 0.030960 0.295274
vt 0.030220 0.299238
vt 0.032325 0.300977
vt 0.029708 0.301144
vt 0.035555 0.298282
vt 0.034386 0.299167
vt 0.035181 0.299261
vt 0.035693 0.298840
vt 0.032608 0.298412
vt 0.036283 0.298263
vt 0.024022 0.299594
vt 0.024057 0.299043
vt 0.024670 0.297698
vt 0.023250 0.298450
vt 0.023461 0.299000
vt 0.023569 0.299727
vt 0.024714 0.296848
vt 0.025358 0.297547
vt 0.024864 0.296315
vt 0.024056 0.296441
vt 0.025588 0.296429
vt 0.025236 0.295845
vt 0.026260 0.297150
vt 0.025732 0.295592
vt 0.026768 0.295640
vt 0.024591 0.295590
vt 0.023475 0.295403
vt 0.023277 0.296039
vt 0.026242 0.296454
vt 0.024952 0.295377
vt 0.022708 0.297572
vt 0.025875 0.298974
vt 0.026587 0.294827
vt 0.026098 0.293773
vt 0.025183 0.294586
vt 0.024624 0.294715
vt 0.024980 0.294047
vt 0.027379 0.296912
vt 0.026523 0.296757
vt 0.028304 0.296530
vt 0.028870 0.294883
vt 0.028144 0.295034
vt 0.027556 0.297529
vt 0.022611 0.296678
vt 0.021872 0.297796
vt 0.021397 0.298640
vt 0.021331 0.296544
vt 0.022160 0.295926
vt 0.021251 0.297214
vt 0.020736 0.298484
vt 0.020658 0.297286
vt 0.021594 0.299963
vt 0.020915 0.300132
vt 0.021388 0.300952
vt 0.022011 0.300375
vt 0.023003 0.300660
vt 0.022950 0.299799
vt 0.023716 0.300573
vt 0.022211 0.301493
vt 0.019937 0.299251
vt 0.020671 0.301047
vt 0.022152 0.298952
vt 0.026858 0.301202
vt 0.020517 0.296747
vt 0.167324 0.253092
vt 0.165551 0.253343
vt 0.166108 0.254121
vt 0.167324 0.254279
vt 0.316187 0.124627
vt 0.316778 0.125406
vt 0.316778 0.123873
vt 0.316638 0.122733
vt 0.326667 0.215495
vt 0.327528 0.215530
vt 0.326230 0.215033
vt 0.328295 0.214971
vt 0.328455 0.215617
vt 0.327143 0.216112
vt 0.326464 0.213625
vt 0.327310 0.212999
vt 0.328617 0.213017
vt 0.329027 0.215844
vt 0.329183 0.215253
vt 0.328446 0.212420
vt 0.327681 0.211816
vt 0.328428 0.216432
vt 0.329183 0.217755
vt 0.226278 0.282192
vt 0.225215 0.282991
vt 0.227873 0.282288
vt 0.227179 0.283215
vt 0.226656 0.284271
vt 0.227873 0.284116
vt 0.225597 0.283438
vt 0.057448 0.005441
vt 0.056267 0.005441
vt 0.056977 0.004847
vt 0.185718 0.027462
vt 0.184607 0.027489
vt 0.182715 0.019353
vt 0.182787 0.022576
vt 0.182444 0.020632
vt 0.181542 0.022973
vt 0.181067 0.021679
vt 0.180034 0.020059
vt 0.181932 0.019959
vt 0.181268 0.024557
vt 0.182474 0.023858
vt 0.181283 0.026067
vt 0.180770 0.027744
vt 0.181623 0.027692
vt 0.182152 0.025789
vt 0.182720 0.027652
vt 0.182842 0.026168
vt 0.182768 0.024679
vt 0.180707 0.028518
vt 0.182160 0.028270
vt 0.183190 0.028140
vt 0.183607 0.027509
vt 0.183047 0.028691
vt 0.182299 0.029891
vt 0.183022 0.029728
vt 0.181458 0.028843
vt 0.181589 0.028317
vt 0.180882 0.029937
vt 0.181647 0.030181
vt 0.181431 0.031000
vt 0.182176 0.030441
vt 0.181475 0.031555
vt 0.183929 0.030971
vt 0.183983 0.030421
vt 0.185129 0.030505
vt 0.186210 0.030495
vt 0.184659 0.030103
vt 0.185748 0.029878
vt 0.185561 0.028126
vt 0.183896 0.029676
vt 0.184447 0.028161
vt 0.183535 0.028201
vt 0.185195 0.029932
vt 0.331251 0.196969
vt 0.330827 0.196194
vt 0.330161 0.196078
vt 0.329774 0.196969
vt 0.151079 0.146055
vt 0.151028 0.145329
vt 0.150221 0.145497
vt 0.150944 0.146786
vt 0.150046 0.144730
vt 0.151079 0.144707
vt 0.149602 0.145250
vt 0.272871 0.082646
vt 0.272035 0.082646
vt 0.272591 0.081929
vt 0.271473 0.082407
vt 0.271816 0.081200
vt 0.272621 0.079653
vt 0.271570 0.079709
vt 0.271938 0.079125
vt 0.270898 0.079508
vt 0.270992 0.080113
vt 0.271629 0.078306
vt 0.272181 0.077928
vt 0.270980 0.078080
vt 0.270865 0.077484
vt 0.272222 0.078594
vt 0.272970 0.078363
vt 0.273516 0.078999
vt 0.272884 0.077384
vt 0.274138 0.078957
vt 0.273478 0.079760
vt 0.273227 0.081175
vt 0.272573 0.081248
vt 0.271981 0.080088
vt 0.270406 0.079134
vt 0.274176 0.079542
vt 0.092006 0.011957
vt 0.092597 0.011083
vt 0.092597 0.012270
vt 0.028207 0.007761
vt 0.029093 0.007222
vt 0.029093 0.008113
vt 0.032638 0.270314
vt 0.033228 0.270314
vt 0.032900 0.269720
vt 0.073398 0.041965
vt 0.072807 0.041701
vt 0.073398 0.041371
vt 0.039431 0.049685
vt 0.040022 0.049685
vt 0.039943 0.048794
vt 0.332137 0.118576
vt 0.331251 0.118348
vt 0.332137 0.117982
vt 0.189771 0.277441
vt 0.189771 0.278629
vt 0.189181 0.277958
vt 0.228169 0.015240
vt 0.227578 0.014697
vt 0.228169 0.014349
vt 0.097507 0.309808
vt 0.097027 0.310402
vt 0.097913 0.310402
vt 0.227578 0.222283
vt 0.228464 0.221912
vt 0.228464 0.222803
vt 0.300237 0.095415
vt 0.299647 0.095002
vt 0.300237 0.094227
vt 0.168801 0.294961
vt 0.168012 0.294367
vt 0.167914 0.294961
vt 0.058874 0.205284
vt 0.058334 0.205878
vt 0.059516 0.205878
vt 0.069263 0.038698
vt 0.070149 0.038698
vt 0.069679 0.038104
vt 0.180024 0.019694
vt 0.180910 0.019694
vt 0.180527 0.019100
vt 0.173822 0.147974
vt 0.174708 0.147974
vt 0.174438 0.146786
vt 0.100135 0.282192
vt 0.099981 0.283083
vt 0.100867 0.283083
vt 0.111205 0.291062
vt 0.111795 0.290506
vt 0.111795 0.291100
vt 0.079896 0.090070
vt 0.079564 0.089476
vt 0.078715 0.090070
vt 0.180910 0.181231
vt 0.180743 0.180637
vt 0.180024 0.181231
vt 0.025886 0.183607
vt 0.025549 0.184498
vt 0.026140 0.184498
vt 0.228759 0.140679
vt 0.229645 0.140253
vt 0.229645 0.141144
vt 0.097618 0.325249
vt 0.097388 0.324358
vt 0.096732 0.325249
vt 0.053018 0.225410
vt 0.053904 0.225179
vt 0.053904 0.226070
vt 0.200109 0.002768
vt 0.201586 0.002768
vt 0.200802 0.002471
vt 0.130108 0.096335
vt 0.130699 0.095711
vt 0.130699 0.096899
vt 0.146353 0.042582
vt 0.147239 0.042559
vt 0.147239 0.043449
vt 0.092892 0.298158
vt 0.093483 0.297633
vt 0.093483 0.298821
vt 0.261840 0.231415
vt 0.261405 0.230821
vt 0.260659 0.231415
vt 0.079010 0.331188
vt 0.079010 0.333266
vt 0.078419 0.331804
vt 0.169096 0.219834
vt 0.169982 0.219834
vt 0.169562 0.219240
vt 0.068954 0.210035
vt 0.068377 0.210629
vt 0.068967 0.210629
vt 0.210151 0.240323
vt 0.210151 0.240917
vt 0.209561 0.240337
vt 0.061757 0.314198
vt 0.060025 0.313795
vt 0.061309 0.313481
vt 0.064032 0.314042
vt 0.062739 0.314700
vt 0.064598 0.314408
vt 0.060015 0.314376
vt 0.058908 0.313337
vt 0.057977 0.314503
vt 0.060734 0.314960
vt 0.059796 0.315048
vt 0.057922 0.315153
vt 0.057020 0.314795
vt 0.059638 0.313008
vt 0.064110 0.315153
vt 0.063155 0.312974
vt 0.064663 0.313401
vt 0.063526 0.312537
vt 0.061825 0.313047
vt 0.061509 0.312538
vt 0.064473 0.312595
vt 0.065563 0.312789
vt 0.067187 0.312965
vt 0.060164 0.312640
vt 0.059309 0.312183
vt 0.059085 0.312734
vt 0.058521 0.312540
vt 0.057997 0.312902
vt 0.067491 0.313492
vt 0.057966 0.312252
vt 0.057145 0.313345
vt 0.057144 0.312264
vt 0.055773 0.312264
vt 0.055498 0.313145
vt 0.054123 0.312287
vt 0.054673 0.313078
vt 0.053545 0.312258
vt 0.053018 0.313114
vt 0.053951 0.313738
vt 0.054449 0.313684
vt 0.002167 0.099953
vt 0.001692 0.101997
vt 0.002860 0.100590
vt 0.002732 0.099708
vt 0.002092 0.099404
vt 0.002348 0.101623
vt 0.001464 0.099353
vt 0.001084 0.101331
vt 0.001078 0.102324
vt 0.000716 0.099707
vt 0.000722 0.100199
vt 0.000148 0.099879
vt 0.000212 0.100285
vt 0.001113 0.098765
vt 0.000539 0.100802
vt 0.003711 0.100207
vt 0.003788 0.098864
vt 0.002806 0.098948
vt 0.001835 0.098763
vt 0.001886 0.098277
vt 0.002428 0.098339
vt 0.003650 0.100967
vt 0.003245 0.098348
vt 0.003024 0.097790
vt 0.004283 0.098410
vt 0.002875 0.102362
vt 0.001924 0.102638
vt 0.001490 0.102514
vt 0.001309 0.102910
vt 0.001761 0.103184
vt 0.001355 0.103659
vt 0.002507 0.102886
vt 0.003421 0.103109
vt 0.003315 0.103738
vt 0.002239 0.103876
vt 0.003086 0.104447
vt 0.002311 0.105127
vt 0.003915 0.104598
vt 0.003957 0.105403
vt 0.003174 0.106104
vt 0.002953 0.101515
vt 0.000198 0.098953
vt 0.000687 0.098082
vt 0.004283 0.102963
vt 0.003872 0.102312
vt 0.003841 0.101764
vt 0.005107 0.043422
vt 0.005731 0.043382
vt 0.006131 0.042348
vt 0.005126 0.041764
vt 0.004193 0.042972
vt 0.005958 0.041321
vt 0.004812 0.040548
vt 0.004799 0.044612
vt 0.003823 0.044547
vt 0.005787 0.044138
vt 0.004338 0.045491
vt 0.007184 0.041299
vt 0.007540 0.043731
vt 0.007316 0.044497
vt 0.008399 0.043519
vt 0.006271 0.040183
vt 0.005397 0.045425
vt 0.006629 0.045015
vt 0.003233 0.045211
vt 0.003234 0.043528
vt 0.002665 0.045809
vt 0.001806 0.044371
vt 0.003179 0.046472
vt 0.004932 0.046421
vt 0.007831 0.044819
vt 0.008418 0.044627
vt 0.008298 0.045427
vt 0.005014 0.046975
vt 0.005856 0.046172
vt 0.005860 0.047590
vt 0.005222 0.048700
vt 0.004703 0.049238
vt 0.005423 0.049194
vt 0.005072 0.050182
vt 0.004412 0.048457
vt 0.004930 0.048280
vt 0.004223 0.047925
vt 0.005611 0.049695
vt 0.005851 0.050136
vt 0.005341 0.050916
vt 0.006113 0.050907
vt 0.005877 0.052139
vt 0.006557 0.052242
vt 0.006041 0.048962
vt 0.006255 0.049421
vt 0.006248 0.048317
vt 0.005285 0.047616
vt 0.004622 0.047593
vt 0.004086 0.050814
vt 0.004480 0.052712
vt 0.005106 0.051849
vt 0.006220 0.054894
vt 0.005622 0.055435
vt 0.004201 0.050217
vt 0.003651 0.050424
vt 0.003752 0.051496
vt 0.004999 0.054488
vt 0.003890 0.049488
vt 0.003218 0.048611
vt 0.002914 0.049083
vt 0.006460 0.053959
vt 0.007130 0.056017
vt 0.003260 0.050071
vt 0.003830 0.053699
vt 0.003257 0.052240
vt 0.004063 0.054679
vt 0.003769 0.047296
vt 0.003196 0.047535
vt 0.002335 0.047707
vt 0.002708 0.046911
vt 0.002589 0.048574
vt 0.001731 0.049025
vt 0.002025 0.048259
vt 0.002705 0.049847
vt 0.002250 0.049515
vt 0.001329 0.049703
vt 0.007340 0.054801
vt 0.007161 0.054299
vt 0.007713 0.054101
vt 0.007875 0.054612
vt 0.007560 0.053631
vt 0.006868 0.053285
vt 0.001488 0.047861
vt 0.001748 0.047216
vt 0.004735 0.055292
vt 0.040653 0.298094
vt 0.040687 0.294867
vt 0.041450 0.295015
vt 0.041499 0.293476
vt 0.040800 0.299499
vt 0.041407 0.298098
vt 0.041423 0.300061
vt 0.040724 0.300619
vt 0.041409 0.301182
vt 0.040630 0.302578
vt 0.041422 0.297536
vt 0.041406 0.296415
vt 0.041479 0.303146
vt 0.040613 0.303698
vt 0.041499 0.304010
vt 0.040616 0.305379
vt 0.041398 0.305386
vt 0.041437 0.305947
vt 0.308661 0.271570
vt 0.308532 0.272669
vt 0.307759 0.272527
vt 0.307776 0.271071
vt 0.309098 0.272690
vt 0.307480 0.271907
vt 0.306856 0.270908
vt 0.306934 0.271799
vt 0.306548 0.272690
vt 0.306334 0.271837
vt 0.306400 0.271202
vt 0.305561 0.272575
vt 0.305447 0.271707
vt 0.304077 0.272449
vt 0.192821 0.283786
vt 0.191879 0.283566
vt 0.192143 0.284213
vt 0.190857 0.283831
vt 0.190899 0.282692
vt 0.192662 0.284863
vt 0.192049 0.281934
vt 0.193386 0.284932
vt 0.191008 0.282118
vt 0.191270 0.281004
vt 0.193482 0.283531
vt 0.192870 0.285509
vt 0.193005 0.282908
vt 0.194017 0.284166
vt 0.194100 0.283270
vt 0.193605 0.282438
vt 0.194202 0.282289
vt 0.193924 0.285241
vt 0.193400 0.286061
vt 0.194030 0.286514
vt 0.193265 0.286697
vt 0.194202 0.287834
vt 0.192783 0.286358
vt 0.192020 0.285899
vt 0.192153 0.285092
vt 0.192125 0.286344
vt 0.190964 0.284616
vt 0.191170 0.285366
vt 0.191640 0.285740
vt 0.190657 0.281233
vt 0.192187 0.286919
vt 0.221671 0.056153
vt 0.222485 0.056260
vt 0.221894 0.055299
vt 0.222557 0.053546
vt 0.222149 0.054155
vt 0.222093 0.056694
vt 0.222557 0.057109
vt 0.140820 0.287325
vt 0.140062 0.287551
vt 0.139962 0.286633
vt 0.140762 0.286367
vt 0.140562 0.287823
vt 0.140170 0.288428
vt 0.141317 0.288300
vt 0.141627 0.286939
vt 0.139443 0.287417
vt 0.138724 0.288428
vt 0.138754 0.287493
vt 0.138083 0.287652
vt 0.140132 0.286052
vt 0.139437 0.286070
vt 0.000967 0.061266
vt 0.000553 0.060147
vt 0.001866 0.060416
vt 0.001280 0.060078
vt 0.000148 0.061116
vt 0.001685 0.061266
vt 0.002215 0.060957
vt 0.209207 0.317628
vt 0.210139 0.318041
vt 0.210151 0.316677
vt 0.208970 0.318288
vt 0.209072 0.316922
vt 0.209065 0.316043
vt 0.209520 0.319013
vt 0.210151 0.318776
vt 0.246557 0.281301
vt 0.246899 0.282489
vt 0.245595 0.281786
vt 0.245875 0.282489
vt 0.247367 0.281354
vt 0.214210 0.190139
vt 0.215055 0.191030
vt 0.215763 0.190703
vt 0.213696 0.191030
vt 0.234506 0.169904
vt 0.235106 0.169300
vt 0.235153 0.169853
vt 0.235553 0.170558
vt 0.234961 0.171135
vt 0.011678 0.052358
vt 0.011562 0.053842
vt 0.011123 0.053124
vt 0.011962 0.053314
vt 0.010781 0.053842
vt 0.011004 0.052493
vt 0.106102 0.244998
vt 0.107002 0.245382
vt 0.105563 0.245662
vt 0.105503 0.244860
vt 0.106936 0.244584
vt 0.108067 0.244291
vt 0.107633 0.245162
vt 0.108222 0.245668
vt 0.101842 0.243555
vt 0.103673 0.244370
vt 0.101862 0.244774
vt 0.104046 0.243152
vt 0.104779 0.243766
vt 0.105074 0.243001
vt 0.105941 0.243737
vt 0.107895 0.242895
vt 0.108582 0.244224
vt 0.108691 0.243059
vt 0.110614 0.243916
vt 0.110467 0.242777
vt 0.106344 0.242811
vt 0.107327 0.242402
vt 0.101311 0.244804
vt 0.103492 0.245035
vt 0.102428 0.245041
vt 0.100693 0.244212
vt 0.104577 0.245319
vt 0.098502 0.244499
vt 0.099948 0.244959
vt 0.099134 0.245069
vt 0.097972 0.245177
vt 0.096922 0.244610
vt 0.096638 0.245295
vt 0.094992 0.244474
vt 0.094111 0.245040
vt 0.095651 0.245668
vt 0.092918 0.244019
vt 0.090708 0.244221
vt 0.091884 0.243285
vt 0.090234 0.243426
vt 0.325343 0.217161
vt 0.325310 0.215532
vt 0.324768 0.216354
vt 0.324841 0.215846
vt 0.324598 0.215272
vt 0.325261 0.214127
vt 0.324915 0.212410
vt 0.325343 0.212994
vt 0.324172 0.214071
vt 0.324035 0.213146
vt 0.323781 0.215299
vt 0.323314 0.216474
vt 0.323276 0.213975
vt 0.323554 0.213433
vt 0.307758 0.039143
vt 0.306746 0.040183
vt 0.306818 0.039311
vt 0.306948 0.038658
vt 0.306145 0.038976
vt 0.306194 0.039788
vt 0.307750 0.040183
vt 0.307917 0.038401
vt 0.222031 0.157706
vt 0.222557 0.156867
vt 0.221423 0.156585
vt 0.222557 0.157747
vt 0.221382 0.157239
vt 0.221375 0.157773
vt 0.057954 0.287537
vt 0.058233 0.286770
vt 0.056858 0.286646
vt 0.056859 0.287537
vt 0.058925 0.287160
vt 0.289155 0.032760
vt 0.290234 0.032638
vt 0.290490 0.033650
vt 0.289682 0.033549
vt 0.289327 0.031869
vt 0.289014 0.033650
vt 0.208814 0.311818
vt 0.209466 0.312179
vt 0.209346 0.310984
vt 0.210132 0.311789
vt 0.210447 0.312777
vt 0.208675 0.310891
vt 0.208955 0.312608
vt 0.210447 0.311289
vt 0.208742 0.310069
vt 0.208863 0.309511
vt 0.166606 0.313840
vt 0.166853 0.313081
vt 0.167247 0.313626
vt 0.167324 0.314752
vt 0.165977 0.313116
vt 0.166566 0.314856
vt 0.164144 0.313436
vt 0.164059 0.314440
vt 0.163341 0.314104
vt 0.163370 0.314856
vt 0.163189 0.313402
vt 0.164022 0.312777
vt 0.164573 0.313878
vt 0.165572 0.313547
vt 0.165193 0.314102
vt 0.165141 0.313167
vt 0.181916 0.192812
vt 0.181206 0.194000
vt 0.182092 0.194000
vt 0.084895 0.074002
vt 0.084211 0.073626
vt 0.083736 0.074096
vt 0.085212 0.073441
vt 0.085212 0.074925
vt 0.182978 0.240400
vt 0.183569 0.240677
vt 0.183086 0.241214
vt 0.183864 0.239432
vt 0.183084 0.239739
vt 0.183864 0.241126
vt 0.110785 0.140295
vt 0.109728 0.140550
vt 0.110461 0.139665
vt 0.111935 0.139772
vt 0.111470 0.139065
vt 0.112263 0.139171
vt 0.112681 0.139974
vt 0.112270 0.140550
vt 0.111381 0.140221
vt 0.009575 0.039886
vt 0.010218 0.040372
vt 0.009585 0.040613
vt 0.010266 0.041074
vt 0.008418 0.040132
vt 0.010781 0.040399
vt 0.008984 0.040409
vt 0.008528 0.041074
vt 0.323665 0.183013
vt 0.324681 0.183347
vt 0.323571 0.183904
vt 0.324753 0.183904
vt 0.301328 0.095905
vt 0.300784 0.096655
vt 0.301396 0.097224
vt 0.300649 0.095682
vt 0.300953 0.097628
vt 0.300485 0.097166
vt 0.301419 0.098087
vt 0.300237 0.096488
vt 0.301419 0.095415
vt 0.125087 0.015834
vt 0.124139 0.015032
vt 0.123905 0.015834
vt 0.124746 0.014646
vt 0.255132 0.177965
vt 0.254161 0.178856
vt 0.255273 0.178856
vt 0.255796 0.177968
vt 0.256819 0.178294
vt 0.119770 0.301790
vt 0.119503 0.300899
vt 0.118884 0.301790
vt 0.000738 0.321878
vt 0.000738 0.323170
vt 0.000148 0.322573
vt 0.000504 0.320795
vt 0.039678 0.226367
vt 0.040613 0.226960
vt 0.039470 0.226960
vt 0.038840 0.226459
vt 0.040262 0.226367
vt 0.151293 0.290713
vt 0.151182 0.290040
vt 0.151882 0.290616
vt 0.152368 0.289913
vt 0.150783 0.291100
vt 0.152556 0.291100
vt 0.071472 0.300007
vt 0.071330 0.299118
vt 0.072216 0.299208
vt 0.072216 0.300602
vt 0.225831 0.227865
vt 0.226692 0.228041
vt 0.226692 0.227257
vt 0.225564 0.228479
vt 0.225132 0.227838
vt 0.224920 0.228443
vt 0.224956 0.227279
vt 0.225905 0.229433
vt 0.226198 0.228622
vt 0.225040 0.230134
vt 0.225810 0.230227
vt 0.169393 0.238958
vt 0.168697 0.239008
vt 0.168919 0.239708
vt 0.168445 0.239729
vt 0.167619 0.239214
vt 0.169694 0.239382
vt 0.170325 0.238834
vt 0.170343 0.239622
vt 0.170868 0.239729
vt 0.169645 0.238378
vt 0.168962 0.238244
vt 0.061357 0.262898
vt 0.061404 0.264069
vt 0.060816 0.263265
vt 0.061945 0.263840
vt 0.062253 0.264361
vt 0.062751 0.264008
vt 0.060697 0.264001
vt 0.063241 0.265073
vt 0.062142 0.265149
vt 0.062609 0.265521
vt 0.061654 0.264829
vt 0.062098 0.265860
vt 0.063509 0.264338
vt 0.064227 0.264616
vt 0.063640 0.263615
vt 0.064840 0.263969
vt 0.063421 0.262594
vt 0.064962 0.264671
vt 0.062646 0.262604
vt 0.062028 0.262627
vt 0.063756 0.265078
vt 0.064446 0.265243
vt 0.064022 0.265690
vt 0.065128 0.265860
vt 0.244118 0.292585
vt 0.243034 0.292585
vt 0.243408 0.291694
vt 0.242346 0.291781
vt 0.115930 0.012473
vt 0.116816 0.012270
vt 0.116816 0.013161
vt 0.328388 0.203799
vt 0.327773 0.204599
vt 0.328592 0.204459
vt 0.327667 0.203916
vt 0.327086 0.204424
vt 0.327019 0.207326
vt 0.327182 0.206649
vt 0.326512 0.206648
vt 0.326448 0.208062
vt 0.327314 0.207999
vt 0.327241 0.208732
vt 0.327708 0.207215
vt 0.326314 0.209075
vt 0.327086 0.209389
vt 0.326679 0.209909
vt 0.325983 0.209602
vt 0.326751 0.210500
vt 0.326359 0.205825
vt 0.325771 0.206566
vt 0.326051 0.207116
vt 0.326330 0.207544
vt 0.328056 0.206553
vt 0.327962 0.205845
vt 0.327338 0.205359
vt 0.328245 0.205092
vt 0.327717 0.210926
vt 0.328592 0.209793
vt 0.328250 0.207841
vt 0.327566 0.209801
vt 0.328101 0.208757
vt 0.325639 0.205911
vt 0.025797 0.332078
vt 0.026477 0.332787
vt 0.025566 0.332969
vt 0.026478 0.332089
vt 0.027026 0.332969
vt 0.025254 0.332291
vt 0.315786 0.279152
vt 0.316482 0.279223
vt 0.316123 0.278332
vt 0.315125 0.278360
vt 0.314415 0.279223
vt 0.120508 0.265688
vt 0.120172 0.265170
vt 0.121154 0.265399
vt 0.120945 0.266142
vt 0.121838 0.266157
vt 0.120708 0.264672
vt 0.119475 0.265430
vt 0.119543 0.264752
vt 0.119778 0.266157
vt 0.233085 0.070471
vt 0.234076 0.070471
vt 0.233426 0.069581
vt 0.232599 0.070087
vt 0.237620 0.246650
vt 0.238506 0.246262
vt 0.238506 0.247153
vt 0.068377 0.246559
vt 0.069558 0.246559
vt 0.069348 0.245965
vt 0.112200 0.085397
vt 0.112386 0.086209
vt 0.111567 0.085876
vt 0.111500 0.084575
vt 0.112386 0.083834
vt 0.191839 0.228956
vt 0.191171 0.229408
vt 0.190953 0.228742
vt 0.191839 0.229930
vt 0.290568 0.303869
vt 0.290195 0.304760
vt 0.291081 0.304760
vt 0.193964 0.016131
vt 0.193316 0.016725
vt 0.194497 0.016725
vt 0.207198 0.276550
vt 0.206607 0.276116
vt 0.207198 0.275362
vt 0.268338 0.297569
vt 0.268338 0.296742
vt 0.267452 0.297175
vt 0.267718 0.297934
vt 0.267926 0.298524
vt 0.139559 0.005128
vt 0.139855 0.003956
vt 0.139855 0.006629
vt 0.309689 0.054139
vt 0.308734 0.053249
vt 0.309131 0.054043
vt 0.308508 0.054139
vt 0.091415 0.074332
vt 0.091415 0.075222
vt 0.090529 0.074843
vt 0.250835 0.106698
vt 0.250900 0.107292
vt 0.250321 0.107292
vt 0.251798 0.107126
vt 0.003864 0.196969
vt 0.004172 0.197647
vt 0.003785 0.197504
vt 0.004375 0.197150
vt 0.003127 0.197193
vt 0.004547 0.198279
vt 0.005492 0.199325
vt 0.005669 0.198693
vt 0.006350 0.199345
vt 0.003874 0.198746
vt 0.003614 0.197963
vt 0.002986 0.198661
vt 0.003090 0.197848
vt 0.003106 0.199345
vt 0.001931 0.199105
vt 0.001625 0.197710
vt 0.002270 0.197838
vt 0.001034 0.198289
vt 0.001314 0.199040
vt 0.162598 0.072550
vt 0.161831 0.071956
vt 0.161416 0.072550
vt 0.153146 0.236456
vt 0.154032 0.235869
vt 0.154032 0.236760
vt 0.063946 0.331782
vt 0.063445 0.332539
vt 0.063060 0.331948
vt 0.063946 0.332969
vt 0.150783 0.016131
vt 0.150783 0.017021
vt 0.149897 0.016621
vt 0.306948 0.322576
vt 0.306735 0.323170
vt 0.307622 0.323170
vt 0.196860 0.302087
vt 0.195974 0.301536
vt 0.196860 0.301493
vt 0.158463 0.248637
vt 0.158463 0.249231
vt 0.157577 0.248949
vt 0.260659 0.227851
vt 0.260659 0.229039
vt 0.260068 0.228528
vt 0.306605 0.284990
vt 0.306132 0.285241
vt 0.306941 0.285551
vt 0.306561 0.284474
vt 0.307131 0.285040
vt 0.308277 0.283295
vt 0.307363 0.283131
vt 0.307332 0.284220
vt 0.308622 0.281237
vt 0.308601 0.282333
vt 0.309394 0.282346
vt 0.309386 0.283441
vt 0.309536 0.283982
vt 0.309532 0.280976
vt 0.308342 0.279876
vt 0.309069 0.279039
vt 0.308543 0.278471
vt 0.309689 0.279471
vt 0.306601 0.283936
vt 0.306606 0.283400
vt 0.306098 0.283933
vt 0.306008 0.283383
vt 0.306553 0.282860
vt 0.306562 0.282316
vt 0.305847 0.284497
vt 0.307372 0.281629
vt 0.307387 0.280085
vt 0.306719 0.280656
vt 0.306745 0.279270
vt 0.307478 0.278455
vt 0.308031 0.278186
vt 0.306261 0.278289
vt 0.307343 0.277082
vt 0.306726 0.277015
vt 0.307353 0.276290
vt 0.307890 0.277086
vt 0.306207 0.279223
vt 0.305436 0.278432
vt 0.305333 0.280055
vt 0.306185 0.280522
vt 0.305987 0.276948
vt 0.306614 0.276160
vt 0.305808 0.274976
vt 0.305382 0.283421
vt 0.305429 0.282689
vt 0.306587 0.281222
vt 0.305259 0.280621
vt 0.307863 0.284513
vt 0.308586 0.284025
vt 0.308834 0.285070
vt 0.309629 0.285866
vt 0.307691 0.285524
vt 0.309038 0.286453
vt 0.309625 0.286979
vt 0.309028 0.287480
vt 0.308215 0.286662
vt 0.308222 0.286117
vt 0.308275 0.285592
vt 0.309689 0.289022
vt 0.306415 0.274768
vt 0.309377 0.278571
vt 0.306708 0.286215
vt 0.307616 0.286647
vt 0.305886 0.277787
vt 0.308348 0.284591
vt 0.308519 0.277516
vt 0.307062 0.275439
vt 0.308486 0.276671
vt 0.138083 0.280114
vt 0.138083 0.281004
vt 0.137492 0.280672
vt 0.137530 0.279816
vt 0.190232 0.002471
vt 0.190056 0.001744
vt 0.190795 0.002379
vt 0.190704 0.001594
vt 0.191432 0.001779
vt 0.192528 0.001334
vt 0.192364 0.002013
vt 0.191686 0.001295
vt 0.193178 0.001558
vt 0.193360 0.002471
vt 0.193925 0.001839
vt 0.194023 0.002439
vt 0.194793 0.002410
vt 0.190030 0.001293
vt 0.190931 0.000987
vt 0.189476 0.001730
vt 0.055085 0.329703
vt 0.055971 0.329703
vt 0.055641 0.328812
vt 0.296307 0.000690
vt 0.295658 0.000982
vt 0.296398 0.001580
vt 0.295512 0.001580
vt 0.039726 0.203205
vt 0.039726 0.204096
vt 0.038840 0.203776
vt 0.204540 0.029553
vt 0.205130 0.028899
vt 0.205130 0.029790
vt 0.065404 0.314559
vt 0.065128 0.315153
vt 0.066309 0.315153
vt 0.305849 0.318716
vt 0.305849 0.319904
vt 0.305259 0.319307
vt 0.247958 0.290134
vt 0.247430 0.289504
vt 0.247958 0.289022
vt 0.247072 0.290209
vt 0.205130 0.003362
vt 0.205130 0.003956
vt 0.204540 0.003663
vt 0.092892 0.263781
vt 0.092888 0.262891
vt 0.092381 0.263261
vt 0.092006 0.263781
vt 0.161811 0.170171
vt 0.161973 0.169556
vt 0.161416 0.169662
vt 0.162578 0.169533
vt 0.166484 0.168237
vt 0.165399 0.168710
vt 0.166455 0.168791
vt 0.165156 0.168166
vt 0.167028 0.168266
vt 0.166482 0.169485
vt 0.165643 0.169471
vt 0.164861 0.169433
vt 0.164313 0.168808
vt 0.164319 0.168213
vt 0.163198 0.169341
vt 0.162851 0.168800
vt 0.164572 0.170177
vt 0.163312 0.170069
vt 0.162603 0.170116
vt 0.162070 0.170734
vt 0.162554 0.170859
vt 0.165538 0.171617
vt 0.165380 0.170477
vt 0.164958 0.171280
vt 0.166577 0.170761
vt 0.166736 0.171816
vt 0.165815 0.173526
vt 0.165962 0.170027
vt 0.166300 0.173006
vt 0.166385 0.173808
vt 0.166894 0.172682
vt 0.167028 0.173635
vt 0.164668 0.170735
vt 0.163310 0.171069
vt 0.164395 0.171353
vt 0.164466 0.171977
vt 0.162286 0.171734
vt 0.102411 0.181759
vt 0.102344 0.181283
vt 0.103230 0.181825
vt 0.103230 0.180934
vt 0.020823 0.275956
vt 0.020232 0.275924
vt 0.020823 0.275362
vt 0.253368 0.171570
vt 0.253818 0.172026
vt 0.252979 0.172026
vt 0.253865 0.171135
vt 0.159349 0.116201
vt 0.159116 0.115607
vt 0.158463 0.116201
vt 0.025846 0.063646
vt 0.024838 0.063354
vt 0.025439 0.063180
vt 0.024532 0.064089
vt 0.023186 0.063499
vt 0.023632 0.064053
vt 0.026464 0.063048
vt 0.026712 0.063920
vt 0.026468 0.064532
vt 0.027427 0.064238
vt 0.027912 0.064532
vt 0.027284 0.063356
vt 0.111194 0.063642
vt 0.110614 0.063939
vt 0.111795 0.063939
vt 0.207102 0.003956
vt 0.206551 0.003602
vt 0.207635 0.003858
vt 0.205191 0.000862
vt 0.204750 0.001575
vt 0.204393 0.000953
vt 0.205816 0.001468
vt 0.206520 0.000696
vt 0.206621 0.001416
vt 0.204102 0.001648
vt 0.202177 0.001227
vt 0.203306 0.000728
vt 0.203371 0.002094
vt 0.206571 0.001942
vt 0.205495 0.002833
vt 0.203885 0.002803
vt 0.206032 0.002827
vt 0.207380 0.002789
vt 0.206017 0.003582
vt 0.208183 0.003248
vt 0.210851 0.003956
vt 0.209791 0.003289
vt 0.210863 0.003330
vt 0.208898 0.002077
vt 0.209276 0.002905
vt 0.209822 0.002751
vt 0.209649 0.001395
vt 0.208496 0.001440
vt 0.208794 0.000813
vt 0.207704 0.000852
vt 0.208215 0.002096
vt 0.207676 0.001389
vt 0.210946 0.002172
vt 0.211454 0.002812
vt 0.209949 0.000690
vt 0.211799 0.002274
vt 0.207078 0.001332
vt 0.212017 0.002900
vt 0.212590 0.002564
vt 0.207399 0.002239
vt 0.202209 0.002061
vt 0.203053 0.002546
vt 0.210966 0.001404
vt 0.207082 0.000770
vt 0.213105 0.003209
vt 0.190953 0.070174
vt 0.190657 0.069217
vt 0.190953 0.068393
vt 0.134834 0.231747
vt 0.135129 0.230524
vt 0.135129 0.233196
vt 0.213641 0.331882
vt 0.212737 0.331630
vt 0.213095 0.332375
vt 0.213293 0.331315
vt 0.213991 0.331343
vt 0.212361 0.330770
vt 0.212011 0.331318
vt 0.212947 0.330673
vt 0.212441 0.332350
vt 0.211966 0.331928
vt 0.211618 0.330922
vt 0.212386 0.329666
vt 0.211679 0.330743
vt 0.212248 0.328719
vt 0.213243 0.329554
vt 0.211401 0.329116
vt 0.211715 0.328398
vt 0.212438 0.327841
vt 0.213450 0.329013
vt 0.213484 0.330409
vt 0.211602 0.327778
vt 0.210911 0.328377
vt 0.213991 0.328350
vt 0.213169 0.327219
vt 0.213925 0.327331
vt 0.210985 0.329594
vt 0.211017 0.327496
vt 0.212484 0.327030
vt 0.209856 0.329899
vt 0.209986 0.330772
vt 0.210829 0.331032
vt 0.210115 0.331592
vt 0.211372 0.330182
vt 0.093999 0.247435
vt 0.093315 0.247712
vt 0.093578 0.248528
vt 0.093404 0.247033
vt 0.094613 0.247801
vt 0.092893 0.248500
vt 0.093413 0.249990
vt 0.093812 0.249267
vt 0.092597 0.247976
vt 0.094010 0.246856
vt 0.094693 0.247149
vt 0.093965 0.249916
vt 0.094299 0.250395
vt 0.093004 0.246959
vt 0.093933 0.251310
vt 0.095251 0.247039
vt 0.094166 0.248639
vt 0.094651 0.248430
vt 0.095086 0.248104
vt 0.095255 0.248710
vt 0.094473 0.249141
vt 0.095251 0.249638
vt 0.289309 0.048201
vt 0.288718 0.048940
vt 0.289309 0.049388
vt 0.278256 0.001086
vt 0.278638 0.000475
vt 0.279192 0.000850
vt 0.278837 0.002203
vt 0.278189 0.001930
vt 0.279322 0.001839
vt 0.276756 0.001367
vt 0.277241 0.001532
vt 0.280112 0.000393
vt 0.279815 0.001947
vt 0.279471 0.002452
vt 0.280436 0.003304
vt 0.279025 0.003378
vt 0.280166 0.002898
vt 0.276163 0.002516
vt 0.275842 0.001699
vt 0.273998 0.002262
vt 0.278134 0.002821
vt 0.275010 0.002803
vt 0.275635 0.003319
vt 0.274311 0.003753
vt 0.277325 0.003322
vt 0.276358 0.004038
vt 0.275773 0.003941
vt 0.277512 0.004117
vt 0.274441 0.003147
vt 0.277133 0.002298
vt 0.278325 0.003593
vt 0.278469 0.004253
vt 0.279317 0.004170
vt 0.280008 0.003600
vt 0.279903 0.004225
vt 0.280469 0.004253
vt 0.281039 0.004114
vt 0.280401 0.001843
vt 0.273400 0.003266
vt 0.272464 0.002632
vt 0.272869 0.003311
vt 0.272037 0.003428
vt 0.271191 0.002991
vt 0.271312 0.003787
vt 0.270150 0.003130
vt 0.269520 0.004222
vt 0.273009 0.004065
vt 0.279909 0.002406
vt 0.280511 0.002437
vt 0.107560 0.287240
vt 0.106479 0.287209
vt 0.107350 0.286353
vt 0.108380 0.287240
vt 0.108157 0.286349
vt 0.108842 0.286372
vt 0.265359 0.150683
vt 0.264794 0.150658
vt 0.265385 0.151240
vt 0.265385 0.150052
vt 0.230589 0.270908
vt 0.230384 0.270172
vt 0.231118 0.270281
vt 0.231260 0.269423
vt 0.232008 0.269903
vt 0.231294 0.270908
vt 0.231867 0.270478
vt 0.229864 0.270562
vt 0.229794 0.269741
vt 0.229055 0.270631
vt 0.004578 0.142629
vt 0.003692 0.142629
vt 0.003816 0.142035
vt 0.308508 0.253388
vt 0.308508 0.253982
vt 0.307917 0.253868
vt 0.260689 0.079677
vt 0.260659 0.080567
vt 0.261545 0.080567
vt 0.093187 0.030978
vt 0.094073 0.030978
vt 0.093716 0.030087
vt 0.193670 0.141369
vt 0.194098 0.140858
vt 0.194561 0.141309
vt 0.194496 0.140394
vt 0.194988 0.141738
vt 0.195383 0.141293
vt 0.193550 0.140253
vt 0.193216 0.140903
vt 0.192725 0.141738
vt 0.165256 0.115310
vt 0.164665 0.114832
vt 0.165256 0.114419
vt 0.308508 0.041371
vt 0.308156 0.040480
vt 0.307622 0.041371
vt 0.150488 0.251310
vt 0.150488 0.252316
vt 0.149897 0.251836
vt 0.149975 0.252795
vt 0.213105 0.046122
vt 0.213105 0.046716
vt 0.212514 0.046444
vt 0.001034 0.049388
vt 0.001034 0.050576
vt 0.000443 0.049873
vt 0.042089 0.240204
vt 0.042975 0.240026
vt 0.042975 0.240620
vt 0.297214 0.077196
vt 0.296102 0.077305
vt 0.297284 0.077895
vt 0.296158 0.076707
vt 0.296325 0.077895
vt 0.107139 0.227036
vt 0.107660 0.227554
vt 0.107660 0.226367
vt 0.106774 0.226456
vt 0.307894 0.181213
vt 0.308508 0.181825
vt 0.307326 0.181656
vt 0.308508 0.180934
vt 0.310575 0.250716
vt 0.310575 0.251607
vt 0.309689 0.250757
vt 0.218821 0.319607
vt 0.218422 0.320201
vt 0.219308 0.320201
vt 0.289604 0.005128
vt 0.289604 0.003956
vt 0.288718 0.004773
vt 0.288877 0.005441
vt 0.326900 0.049517
vt 0.327706 0.048909
vt 0.326569 0.048754
vt 0.327706 0.049796
vt 0.326931 0.050095
vt 0.327414 0.048201
vt 0.326816 0.048201
vt 0.326298 0.049521
vt 0.326230 0.050279
vt 0.158167 0.156882
vt 0.158758 0.156814
vt 0.158071 0.156288
vt 0.157577 0.156882
vt 0.233190 0.280869
vt 0.232107 0.281547
vt 0.233190 0.281518
vt 0.232956 0.282192
vt 0.232657 0.280707
vt 0.232008 0.280727
vt 0.232412 0.282106
vt 0.263612 0.151834
vt 0.264498 0.151834
vt 0.264039 0.151240
vt 0.144285 0.064829
vt 0.143882 0.064236
vt 0.143399 0.064829
vt 0.330365 0.067502
vt 0.331708 0.066773
vt 0.332137 0.067502
vt 0.330745 0.066611
vt 0.198928 0.279519
vt 0.197834 0.278629
vt 0.197180 0.278817
vt 0.197155 0.279519
vt 0.208382 0.005144
vt 0.209561 0.005708
vt 0.209192 0.005209
vt 0.208379 0.006037
vt 0.209561 0.006332
vt 0.209220 0.004550
vt 0.010781 0.211519
vt 0.011962 0.211519
vt 0.011178 0.210926
vt 0.203358 0.308620
vt 0.204540 0.308620
vt 0.203743 0.308026
vt 0.253275 0.240026
vt 0.253243 0.240917
vt 0.252389 0.240917
vt 0.252448 0.240208
vt 0.081373 0.266157
vt 0.081373 0.267048
vt 0.080782 0.266629
vt 0.199518 0.057109
vt 0.199238 0.056515
vt 0.198632 0.057109
vt 0.218422 0.320957
vt 0.219012 0.320498
vt 0.219012 0.321092
vt 0.090824 0.133976
vt 0.091415 0.133126
vt 0.091415 0.134314
vt 0.281630 0.034838
vt 0.282811 0.034838
vt 0.281966 0.034244
vt 0.105297 0.000987
vt 0.104964 0.000393
vt 0.104707 0.000987
vt 0.271116 0.308503
vt 0.271453 0.307813
vt 0.272116 0.308613
vt 0.270898 0.307774
vt 0.270058 0.308545
vt 0.269842 0.307922
vt 0.269322 0.308569
vt 0.269323 0.307749
vt 0.271826 0.309214
vt 0.268395 0.308031
vt 0.267778 0.309010
vt 0.267752 0.308461
vt 0.266968 0.308641
vt 0.267684 0.307362
vt 0.266630 0.307688
vt 0.265583 0.307661
vt 0.265910 0.309214
vt 0.264801 0.308529
vt 0.264017 0.309072
vt 0.264985 0.307679
vt 0.268762 0.307155
vt 0.269556 0.307075
vt 0.263929 0.308208
vt 0.269789 0.307397
vt 0.270950 0.307126
vt 0.270322 0.307261
vt 0.269759 0.306618
vt 0.270888 0.306170
vt 0.271655 0.306788
vt 0.271389 0.306187
vt 0.271969 0.306250
vt 0.268540 0.306035
vt 0.271835 0.307627
vt 0.272647 0.307446
vt 0.272455 0.306857
vt 0.273233 0.307072
vt 0.273120 0.308042
vt 0.272265 0.308572
vt 0.273915 0.308139
vt 0.273603 0.306420
vt 0.269852 0.306071
vt 0.268834 0.304923
vt 0.268017 0.305461
vt 0.267204 0.305994
vt 0.267224 0.305448
vt 0.267361 0.304714
vt 0.268033 0.304661
vt 0.272506 0.306290
vt 0.272032 0.305675
vt 0.272580 0.305731
vt 0.273162 0.305526
vt 0.272974 0.304642
vt 0.274229 0.305914
vt 0.273350 0.304058
vt 0.274349 0.305351
vt 0.268254 0.306573
vt 0.274876 0.305682
vt 0.274501 0.304545
vt 0.275169 0.304953
vt 0.275173 0.304343
vt 0.274704 0.303604
vt 0.274065 0.304030
vt 0.275722 0.304680
vt 0.272855 0.308687
vt 0.273470 0.309115
vt 0.263324 0.307880
vt 0.264431 0.308045
vt 0.265551 0.306553
vt 0.266642 0.306553
vt 0.266107 0.305985
vt 0.264721 0.305677
vt 0.265842 0.305125
vt 0.264466 0.304235
vt 0.265304 0.304253
vt 0.266403 0.304844
vt 0.266706 0.304281
vt 0.264687 0.306582
vt 0.264147 0.306024
vt 0.263849 0.306849
vt 0.262831 0.306931
vt 0.262515 0.305401
vt 0.298170 0.196078
vt 0.299647 0.196078
vt 0.299238 0.195484
vt 0.136926 0.219173
vt 0.136606 0.218141
vt 0.137473 0.218562
vt 0.137492 0.219834
vt 0.137492 0.218000
vt 0.137250 0.217458
vt 0.244118 0.231160
vt 0.243232 0.231179
vt 0.243967 0.231714
vt 0.244118 0.230524
vt 0.243425 0.232306
vt 0.011076 0.310699
vt 0.010485 0.310247
vt 0.011076 0.309808
vt 0.097322 0.104620
vt 0.096732 0.103993
vt 0.097322 0.103432
vt 0.005877 0.214786
vt 0.006646 0.215315
vt 0.005984 0.215380
vt 0.005169 0.215380
vt 0.067491 0.283677
vt 0.067491 0.284295
vt 0.066900 0.284107
vt 0.067151 0.284864
vt 0.024072 0.160148
vt 0.021495 0.160148
vt 0.022354 0.159582
vt 0.023785 0.159577
vt 0.021414 0.159554
vt 0.293533 0.020882
vt 0.294330 0.021821
vt 0.293444 0.021876
vt 0.293663 0.022710
vt 0.294330 0.022960
vt 0.271394 0.179566
vt 0.270594 0.180056
vt 0.270374 0.179230
vt 0.269791 0.178985
vt 0.269830 0.180329
vt 0.269247 0.180956
vt 0.270134 0.178163
vt 0.271224 0.178188
vt 0.270456 0.177074
vt 0.271686 0.177553
vt 0.269032 0.178503
vt 0.319731 0.181528
vt 0.319732 0.182716
vt 0.319436 0.182082
vt 0.257705 0.305057
vt 0.257130 0.304760
vt 0.256524 0.305057
vt 0.194793 0.284321
vt 0.195383 0.284271
vt 0.195383 0.284864
vt 0.017616 0.269126
vt 0.017574 0.269720
vt 0.018165 0.269720
vt 0.211924 0.272096
vt 0.211924 0.272987
vt 0.211038 0.272784
vt 0.027319 0.263188
vt 0.026730 0.263781
vt 0.027321 0.263781
vt 0.255342 0.255764
vt 0.254751 0.255363
vt 0.255342 0.254873
vt 0.067491 0.085319
vt 0.068081 0.085620
vt 0.068081 0.086209
vt 0.067517 0.086165
vt 0.178252 0.157476
vt 0.179138 0.157476
vt 0.178406 0.156882
vt 0.059220 0.046122
vt 0.059220 0.047013
vt 0.058630 0.046858
vt 0.230236 0.073141
vt 0.230827 0.072550
vt 0.230827 0.074332
vt 0.221964 0.327030
vt 0.223147 0.327624
vt 0.222557 0.327605
vt 0.221375 0.327624
vt 0.260954 0.242105
vt 0.260659 0.240918
vt 0.260954 0.240323
vt 0.202177 0.210332
vt 0.201331 0.209441
vt 0.201291 0.210332
vt 0.262136 0.046122
vt 0.261249 0.045272
vt 0.262136 0.045231
vt 0.230827 0.208847
vt 0.230236 0.208214
vt 0.230827 0.207659
vt 0.084660 0.025039
vt 0.084031 0.025633
vt 0.085212 0.025633
vt 0.606190 0.096938
vt 0.605900 0.097826
vt 0.606789 0.097826
vt 0.605308 0.311944
vt 0.605044 0.311351
vt 0.604419 0.311944
vt 0.662761 0.189492
vt 0.663650 0.189337
vt 0.663650 0.189929
vt 0.353875 0.311789
vt 0.354764 0.311351
vt 0.354764 0.311944
vt 0.506986 0.009300
vt 0.507578 0.008388
vt 0.507578 0.009869
vt 0.458417 0.297791
vt 0.459009 0.297432
vt 0.459009 0.298321
vt 0.395040 0.291603
vt 0.395633 0.291509
vt 0.395633 0.292398
vt 0.442627 0.131884
vt 0.441832 0.132476
vt 0.442721 0.132476
vt 0.478259 0.191410
vt 0.477724 0.190818
vt 0.477074 0.191410
vt 0.540747 0.209475
vt 0.540155 0.208615
vt 0.540747 0.208291
vt 0.367202 0.258582
vt 0.367794 0.257748
vt 0.367794 0.258933
vt 0.489216 0.104342
vt 0.488624 0.103685
vt 0.489216 0.103157
vt 0.533639 0.084795
vt 0.533639 0.086572
vt 0.533343 0.085895
vt 0.476186 0.224875
vt 0.475584 0.223987
vt 0.474705 0.224875
vt 0.566533 0.246198
vt 0.566216 0.246790
vt 0.567697 0.246790
vt 0.644104 0.200146
vt 0.644992 0.199406
vt 0.644992 0.200295
vt 0.487440 0.253361
vt 0.488032 0.252713
vt 0.488032 0.253602
vt 0.620115 0.279071
vt 0.619819 0.278341
vt 0.620115 0.277294
vt 0.502247 0.298617
vt 0.502839 0.298617
vt 0.502495 0.298025
vt 0.598793 0.209475
vt 0.598793 0.210660
vt 0.598200 0.209974
vt 0.483886 0.207402
vt 0.483886 0.208291
vt 0.482997 0.207991
vt 0.634627 0.107599
vt 0.634627 0.108488
vt 0.634035 0.108003
vt 0.502839 0.324086
vt 0.502839 0.325271
vt 0.502543 0.324697
vt 0.646135 0.147876
vt 0.645881 0.148764
vt 0.646769 0.148764
vt 0.606493 0.244125
vt 0.606094 0.243533
vt 0.605604 0.244125
vt 0.530085 0.207402
vt 0.530085 0.208291
vt 0.529493 0.207801
vt 0.390894 0.288844
vt 0.390302 0.288397
vt 0.390894 0.287955
vt 0.601458 0.070876
vt 0.602346 0.070876
vt 0.601905 0.070284
vt 0.464636 0.263375
vt 0.465820 0.263375
vt 0.465128 0.262783
vt 0.428505 0.298617
vt 0.428013 0.298025
vt 0.427321 0.298617
vt 0.408276 0.317867
vt 0.407775 0.318459
vt 0.408663 0.318459
vt 0.481220 0.136326
vt 0.481220 0.137510
vt 0.480628 0.136887
vt 0.516462 0.015496
vt 0.515901 0.014904
vt 0.515278 0.015496
vt 0.540747 0.276109
vt 0.540184 0.275813
vt 0.539562 0.276109
vt 0.648546 0.140472
vt 0.647954 0.139614
vt 0.648546 0.139583
vt 0.662465 0.051330
vt 0.662465 0.052219
vt 0.661873 0.052188
vt 0.406294 0.229021
vt 0.407479 0.229021
vt 0.406457 0.228133
vt 0.625446 0.254194
vt 0.624558 0.254031
vt 0.625446 0.253010
vt 0.533047 0.317776
vt 0.533935 0.317571
vt 0.533935 0.318163
vt 0.467005 0.173140
vt 0.467894 0.172753
vt 0.467894 0.173345
vt 0.539858 0.212733
vt 0.539858 0.214214
vt 0.539266 0.213896
vt 0.482405 0.100788
vt 0.481517 0.100005
vt 0.482405 0.099899
vt 0.432882 0.249845
vt 0.433509 0.250586
vt 0.432753 0.250941
vt 0.433586 0.251118
vt 0.432817 0.251754
vt 0.432002 0.251573
vt 0.431594 0.250546
vt 0.431215 0.251670
vt 0.431689 0.249158
vt 0.432211 0.248830
vt 0.431812 0.252173
vt 0.432925 0.252743
vt 0.430100 0.253610
vt 0.430752 0.250418
vt 0.432755 0.248761
vt 0.431890 0.256113
vt 0.430651 0.257228
vt 0.431927 0.247035
vt 0.431324 0.256130
vt 0.430515 0.248735
vt 0.430931 0.247254
vt 0.431398 0.246315
vt 0.429951 0.246270
vt 0.430402 0.247580
vt 0.429124 0.247207
vt 0.430771 0.245571
vt 0.434220 0.252172
vt 0.433684 0.252221
vt 0.434127 0.251089
vt 0.435210 0.250971
vt 0.430557 0.252008
vt 0.430300 0.251011
vt 0.430648 0.259219
vt 0.429989 0.258780
vt 0.435595 0.252023
vt 0.435027 0.251826
vt 0.429960 0.244894
vt 0.428698 0.246283
vt 0.440318 0.253323
vt 0.440465 0.252747
vt 0.441231 0.257705
vt 0.447183 0.251155
vt 0.440471 0.258302
vt 0.437534 0.252562
vt 0.437070 0.251826
vt 0.435958 0.251402
vt 0.448940 0.251498
vt 0.448692 0.250633
vt 0.434045 0.249966
vt 0.434331 0.249295
vt 0.447655 0.249857
vt 0.430581 0.244787
vt 0.430837 0.243732
vt 0.433045 0.248083
vt 0.430793 0.249319
vt 0.431268 0.250025
vt 0.429952 0.248788
vt 0.430030 0.249948
vt 0.429411 0.248563
vt 0.441410 0.252075
vt 0.442576 0.251733
vt 0.439396 0.251918
vt 0.428239 0.247842
vt 0.431999 0.243870
vt 0.438747 0.251968
vt 0.438391 0.251155
vt 0.429649 0.250996
vt 0.428082 0.246783
vt 0.440985 0.251499
vt 0.442129 0.257788
vt 0.431825 0.243318
vt 0.432357 0.243237
vt 0.432031 0.245598
vt 0.429466 0.258963
vt 0.429752 0.251610
vt 0.432036 0.244720
vt 0.428376 0.248819
vt 0.442008 0.250314
vt 0.442826 0.250491
vt 0.443155 0.249484
vt 0.443715 0.250204
vt 0.443673 0.250785
vt 0.444604 0.249417
vt 0.443752 0.248232
vt 0.444571 0.250791
vt 0.446041 0.249108
vt 0.446304 0.249973
vt 0.438295 0.252326
vt 0.444538 0.251726
vt 0.445439 0.251423
vt 0.445156 0.250821
vt 0.446290 0.251382
vt 0.427828 0.248760
vt 0.444589 0.248086
vt 0.442591 0.249040
vt 0.442917 0.247950
vt 0.443451 0.247439
vt 0.442005 0.249561
vt 0.441184 0.248953
vt 0.440581 0.249597
vt 0.440069 0.249073
vt 0.440351 0.248405
vt 0.439240 0.248671
vt 0.439951 0.247571
vt 0.439258 0.247544
vt 0.438436 0.247532
vt 0.438996 0.246446
vt 0.437928 0.247235
vt 0.437635 0.246287
vt 0.437309 0.246796
vt 0.436545 0.245893
vt 0.437907 0.245614
vt 0.434676 0.249943
vt 0.435239 0.249759
vt 0.436415 0.250165
vt 0.428961 0.258427
vt 0.428448 0.259043
vt 0.428736 0.259514
vt 0.428030 0.259820
vt 0.430008 0.259504
vt 0.443245 0.246887
vt 0.439525 0.250862
vt 0.437836 0.248274
vt 0.439451 0.249797
vt 0.438554 0.249542
vt 0.437828 0.249241
vt 0.436844 0.248540
vt 0.427279 0.246939
vt 0.432737 0.246584
vt 0.427657 0.247934
vt 0.426757 0.247338
vt 0.426441 0.246184
vt 0.433337 0.247450
vt 0.439989 0.250256
vt 0.432617 0.252309
vt 0.428012 0.246114
vt 0.440743 0.250391
vt 0.429407 0.249422
vt 0.436043 0.247276
vt 0.435717 0.246105
vt 0.436540 0.250682
vt 0.437103 0.250722
vt 0.434825 0.246686
vt 0.438800 0.250474
vt 0.437615 0.251846
vt 0.438097 0.251783
vt 0.435557 0.245181
vt 0.435377 0.248702
vt 0.436242 0.249631
vt 0.437755 0.249796
vt 0.437167 0.249970
vt 0.437978 0.250394
vt 0.433877 0.245655
vt 0.434071 0.244207
vt 0.425799 0.246564
vt 0.425706 0.245768
vt 0.425248 0.246647
vt 0.425483 0.247526
vt 0.426475 0.247922
vt 0.429482 0.250120
vt 0.433251 0.244093
vt 0.427960 0.259139
vt 0.427060 0.259724
vt 0.427388 0.258426
vt 0.426967 0.248430
vt 0.428848 0.249030
vt 0.426930 0.244989
vt 0.432668 0.243635
vt 0.435098 0.244696
vt 0.620917 0.234448
vt 0.619514 0.237747
vt 0.620128 0.235543
vt 0.618901 0.235515
vt 0.620183 0.234016
vt 0.619012 0.232325
vt 0.619518 0.231591
vt 0.619246 0.238886
vt 0.619974 0.242726
vt 0.620249 0.244098
vt 0.619625 0.241630
vt 0.619510 0.239942
vt 0.620213 0.244626
vt 0.618727 0.236406
vt 0.621034 0.232803
vt 0.619333 0.243044
vt 0.619576 0.244690
vt 0.620357 0.230816
vt 0.619522 0.230455
vt 0.620588 0.229715
vt 0.619804 0.229361
vt 0.619756 0.228230
vt 0.620794 0.227770
vt 0.620092 0.226822
vt 0.620917 0.226667
vt 0.621616 0.227017
vt 0.621393 0.229501
vt 0.621129 0.231282
vt 0.618714 0.237543
vt 0.618700 0.238887
vt 0.621555 0.226439
vt 0.621126 0.225556
vt 0.621527 0.245203
vt 0.621130 0.245885
vt 0.619947 0.245189
vt 0.618357 0.232406
vt 0.618380 0.235195
vt 0.620132 0.245960
vt 0.621252 0.246831
vt 0.619997 0.246796
vt 0.620389 0.247245
vt 0.621106 0.247454
vt 0.620655 0.247943
vt 0.621125 0.248079
vt 0.619579 0.246288
vt 0.621596 0.247859
vt 0.619979 0.247496
vt 0.621350 0.248601
vt 0.621892 0.245849
vt 0.621632 0.247086
vt 0.620622 0.225783
vt 0.619848 0.225701
vt 0.618836 0.240288
vt 0.619082 0.242231
vt 0.619338 0.227305
vt 0.618521 0.235906
vt 0.619678 0.245702
vt 0.618962 0.230249
vt 0.618727 0.231702
vt 0.619151 0.228747
vt 0.617586 0.327366
vt 0.619745 0.326113
vt 0.618730 0.327414
vt 0.619815 0.326754
vt 0.619616 0.327460
vt 0.617946 0.327891
vt 0.620358 0.326430
vt 0.617869 0.325271
vt 0.616273 0.326175
vt 0.617021 0.327282
vt 0.617035 0.325332
vt 0.615642 0.325435
vt 0.620461 0.327237
vt 0.622123 0.327126
vt 0.622485 0.326395
vt 0.621458 0.326141
vt 0.615811 0.326870
vt 0.615115 0.326620
vt 0.616522 0.328232
vt 0.615863 0.327487
vt 0.615075 0.325739
vt 0.614489 0.326007
vt 0.619044 0.325367
vt 0.620127 0.325450
vt 0.620837 0.325575
vt 0.621029 0.327942
vt 0.617082 0.328084
vt 0.615149 0.327454
vt 0.621566 0.327739
vt 0.615915 0.328065
vt 0.618677 0.328232
vt 0.364845 0.235219
vt 0.364916 0.236119
vt 0.364025 0.235269
vt 0.363257 0.234549
vt 0.362050 0.234396
vt 0.361279 0.235619
vt 0.363074 0.235565
vt 0.364021 0.236644
vt 0.364936 0.237587
vt 0.362250 0.236074
vt 0.365209 0.238796
vt 0.365671 0.238245
vt 0.365307 0.236997
vt 0.359183 0.230862
vt 0.359526 0.230352
vt 0.358600 0.231772
vt 0.358268 0.231415
vt 0.357460 0.232145
vt 0.356696 0.232186
vt 0.365418 0.235635
vt 0.365927 0.236152
vt 0.365622 0.239074
vt 0.367086 0.237713
vt 0.365785 0.236686
vt 0.368425 0.238668
vt 0.366879 0.238409
vt 0.365918 0.238710
vt 0.366820 0.239458
vt 0.358433 0.231090
vt 0.358164 0.230687
vt 0.357395 0.231414
vt 0.356936 0.231739
vt 0.367630 0.238999
vt 0.358807 0.230206
vt 0.368482 0.239186
vt 0.367966 0.240778
vt 0.369556 0.240582
vt 0.370179 0.241983
vt 0.368200 0.240270
vt 0.370601 0.241344
vt 0.371420 0.242093
vt 0.367091 0.238961
vt 0.529607 0.068481
vt 0.528908 0.068559
vt 0.529410 0.069274
vt 0.529638 0.067630
vt 0.529296 0.070302
vt 0.528399 0.071183
vt 0.529825 0.071162
vt 0.529563 0.072118
vt 0.528162 0.072381
vt 0.530440 0.068662
vt 0.530026 0.070689
vt 0.529009 0.067315
vt 0.530461 0.066816
vt 0.529128 0.065032
vt 0.529795 0.065056
vt 0.530609 0.065099
vt 0.530164 0.063254
vt 0.529363 0.063234
vt 0.529564 0.060726
vt 0.530362 0.060769
vt 0.529198 0.064134
vt 0.530885 0.062995
vt 0.531091 0.061742
vt 0.531297 0.060408
vt 0.529877 0.060076
vt 0.530866 0.058469
vt 0.530129 0.056970
vt 0.530820 0.057479
vt 0.531862 0.057475
vt 0.531728 0.058829
vt 0.530946 0.056511
vt 0.531710 0.056824
vt 0.531716 0.055990
vt 0.531593 0.054877
vt 0.530075 0.055332
vt 0.530811 0.054772
vt 0.530755 0.053393
vt 0.531659 0.054149
vt 0.531678 0.053482
vt 0.529749 0.053589
vt 0.528924 0.072502
vt 0.528795 0.073220
vt 0.528000 0.073567
vt 0.527889 0.074273
vt 0.528596 0.074775
vt 0.527788 0.074740
vt 0.527716 0.075209
vt 0.530530 0.067970
vt 0.529297 0.073491
vt 0.530261 0.071570
vt 0.529540 0.052515
vt 0.530178 0.072372
vt 0.530882 0.072122
vt 0.530662 0.072977
vt 0.530391 0.073887
vt 0.530353 0.074592
vt 0.529721 0.074232
vt 0.530159 0.075268
vt 0.529329 0.076207
vt 0.529841 0.073199
vt 0.531662 0.073876
vt 0.531166 0.075421
vt 0.531783 0.074347
vt 0.531862 0.075745
vt 0.381617 0.218885
vt 0.381443 0.217364
vt 0.380781 0.218561
vt 0.381349 0.219758
vt 0.380917 0.216979
vt 0.380230 0.217461
vt 0.380354 0.216281
vt 0.379981 0.218507
vt 0.379431 0.217385
vt 0.379628 0.219701
vt 0.379081 0.218820
vt 0.380583 0.220534
vt 0.381022 0.221143
vt 0.379665 0.216217
vt 0.379869 0.220777
vt 0.379335 0.218083
vt 0.381116 0.216447
vt 0.380284 0.221549
vt 0.379568 0.221788
vt 0.379120 0.216408
vt 0.378502 0.215021
vt 0.378476 0.215940
vt 0.378552 0.219651
vt 0.381515 0.221348
vt 0.382431 0.220055
vt 0.383306 0.221825
vt 0.383600 0.220925
vt 0.383810 0.220103
vt 0.382692 0.219164
vt 0.382142 0.219047
vt 0.382148 0.216995
vt 0.383072 0.217842
vt 0.383309 0.217026
vt 0.383772 0.217149
vt 0.381817 0.216327
vt 0.382443 0.215939
vt 0.381315 0.215918
vt 0.380830 0.215782
vt 0.379079 0.214418
vt 0.380326 0.215609
vt 0.380890 0.215281
vt 0.381503 0.215237
vt 0.381173 0.214876
vt 0.384184 0.217898
vt 0.383882 0.216330
vt 0.383046 0.215809
vt 0.382630 0.215157
vt 0.383139 0.215301
vt 0.382255 0.214515
vt 0.382801 0.214568
vt 0.384505 0.216835
vt 0.384675 0.215957
vt 0.383258 0.214815
vt 0.379269 0.220452
vt 0.378461 0.214340
vt 0.377729 0.215367
vt 0.377913 0.214390
vt 0.377567 0.214922
vt 0.377863 0.216172
vt 0.378948 0.213742
vt 0.378348 0.213621
vt 0.383720 0.215153
vt 0.384358 0.221354
vt 0.381771 0.214498
vt 0.381892 0.215672
vt 0.382897 0.222506
vt 0.381024 0.221944
vt 0.384556 0.218328
vt 0.380237 0.215015
vt 0.379599 0.213926
vt 0.384253 0.215376
vt 0.384073 0.219610
vt 0.382756 0.214050
vt 0.382254 0.213961
vt 0.383729 0.222414
vt 0.384457 0.221999
vt 0.384675 0.219857
vt 0.433499 0.177198
vt 0.432904 0.177537
vt 0.434244 0.178139
vt 0.432651 0.179096
vt 0.434709 0.176553
vt 0.433634 0.176453
vt 0.434100 0.175784
vt 0.432975 0.176687
vt 0.434756 0.177522
vt 0.435272 0.177354
vt 0.435382 0.176680
vt 0.434667 0.178973
vt 0.435295 0.179132
vt 0.435613 0.180273
vt 0.434178 0.180356
vt 0.433733 0.179717
vt 0.433594 0.178697
vt 0.432847 0.180749
vt 0.432668 0.179690
vt 0.434604 0.175714
vt 0.435613 0.175967
vt 0.372297 0.302557
vt 0.372733 0.303355
vt 0.373125 0.302595
vt 0.371486 0.302594
vt 0.371107 0.303327
vt 0.371086 0.302171
vt 0.370629 0.302956
vt 0.370258 0.303355
vt 0.368979 0.302628
vt 0.567053 0.198095
vt 0.567406 0.196380
vt 0.567993 0.195959
vt 0.567252 0.195774
vt 0.567858 0.198775
vt 0.567242 0.199184
vt 0.567993 0.199351
vt 0.567486 0.199998
vt 0.567826 0.195260
vt 0.559078 0.245805
vt 0.560130 0.245110
vt 0.559301 0.244678
vt 0.560353 0.244272
vt 0.559785 0.246858
vt 0.560454 0.246086
vt 0.560350 0.247332
vt 0.559243 0.247574
vt 0.560119 0.243842
vt 0.558951 0.243980
vt 0.559472 0.243637
vt 0.558837 0.246587
vt 0.561181 0.246446
vt 0.558239 0.246683
vt 0.560971 0.245906
vt 0.560521 0.247949
vt 0.560037 0.248440
vt 0.559448 0.249002
vt 0.558715 0.248607
vt 0.558515 0.248019
vt 0.558305 0.247498
vt 0.560303 0.249337
vt 0.560829 0.248855
vt 0.561181 0.249752
vt 0.558768 0.244968
vt 0.558562 0.244385
vt 0.558328 0.243894
vt 0.558064 0.243555
vt 0.559129 0.242940
vt 0.559815 0.243253
vt 0.560770 0.244778
vt 0.557331 0.247109
vt 0.649375 0.067089
vt 0.650056 0.068233
vt 0.649111 0.067927
vt 0.650312 0.067190
vt 0.650023 0.066434
vt 0.650537 0.066654
vt 0.650838 0.067447
vt 0.649374 0.066438
vt 0.648287 0.067628
vt 0.648588 0.067014
vt 0.651280 0.069061
vt 0.650186 0.069093
vt 0.649095 0.068819
vt 0.649964 0.069692
vt 0.651168 0.066846
vt 0.647491 0.067856
vt 0.651444 0.068262
vt 0.652154 0.067964
vt 0.652524 0.068750
vt 0.652045 0.069441
vt 0.652704 0.069692
vt 0.650665 0.069370
vt 0.648751 0.066446
vt 0.653284 0.069388
vt 0.652956 0.068499
vt 0.648650 0.068386
vt 0.647145 0.067149
vt 0.646829 0.066574
vt 0.646769 0.067581
vt 0.348157 0.289543
vt 0.348725 0.289980
vt 0.349480 0.289732
vt 0.349367 0.289244
vt 0.347820 0.290242
vt 0.348757 0.290594
vt 0.348959 0.288912
vt 0.347589 0.289661
vt 0.346946 0.288680
vt 0.347867 0.288390
vt 0.347755 0.287277
vt 0.349175 0.288169
vt 0.349098 0.287135
vt 0.347690 0.286719
vt 0.347500 0.286180
vt 0.348539 0.285821
vt 0.347325 0.285348
vt 0.348895 0.286497
vt 0.349871 0.285788
vt 0.349807 0.286690
vt 0.349675 0.288748
vt 0.349518 0.285244
vt 0.348791 0.284755
vt 0.347805 0.284907
vt 0.350321 0.286882
vt 0.349678 0.287474
vt 0.349358 0.290468
vt 0.347401 0.287820
vt 0.346759 0.287998
vt 0.346471 0.287091
vt 0.350097 0.290081
vt 0.349742 0.290917
vt 0.350321 0.290719
vt 0.348145 0.284192
vt 0.347694 0.283513
vt 0.349868 0.289178
vt 0.663061 0.114739
vt 0.662350 0.115557
vt 0.663516 0.115276
vt 0.664371 0.114870
vt 0.662059 0.114995
vt 0.662504 0.116550
vt 0.661873 0.116030
vt 0.663540 0.116862
vt 0.663599 0.117535
vt 0.664538 0.116573
vt 0.662843 0.118026
vt 0.664262 0.115524
vt 0.663667 0.118172
vt 0.664176 0.116570
vt 0.663623 0.114118
vt 0.664538 0.114115
vt 0.663381 0.118853
vt 0.664447 0.117745
vt 0.663901 0.118292
vt 0.664560 0.193692
vt 0.664010 0.194320
vt 0.664808 0.194093
vt 0.665209 0.193486
vt 0.664409 0.194964
vt 0.664972 0.193008
vt 0.664269 0.192838
vt 0.665205 0.192443
vt 0.663651 0.192498
vt 0.664644 0.191720
vt 0.663057 0.191810
vt 0.664990 0.191199
vt 0.664335 0.190326
vt 0.664932 0.190555
vt 0.664935 0.192438
vt 0.664809 0.189633
vt 0.665427 0.189900
vt 0.663433 0.193806
vt 0.663086 0.192965
vt 0.663605 0.194628
vt 0.665427 0.194873
vt 0.374440 0.265835
vt 0.374196 0.266484
vt 0.372751 0.266477
vt 0.375215 0.266150
vt 0.373785 0.265869
vt 0.373648 0.266563
vt 0.373280 0.265744
vt 0.364985 0.267997
vt 0.365626 0.268873
vt 0.364774 0.268795
vt 0.363593 0.268701
vt 0.366103 0.268345
vt 0.364245 0.270221
vt 0.365252 0.270276
vt 0.365741 0.271776
vt 0.366520 0.271069
vt 0.363707 0.271698
vt 0.364068 0.273094
vt 0.366559 0.273108
vt 0.365500 0.273879
vt 0.367044 0.271803
vt 0.367953 0.270452
vt 0.368286 0.271237
vt 0.362825 0.271873
vt 0.369325 0.270285
vt 0.369964 0.270581
vt 0.369951 0.269347
vt 0.367305 0.270122
vt 0.370650 0.269737
vt 0.365039 0.273129
vt 0.364362 0.274463
vt 0.367334 0.272517
vt 0.363135 0.269836
vt 0.368087 0.272308
vt 0.368626 0.272041
vt 0.369282 0.271844
vt 0.371278 0.270762
vt 0.367864 0.269611
vt 0.366091 0.270130
vt 0.366682 0.269852
vt 0.370196 0.271194
vt 0.362906 0.273577
vt 0.361518 0.273019
vt 0.360875 0.272213
vt 0.360459 0.272795
vt 0.363985 0.267983
vt 0.363230 0.267767
vt 0.365572 0.269567
vt 0.360691 0.274344
vt 0.359755 0.274517
vt 0.362944 0.274823
vt 0.361988 0.275365
vt 0.363092 0.275672
vt 0.363801 0.275386
vt 0.360911 0.275635
vt 0.358706 0.275628
vt 0.358395 0.274459
vt 0.360628 0.276571
vt 0.358898 0.273766
vt 0.368191 0.272959
vt 0.367049 0.273261
vt 0.359398 0.277886
vt 0.362691 0.270820
vt 0.362906 0.276590
vt 0.361900 0.276940
vt 0.361370 0.276285
vt 0.360718 0.277462
vt 0.365522 0.267392
vt 0.368561 0.269482
vt 0.362782 0.268845
vt 0.357664 0.276542
vt 0.358017 0.275104
vt 0.357133 0.275827
vt 0.357202 0.274967
vt 0.359369 0.273170
vt 0.370368 0.268598
vt 0.371301 0.268839
vt 0.371246 0.270033
vt 0.358778 0.272739
vt 0.361940 0.270239
vt 0.361655 0.271094
vt 0.369204 0.268546
vt 0.370070 0.267513
vt 0.369196 0.267324
vt 0.369935 0.266588
vt 0.371146 0.266714
vt 0.370929 0.267695
vt 0.371180 0.268189
vt 0.371822 0.267260
vt 0.371982 0.266464
vt 0.368464 0.268544
vt 0.368281 0.267144
vt 0.369008 0.266401
vt 0.368086 0.266476
vt 0.367368 0.267363
vt 0.367531 0.266298
vt 0.366815 0.267160
vt 0.366240 0.266524
vt 0.371720 0.265969
vt 0.371089 0.265840
vt 0.372571 0.267755
vt 0.367881 0.268211
vt 0.367831 0.269029
vt 0.366801 0.268616
vt 0.367504 0.267814
vt 0.371947 0.268261
vt 0.367021 0.269307
vt 0.366371 0.269413
vt 0.370702 0.266258
vt 0.370241 0.265812
vt 0.373166 0.267018
vt 0.377459 0.270604
vt 0.377309 0.269981
vt 0.377996 0.270073
vt 0.376796 0.270368
vt 0.377000 0.269534
vt 0.375851 0.269837
vt 0.376632 0.268335
vt 0.377441 0.268998
vt 0.376285 0.270737
vt 0.377011 0.271763
vt 0.376553 0.271979
vt 0.377599 0.268175
vt 0.376918 0.267235
vt 0.376045 0.267846
vt 0.375495 0.268700
vt 0.374969 0.270267
vt 0.375473 0.267357
vt 0.374895 0.268031
vt 0.374206 0.269631
vt 0.374480 0.268560
vt 0.373853 0.268324
vt 0.374247 0.268016
vt 0.373626 0.268800
vt 0.372820 0.270069
vt 0.373553 0.271160
vt 0.372923 0.268164
vt 0.372201 0.271214
vt 0.371174 0.271681
vt 0.372437 0.269370
vt 0.371579 0.269626
vt 0.370944 0.272803
vt 0.370184 0.272553
vt 0.372441 0.268622
vt 0.373158 0.271974
vt 0.372069 0.272374
vt 0.374334 0.271011
vt 0.374579 0.266928
vt 0.374912 0.267260
vt 0.373246 0.273105
vt 0.373955 0.272598
vt 0.374180 0.274215
vt 0.374635 0.274402
vt 0.374562 0.273013
vt 0.375292 0.273988
vt 0.375229 0.271287
vt 0.375930 0.271391
vt 0.375601 0.271771
vt 0.375054 0.273191
vt 0.374918 0.275572
vt 0.374561 0.276914
vt 0.373141 0.276883
vt 0.374069 0.273599
vt 0.374845 0.274889
vt 0.369031 0.272926
vt 0.375323 0.272152
vt 0.375866 0.272283
vt 0.375791 0.273493
vt 0.376285 0.272374
vt 0.376928 0.273101
vt 0.376292 0.273637
vt 0.377139 0.273754
vt 0.377493 0.272981
vt 0.377798 0.273692
vt 0.377712 0.274200
vt 0.378160 0.273985
vt 0.377049 0.272408
vt 0.376851 0.275080
vt 0.376347 0.274966
vt 0.376998 0.276012
vt 0.377324 0.274583
vt 0.375804 0.274506
vt 0.375506 0.274910
vt 0.376212 0.275500
vt 0.368556 0.274150
vt 0.367686 0.273966
vt 0.367030 0.274557
vt 0.367299 0.275353
vt 0.366545 0.273571
vt 0.366072 0.274803
vt 0.375239 0.275267
vt 0.374189 0.267295
vt 0.373252 0.267493
vt 0.373885 0.267592
vt 0.373559 0.267826
vt 0.373724 0.277098
vt 0.377772 0.269680
vt 0.376286 0.272784
vt 0.346403 0.084155
vt 0.347170 0.084441
vt 0.346384 0.085153
vt 0.347242 0.086227
vt 0.348001 0.087091
vt 0.347734 0.085613
vt 0.348505 0.086618
vt 0.347479 0.085139
vt 0.347800 0.087706
vt 0.348517 0.087364
vt 0.349003 0.087137
vt 0.347415 0.090032
vt 0.348444 0.090549
vt 0.346875 0.085573
vt 0.349542 0.087416
vt 0.348023 0.091554
vt 0.348754 0.091608
vt 0.349908 0.088086
vt 0.347918 0.090529
vt 0.346467 0.083607
vt 0.346865 0.085142
vt 0.354936 0.080267
vt 0.355935 0.079336
vt 0.355566 0.079854
vt 0.355402 0.083460
vt 0.354853 0.084040
vt 0.353664 0.091972
vt 0.353394 0.092784
vt 0.357426 0.092920
vt 0.340004 0.078974
vt 0.339505 0.079446
vt 0.357551 0.092387
vt 0.358611 0.092408
vt 0.371176 0.084967
vt 0.360547 0.084593
vt 0.357144 0.084325
vt 0.371719 0.084923
vt 0.372768 0.084918
vt 0.374941 0.087497
vt 0.376825 0.088623
vt 0.374511 0.089490
vt 0.376722 0.087384
vt 0.376073 0.085593
vt 0.374384 0.084851
vt 0.376582 0.084832
vt 0.377380 0.089443
vt 0.377179 0.085597
vt 0.377221 0.086959
vt 0.375576 0.094149
vt 0.350936 0.091101
vt 0.375499 0.093338
vt 0.376412 0.084169
vt 0.376153 0.091920
vt 0.375605 0.089747
vt 0.377695 0.090571
vt 0.377301 0.091956
vt 0.378047 0.093311
vt 0.376411 0.093321
vt 0.375610 0.092215
vt 0.376157 0.094150
vt 0.340234 0.080503
vt 0.350302 0.089104
vt 0.372251 0.084960
vt 0.350504 0.088237
vt 0.351024 0.090127
vt 0.350512 0.092025
vt 0.358846 0.093462
vt 0.339925 0.081030
vt 0.377059 0.083036
vt 0.376785 0.083615
vt 0.375287 0.083135
vt 0.349453 0.091564
vt 0.348853 0.092158
vt 0.358080 0.093155
vt 0.358573 0.092956
vt 0.350405 0.091512
vt 0.350432 0.091044
vt 0.349918 0.090584
vt 0.339333 0.080982
vt 0.349902 0.089793
vt 0.350510 0.089826
vt 0.339466 0.078911
vt 0.352795 0.092068
vt 0.357662 0.083959
vt 0.359205 0.084041
vt 0.361771 0.084065
vt 0.356391 0.083954
vt 0.369462 0.084356
vt 0.371048 0.084256
vt 0.355616 0.084064
vt 0.372243 0.084214
vt 0.375170 0.083680
vt 0.632017 0.071867
vt 0.632406 0.072408
vt 0.631570 0.072456
vt 0.631169 0.071935
vt 0.628434 0.072663
vt 0.627893 0.073208
vt 0.628478 0.073753
vt 0.628030 0.072135
vt 0.628868 0.071812
vt 0.627636 0.073778
vt 0.627417 0.074345
vt 0.626927 0.073194
vt 0.627147 0.074933
vt 0.628655 0.076503
vt 0.627787 0.075712
vt 0.627629 0.076553
vt 0.627900 0.077089
vt 0.628968 0.077684
vt 0.627848 0.078756
vt 0.629344 0.079229
vt 0.628223 0.079283
vt 0.630617 0.079637
vt 0.629685 0.071745
vt 0.628777 0.071012
vt 0.627707 0.071605
vt 0.629534 0.070898
vt 0.627946 0.071056
vt 0.629612 0.079736
vt 0.629751 0.080720
vt 0.628969 0.070368
vt 0.629009 0.079901
vt 0.627673 0.070445
vt 0.628460 0.070481
vt 0.628093 0.070234
vt 0.628636 0.067502
vt 0.629427 0.068184
vt 0.628371 0.068148
vt 0.631022 0.080781
vt 0.629343 0.081346
vt 0.630808 0.081622
vt 0.631012 0.083333
vt 0.632022 0.081735
vt 0.632115 0.082291
vt 0.632273 0.083415
vt 0.633146 0.083281
vt 0.629691 0.082023
vt 0.629180 0.082041
vt 0.629655 0.082641
vt 0.628369 0.082058
vt 0.549820 0.311195
vt 0.548548 0.311402
vt 0.549935 0.311819
vt 0.548445 0.311996
vt 0.549481 0.312688
vt 0.548562 0.313055
vt 0.549599 0.313533
vt 0.550206 0.312927
vt 0.550236 0.313803
vt 0.549751 0.314085
vt 0.548448 0.313610
vt 0.550330 0.314865
vt 0.547449 0.313407
vt 0.547390 0.312346
vt 0.550908 0.312973
vt 0.548702 0.314158
vt 0.547506 0.311492
vt 0.549612 0.315440
vt 0.548688 0.315239
vt 0.549005 0.315775
vt 0.549061 0.316600
vt 0.547539 0.315538
vt 0.547623 0.316940
vt 0.547329 0.314210
vt 0.547528 0.314828
vt 0.548078 0.317965
vt 0.546794 0.316143
vt 0.546722 0.314250
vt 0.549145 0.318526
vt 0.548655 0.318832
vt 0.547772 0.319157
vt 0.547875 0.319669
vt 0.549013 0.319636
vt 0.550484 0.315679
vt 0.550600 0.316226
vt 0.549775 0.317119
vt 0.550407 0.317352
vt 0.549818 0.317956
vt 0.550474 0.317887
vt 0.550009 0.319636
vt 0.551160 0.317602
vt 0.551043 0.316656
vt 0.546870 0.317521
vt 0.547003 0.319217
vt 0.547144 0.318096
vt 0.549613 0.320721
vt 0.548262 0.320262
vt 0.547429 0.320118
vt 0.547689 0.320892
vt 0.546670 0.313162
vt 0.550992 0.318469
vt 0.550437 0.319066
vt 0.550960 0.319350
vt 0.551664 0.318972
vt 0.551764 0.319554
vt 0.551618 0.318425
vt 0.550852 0.320262
vt 0.552001 0.320896
vt 0.546711 0.312343
vt 0.551365 0.321124
vt 0.548978 0.310836
vt 0.550188 0.320813
vt 0.550997 0.311581
vt 0.550603 0.312210
vt 0.551253 0.312215
vt 0.551765 0.311614
vt 0.551528 0.311048
vt 0.550419 0.311053
vt 0.552001 0.312425
vt 0.546840 0.313750
vt 0.550966 0.310759
vt 0.551510 0.312736
vt 0.404813 0.227627
vt 0.405702 0.228475
vt 0.404981 0.228333
vt 0.405702 0.226652
vt 0.405403 0.229021
vt 0.471481 0.322385
vt 0.472632 0.323494
vt 0.471791 0.323494
vt 0.472250 0.322309
vt 0.471355 0.323141
vt 0.470263 0.322603
vt 0.642469 0.301841
vt 0.642940 0.301228
vt 0.643674 0.301962
vt 0.642916 0.303059
vt 0.642039 0.302926
vt 0.641438 0.302742
vt 0.641440 0.301923
vt 0.641977 0.301250
vt 0.643808 0.303059
vt 0.642395 0.300722
vt 0.642845 0.300394
vt 0.638181 0.064657
vt 0.640254 0.064657
vt 0.638680 0.063769
vt 0.385280 0.320456
vt 0.384379 0.321162
vt 0.384766 0.321717
vt 0.385860 0.321664
vt 0.384560 0.320236
vt 0.385860 0.320699
vt 0.431505 0.107001
vt 0.430880 0.106753
vt 0.431559 0.106411
vt 0.431098 0.105741
vt 0.431763 0.105508
vt 0.431221 0.105143
vt 0.431855 0.104636
vt 0.431133 0.103911
vt 0.431904 0.104047
vt 0.430578 0.105115
vt 0.430697 0.104323
vt 0.432170 0.106191
vt 0.432529 0.104724
vt 0.432645 0.104143
vt 0.432041 0.103453
vt 0.432651 0.103539
vt 0.432651 0.105642
vt 0.432061 0.107336
vt 0.431293 0.108161
vt 0.431878 0.108784
vt 0.380529 0.229269
vt 0.381362 0.229528
vt 0.380555 0.228707
vt 0.380701 0.227876
vt 0.381417 0.227630
vt 0.381215 0.226652
vt 0.380846 0.230004
vt 0.381417 0.230502
vt 0.611527 0.060700
vt 0.610654 0.061444
vt 0.611527 0.061602
vt 0.610639 0.060511
vt 0.611067 0.061992
vt 0.659771 0.083318
vt 0.661158 0.082130
vt 0.660909 0.083343
vt 0.661546 0.082980
vt 0.661702 0.083918
vt 0.662321 0.083222
vt 0.662378 0.084555
vt 0.662750 0.084005
vt 0.663025 0.084542
vt 0.663393 0.083990
vt 0.663946 0.085030
vt 0.662955 0.082831
vt 0.660581 0.084938
vt 0.663946 0.083717
vt 0.661583 0.085092
vt 0.664687 0.240508
vt 0.665063 0.241321
vt 0.664685 0.242083
vt 0.666019 0.240873
vt 0.665758 0.241546
vt 0.665291 0.242481
vt 0.663946 0.240955
vt 0.664067 0.241661
vt 0.664174 0.242915
vt 0.664748 0.242940
vt 0.648215 0.040685
vt 0.647709 0.042069
vt 0.648636 0.041346
vt 0.649531 0.040750
vt 0.648997 0.040198
vt 0.649754 0.040156
vt 0.649532 0.039478
vt 0.648391 0.039833
vt 0.648637 0.039010
vt 0.649867 0.038433
vt 0.649160 0.037693
vt 0.650102 0.038996
vt 0.647958 0.039196
vt 0.648665 0.038231
vt 0.648025 0.038422
vt 0.648442 0.037546
vt 0.648837 0.036648
vt 0.648183 0.036834
vt 0.649536 0.036998
vt 0.650223 0.037137
vt 0.650382 0.037882
vt 0.650277 0.040056
vt 0.650508 0.038343
vt 0.649324 0.036375
vt 0.650132 0.036736
vt 0.650202 0.036104
vt 0.650182 0.035445
vt 0.647658 0.040507
vt 0.651520 0.038966
vt 0.651619 0.037828
vt 0.651052 0.038190
vt 0.650830 0.037089
vt 0.651621 0.036831
vt 0.652370 0.038746
vt 0.651432 0.036287
vt 0.650739 0.036498
vt 0.651002 0.035909
vt 0.651701 0.039806
vt 0.652561 0.039649
vt 0.651933 0.040932
vt 0.650448 0.040884
vt 0.650853 0.039959
vt 0.652845 0.040968
vt 0.653208 0.038973
vt 0.650713 0.042624
vt 0.652149 0.042644
vt 0.652962 0.041953
vt 0.653009 0.043082
vt 0.652299 0.035996
vt 0.652457 0.036546
vt 0.652898 0.035277
vt 0.652504 0.034565
vt 0.652227 0.037871
vt 0.649973 0.041653
vt 0.649509 0.042453
vt 0.649379 0.041590
vt 0.648267 0.042655
vt 0.652880 0.038385
vt 0.652775 0.037824
vt 0.653402 0.037750
vt 0.648170 0.042062
vt 0.653543 0.040458
vt 0.653660 0.041621
vt 0.653333 0.036416
vt 0.653672 0.035536
vt 0.648796 0.043334
vt 0.650688 0.035238
vt 0.653877 0.034020
vt 0.653877 0.039358
vt 0.652350 0.037071
vt 0.653105 0.037026
vt 0.652841 0.033857
vt 0.507612 0.093008
vt 0.507226 0.092197
vt 0.506783 0.092687
vt 0.506215 0.092854
vt 0.506722 0.093701
vt 0.505679 0.093858
vt 0.508354 0.092554
vt 0.508013 0.092023
vt 0.508466 0.091222
vt 0.508466 0.093579
vt 0.506262 0.091971
vt 0.505892 0.092417
vt 0.507812 0.093976
vt 0.507723 0.091015
vt 0.505505 0.093110
vt 0.345259 0.188704
vt 0.345879 0.187459
vt 0.345832 0.188121
vt 0.344694 0.187903
vt 0.345224 0.187369
vt 0.345548 0.186672
vt 0.345180 0.189319
vt 0.345879 0.189337
vt 0.539341 0.295007
vt 0.540444 0.294313
vt 0.539678 0.293725
vt 0.538378 0.294612
vt 0.540451 0.295359
vt 0.540451 0.293582
vt 0.603602 0.303755
vt 0.602781 0.303321
vt 0.603672 0.303144
vt 0.604567 0.302958
vt 0.602784 0.302392
vt 0.604155 0.304382
vt 0.602733 0.304264
vt 0.602057 0.304007
vt 0.605034 0.303819
vt 0.605006 0.304540
vt 0.606200 0.304146
vt 0.605404 0.303284
vt 0.606219 0.303319
vt 0.606789 0.304011
vt 0.603365 0.302097
vt 0.604111 0.302465
vt 0.604091 0.301282
vt 0.604681 0.302126
vt 0.605263 0.302103
vt 0.602019 0.303095
vt 0.600846 0.304376
vt 0.601334 0.303443
vt 0.600621 0.303735
vt 0.599977 0.304540
vt 0.424637 0.010952
vt 0.423517 0.011192
vt 0.423737 0.010382
vt 0.422721 0.010148
vt 0.423223 0.009738
vt 0.422516 0.011040
vt 0.423067 0.011386
vt 0.421721 0.010263
vt 0.421479 0.009839
vt 0.420842 0.010165
vt 0.420859 0.010796
vt 0.420255 0.010750
vt 0.420213 0.010064
vt 0.420333 0.011646
vt 0.424463 0.009957
vt 0.425248 0.010027
vt 0.423914 0.009752
vt 0.421763 0.010952
vt 0.421796 0.011646
vt 0.421150 0.011646
vt 0.420960 0.009277
vt 0.411412 0.010066
vt 0.410144 0.010601
vt 0.411241 0.010846
vt 0.410629 0.011162
vt 0.410554 0.009481
vt 0.411625 0.009277
vt 0.411625 0.011376
vt 0.410934 0.011942
vt 0.639005 0.204623
vt 0.639027 0.205775
vt 0.637869 0.205688
vt 0.636964 0.205710
vt 0.636823 0.204997
vt 0.637385 0.205170
vt 0.637562 0.204441
vt 0.636700 0.206319
vt 0.637447 0.206514
vt 0.638378 0.206514
vt 0.639069 0.206428
vt 0.594591 0.099392
vt 0.593816 0.100031
vt 0.594515 0.100601
vt 0.593758 0.098634
vt 0.594646 0.098418
vt 0.593942 0.101015
vt 0.594646 0.101380
vt 0.510609 0.190309
vt 0.511133 0.190995
vt 0.511301 0.190447
vt 0.510243 0.190814
vt 0.510283 0.191420
vt 0.510995 0.191511
vt 0.510304 0.192035
vt 0.511364 0.189710
vt 0.512020 0.189447
vt 0.510530 0.189045
vt 0.512020 0.191217
vt 0.511670 0.191791
vt 0.511277 0.189041
vt 0.510668 0.192595
vt 0.368356 0.315977
vt 0.367065 0.316222
vt 0.365983 0.315483
vt 0.365425 0.315955
vt 0.367870 0.316386
vt 0.369000 0.316236
vt 0.368797 0.315555
vt 0.369319 0.315201
vt 0.369867 0.316386
vt 0.657999 0.326525
vt 0.658663 0.326159
vt 0.659044 0.327058
vt 0.657665 0.327344
vt 0.659213 0.326481
vt 0.659800 0.327344
vt 0.657431 0.326510
vt 0.578529 0.331709
vt 0.577161 0.330812
vt 0.577271 0.331550
vt 0.578654 0.330960
vt 0.576581 0.331685
vt 0.577118 0.332144
vt 0.578093 0.330320
vt 0.577805 0.332444
vt 0.577448 0.330096
vt 0.578442 0.332346
vt 0.578654 0.332971
vt 0.576693 0.330267
vt 0.578062 0.329708
vt 0.576677 0.329417
vt 0.563463 0.186936
vt 0.562662 0.186871
vt 0.562703 0.186002
vt 0.563444 0.186351
vt 0.563446 0.185477
vt 0.562754 0.184561
vt 0.563559 0.184353
vt 0.562887 0.188071
vt 0.563108 0.184018
vt 0.563294 0.183414
vt 0.563843 0.187438
vt 0.563773 0.188438
vt 0.563002 0.189180
vt 0.564143 0.189358
vt 0.564051 0.189929
vt 0.563191 0.189887
vt 0.564143 0.183533
vt 0.662260 0.280884
vt 0.662281 0.281698
vt 0.661577 0.282329
vt 0.661979 0.280098
vt 0.662761 0.282329
vt 0.662715 0.280473
vt 0.662334 0.279663
vt 0.400371 0.199110
vt 0.399841 0.198222
vt 0.398890 0.199110
vt 0.399126 0.198248
vt 0.534348 0.128514
vt 0.533940 0.128523
vt 0.533902 0.129492
vt 0.534204 0.129678
vt 0.534571 0.127991
vt 0.533943 0.127769
vt 0.535810 0.140148
vt 0.535933 0.141544
vt 0.536532 0.142533
vt 0.535496 0.135931
vt 0.535502 0.134656
vt 0.535183 0.139682
vt 0.537168 0.143837
vt 0.536175 0.134147
vt 0.536395 0.143970
vt 0.535380 0.133276
vt 0.535976 0.132504
vt 0.535246 0.132064
vt 0.535799 0.132058
vt 0.534757 0.131219
vt 0.534831 0.135176
vt 0.535690 0.130654
vt 0.535228 0.130665
vt 0.535295 0.129956
vt 0.534081 0.130737
vt 0.534066 0.130281
vt 0.534640 0.130208
vt 0.535158 0.140748
vt 0.534700 0.129502
vt 0.535587 0.128845
vt 0.535237 0.128025
vt 0.535228 0.127553
vt 0.535294 0.129292
vt 0.535925 0.130076
vt 0.535887 0.129300
vt 0.534624 0.127096
vt 0.535286 0.141572
vt 0.534742 0.133779
vt 0.534639 0.133122
vt 0.534681 0.132655
vt 0.534548 0.132043
vt 0.533501 0.129735
vt 0.533991 0.126825
vt 0.535724 0.128418
vt 0.535844 0.127971
vt 0.536443 0.128395
vt 0.536339 0.127951
vt 0.536280 0.127613
vt 0.536476 0.128867
vt 0.535955 0.128852
vt 0.535734 0.127559
vt 0.534835 0.134490
vt 0.536720 0.133843
vt 0.525705 0.135886
vt 0.526244 0.136311
vt 0.526268 0.135561
vt 0.525089 0.135197
vt 0.525809 0.138101
vt 0.527343 0.138475
vt 0.526254 0.138791
vt 0.522201 0.101934
vt 0.523526 0.102834
vt 0.522925 0.102544
vt 0.523063 0.103879
vt 0.522026 0.103473
vt 0.522186 0.104180
vt 0.522176 0.105471
vt 0.529725 0.097914
vt 0.530182 0.099350
vt 0.530572 0.110510
vt 0.530829 0.100098
vt 0.533447 0.105255
vt 0.534606 0.105035
vt 0.534643 0.104164
vt 0.533230 0.097812
vt 0.533840 0.098446
vt 0.534620 0.106139
vt 0.532315 0.109860
vt 0.533960 0.105881
vt 0.531454 0.110251
vt 0.533019 0.112789
vt 0.533506 0.110102
vt 0.534025 0.097834
vt 0.534452 0.098444
vt 0.534416 0.099532
vt 0.534496 0.106999
vt 0.534376 0.110352
vt 0.534436 0.108971
vt 0.533777 0.111521
vt 0.534775 0.102894
vt 0.535081 0.101356
vt 0.522948 0.105466
vt 0.522836 0.106058
vt 0.522205 0.107261
vt 0.535149 0.109523
vt 0.535768 0.109094
vt 0.535223 0.110954
vt 0.534437 0.110982
vt 0.535789 0.110900
vt 0.535185 0.111488
vt 0.536120 0.112131
vt 0.535219 0.112009
vt 0.536331 0.109767
vt 0.535180 0.107679
vt 0.535118 0.112963
vt 0.536258 0.111453
vt 0.535478 0.106126
vt 0.535688 0.107245
vt 0.535964 0.108405
vt 0.535310 0.102487
vt 0.535330 0.104164
vt 0.536039 0.113054
vt 0.534177 0.113123
vt 0.534800 0.113705
vt 0.536056 0.113654
vt 0.534439 0.111524
vt 0.536066 0.114205
vt 0.534634 0.139435
vt 0.534000 0.140192
vt 0.526432 0.130560
vt 0.525978 0.131106
vt 0.526419 0.129799
vt 0.523264 0.108684
vt 0.522839 0.107819
vt 0.534023 0.140742
vt 0.525508 0.129975
vt 0.525831 0.130500
vt 0.565304 0.017511
vt 0.564649 0.018527
vt 0.565261 0.018804
vt 0.564557 0.017469
vt 0.563801 0.017908
vt 0.563678 0.018679
vt 0.564048 0.019504
vt 0.564812 0.019118
vt 0.565029 0.016865
vt 0.564653 0.020229
vt 0.565424 0.019660
vt 0.564619 0.016564
vt 0.567837 0.009636
vt 0.567282 0.009645
vt 0.567364 0.010140
vt 0.567865 0.011122
vt 0.567205 0.010633
vt 0.567555 0.011649
vt 0.563925 0.031075
vt 0.565760 0.031339
vt 0.563894 0.029729
vt 0.562912 0.030331
vt 0.562710 0.030885
vt 0.562865 0.029735
vt 0.563608 0.028647
vt 0.565310 0.030052
vt 0.564814 0.031844
vt 0.561907 0.030356
vt 0.561183 0.028946
vt 0.564584 0.029505
vt 0.570418 0.022627
vt 0.570497 0.020470
vt 0.570305 0.022032
vt 0.567029 0.019340
vt 0.570943 0.016143
vt 0.569533 0.011348
vt 0.571140 0.009979
vt 0.569304 0.008734
vt 0.570103 0.007842
vt 0.569416 0.007591
vt 0.571185 0.008598
vt 0.572206 0.008864
vt 0.571730 0.007337
vt 0.570621 0.007583
vt 0.571539 0.016147
vt 0.568426 0.007360
vt 0.567663 0.017077
vt 0.567013 0.016981
vt 0.566134 0.016834
vt 0.566357 0.018435
vt 0.565936 0.019164
vt 0.567277 0.016261
vt 0.567784 0.016334
vt 0.568142 0.015519
vt 0.567421 0.015300
vt 0.566790 0.016178
vt 0.565785 0.017279
vt 0.568018 0.014433
vt 0.568015 0.013525
vt 0.567554 0.013806
vt 0.566938 0.015285
vt 0.565767 0.016249
vt 0.564786 0.016314
vt 0.567522 0.014837
vt 0.568438 0.008628
vt 0.565863 0.015507
vt 0.565975 0.015052
vt 0.566499 0.015177
vt 0.568462 0.013035
vt 0.567976 0.012333
vt 0.568971 0.009122
vt 0.567354 0.012983
vt 0.564216 0.028444
vt 0.567990 0.011645
vt 0.571450 0.017246
vt 0.567086 0.014363
vt 0.563722 0.031923
vt 0.562538 0.032293
vt 0.561853 0.031660
vt 0.561248 0.030695
vt 0.560576 0.031172
vt 0.560400 0.030555
vt 0.565301 0.015370
vt 0.566500 0.014655
vt 0.567547 0.012131
vt 0.567553 0.012503
vt 0.565075 0.028780
vt 0.570488 0.036820
vt 0.572050 0.037025
vt 0.571849 0.034348
vt 0.572571 0.034494
vt 0.560889 0.029998
vt 0.571687 0.037780
vt 0.570723 0.038249
vt 0.571386 0.039188
vt 0.565193 0.015852
vt 0.559850 0.030311
vt 0.559700 0.031063
vt 0.572731 0.033681
vt 0.561945 0.032822
vt 0.561080 0.032609
vt 0.560808 0.031748
vt 0.559780 0.032150
vt 0.564489 0.032595
vt 0.566540 0.014036
vt 0.562527 0.033114
vt 0.563176 0.032571
vt 0.563913 0.033044
vt 0.567165 0.013944
vt 0.566956 0.013525
vt 0.567139 0.012376
vt 0.566361 0.012374
vt 0.566901 0.011792
vt 0.565982 0.012633
vt 0.566032 0.013451
vt 0.565778 0.011822
vt 0.565871 0.012204
vt 0.567540 0.014445
vt 0.565557 0.012575
vt 0.569914 0.038328
vt 0.562781 0.029004
vt 0.539521 0.208167
vt 0.539620 0.209124
vt 0.538550 0.208250
vt 0.539566 0.209925
vt 0.538744 0.209950
vt 0.539056 0.210566
vt 0.540155 0.210554
vt 0.537936 0.210055
vt 0.538692 0.211381
vt 0.537741 0.208317
vt 0.537211 0.209380
vt 0.537322 0.208747
vt 0.537487 0.207744
vt 0.538080 0.207770
vt 0.539104 0.207732
vt 0.537066 0.209930
vt 0.538461 0.207415
vt 0.539171 0.207178
vt 0.538862 0.206328
vt 0.539603 0.206218
vt 0.536708 0.209012
vt 0.539106 0.211792
vt 0.539681 0.210720
vt 0.538100 0.206625
vt 0.470263 0.207769
vt 0.470553 0.207191
vt 0.471447 0.207774
vt 0.470569 0.208347
vt 0.471447 0.209179
vt 0.471400 0.206563
vt 0.470620 0.205921
vt 0.470690 0.208958
vt 0.631369 0.240275
vt 0.631351 0.241460
vt 0.630481 0.240827
vt 0.630593 0.241460
vt 0.572349 0.030600
vt 0.573074 0.029415
vt 0.572904 0.030458
vt 0.572139 0.029440
vt 0.573620 0.029900
vt 0.475001 0.271911
vt 0.475355 0.271075
vt 0.475864 0.272388
vt 0.476558 0.271882
vt 0.476778 0.272556
vt 0.475106 0.272556
vt 0.428307 0.044223
vt 0.428702 0.044706
vt 0.428657 0.045407
vt 0.427617 0.044626
vt 0.429394 0.044253
vt 0.429205 0.045099
vt 0.427841 0.045407
vt 0.424890 0.265528
vt 0.423997 0.265948
vt 0.424952 0.266404
vt 0.423057 0.262535
vt 0.422440 0.262645
vt 0.422236 0.263298
vt 0.422847 0.263229
vt 0.423819 0.262999
vt 0.423591 0.262486
vt 0.424353 0.262782
vt 0.422369 0.263843
vt 0.423305 0.263664
vt 0.424074 0.263929
vt 0.424952 0.263088
vt 0.424414 0.263441
vt 0.421600 0.263687
vt 0.423144 0.265420
vt 0.423207 0.264328
vt 0.422348 0.264389
vt 0.421821 0.264688
vt 0.422457 0.265245
vt 0.421104 0.266116
vt 0.421160 0.265020
vt 0.421756 0.266047
vt 0.421409 0.263830
vt 0.423134 0.266007
vt 0.421684 0.266633
vt 0.422338 0.266172
vt 0.423282 0.266537
vt 0.423778 0.264833
vt 0.423713 0.265010
vt 0.424348 0.265271
vt 0.420805 0.265503
vt 0.628699 0.056121
vt 0.628922 0.057071
vt 0.629342 0.056282
vt 0.629162 0.055548
vt 0.628512 0.055228
vt 0.627934 0.055962
vt 0.627519 0.056510
vt 0.628250 0.057161
vt 0.628498 0.057787
vt 0.629592 0.057846
vt 0.375394 0.205117
vt 0.375852 0.204507
vt 0.374902 0.204298
vt 0.376383 0.205545
vt 0.376365 0.206514
vt 0.375372 0.203552
vt 0.376383 0.203805
vt 0.517096 0.044812
vt 0.516402 0.044768
vt 0.516474 0.044039
vt 0.516489 0.045401
vt 0.515858 0.044577
vt 0.514840 0.043711
vt 0.515913 0.042846
vt 0.515478 0.042446
vt 0.514616 0.042865
vt 0.514206 0.043550
vt 0.515836 0.046000
vt 0.514539 0.044849
vt 0.516883 0.043540
vt 0.514342 0.044232
vt 0.513268 0.043905
vt 0.517351 0.044025
vt 0.513996 0.044793
vt 0.513382 0.044657
vt 0.513969 0.045370
vt 0.513251 0.045303
vt 0.513205 0.046000
vt 0.517081 0.042968
vt 0.586024 0.193016
vt 0.585762 0.193483
vt 0.587835 0.193483
vt 0.586925 0.192891
vt 0.541931 0.323790
vt 0.541931 0.325271
vt 0.541339 0.324271
vt 0.559108 0.033389
vt 0.558235 0.033013
vt 0.558488 0.033773
vt 0.558220 0.032318
vt 0.559108 0.032080
vt 0.435190 0.301767
vt 0.434462 0.301491
vt 0.435100 0.300690
vt 0.433881 0.300774
vt 0.435731 0.301620
vt 0.433834 0.301425
vt 0.433676 0.302193
vt 0.433244 0.301404
vt 0.434346 0.302467
vt 0.435631 0.302467
vt 0.435909 0.302236
vt 0.433342 0.300724
vt 0.577901 0.139009
vt 0.578859 0.139768
vt 0.578780 0.138837
vt 0.579350 0.139253
vt 0.579543 0.138512
vt 0.578883 0.138198
vt 0.577907 0.139791
vt 0.577173 0.139136
vt 0.577407 0.138421
vt 0.578815 0.140609
vt 0.579510 0.140694
vt 0.578172 0.137807
vt 0.579209 0.141398
vt 0.578531 0.141351
vt 0.578849 0.141978
vt 0.578343 0.142249
vt 0.579453 0.137885
vt 0.578586 0.138603
vt 0.579543 0.142181
vt 0.513797 0.255842
vt 0.514200 0.256429
vt 0.514637 0.255545
vt 0.514198 0.255057
vt 0.514982 0.254786
vt 0.514982 0.256826
vt 0.514453 0.257156
vt 0.513847 0.256957
vt 0.406886 0.306005
vt 0.405998 0.306211
vt 0.406886 0.306880
vt 0.406144 0.307205
vt 0.406176 0.305725
vt 0.472348 0.332622
vt 0.472965 0.331857
vt 0.473030 0.333267
vt 0.471826 0.333267
vt 0.472381 0.331786
vt 0.471744 0.331999
vt 0.473507 0.332578
vt 0.473520 0.331798
vt 0.612664 0.166237
vt 0.611907 0.165398
vt 0.612652 0.165349
vt 0.613323 0.166231
vt 0.611527 0.166231
vt 0.613383 0.165548
vt 0.614192 0.165945
vt 0.347656 0.138695
vt 0.346768 0.138049
vt 0.347656 0.137510
vt 0.548012 0.309657
vt 0.547968 0.310270
vt 0.547299 0.309801
vt 0.548562 0.310143
vt 0.547144 0.309163
vt 0.546711 0.309652
vt 0.547685 0.308982
vt 0.547411 0.310463
vt 0.546670 0.310463
vt 0.548743 0.309363
vt 0.620115 0.059689
vt 0.621004 0.059030
vt 0.621004 0.060215
vt 0.575300 0.091176
vt 0.574915 0.090247
vt 0.574380 0.090958
vt 0.574896 0.091726
vt 0.575640 0.092075
vt 0.574126 0.090062
vt 0.573620 0.090281
vt 0.576904 0.092426
vt 0.576590 0.091527
vt 0.575849 0.090444
vt 0.574605 0.088732
vt 0.574256 0.091598
vt 0.576412 0.089462
vt 0.575991 0.088734
vt 0.575338 0.088255
vt 0.576270 0.087880
vt 0.574191 0.087727
vt 0.574158 0.092144
vt 0.575169 0.087026
vt 0.577461 0.090196
vt 0.574668 0.092495
vt 0.577766 0.091210
vt 0.577205 0.088693
vt 0.577121 0.088033
vt 0.577766 0.088788
vt 0.576054 0.087060
vt 0.574451 0.086869
vt 0.577624 0.091800
vt 0.576537 0.087326
vt 0.573666 0.090976
vt 0.634627 0.282193
vt 0.633906 0.283340
vt 0.634521 0.282921
vt 0.633442 0.282933
vt 0.633914 0.282032
vt 0.634627 0.283684
vt 0.665976 0.292893
vt 0.666019 0.291832
vt 0.665130 0.292309
vt 0.665434 0.291509
vt 0.665342 0.292971
vt 0.666019 0.293286
vt 0.418517 0.076391
vt 0.418665 0.075319
vt 0.419325 0.076503
vt 0.417268 0.075449
vt 0.417942 0.076431
vt 0.417380 0.076503
vt 0.416659 0.075984
vt 0.417894 0.075505
vt 0.582645 0.310232
vt 0.583041 0.310742
vt 0.582018 0.310846
vt 0.583806 0.309871
vt 0.584577 0.310578
vt 0.582959 0.311533
vt 0.584568 0.311648
vt 0.582159 0.311441
vt 0.581069 0.311648
vt 0.581023 0.310856
vt 0.594943 0.137616
vt 0.595605 0.137115
vt 0.595249 0.136610
vt 0.595755 0.138001
vt 0.595003 0.138337
vt 0.595895 0.136328
vt 0.596340 0.137109
vt 0.596580 0.136363
vt 0.596155 0.135698
vt 0.596561 0.138174
vt 0.596827 0.139851
vt 0.595935 0.139136
vt 0.596244 0.140038
vt 0.596331 0.141201
vt 0.597016 0.135928
vt 0.596737 0.135440
vt 0.596176 0.134845
vt 0.410368 0.197059
vt 0.411212 0.197037
vt 0.410653 0.197925
vt 0.411584 0.197925
vt 0.412513 0.197640
vt 0.409552 0.197362
vt 0.424658 0.024182
vt 0.425538 0.024529
vt 0.425213 0.024806
vt 0.425840 0.023595
vt 0.425246 0.023196
vt 0.424397 0.023679
vt 0.424359 0.025200
vt 0.424864 0.025565
vt 0.425840 0.025523
vt 0.338236 0.213037
vt 0.337998 0.212437
vt 0.338711 0.212637
vt 0.371971 0.324271
vt 0.371348 0.324974
vt 0.372712 0.324974
vt 0.372829 0.324086
vt 0.588672 0.116024
vt 0.588723 0.114707
vt 0.587835 0.116277
vt 0.588723 0.116780
vt 0.342720 0.169791
vt 0.343764 0.169791
vt 0.344102 0.168871
vt 0.343128 0.168606
vt 0.342325 0.168945
vt 0.536332 0.116738
vt 0.535809 0.117391
vt 0.537130 0.117269
vt 0.537193 0.116195
vt 0.536388 0.116110
vt 0.535665 0.116660
vt 0.537105 0.115298
vt 0.536397 0.115458
vt 0.535747 0.115405
vt 0.535120 0.116043
vt 0.536412 0.117951
vt 0.537193 0.117964
vt 0.535203 0.114816
vt 0.536269 0.114707
vt 0.492160 0.226652
vt 0.493066 0.227541
vt 0.491882 0.227541
vt 0.492791 0.226690
vt 0.337587 0.061992
vt 0.338940 0.061992
vt 0.338227 0.061350
vt 0.339068 0.061103
vt 0.635219 0.127145
vt 0.634035 0.127141
vt 0.635219 0.126553
vt 0.587488 0.147580
vt 0.588427 0.147424
vt 0.587243 0.146721
vt 0.588427 0.146637
vt 0.587722 0.146261
vt 0.587243 0.145803
vt 0.538970 0.138102
vt 0.538185 0.138914
vt 0.537785 0.138212
vt 0.538970 0.138991
vt 0.537919 0.137510
vt 0.611096 0.080816
vt 0.611527 0.081538
vt 0.610343 0.080649
vt 0.610401 0.081538
vt 0.620471 0.332855
vt 0.620062 0.332402
vt 0.620420 0.331805
vt 0.619610 0.332971
vt 0.621123 0.332470
vt 0.621515 0.332971
vt 0.619073 0.332472
vt 0.619240 0.331789
vt 0.621053 0.331536
vt 0.621581 0.332193
vt 0.620575 0.331194
vt 0.619751 0.331432
vt 0.622189 0.332245
vt 0.621727 0.331304
vt 0.618700 0.331544
vt 0.618339 0.332016
vt 0.504040 0.041682
vt 0.504616 0.042446
vt 0.503440 0.042446
vt 0.503432 0.041557
vt 0.518486 0.238820
vt 0.518764 0.238260
vt 0.517768 0.238157
vt 0.518832 0.237610
vt 0.517447 0.239093
vt 0.517641 0.240022
vt 0.516824 0.239780
vt 0.516942 0.241013
vt 0.517574 0.240687
vt 0.516959 0.238566
vt 0.518214 0.240845
vt 0.516850 0.240480
vt 0.516206 0.240866
vt 0.516166 0.240252
vt 0.517835 0.241334
vt 0.517701 0.241813
vt 0.518832 0.241560
vt 0.518452 0.242052
vt 0.518528 0.240285
vt 0.408816 0.112717
vt 0.409492 0.113129
vt 0.408767 0.113476
vt 0.409308 0.112041
vt 0.408910 0.114217
vt 0.409715 0.114551
vt 0.410431 0.112929
vt 0.409830 0.112409
vt 0.408292 0.114039
vt 0.411302 0.114707
vt 0.411401 0.113307
vt 0.408044 0.113333
vt 0.408065 0.114549
vt 0.407479 0.114010
vt 0.412213 0.114043
vt 0.411888 0.114575
vt 0.412940 0.114405
vt 0.413105 0.113432
vt 0.412549 0.113257
vt 0.407508 0.114707
vt 0.568210 0.201267
vt 0.567087 0.201862
vt 0.567070 0.201183
vt 0.566512 0.201492
vt 0.567610 0.201919
vt 0.568289 0.202069
vt 0.567628 0.202664
vt 0.566567 0.202664
vt 0.395524 0.213994
vt 0.395974 0.214302
vt 0.395485 0.214649
vt 0.394796 0.214485
vt 0.394995 0.215097
vt 0.394350 0.215155
vt 0.394247 0.214196
vt 0.394011 0.214710
vt 0.394907 0.214024
vt 0.394572 0.215755
vt 0.393746 0.216015
vt 0.393395 0.214951
vt 0.393175 0.214346
vt 0.392938 0.214792
vt 0.393183 0.215443
vt 0.393978 0.216509
vt 0.394964 0.216514
vt 0.395103 0.215833
vt 0.395383 0.215412
vt 0.393336 0.213918
vt 0.394818 0.217186
vt 0.392662 0.217603
vt 0.393629 0.218206
vt 0.394773 0.219273
vt 0.395609 0.218430
vt 0.395526 0.219900
vt 0.395768 0.217302
vt 0.397882 0.219589
vt 0.396633 0.218036
vt 0.397690 0.218918
vt 0.396456 0.217108
vt 0.395474 0.216235
vt 0.392743 0.218867
vt 0.394156 0.219839
vt 0.392025 0.218369
vt 0.394796 0.220341
vt 0.393748 0.221321
vt 0.393499 0.220289
vt 0.394577 0.221155
vt 0.395704 0.221041
vt 0.396609 0.220771
vt 0.397334 0.220290
vt 0.391268 0.217898
vt 0.391822 0.217323
vt 0.392851 0.216280
vt 0.391230 0.217009
vt 0.397214 0.217775
vt 0.398016 0.218515
vt 0.393681 0.215428
vt 0.393875 0.215123
vt 0.392354 0.219414
vt 0.391857 0.219018
vt 0.390511 0.219123
vt 0.396258 0.215425
vt 0.398480 0.218917
vt 0.398881 0.219399
vt 0.399251 0.218878
vt 0.390677 0.218473
vt 0.390497 0.217381
vt 0.389653 0.218621
vt 0.389723 0.219470
vt 0.389139 0.219196
vt 0.388202 0.220628
vt 0.389906 0.220192
vt 0.389521 0.217887
vt 0.389007 0.217504
vt 0.389775 0.216850
vt 0.388302 0.218204
vt 0.388281 0.218935
vt 0.387975 0.219909
vt 0.387698 0.219321
vt 0.387534 0.218645
vt 0.387338 0.220393
vt 0.386452 0.220187
vt 0.388153 0.217484
vt 0.388233 0.216864
vt 0.386672 0.218519
vt 0.396928 0.216189
vt 0.396550 0.214939
vt 0.397529 0.215711
vt 0.397279 0.214814
vt 0.396809 0.214424
vt 0.395903 0.214471
vt 0.395571 0.215157
vt 0.397996 0.216093
vt 0.397630 0.217312
vt 0.398615 0.217885
vt 0.398777 0.216888
vt 0.398027 0.216870
vt 0.398720 0.215734
vt 0.399262 0.216429
vt 0.399483 0.217965
vt 0.399422 0.218533
vt 0.647477 0.052811
vt 0.646473 0.052811
vt 0.646775 0.052271
vt 0.647658 0.051923
vt 0.457232 0.308390
vt 0.457232 0.309575
vt 0.456640 0.309127
vt 0.608566 0.132180
vt 0.608003 0.131587
vt 0.607381 0.132180
vt 0.565327 0.010461
vt 0.565327 0.011646
vt 0.564735 0.011336
vt 0.498673 0.092093
vt 0.499296 0.092792
vt 0.499582 0.091903
vt 0.498101 0.092792
vt 0.660608 0.061399
vt 0.660096 0.062288
vt 0.661281 0.062288
vt 0.538486 0.046584
vt 0.539133 0.046624
vt 0.538378 0.047480
vt 0.539266 0.047480
vt 0.538686 0.046000
vt 0.394174 0.320236
vt 0.393340 0.321271
vt 0.393337 0.320552
vt 0.394182 0.321733
vt 0.393341 0.322167
vt 0.392576 0.321315
vt 0.394823 0.321765
vt 0.394475 0.322802
vt 0.393123 0.323110
vt 0.391418 0.322764
vt 0.395832 0.321917
vt 0.395108 0.323082
vt 0.396620 0.323403
vt 0.394527 0.323838
vt 0.393151 0.323778
vt 0.397590 0.321999
vt 0.391879 0.323675
vt 0.395942 0.324202
vt 0.397907 0.323875
vt 0.390302 0.324031
vt 0.390457 0.323290
vt 0.390370 0.322584
vt 0.396794 0.321890
vt 0.398241 0.321709
vt 0.398554 0.322809
vt 0.396745 0.324658
vt 0.397725 0.324678
vt 0.398890 0.323909
vt 0.392073 0.324678
vt 0.395374 0.324599
vt 0.390891 0.324356
vt 0.398371 0.323596
vt 0.629057 0.235096
vt 0.629592 0.235671
vt 0.629557 0.234033
vt 0.598656 0.006494
vt 0.597904 0.006412
vt 0.597956 0.007070
vt 0.598793 0.007796
vt 0.666019 0.283513
vt 0.666019 0.284698
vt 0.665427 0.284069
vt 0.536897 0.307501
vt 0.535712 0.307501
vt 0.536171 0.306754
vt 0.536770 0.306613
vt 0.390105 0.169501
vt 0.390894 0.169088
vt 0.390894 0.170087
vt 0.390006 0.168903
vt 0.573042 0.103453
vt 0.572435 0.104342
vt 0.573620 0.104342
vt 0.609022 0.019050
vt 0.608862 0.019938
vt 0.609750 0.019938
vt 0.386788 0.032120
vt 0.387385 0.032901
vt 0.386657 0.032969
vt 0.387309 0.031828
vt 0.386711 0.031396
vt 0.385995 0.031710
vt 0.385426 0.032242
vt 0.384378 0.031710
vt 0.384525 0.030859
vt 0.384767 0.032753
vt 0.385812 0.030476
vt 0.384606 0.030225
vt 0.384173 0.032685
vt 0.383041 0.032118
vt 0.382898 0.032969
vt 0.386750 0.030473
vt 0.387280 0.030629
vt 0.387478 0.029772
vt 0.386290 0.029841
vt 0.386997 0.029031
vt 0.387636 0.028823
vt 0.383998 0.030286
vt 0.383252 0.030710
vt 0.664349 0.024802
vt 0.663524 0.025380
vt 0.663548 0.024677
vt 0.664314 0.025565
vt 0.662981 0.024791
vt 0.662465 0.025565
vt 0.664834 0.025395
vt 0.435317 0.143433
vt 0.436501 0.143433
vt 0.436118 0.142841
vt 0.437851 0.230798
vt 0.437309 0.230206
vt 0.437982 0.230331
vt 0.436798 0.230798
vt 0.379883 0.272774
vt 0.380817 0.272322
vt 0.380796 0.273148
vt 0.381713 0.272650
vt 0.379984 0.271963
vt 0.379048 0.273148
vt 0.489023 0.294055
vt 0.488980 0.294778
vt 0.489805 0.294620
vt 0.490105 0.293468
vt 0.489429 0.293101
vt 0.488749 0.292989
vt 0.489704 0.295556
vt 0.489478 0.292398
vt 0.488032 0.295192
vt 0.489172 0.296060
vt 0.488466 0.295949
vt 0.638268 0.291587
vt 0.637772 0.291047
vt 0.638175 0.290690
vt 0.638728 0.291264
vt 0.637588 0.291797
vt 0.639336 0.290622
vt 0.639356 0.291224
vt 0.638959 0.291903
vt 0.639856 0.291733
vt 0.640698 0.290874
vt 0.641274 0.291484
vt 0.641486 0.290621
vt 0.638015 0.292398
vt 0.641859 0.291277
vt 0.642222 0.292184
vt 0.642759 0.291357
vt 0.642333 0.290882
vt 0.642919 0.292398
vt 0.639865 0.290787
vt 0.640817 0.292041
vt 0.383046 0.168806
vt 0.384081 0.168903
vt 0.384379 0.168116
vt 0.382898 0.168087
vt 0.383886 0.167664
vt 0.384379 0.166829
vt 0.383273 0.167223
vt 0.659537 0.079890
vt 0.659204 0.079169
vt 0.660294 0.079240
vt 0.660392 0.080057
vt 0.658911 0.080057
vt 0.517647 0.080649
vt 0.518832 0.080649
vt 0.517893 0.080057
vt 0.566512 0.183118
vt 0.565920 0.182622
vt 0.566512 0.181933
vt 0.501359 0.011054
vt 0.500572 0.011505
vt 0.501359 0.012071
vt 0.500470 0.012238
vt 0.593462 0.190818
vt 0.593462 0.191706
vt 0.592573 0.191447
vt 0.666315 0.027638
vt 0.665559 0.027798
vt 0.666301 0.028823
vt 0.665130 0.028823
vt 0.663580 0.032009
vt 0.664177 0.032080
vt 0.663695 0.031328
vt 0.662793 0.031841
vt 0.663366 0.030569
vt 0.664144 0.030306
vt 0.662985 0.029530
vt 0.664601 0.029284
vt 0.664834 0.030649
vt 0.663711 0.028352
vt 0.662854 0.028893
vt 0.664610 0.028266
vt 0.664128 0.026750
vt 0.664834 0.027618
vt 0.663244 0.028022
vt 0.662230 0.028666
vt 0.662378 0.030672
vt 0.662169 0.029545
vt 0.366202 0.175485
vt 0.365425 0.175719
vt 0.365888 0.176320
vt 0.366792 0.175978
vt 0.368471 0.174296
vt 0.367201 0.173937
vt 0.367832 0.174826
vt 0.367044 0.174540
vt 0.366194 0.175026
vt 0.367593 0.175433
vt 0.368429 0.175196
vt 0.368655 0.176039
vt 0.367931 0.176240
vt 0.366941 0.176590
vt 0.367023 0.175318
vt 0.366490 0.174986
vt 0.368979 0.175487
vt 0.366796 0.177132
vt 0.365746 0.177360
vt 0.366333 0.177702
vt 0.367411 0.177987
vt 0.367706 0.177086
vt 0.367877 0.178200
vt 0.368661 0.177835
vt 0.368979 0.178724
vt 0.368964 0.174821
vt 0.368453 0.177091
vt 0.368004 0.178972
vt 0.366688 0.178490
vt 0.365701 0.175203
vt 0.624665 0.136829
vt 0.624854 0.137824
vt 0.624157 0.137446
vt 0.623625 0.136578
vt 0.623518 0.137473
vt 0.624063 0.138110
vt 0.623479 0.138162
vt 0.622807 0.137348
vt 0.623513 0.136887
vt 0.624105 0.138695
vt 0.624583 0.138426
vt 0.624362 0.135861
vt 0.622708 0.138053
vt 0.623067 0.138695
vt 0.622216 0.138615
vt 0.621892 0.137820
vt 0.623432 0.135733
vt 0.555158 0.262017
vt 0.554949 0.262783
vt 0.554551 0.261894
vt 0.554274 0.262783
vt 0.553778 0.262404
vt 0.555851 0.262523
vt 0.560293 0.139880
vt 0.561181 0.140768
vt 0.560456 0.140752
vt 0.561181 0.140159
vt 0.393901 0.210326
vt 0.394152 0.210956
vt 0.393106 0.210956
vt 0.392967 0.210068
vt 0.370460 0.273740
vt 0.370460 0.274629
vt 0.369571 0.274152
vt 0.577757 0.015792
vt 0.577807 0.016681
vt 0.577173 0.016681
vt 0.578654 0.016488
vt 0.568077 0.303513
vt 0.567179 0.303652
vt 0.567846 0.302855
vt 0.568630 0.302594
vt 0.567943 0.302171
vt 0.567104 0.302588
vt 0.568800 0.303383
vt 0.569119 0.302612
vt 0.569177 0.303652
vt 0.387636 0.274509
vt 0.388525 0.274332
vt 0.388525 0.275221
vt 0.476283 0.298860
vt 0.475662 0.299023
vt 0.475594 0.298646
vt 0.475999 0.298541
vt 0.476116 0.299585
vt 0.476511 0.299694
vt 0.476228 0.298272
vt 0.476651 0.301042
vt 0.476632 0.300719
vt 0.476996 0.301056
vt 0.476229 0.301336
vt 0.476130 0.300602
vt 0.476690 0.301875
vt 0.477704 0.300901
vt 0.477774 0.301391
vt 0.477277 0.300509
vt 0.478278 0.300905
vt 0.478000 0.300379
vt 0.478644 0.300628
vt 0.478732 0.300015
vt 0.478307 0.301537
vt 0.476912 0.300194
vt 0.475898 0.300142
vt 0.476863 0.299324
vt 0.476902 0.298751
vt 0.477686 0.299857
vt 0.478472 0.299695
vt 0.479048 0.300270
vt 0.479092 0.299799
vt 0.478779 0.301056
vt 0.479587 0.301184
vt 0.479588 0.300672
vt 0.477299 0.299727
vt 0.477263 0.299288
vt 0.479406 0.300283
vt 0.479527 0.300000
vt 0.479936 0.301129
vt 0.476962 0.300650
vt 0.479911 0.301511
vt 0.478897 0.299373
vt 0.478783 0.299701
vt 0.478539 0.298671
vt 0.478564 0.298097
vt 0.479218 0.298460
vt 0.479104 0.297734
vt 0.480057 0.297642
vt 0.480634 0.298257
vt 0.479604 0.297473
vt 0.478145 0.297842
vt 0.478003 0.297353
vt 0.479896 0.298751
vt 0.477699 0.297790
vt 0.478154 0.298319
vt 0.480879 0.298927
vt 0.478883 0.298890
vt 0.479561 0.299104
vt 0.479620 0.299639
vt 0.480742 0.299476
vt 0.478235 0.298936
vt 0.481416 0.299165
vt 0.477700 0.299344
vt 0.477455 0.298888
vt 0.479125 0.296636
vt 0.478026 0.296877
vt 0.477225 0.297176
vt 0.476756 0.296625
vt 0.479553 0.296872
vt 0.479535 0.296223
vt 0.480754 0.297482
vt 0.481643 0.298330
vt 0.482524 0.298593
vt 0.481971 0.296640
vt 0.480057 0.296884
vt 0.481554 0.296529
vt 0.479568 0.296416
vt 0.480053 0.296360
vt 0.480023 0.295690
vt 0.477293 0.298312
vt 0.477301 0.297795
vt 0.476731 0.298330
vt 0.476519 0.297562
vt 0.480629 0.296459
vt 0.480576 0.295921
vt 0.481129 0.295886
vt 0.479984 0.299680
vt 0.482796 0.297818
vt 0.484063 0.297273
vt 0.483894 0.295920
vt 0.482812 0.295366
vt 0.484500 0.299151
vt 0.481757 0.295359
vt 0.486296 0.298619
vt 0.485629 0.296571
vt 0.484182 0.300651
vt 0.486866 0.300961
vt 0.488526 0.299908
vt 0.488688 0.301875
vt 0.490584 0.300335
vt 0.490220 0.298388
vt 0.492129 0.299614
vt 0.492474 0.301240
vt 0.400639 0.001219
vt 0.401244 0.001672
vt 0.401852 0.001160
vt 0.400371 0.001873
vt 0.401683 0.000392
vt 0.401804 0.001873
vt 0.572731 0.273922
vt 0.572274 0.274629
vt 0.572139 0.273545
vt 0.572731 0.273148
vt 0.646149 0.188449
vt 0.645881 0.189337
vt 0.646769 0.189337
vt 0.390302 0.287515
vt 0.391190 0.286771
vt 0.391190 0.287659
vt 0.443076 0.028231
vt 0.442721 0.029267
vt 0.443609 0.028662
vt 0.443609 0.029711
vt 0.591389 0.208291
vt 0.590796 0.207785
vt 0.591389 0.207106
vt 0.336355 0.258199
vt 0.337132 0.258239
vt 0.335881 0.257639
vt 0.341994 0.265727
vt 0.340231 0.263857
vt 0.340761 0.264646
vt 0.341363 0.261700
vt 0.340844 0.260874
vt 0.341504 0.262256
vt 0.344457 0.267527
vt 0.343879 0.267290
vt 0.343203 0.268116
vt 0.344457 0.268609
vt 0.343866 0.265999
vt 0.343872 0.268621
vt 0.343845 0.269166
vt 0.343125 0.266261
vt 0.343022 0.267195
vt 0.342354 0.267832
vt 0.340393 0.269033
vt 0.341335 0.270119
vt 0.339055 0.267716
vt 0.340080 0.269733
vt 0.340693 0.270397
vt 0.340593 0.271815
vt 0.339546 0.266872
vt 0.340178 0.265211
vt 0.342990 0.265188
vt 0.343116 0.264108
vt 0.342538 0.268981
vt 0.342568 0.269682
vt 0.341975 0.270608
vt 0.342464 0.263854
vt 0.342801 0.263112
vt 0.343696 0.264224
vt 0.343708 0.263028
vt 0.343737 0.262235
vt 0.342662 0.261197
vt 0.343768 0.260922
vt 0.338781 0.266083
vt 0.339579 0.265786
vt 0.338801 0.265252
vt 0.339453 0.264138
vt 0.338316 0.263908
vt 0.344238 0.265356
vt 0.344258 0.264864
vt 0.344868 0.265415
vt 0.344991 0.263774
vt 0.344234 0.263291
vt 0.335596 0.267357
vt 0.335973 0.265027
vt 0.336533 0.260380
vt 0.342337 0.260652
vt 0.342937 0.260113
vt 0.343813 0.259863
vt 0.343230 0.259595
vt 0.342656 0.259391
vt 0.343769 0.259162
vt 0.343620 0.269904
vt 0.341200 0.271290
vt 0.341776 0.271491
vt 0.341401 0.272530
vt 0.335938 0.264077
vt 0.335295 0.264797
vt 0.334762 0.261919
vt 0.335407 0.260602
vt 0.344991 0.268046
vt 0.339706 0.262461
vt 0.344972 0.266985
vt 0.340415 0.278191
vt 0.342283 0.272340
vt 0.341824 0.273469
vt 0.341036 0.273232
vt 0.341633 0.274857
vt 0.342256 0.274289
vt 0.341030 0.275493
vt 0.340170 0.274197
vt 0.340015 0.275845
vt 0.341004 0.277778
vt 0.341534 0.277208
vt 0.341585 0.275419
vt 0.341443 0.278453
vt 0.342953 0.273402
vt 0.342421 0.277653
vt 0.342353 0.277048
vt 0.342324 0.275634
vt 0.344288 0.261232
vt 0.344280 0.262173
vt 0.334609 0.259843
vt 0.335314 0.258264
vt 0.340174 0.264392
vt 0.343704 0.258507
vt 0.340725 0.278775
vt 0.343672 0.272797
vt 0.632357 0.002169
vt 0.632365 0.002775
vt 0.631369 0.003058
vt 0.633146 0.003058
vt 0.659207 0.128922
vt 0.658615 0.128131
vt 0.659207 0.128034
vt 0.628220 0.136244
vt 0.628328 0.135437
vt 0.628876 0.136275
vt 0.628826 0.136938
vt 0.628104 0.137141
vt 0.627815 0.138399
vt 0.628412 0.137752
vt 0.628768 0.138351
vt 0.629139 0.137329
vt 0.629592 0.138399
vt 0.665674 0.168903
vt 0.665427 0.169791
vt 0.666315 0.169791
vt 0.382602 0.057393
vt 0.383194 0.057253
vt 0.383194 0.058142
vt 0.529197 0.091311
vt 0.528567 0.090719
vt 0.528263 0.091311
vt 0.527716 0.090824
vt 0.553662 0.210068
vt 0.553425 0.210956
vt 0.553173 0.210185
vt 0.554074 0.210954
vt 0.552889 0.210954
vt 0.659364 0.327640
vt 0.659207 0.328528
vt 0.660096 0.328528
vt 0.337883 0.298617
vt 0.336995 0.298146
vt 0.337883 0.298025
vt 0.333737 0.235177
vt 0.334095 0.234056
vt 0.334329 0.234610
vt 0.334329 0.235537
vt 0.648843 0.166829
vt 0.649387 0.166032
vt 0.648546 0.166145
vt 0.648789 0.165365
vt 0.649434 0.164756
vt 0.648655 0.164821
vt 0.649434 0.166717
vt 0.631706 0.173049
vt 0.632148 0.173641
vt 0.631073 0.173641
vt 0.632554 0.173239
vt 0.622401 0.002517
vt 0.623064 0.002280
vt 0.623014 0.003058
vt 0.622861 0.001548
vt 0.623965 0.002315
vt 0.620921 0.003058
vt 0.621984 0.001790
vt 0.621108 0.001941
vt 0.620708 0.002508
vt 0.621721 0.001263
vt 0.622370 0.000985
vt 0.620761 0.001223
vt 0.377003 0.143433
vt 0.377271 0.142898
vt 0.376657 0.142841
vt 0.376087 0.143433
vt 0.355060 0.292398
vt 0.355060 0.293286
vt 0.354171 0.293019
vt 0.468190 0.014608
vt 0.467577 0.014015
vt 0.467301 0.014608
vt 0.379640 0.279367
vt 0.379619 0.278775
vt 0.378752 0.279367
vt 0.559640 0.091057
vt 0.559108 0.091607
vt 0.559984 0.091548
vt 0.560258 0.091015
vt 0.561181 0.091607
vt 0.357429 0.274036
vt 0.357194 0.273444
vt 0.356541 0.274036
vt 0.405088 0.303452
vt 0.405702 0.303882
vt 0.405613 0.303009
vt 0.404101 0.302922
vt 0.404635 0.302532
vt 0.405579 0.302303
vt 0.404064 0.302104
vt 0.405069 0.302078
vt 0.405702 0.301096
vt 0.405148 0.301496
vt 0.405251 0.300690
vt 0.404765 0.301130
vt 0.403985 0.301277
vt 0.430578 0.295017
vt 0.430037 0.294471
vt 0.429986 0.295575
vt 0.430578 0.295952
vt 0.361279 0.015200
vt 0.360912 0.014608
vt 0.360391 0.015200
vt 0.644992 0.028527
vt 0.644992 0.030007
vt 0.644400 0.029074
vt 0.619322 0.106063
vt 0.618540 0.106180
vt 0.618756 0.106765
vt 0.619613 0.106986
vt 0.618794 0.107369
vt 0.618042 0.107402
vt 0.620408 0.105678
vt 0.620831 0.106230
vt 0.621004 0.105230
vt 0.620165 0.106757
vt 0.620871 0.106840
vt 0.621004 0.107599
vt 0.467786 0.192299
vt 0.467005 0.192891
vt 0.467894 0.192891
vt 0.590986 0.084544
vt 0.590443 0.085146
vt 0.590204 0.084499
vt 0.590780 0.085684
vt 0.591685 0.085610
vt 0.591685 0.084505
vt 0.571264 0.224875
vt 0.570404 0.225573
vt 0.570609 0.224994
vt 0.569799 0.225121
vt 0.570997 0.225510
vt 0.571609 0.225682
vt 0.570069 0.226380
vt 0.571212 0.226176
vt 0.570673 0.226604
vt 0.569863 0.227256
vt 0.569401 0.226188
vt 0.569171 0.226715
vt 0.568881 0.227541
vt 0.570580 0.227285
vt 0.571120 0.227541
vt 0.571399 0.226973
vt 0.572085 0.226611
vt 0.572139 0.225589
vt 0.562366 0.184302
vt 0.561774 0.184286
vt 0.562366 0.183414
vt 0.615081 0.179860
vt 0.614664 0.179268
vt 0.613896 0.179860
vt 0.480824 0.263643
vt 0.479740 0.264194
vt 0.480580 0.264198
vt 0.480508 0.264864
vt 0.481749 0.264808
vt 0.482403 0.264142
vt 0.480016 0.265371
vt 0.481140 0.263682
vt 0.481621 0.263079
vt 0.482405 0.263090
vt 0.481374 0.265628
vt 0.482405 0.266633
vt 0.392967 0.037411
vt 0.393856 0.037411
vt 0.393135 0.036523
vt 0.453382 0.206251
vt 0.454271 0.206379
vt 0.454271 0.205589
vt 0.453454 0.205329
vt 0.453624 0.206810
vt 0.362835 0.217900
vt 0.361798 0.217699
vt 0.362323 0.218085
vt 0.356280 0.218412
vt 0.355587 0.219133
vt 0.354623 0.219335
vt 0.353438 0.219453
vt 0.356866 0.217771
vt 0.355975 0.217615
vt 0.354783 0.218664
vt 0.352366 0.218786
vt 0.354066 0.218748
vt 0.355509 0.218544
vt 0.353595 0.218867
vt 0.356410 0.217879
vt 0.662170 0.291805
vt 0.661873 0.292694
vt 0.662465 0.292694
vt 0.659207 0.267315
vt 0.659207 0.268113
vt 0.658615 0.267802
vt 0.658726 0.266929
vt 0.614489 0.207402
vt 0.615673 0.207402
vt 0.615210 0.206810
vt 0.623655 0.153150
vt 0.623077 0.153607
vt 0.623455 0.154087
vt 0.624073 0.153675
vt 0.624558 0.153221
vt 0.624558 0.152318
vt 0.624487 0.154436
vt 0.623656 0.154687
vt 0.596423 0.319051
vt 0.597608 0.319051
vt 0.597046 0.318459
vt 0.607772 0.326866
vt 0.608190 0.326945
vt 0.607896 0.327510
vt 0.609878 0.326598
vt 0.610237 0.327348
vt 0.609409 0.327394
vt 0.610616 0.326590
vt 0.611050 0.327647
vt 0.610510 0.328184
vt 0.609759 0.328029
vt 0.611482 0.326752
vt 0.611527 0.328254
vt 0.609108 0.326515
vt 0.608632 0.327245
vt 0.609118 0.325547
vt 0.611018 0.328824
vt 0.608012 0.325636
vt 0.608810 0.324678
vt 0.607414 0.326368
vt 0.609663 0.325869
vt 0.608900 0.327989
vt 0.606809 0.326923
vt 0.606788 0.325926
vt 0.605793 0.326708
vt 0.605644 0.327659
vt 0.606568 0.327961
vt 0.605114 0.326667
vt 0.604862 0.327557
vt 0.606998 0.327609
vt 0.606948 0.328442
vt 0.607335 0.327080
vt 0.607260 0.328824
vt 0.607988 0.328157
vt 0.608436 0.328094
vt 0.604419 0.327161
vt 0.403036 0.258636
vt 0.402148 0.258556
vt 0.403036 0.258044
vt 0.442765 0.046316
vt 0.443693 0.046198
vt 0.443170 0.045703
vt 0.443331 0.047378
vt 0.442291 0.046762
vt 0.442401 0.047562
vt 0.443332 0.048082
vt 0.441536 0.047266
vt 0.444127 0.047530
vt 0.444201 0.046777
vt 0.444201 0.048391
vt 0.443266 0.048636
vt 0.443376 0.049386
vt 0.442558 0.049085
vt 0.444144 0.049419
vt 0.442699 0.048514
vt 0.441863 0.048531
vt 0.442016 0.049414
vt 0.441579 0.048947
vt 0.442267 0.049837
vt 0.443767 0.049798
vt 0.442858 0.049850
vt 0.597608 0.134549
vt 0.596990 0.133957
vt 0.596423 0.134549
vt 0.349433 0.232575
vt 0.350321 0.232575
vt 0.350014 0.231983
vt 0.373717 0.194668
vt 0.372829 0.194089
vt 0.373717 0.194075
vt 0.649138 0.035042
vt 0.649138 0.035930
vt 0.648555 0.035560
vt 0.524162 0.223987
vt 0.524162 0.224875
vt 0.523723 0.224304
vt 0.523274 0.224647
vt 0.432059 0.157649
vt 0.432059 0.158537
vt 0.431467 0.157992
vt 0.501081 0.029815
vt 0.501655 0.029079
vt 0.501063 0.029234
vt 0.501371 0.028527
vt 0.501655 0.030304
vt 0.488032 0.266929
vt 0.487440 0.266507
vt 0.488032 0.266040
vt 0.566959 0.181341
vt 0.567400 0.180052
vt 0.566866 0.180648
vt 0.566315 0.179710
vt 0.566997 0.179221
vt 0.566216 0.178915
vt 0.566459 0.178337
vt 0.567305 0.178687
vt 0.567400 0.178083
vt 0.624558 0.319644
vt 0.624558 0.320532
vt 0.623965 0.319892
vt 0.621405 0.202332
vt 0.620855 0.202603
vt 0.621596 0.203026
vt 0.620610 0.202071
vt 0.620963 0.203273
vt 0.620408 0.203695
vt 0.619459 0.202704
vt 0.618952 0.203087
vt 0.619196 0.203914
vt 0.619856 0.204183
vt 0.620668 0.204224
vt 0.620141 0.204629
vt 0.619436 0.204587
vt 0.619774 0.204941
vt 0.620820 0.205124
vt 0.620100 0.205313
vt 0.621010 0.206218
vt 0.621596 0.206254
vt 0.621223 0.204064
vt 0.618464 0.206075
vt 0.618020 0.206514
vt 0.619346 0.206142
vt 0.618967 0.204877
vt 0.617846 0.205487
vt 0.618101 0.204809
vt 0.617450 0.206296
vt 0.415771 0.132180
vt 0.416659 0.132180
vt 0.416262 0.131587
vt 0.613008 0.332082
vt 0.613008 0.332971
vt 0.612416 0.332317
vt 0.531270 0.076503
vt 0.530534 0.075911
vt 0.530381 0.076503
vt 0.646177 0.186375
vt 0.645957 0.185966
vt 0.646177 0.185191
vt 0.644992 0.186175
vt 0.511132 0.027638
vt 0.511724 0.027638
vt 0.511644 0.027046
vt 0.627719 0.199110
vt 0.626927 0.199998
vt 0.627647 0.199921
vt 0.628408 0.199998
vt 0.450561 0.320532
vt 0.450124 0.321124
vt 0.451013 0.321124
vt 0.378752 0.034450
vt 0.378357 0.033857
vt 0.377863 0.034450
vt 0.662761 0.254490
vt 0.662169 0.254052
vt 0.662761 0.253602
vt 0.590579 0.181341
vt 0.590500 0.181933
vt 0.591093 0.181933
vt 0.517351 0.142841
vt 0.518239 0.142841
vt 0.517569 0.142249
vt 0.599977 0.082426
vt 0.599977 0.083019
vt 0.599385 0.082507
vt 0.464044 0.189211
vt 0.464559 0.188897
vt 0.464400 0.189633
vt 0.465447 0.189096
vt 0.465029 0.188419
vt 0.465515 0.187856
vt 0.466413 0.188801
vt 0.464082 0.188394
vt 0.466246 0.189633
vt 0.464622 0.187925
vt 0.573923 0.160464
vt 0.574186 0.159898
vt 0.573861 0.159347
vt 0.574255 0.158735
vt 0.573783 0.158094
vt 0.573027 0.158588
vt 0.573117 0.159702
vt 0.572321 0.158584
vt 0.572843 0.157266
vt 0.573468 0.157751
vt 0.573372 0.156575
vt 0.572594 0.160730
vt 0.572892 0.161221
vt 0.572039 0.157398
vt 0.572039 0.159694
vt 0.573899 0.161035
vt 0.573881 0.162091
vt 0.573328 0.161631
vt 0.574508 0.160964
vt 0.572588 0.156423
vt 0.571906 0.156286
vt 0.573375 0.155642
vt 0.571673 0.155493
vt 0.574227 0.156332
vt 0.571813 0.161534
vt 0.571547 0.154605
vt 0.573358 0.154229
vt 0.574026 0.155277
vt 0.574508 0.154675
vt 0.572572 0.153799
vt 0.571729 0.153863
vt 0.574397 0.161748
vt 0.615377 0.208587
vt 0.614807 0.207995
vt 0.614785 0.208587
vt 0.424685 0.087461
vt 0.424063 0.088053
vt 0.424952 0.088053
vt 0.634331 0.087757
vt 0.634331 0.088942
vt 0.634035 0.088365
vt 0.568703 0.216214
vt 0.568585 0.215694
vt 0.569474 0.215811
vt 0.569474 0.216583
vt 0.447163 0.316386
vt 0.446512 0.315794
vt 0.445978 0.316386
vt 0.549039 0.293878
vt 0.549039 0.295063
vt 0.548743 0.294467
vt 0.637588 0.250040
vt 0.638181 0.249456
vt 0.638181 0.250344
vt 0.374902 0.289411
vt 0.375198 0.288844
vt 0.375198 0.290029
vt 0.370163 0.234845
vt 0.370163 0.236107
vt 0.370041 0.235458
vt 0.369494 0.235583
vt 0.368693 0.236095
vt 0.368660 0.235175
vt 0.368090 0.235839
vt 0.369519 0.234786
vt 0.368345 0.236721
vt 0.368847 0.234648
vt 0.642179 0.283574
vt 0.641810 0.282194
vt 0.641904 0.282764
vt 0.643084 0.279324
vt 0.642205 0.279963
vt 0.642929 0.280104
vt 0.642598 0.278832
vt 0.642148 0.280534
vt 0.642807 0.280927
vt 0.641956 0.281439
vt 0.641372 0.280928
vt 0.641979 0.278896
vt 0.642732 0.281750
vt 0.642759 0.282579
vt 0.642945 0.283463
vt 0.643215 0.284105
vt 0.641142 0.280181
vt 0.643215 0.278479
vt 0.345583 0.126257
vt 0.345022 0.125368
vt 0.344398 0.126257
vt 0.512600 0.174671
vt 0.511926 0.174249
vt 0.511428 0.175001
vt 0.512860 0.174147
vt 0.512152 0.175146
vt 0.511540 0.175859
vt 0.512201 0.176306
vt 0.512726 0.175532
vt 0.513187 0.175074
vt 0.513205 0.175805
vt 0.455455 0.028231
vt 0.454863 0.027247
vt 0.455455 0.027046
vt 0.377325 0.219841
vt 0.376776 0.218952
vt 0.377863 0.219056
vt 0.376383 0.219841
vt 0.645584 0.210734
vt 0.645584 0.211844
vt 0.644992 0.211199
vt 0.645062 0.210068
vt 0.630619 0.061899
vt 0.630481 0.062880
vt 0.631369 0.062559
vt 0.631369 0.061696
vt 0.455710 0.226356
vt 0.456640 0.227244
vt 0.455702 0.227238
vt 0.454863 0.227244
vt 0.454976 0.226449
vt 0.616029 0.206218
vt 0.615969 0.205033
vt 0.616765 0.206218
vt 0.616858 0.205304
vt 0.541635 0.295252
vt 0.542524 0.295063
vt 0.542524 0.295952
vt 0.592870 0.084904
vt 0.593462 0.085564
vt 0.593462 0.084499
vt 0.593005 0.085980
vt 0.650619 0.084268
vt 0.649700 0.083611
vt 0.649831 0.084499
vt 0.649138 0.084499
vt 0.658319 0.190225
vt 0.659207 0.190225
vt 0.658973 0.189633
vt 0.363352 0.207402
vt 0.362159 0.207106
vt 0.361575 0.207402
vt 0.396956 0.273896
vt 0.395411 0.273212
vt 0.396440 0.273055
vt 0.396375 0.274901
vt 0.395799 0.275221
vt 0.394127 0.273748
vt 0.393945 0.275150
vt 0.393535 0.274284
vt 0.396995 0.275111
vt 0.393918 0.272748
vt 0.392690 0.273443
vt 0.392419 0.272636
vt 0.390990 0.273425
vt 0.391286 0.272539
vt 0.391851 0.272259
vt 0.389291 0.273397
vt 0.390154 0.272525
vt 0.390414 0.274024
vt 0.390724 0.272285
vt 0.388714 0.272595
vt 0.387025 0.272702
vt 0.391975 0.274136
vt 0.392998 0.272351
vt 0.388998 0.274020
vt 0.389848 0.274594
vt 0.387278 0.273975
vt 0.387625 0.273304
vt 0.397524 0.274425
vt 0.397535 0.273746
vt 0.399299 0.273683
vt 0.399304 0.274421
vt 0.400292 0.273687
vt 0.400685 0.274470
vt 0.401882 0.273805
vt 0.402119 0.274512
vt 0.404138 0.274451
vt 0.401047 0.273084
vt 0.401986 0.273075
vt 0.403802 0.273128
vt 0.405083 0.273055
vt 0.406693 0.274427
vt 0.404991 0.274564
vt 0.406631 0.273114
vt 0.407334 0.274530
vt 0.407905 0.274346
vt 0.408199 0.273074
vt 0.408472 0.273850
vt 0.409053 0.274266
vt 0.408453 0.274537
vt 0.409324 0.273088
vt 0.409825 0.274069
vt 0.410464 0.273000
vt 0.411921 0.274147
vt 0.411416 0.273514
vt 0.411606 0.272810
vt 0.399337 0.273067
vt 0.386755 0.273343
vt 0.347483 0.130350
vt 0.348268 0.129927
vt 0.347154 0.133182
vt 0.346176 0.132166
vt 0.346389 0.132735
vt 0.345604 0.133082
vt 0.352316 0.131048
vt 0.352644 0.132118
vt 0.353618 0.133725
vt 0.346675 0.134621
vt 0.349280 0.126589
vt 0.350682 0.126398
vt 0.348955 0.125778
vt 0.350656 0.125720
vt 0.351477 0.125689
vt 0.349663 0.124909
vt 0.352327 0.126478
vt 0.352732 0.125579
vt 0.351409 0.124015
vt 0.354736 0.126375
vt 0.354194 0.125003
vt 0.355092 0.125030
vt 0.355803 0.126441
vt 0.354303 0.127779
vt 0.356216 0.125399
vt 0.356569 0.127427
vt 0.348747 0.124928
vt 0.349503 0.124027
vt 0.350601 0.123918
vt 0.350407 0.122890
vt 0.350980 0.123409
vt 0.349201 0.123311
vt 0.352043 0.124565
vt 0.348307 0.127143
vt 0.348784 0.123773
vt 0.355344 0.124477
vt 0.357422 0.127122
vt 0.357841 0.126164
vt 0.357361 0.125482
vt 0.357337 0.124931
vt 0.350868 0.124853
vt 0.349687 0.122718
vt 0.349451 0.122042
vt 0.348195 0.121570
vt 0.347688 0.121961
vt 0.349311 0.121516
vt 0.347962 0.120726
vt 0.349983 0.120773
vt 0.348800 0.120391
vt 0.349597 0.120157
vt 0.350391 0.119923
vt 0.350139 0.121296
vt 0.350917 0.121365
vt 0.346251 0.133803
vt 0.359112 0.128207
vt 0.359684 0.126826
vt 0.360507 0.129188
vt 0.357464 0.128443
vt 0.360465 0.130413
vt 0.347526 0.121236
vt 0.361568 0.130483
vt 0.361753 0.131731
vt 0.362233 0.131033
vt 0.361592 0.128612
vt 0.350775 0.120571
vt 0.354171 0.132312
vt 0.362040 0.132943
vt 0.351000 0.137258
vt 0.351419 0.138188
vt 0.351509 0.138892
vt 0.351004 0.139581
vt 0.351654 0.139626
vt 0.352693 0.138984
vt 0.353056 0.139620
vt 0.352290 0.140747
vt 0.352085 0.137708
vt 0.353756 0.138747
vt 0.353105 0.138332
vt 0.353702 0.138187
vt 0.354917 0.138958
vt 0.354552 0.138341
vt 0.353624 0.137649
vt 0.354948 0.137461
vt 0.354395 0.137143
vt 0.355373 0.138377
vt 0.353302 0.137207
vt 0.353508 0.136496
vt 0.352158 0.136624
vt 0.352679 0.135778
vt 0.353879 0.135820
vt 0.351731 0.136024
vt 0.351116 0.136264
vt 0.355132 0.136247
vt 0.351194 0.140516
vt 0.355206 0.136814
vt 0.346160 0.135474
vt 0.353051 0.137784
vt 0.351947 0.137087
vt 0.355024 0.135433
vt 0.354150 0.134838
vt 0.355644 0.135624
vt 0.355777 0.134896
vt 0.356340 0.136115
vt 0.350187 0.121993
vt 0.352526 0.133818
vt 0.352789 0.140173
vt 0.352027 0.138389
vt 0.362174 0.129135
vt 0.362162 0.128591
vt 0.362730 0.129398
vt 0.362760 0.128591
vt 0.353986 0.131501
vt 0.354957 0.131463
vt 0.355149 0.132818
vt 0.355194 0.133907
vt 0.355768 0.133868
vt 0.355691 0.131969
vt 0.355487 0.128292
vt 0.353059 0.127548
vt 0.353548 0.129197
vt 0.352430 0.128837
vt 0.352104 0.127843
vt 0.359438 0.130030
vt 0.357258 0.133398
vt 0.356825 0.135322
vt 0.358033 0.135012
vt 0.358183 0.133222
vt 0.359225 0.134268
vt 0.359012 0.132644
vt 0.359463 0.136169
vt 0.359985 0.135336
vt 0.359214 0.136724
vt 0.360181 0.133691
vt 0.358117 0.136519
vt 0.360302 0.136266
vt 0.360868 0.136089
vt 0.360808 0.136835
vt 0.361518 0.136527
vt 0.360210 0.137378
vt 0.359537 0.137035
vt 0.359560 0.137840
vt 0.360776 0.138055
vt 0.359677 0.136620
vt 0.357038 0.132513
vt 0.357287 0.131625
vt 0.357706 0.130552
vt 0.356742 0.130653
vt 0.354389 0.134137
vt 0.347571 0.129671
vt 0.348117 0.129114
vt 0.358317 0.129533
vt 0.361036 0.127530
vt 0.361031 0.126418
vt 0.361799 0.127058
vt 0.361631 0.126178
vt 0.361083 0.125332
vt 0.361406 0.124917
vt 0.359995 0.124947
vt 0.355567 0.129660
vt 0.361455 0.135685
vt 0.361585 0.127528
vt 0.351563 0.128388
vt 0.357552 0.136528
vt 0.347811 0.126084
vt 0.352176 0.123923
vt 0.351495 0.123256
vt 0.353036 0.123492
vt 0.353977 0.124455
vt 0.353435 0.130394
vt 0.356965 0.128774
vt 0.358768 0.131080
vt 0.351517 0.127765
vt 0.356979 0.123867
vt 0.356127 0.123887
vt 0.355863 0.123340
vt 0.357009 0.122769
vt 0.357613 0.123555
vt 0.358141 0.122644
vt 0.359306 0.124027
vt 0.358695 0.123218
vt 0.358702 0.122670
vt 0.358175 0.122065
vt 0.359265 0.122085
vt 0.357758 0.121238
vt 0.359401 0.123157
vt 0.359046 0.121434
vt 0.359831 0.121993
vt 0.359856 0.122594
vt 0.356163 0.122762
vt 0.355585 0.122682
vt 0.355232 0.123418
vt 0.354902 0.122646
vt 0.356201 0.121780
vt 0.353895 0.122815
vt 0.357386 0.121951
vt 0.358362 0.124361
vt 0.358403 0.137326
vt 0.357261 0.137923
vt 0.358115 0.137910
vt 0.358765 0.138116
vt 0.359288 0.137790
vt 0.359339 0.138337
vt 0.358841 0.138935
vt 0.359920 0.138441
vt 0.359848 0.139021
vt 0.358696 0.139578
vt 0.357821 0.139622
vt 0.358065 0.140167
vt 0.357740 0.139061
vt 0.360190 0.139657
vt 0.359669 0.140249
vt 0.359111 0.140776
vt 0.360345 0.140358
vt 0.360915 0.140168
vt 0.360731 0.139551
vt 0.361365 0.139533
vt 0.362167 0.139576
vt 0.362226 0.140196
vt 0.362760 0.139622
vt 0.361722 0.138986
vt 0.361779 0.140830
vt 0.361038 0.140773
vt 0.362579 0.138722
vt 0.357223 0.139369
vt 0.357441 0.140422
vt 0.356604 0.139334
vt 0.356730 0.140486
vt 0.357620 0.141289
vt 0.356741 0.141335
vt 0.358178 0.140741
vt 0.358212 0.138464
vt 0.355029 0.130364
vt 0.358556 0.140893
vt 0.355986 0.138154
vt 0.356328 0.139518
vt 0.356656 0.138618
vt 0.356754 0.137737
vt 0.360710 0.139045
vt 0.350963 0.127922
vt 0.347307 0.124511
vt 0.355675 0.139169
vt 0.347014 0.121541
vt 0.346711 0.120464
vt 0.346336 0.121129
vt 0.347699 0.123661
vt 0.357311 0.138459
vt 0.356374 0.129533
vt 0.359243 0.137253
vt 0.361411 0.137468
vt 0.361544 0.141657
vt 0.362243 0.141481
vt 0.360953 0.141326
vt 0.357740 0.121418
vt 0.357120 0.136136
vt 0.360248 0.123772
vt 0.359780 0.140989
vt 0.360016 0.131828
vt 0.347380 0.122879
vt 0.346740 0.122771
vt 0.346185 0.122018
vt 0.345515 0.121179
vt 0.345991 0.122611
vt 0.346352 0.123455
vt 0.345484 0.123552
vt 0.345394 0.121836
vt 0.345996 0.124071
vt 0.345537 0.124485
vt 0.343806 0.124620
vt 0.344775 0.123332
vt 0.344632 0.122233
vt 0.356390 0.136876
vt 0.355251 0.123925
vt 0.360217 0.123102
vt 0.361594 0.134021
vt 0.362010 0.134734
vt 0.347026 0.123588
vt 0.360514 0.138408
vt 0.360742 0.132701
vt 0.357510 0.138389
vt 0.344651 0.121449
vt 0.354371 0.129231
vt 0.351744 0.120693
vt 0.351230 0.120282
vt 0.352278 0.119814
vt 0.352463 0.120302
vt 0.353692 0.119944
vt 0.353001 0.119567
vt 0.353516 0.120498
vt 0.354203 0.119149
vt 0.351160 0.119881
vt 0.361434 0.124183
vt 0.356074 0.120671
vt 0.356710 0.136653
vt 0.353908 0.123570
vt 0.359075 0.125665
vt 0.360467 0.122560
vt 0.360494 0.121899
vt 0.361142 0.122467
vt 0.360463 0.141382
vt 0.345878 0.134645
vt 0.345206 0.134747
vt 0.344873 0.133698
vt 0.361127 0.123234
vt 0.352550 0.137749
vt 0.350760 0.136674
vt 0.352846 0.122913
vt 0.362140 0.135635
vt 0.659302 0.227290
vt 0.660096 0.227837
vt 0.660063 0.226210
vt 0.658911 0.226838
vt 0.659411 0.225033
vt 0.660096 0.224283
vt 0.472375 0.299706
vt 0.473817 0.299489
vt 0.473471 0.298321
vt 0.472040 0.301092
vt 0.472670 0.301282
vt 0.473817 0.301210
vt 0.435317 0.320532
vt 0.433540 0.320532
vt 0.435011 0.319759
vt 0.433817 0.319051
vt 0.389709 0.297280
vt 0.389761 0.298180
vt 0.390598 0.297136
vt 0.390598 0.299209
vt 0.386426 0.216105
vt 0.384971 0.215998
vt 0.386452 0.217175
vt 0.385261 0.215021
vt 0.386452 0.214510
vt 0.525342 0.225498
vt 0.525347 0.223987
vt 0.524459 0.224783
vt 0.524768 0.225879
vt 0.525347 0.226356
vt 0.455531 0.014840
vt 0.456294 0.014965
vt 0.456344 0.014015
vt 0.456027 0.015585
vt 0.455455 0.015827
vt 0.456344 0.016088
vt 0.609750 0.230798
vt 0.608862 0.230829
vt 0.609750 0.231983
vt 0.609063 0.231457
vt 0.508534 0.293557
vt 0.509104 0.292843
vt 0.509650 0.292863
vt 0.508511 0.292694
vt 0.509651 0.293582
vt 0.507940 0.292862
vt 0.507874 0.293582
vt 0.572744 0.036819
vt 0.573916 0.038004
vt 0.572731 0.038004
vt 0.334625 0.011042
vt 0.334082 0.010461
vt 0.333737 0.011310
vt 0.334625 0.012238
vt 0.594054 0.102526
vt 0.594646 0.102691
vt 0.594646 0.101676
vt 0.594122 0.103157
vt 0.358614 0.184302
vt 0.357440 0.183414
vt 0.358430 0.183497
vt 0.357133 0.184302
vt 0.633146 0.068211
vt 0.632554 0.068725
vt 0.633146 0.069099
vt 0.431049 0.187856
vt 0.430875 0.186968
vt 0.432308 0.187141
vt 0.432651 0.187856
vt 0.335306 0.152942
vt 0.336270 0.153694
vt 0.336103 0.152335
vt 0.335648 0.153754
vt 0.336843 0.152811
vt 0.336869 0.151969
vt 0.337495 0.152552
vt 0.336012 0.151512
vt 0.336450 0.154498
vt 0.335033 0.154387
vt 0.335324 0.155208
vt 0.336583 0.155306
vt 0.336344 0.156320
vt 0.337260 0.155743
vt 0.335518 0.156006
vt 0.335620 0.156871
vt 0.337010 0.154402
vt 0.334934 0.156052
vt 0.336368 0.157420
vt 0.334914 0.153546
vt 0.334216 0.153334
vt 0.334265 0.154219
vt 0.333504 0.153661
vt 0.333441 0.153095
vt 0.333768 0.152254
vt 0.334693 0.152536
vt 0.334857 0.151929
vt 0.333822 0.151447
vt 0.334460 0.151314
vt 0.333774 0.150538
vt 0.334618 0.150524
vt 0.334172 0.149949
vt 0.334704 0.152873
vt 0.334605 0.154789
vt 0.333990 0.154886
vt 0.334725 0.151305
vt 0.337883 0.155536
vt 0.337370 0.156546
vt 0.337775 0.154323
vt 0.336917 0.157371
vt 0.337677 0.157649
vt 0.337457 0.151699
vt 0.337531 0.150980
vt 0.336746 0.151183
vt 0.336960 0.150491
vt 0.336942 0.153882
vt 0.337883 0.153215
vt 0.643483 0.248948
vt 0.644104 0.248567
vt 0.642919 0.248643
vt 0.644104 0.249456
vt 0.442630 0.308171
vt 0.443282 0.307938
vt 0.442978 0.308705
vt 0.442775 0.306880
vt 0.442164 0.307866
vt 0.441966 0.307028
vt 0.442281 0.306566
vt 0.443544 0.308808
vt 0.444331 0.308648
vt 0.444647 0.309200
vt 0.442920 0.306289
vt 0.442756 0.305457
vt 0.441240 0.305825
vt 0.441384 0.306740
vt 0.443253 0.307135
vt 0.444836 0.307971
vt 0.445278 0.308673
vt 0.445488 0.308084
vt 0.445300 0.307260
vt 0.445888 0.307691
vt 0.445955 0.306782
vt 0.446625 0.307194
vt 0.447007 0.307823
vt 0.444391 0.305951
vt 0.445851 0.305612
vt 0.447422 0.307229
vt 0.446680 0.305167
vt 0.445580 0.304854
vt 0.447279 0.305816
vt 0.447713 0.306495
vt 0.447914 0.305579
vt 0.448332 0.306512
vt 0.448938 0.305156
vt 0.448955 0.306008
vt 0.449456 0.306673
vt 0.450415 0.306212
vt 0.448217 0.307115
vt 0.447013 0.304466
vt 0.444790 0.305360
vt 0.447109 0.307242
vt 0.450380 0.305486
vt 0.451789 0.306131
vt 0.451654 0.306970
vt 0.452898 0.308349
vt 0.451502 0.308109
vt 0.449288 0.303705
vt 0.452453 0.309314
vt 0.451251 0.309185
vt 0.450947 0.308005
vt 0.450354 0.309569
vt 0.449700 0.308312
vt 0.449584 0.308912
vt 0.449423 0.309575
vt 0.450481 0.307575
vt 0.453818 0.307657
vt 0.452596 0.306186
vt 0.453842 0.306292
vt 0.452418 0.305319
vt 0.450857 0.304527
vt 0.450424 0.303589
vt 0.451089 0.303398
vt 0.450628 0.302734
vt 0.451466 0.302627
vt 0.449667 0.302577
vt 0.450063 0.302029
vt 0.450683 0.302095
vt 0.449318 0.303340
vt 0.451635 0.303371
vt 0.451400 0.304588
vt 0.454271 0.308566
vt 0.449343 0.307669
vt 0.453014 0.305440
vt 0.453709 0.305565
vt 0.448408 0.304176
vt 0.453624 0.309125
vt 0.452996 0.309575
vt 0.454174 0.309220
vt 0.450612 0.306767
vt 0.453351 0.304933
vt 0.443861 0.305825
vt 0.447611 0.303893
vt 0.447080 0.303794
vt 0.446286 0.304180
vt 0.447862 0.303346
vt 0.448584 0.303560
vt 0.443398 0.305793
vt 0.448111 0.307760
vt 0.449731 0.307140
vt 0.451535 0.303997
vt 0.452461 0.303545
vt 0.452066 0.302465
vt 0.443236 0.305310
vt 0.443976 0.305607
vt 0.448935 0.303122
vt 0.447636 0.307782
vt 0.447643 0.308363
vt 0.449051 0.302233
vt 0.449171 0.301279
vt 0.449706 0.301025
vt 0.449059 0.300749
vt 0.449517 0.300411
vt 0.448655 0.300394
vt 0.448203 0.300700
vt 0.450085 0.300419
vt 0.444410 0.307385
vt 0.536781 0.031192
vt 0.537489 0.031160
vt 0.536601 0.030093
vt 0.537489 0.029711
vt 0.401128 0.002169
vt 0.401556 0.002761
vt 0.400667 0.002761
vt 0.544893 0.256563
vt 0.544005 0.256563
vt 0.544538 0.255971
vt 0.411921 0.246198
vt 0.411921 0.244579
vt 0.410983 0.245186
vt 0.410736 0.244421
vt 0.356244 0.146999
vt 0.354764 0.146987
vt 0.355423 0.147402
vt 0.355021 0.147959
vt 0.355396 0.148764
vt 0.356244 0.147798
vt 0.517387 0.226948
vt 0.517647 0.227837
vt 0.517055 0.227837
vt 0.519999 0.235293
vt 0.519247 0.235473
vt 0.519718 0.235836
vt 0.518891 0.236654
vt 0.518672 0.236054
vt 0.520182 0.236405
vt 0.519796 0.234520
vt 0.519540 0.233779
vt 0.520027 0.233413
vt 0.518471 0.237017
vt 0.518972 0.234937
vt 0.520676 0.234674
vt 0.518079 0.236789
vt 0.519293 0.233051
vt 0.518669 0.233085
vt 0.519625 0.232281
vt 0.519072 0.232042
vt 0.519964 0.231475
vt 0.518484 0.230584
vt 0.520425 0.232147
vt 0.519589 0.224060
vt 0.518656 0.223411
vt 0.519685 0.223049
vt 0.520586 0.222964
vt 0.520494 0.221930
vt 0.519262 0.221897
vt 0.520436 0.221149
vt 0.518998 0.220500
vt 0.520452 0.219898
vt 0.520797 0.220316
vt 0.521221 0.219638
vt 0.521724 0.220296
vt 0.522022 0.219845
vt 0.521842 0.218722
vt 0.522549 0.218878
vt 0.522897 0.218448
vt 0.522731 0.217252
vt 0.521500 0.218270
vt 0.523351 0.217135
vt 0.521454 0.216857
vt 0.517576 0.219736
vt 0.518265 0.218874
vt 0.518296 0.220136
vt 0.524664 0.213959
vt 0.525863 0.212565
vt 0.525176 0.214051
vt 0.526111 0.213384
vt 0.526480 0.212600
vt 0.527270 0.211849
vt 0.526951 0.213345
vt 0.526737 0.211133
vt 0.527727 0.213498
vt 0.528090 0.212192
vt 0.528339 0.212706
vt 0.528019 0.214616
vt 0.527181 0.214655
vt 0.527783 0.215214
vt 0.529266 0.213446
vt 0.528978 0.214461
vt 0.530080 0.214917
vt 0.529014 0.215608
vt 0.527236 0.217706
vt 0.526357 0.217078
vt 0.526201 0.214888
vt 0.525999 0.214358
vt 0.529207 0.212187
vt 0.527110 0.213894
vt 0.528752 0.211280
vt 0.530003 0.210909
vt 0.528607 0.209727
vt 0.528003 0.210313
vt 0.527660 0.209579
vt 0.528504 0.209152
vt 0.530053 0.209890
vt 0.531115 0.212198
vt 0.531936 0.211451
vt 0.531316 0.210235
vt 0.532713 0.211372
vt 0.531536 0.209686
vt 0.533005 0.210894
vt 0.533169 0.210116
vt 0.533558 0.211208
vt 0.530713 0.209402
vt 0.532934 0.212322
vt 0.532168 0.213059
vt 0.530376 0.212634
vt 0.534057 0.210352
vt 0.534231 0.209783
vt 0.532813 0.208928
vt 0.526959 0.210252
vt 0.533613 0.212087
vt 0.520788 0.218319
vt 0.521050 0.223253
vt 0.521442 0.222708
vt 0.514775 0.230378
vt 0.513525 0.232507
vt 0.513508 0.231924
vt 0.531396 0.208887
vt 0.530766 0.213846
vt 0.528241 0.218417
vt 0.529534 0.218151
vt 0.525241 0.215103
vt 0.529598 0.216248
vt 0.530597 0.216848
vt 0.518440 0.229090
vt 0.517627 0.228975
vt 0.520841 0.230907
vt 0.522291 0.232049
vt 0.522085 0.232880
vt 0.524803 0.228644
vt 0.525340 0.228850
vt 0.527819 0.232305
vt 0.526764 0.232998
vt 0.526886 0.234884
vt 0.527559 0.234751
vt 0.527125 0.235613
vt 0.528385 0.234447
vt 0.528081 0.236134
vt 0.528602 0.235182
vt 0.528848 0.234067
vt 0.529113 0.235698
vt 0.526258 0.234695
vt 0.528396 0.233213
vt 0.528086 0.231023
vt 0.528280 0.231947
vt 0.525511 0.228270
vt 0.529535 0.234965
vt 0.529728 0.235745
vt 0.530010 0.235254
vt 0.529934 0.236609
vt 0.530654 0.235351
vt 0.531112 0.233910
vt 0.531501 0.235563
vt 0.530879 0.235952
vt 0.531502 0.236182
vt 0.532235 0.236027
vt 0.532164 0.235155
vt 0.532829 0.235688
vt 0.532755 0.234816
vt 0.533742 0.234968
vt 0.532180 0.234196
vt 0.533356 0.234551
vt 0.533440 0.236264
vt 0.534231 0.235496
vt 0.532696 0.236316
vt 0.534075 0.234538
vt 0.532960 0.234236
vt 0.529100 0.236792
vt 0.530475 0.236410
vt 0.530092 0.233998
vt 0.529745 0.232722
vt 0.518164 0.231305
vt 0.517610 0.230728
vt 0.517771 0.232112
vt 0.521578 0.233408
vt 0.517804 0.229946
vt 0.527833 0.216398
vt 0.528636 0.236425
vt 0.526108 0.236190
vt 0.525803 0.235423
vt 0.524795 0.235569
vt 0.526926 0.236142
vt 0.531681 0.213370
vt 0.532316 0.213911
vt 0.532747 0.212861
vt 0.533414 0.213070
vt 0.532925 0.213704
vt 0.520796 0.233780
vt 0.517177 0.231507
vt 0.516561 0.232747
vt 0.520484 0.233065
vt 0.518094 0.235319
vt 0.517319 0.235865
vt 0.517333 0.236647
vt 0.517322 0.235038
vt 0.518441 0.233462
vt 0.516990 0.234626
vt 0.516810 0.235488
vt 0.516223 0.234555
vt 0.515635 0.234688
vt 0.515904 0.234039
vt 0.515193 0.233517
vt 0.514700 0.234157
vt 0.515320 0.235316
vt 0.515977 0.235608
vt 0.514331 0.234843
vt 0.515540 0.235779
vt 0.516576 0.234141
vt 0.533990 0.212531
vt 0.533995 0.213275
vt 0.517417 0.232857
vt 0.530700 0.215208
vt 0.532048 0.236660
vt 0.532160 0.233458
vt 0.531178 0.233832
vt 0.532888 0.233430
vt 0.528941 0.231848
vt 0.518812 0.234242
vt 0.529590 0.231893
vt 0.533330 0.233777
vt 0.528302 0.231267
vt 0.530359 0.233265
vt 0.533738 0.233904
vt 0.516346 0.236029
vt 0.533078 0.232776
vt 0.527469 0.210940
vt 0.521251 0.221151
vt 0.353506 0.187560
vt 0.354742 0.188745
vt 0.354764 0.187627
vt 0.423807 0.318755
vt 0.423245 0.317867
vt 0.424045 0.318018
vt 0.424952 0.317968
vt 0.333939 0.314017
vt 0.333737 0.312832
vt 0.334765 0.313024
vt 0.335218 0.314017
vt 0.551699 0.327936
vt 0.551994 0.328528
vt 0.550816 0.328528
vt 0.553185 0.327964
vt 0.516166 0.239387
vt 0.515355 0.236425
vt 0.514686 0.237768
vt 0.516166 0.236659
vt 0.414481 0.291598
vt 0.413482 0.291140
vt 0.414581 0.290706
vt 0.415125 0.291386
vt 0.415809 0.290843
vt 0.412932 0.289657
vt 0.415698 0.289685
vt 0.416177 0.289087
vt 0.413093 0.288844
vt 0.412462 0.289043
vt 0.410803 0.290125
vt 0.408822 0.289911
vt 0.408474 0.290625
vt 0.409784 0.291027
vt 0.417926 0.289698
vt 0.407172 0.292120
vt 0.408638 0.291949
vt 0.412980 0.290352
vt 0.418779 0.289121
vt 0.419619 0.289864
vt 0.419564 0.288985
vt 0.421615 0.289335
vt 0.419223 0.290993
vt 0.419772 0.290666
vt 0.421042 0.290575
vt 0.421891 0.290355
vt 0.418645 0.291133
vt 0.418006 0.291163
vt 0.417360 0.291000
vt 0.411482 0.291082
vt 0.410879 0.290959
vt 0.411056 0.291678
vt 0.410282 0.290958
vt 0.410173 0.291524
vt 0.409600 0.291424
vt 0.422604 0.290816
vt 0.423516 0.290773
vt 0.424806 0.289783
vt 0.424490 0.290296
vt 0.425946 0.290403
vt 0.425842 0.289796
vt 0.426410 0.289818
vt 0.428330 0.290841
vt 0.426933 0.291353
vt 0.428376 0.290173
vt 0.428464 0.291588
vt 0.429200 0.291130
vt 0.425419 0.291114
vt 0.430490 0.290524
vt 0.430965 0.291044
vt 0.431171 0.290280
vt 0.430261 0.291661
vt 0.430790 0.291790
vt 0.430621 0.292398
vt 0.413001 0.290959
vt 0.397409 0.143584
vt 0.398298 0.143137
vt 0.398298 0.144026
vt 0.487440 0.302467
vt 0.486255 0.302210
vt 0.487440 0.301875
vt 0.619227 0.292694
vt 0.618339 0.292359
vt 0.619227 0.291509
vt 0.430875 0.009573
vt 0.430875 0.010758
vt 0.430282 0.010089
vt 0.420213 0.244717
vt 0.418498 0.244125
vt 0.418436 0.244717
vt 0.490401 0.027046
vt 0.489513 0.026266
vt 0.490401 0.026158
vt 0.504024 0.325271
vt 0.503575 0.324382
vt 0.503136 0.325271
vt 0.666019 0.089015
vt 0.666315 0.088349
vt 0.666315 0.090126
vt 0.666315 0.042742
vt 0.666315 0.043630
vt 0.665427 0.043414
vt 0.402740 0.199406
vt 0.401852 0.198734
vt 0.402740 0.198518
vt 0.594054 0.189337
vt 0.594054 0.190522
vt 0.593462 0.190080
vt 0.515574 0.330897
vt 0.514982 0.330438
vt 0.515574 0.329713
vt 0.405109 0.050146
vt 0.405998 0.050146
vt 0.405488 0.049257
vt 0.341733 0.327936
vt 0.341461 0.327047
vt 0.340845 0.327936
vt 0.445978 0.189337
vt 0.445978 0.189929
vt 0.445090 0.189489
vt 0.478259 0.152910
vt 0.477370 0.152492
vt 0.478259 0.152318
vt 0.456930 0.041313
vt 0.456885 0.040479
vt 0.456569 0.041503
vt 0.457107 0.040803
vt 0.456321 0.041169
vt 0.456389 0.040685
vt 0.456499 0.040158
vt 0.457167 0.040184
vt 0.456817 0.039878
vt 0.455913 0.041714
vt 0.456033 0.040951
vt 0.456255 0.041798
vt 0.456453 0.042151
vt 0.456831 0.041939
vt 0.457209 0.042446
vt 0.456759 0.042607
vt 0.456094 0.042390
vt 0.456363 0.042745
vt 0.456673 0.043516
vt 0.456974 0.042978
vt 0.457171 0.043358
vt 0.457514 0.043799
vt 0.457045 0.044575
vt 0.457549 0.043085
vt 0.457912 0.042903
vt 0.457775 0.042486
vt 0.458218 0.042728
vt 0.457160 0.041637
vt 0.456113 0.040382
vt 0.457556 0.044335
vt 0.457991 0.044303
vt 0.458084 0.043275
vt 0.455914 0.042022
vt 0.456202 0.039774
vt 0.456483 0.039390
vt 0.457238 0.041140
vt 0.457353 0.045111
vt 0.458108 0.043572
vt 0.457227 0.040435
vt 0.457675 0.040859
vt 0.456663 0.037865
vt 0.456230 0.038906
vt 0.456661 0.038670
vt 0.456045 0.038330
vt 0.455510 0.038692
vt 0.455396 0.039877
vt 0.455457 0.038809
vt 0.457273 0.038980
vt 0.457501 0.039464
vt 0.457690 0.039927
vt 0.458115 0.038979
vt 0.457060 0.038443
vt 0.457793 0.038015
vt 0.458955 0.038354
vt 0.459439 0.037424
vt 0.458526 0.036835
vt 0.457428 0.037315
vt 0.457746 0.040374
vt 0.457608 0.036269
vt 0.458403 0.035196
vt 0.456061 0.037075
vt 0.456498 0.035911
vt 0.457462 0.035284
vt 0.456563 0.034326
vt 0.458074 0.033188
vt 0.456903 0.033200
vt 0.457487 0.031488
vt 0.458833 0.039650
vt 0.458826 0.039097
vt 0.458893 0.040113
vt 0.459411 0.039543
vt 0.459554 0.040087
vt 0.458222 0.040295
vt 0.458448 0.040723
vt 0.459601 0.036430
vt 0.459276 0.035223
vt 0.458968 0.040579
vt 0.459601 0.040597
vt 0.457518 0.042054
vt 0.458316 0.041602
vt 0.458263 0.042208
vt 0.458748 0.042436
vt 0.455687 0.037862
vt 0.455217 0.037778
vt 0.455469 0.040928
vt 0.455159 0.040512
vt 0.516760 0.147235
vt 0.516680 0.149250
vt 0.517411 0.148343
vt 0.515835 0.148558
vt 0.518067 0.147476
vt 0.516087 0.147057
vt 0.516496 0.146337
vt 0.515858 0.145931
vt 0.515367 0.146644
vt 0.517268 0.149093
vt 0.517103 0.146194
vt 0.518434 0.146743
vt 0.517502 0.149949
vt 0.516822 0.145421
vt 0.517529 0.145752
vt 0.516593 0.144947
vt 0.515689 0.145202
vt 0.517853 0.148853
vt 0.518315 0.146075
vt 0.518347 0.148167
vt 0.517391 0.145129
vt 0.517090 0.144631
vt 0.515144 0.145853
vt 0.515530 0.147708
vt 0.514997 0.145077
vt 0.514527 0.146143
vt 0.514436 0.145461
vt 0.514906 0.146579
vt 0.516055 0.142976
vt 0.515637 0.141953
vt 0.515531 0.142702
vt 0.515649 0.143747
vt 0.516637 0.143072
vt 0.516878 0.143649
vt 0.517196 0.143946
vt 0.517812 0.143476
vt 0.516289 0.144374
vt 0.515474 0.144692
vt 0.517591 0.144357
vt 0.517735 0.144927
vt 0.518535 0.143848
vt 0.515215 0.144128
vt 0.518535 0.149002
vt 0.427694 0.280906
vt 0.427280 0.281503
vt 0.426119 0.280433
vt 0.425775 0.281758
vt 0.424952 0.281598
vt 0.425358 0.281145
vt 0.426745 0.282032
vt 0.381813 0.300620
vt 0.380381 0.299895
vt 0.381302 0.299842
vt 0.380065 0.300405
vt 0.382159 0.300093
vt 0.379031 0.299521
vt 0.378609 0.300097
vt 0.378458 0.299385
vt 0.377849 0.299236
vt 0.377352 0.299845
vt 0.378371 0.298656
vt 0.379595 0.298862
vt 0.380677 0.298411
vt 0.379599 0.298217
vt 0.379037 0.300921
vt 0.380953 0.301146
vt 0.377729 0.300644
vt 0.382597 0.301270
vt 0.383885 0.300278
vt 0.383630 0.301187
vt 0.383373 0.301835
vt 0.381771 0.299198
vt 0.382116 0.298292
vt 0.382813 0.299366
vt 0.383017 0.298610
vt 0.382771 0.297961
vt 0.383143 0.297485
vt 0.381479 0.297999
vt 0.382276 0.297444
vt 0.384258 0.297877
vt 0.384297 0.298579
vt 0.384750 0.298045
vt 0.383578 0.299225
vt 0.384952 0.299079
vt 0.384374 0.299710
vt 0.384377 0.300674
vt 0.385429 0.299838
vt 0.385809 0.299016
vt 0.384950 0.300424
vt 0.385514 0.300394
vt 0.385534 0.301049
vt 0.385001 0.301443
vt 0.384381 0.301230
vt 0.385481 0.298280
vt 0.386367 0.298309
vt 0.385178 0.297482
vt 0.380192 0.297812
vt 0.378814 0.298170
vt 0.385909 0.299666
vt 0.386340 0.299419
vt 0.386660 0.300378
vt 0.386482 0.298808
vt 0.386845 0.299320
vt 0.384455 0.301874
vt 0.384447 0.297205
vt 0.383734 0.297293
vt 0.385309 0.297136
vt 0.386088 0.300888
vt 0.386095 0.301569
vt 0.386751 0.301547
vt 0.386752 0.300797
vt 0.380706 0.297336
vt 0.377196 0.299269
vt 0.380191 0.301756
vt 0.378159 0.301343
vt 0.377279 0.301369
vt 0.377868 0.301971
vt 0.378612 0.302097
vt 0.379024 0.301484
vt 0.379089 0.302763
vt 0.380655 0.302342
vt 0.380767 0.301687
vt 0.381387 0.302385
vt 0.381771 0.301690
vt 0.381950 0.302372
vt 0.382540 0.301928
vt 0.383517 0.301979
vt 0.383775 0.297444
vt 0.376585 0.299107
vt 0.376255 0.299647
vt 0.377124 0.300411
vt 0.376523 0.300865
vt 0.375747 0.300135
vt 0.375909 0.300954
vt 0.374635 0.300681
vt 0.376089 0.301576
vt 0.384981 0.301951
vt 0.385715 0.302011
vt 0.374985 0.301432
vt 0.373547 0.301175
vt 0.373815 0.300499
vt 0.372829 0.301093
vt 0.377271 0.301956
vt 0.377292 0.302561
vt 0.376679 0.302048
vt 0.614515 0.196046
vt 0.615048 0.195595
vt 0.615673 0.196107
vt 0.615614 0.195140
vt 0.613608 0.195751
vt 0.612753 0.195735
vt 0.613388 0.196445
vt 0.577527 0.312936
vt 0.577052 0.313313
vt 0.577543 0.313787
vt 0.578622 0.312504
vt 0.578654 0.313189
vt 0.576285 0.313703
vt 0.577775 0.314313
vt 0.578642 0.314116
vt 0.576839 0.314313
vt 0.645228 0.304360
vt 0.646433 0.304777
vt 0.644895 0.305200
vt 0.646074 0.304359
vt 0.646455 0.305692
vt 0.645415 0.306317
vt 0.644389 0.306044
vt 0.643614 0.305071
vt 0.644211 0.304788
vt 0.644332 0.304040
vt 0.646541 0.304085
vt 0.643386 0.306070
vt 0.642919 0.305577
vt 0.646985 0.304962
vt 0.647152 0.305724
vt 0.647906 0.304954
vt 0.647227 0.304175
vt 0.648127 0.304234
vt 0.648402 0.304758
vt 0.648890 0.304351
vt 0.649434 0.304948
vt 0.648675 0.305590
vt 0.646939 0.304508
vt 0.647657 0.306317
vt 0.648108 0.306015
vt 0.645804 0.303713
vt 0.646837 0.303652
vt 0.337006 0.095565
vt 0.336349 0.094923
vt 0.336492 0.096522
vt 0.336954 0.094794
vt 0.335813 0.096600
vt 0.336061 0.097132
vt 0.336612 0.097057
vt 0.336172 0.097627
vt 0.335561 0.097855
vt 0.335568 0.095436
vt 0.335057 0.096082
vt 0.335866 0.094277
vt 0.335416 0.097386
vt 0.336822 0.094156
vt 0.336755 0.093063
vt 0.335973 0.093019
vt 0.337465 0.094130
vt 0.337509 0.094709
vt 0.335899 0.092408
vt 0.336386 0.091718
vt 0.337141 0.092151
vt 0.337615 0.093438
vt 0.337757 0.096919
vt 0.337233 0.097478
vt 0.338179 0.092593
vt 0.338157 0.094015
vt 0.337988 0.096349
vt 0.337168 0.096436
vt 0.334850 0.094850
vt 0.338179 0.094652
vt 0.338030 0.091684
vt 0.337310 0.091342
vt 0.338044 0.090422
vt 0.337144 0.090545
vt 0.336565 0.091282
vt 0.335071 0.096875
vt 0.334329 0.095277
vt 0.337151 0.100042
vt 0.337009 0.099417
vt 0.336503 0.100284
vt 0.336100 0.098712
vt 0.335824 0.099561
vt 0.335048 0.099483
vt 0.335762 0.100492
vt 0.336902 0.098655
vt 0.337515 0.098553
vt 0.337642 0.099299
vt 0.338082 0.098380
vt 0.336832 0.098025
vt 0.336263 0.098216
vt 0.337420 0.098010
vt 0.337894 0.097460
vt 0.335770 0.098252
vt 0.335290 0.098378
vt 0.336720 0.097547
vt 0.660208 0.141225
vt 0.660599 0.141917
vt 0.661018 0.141003
vt 0.659823 0.142787
vt 0.660401 0.140664
vt 0.661211 0.140292
vt 0.660751 0.139779
vt 0.661873 0.139287
vt 0.659741 0.140273
vt 0.661830 0.140488
vt 0.659424 0.141009
vt 0.659270 0.141873
vt 0.658569 0.141967
vt 0.658970 0.142694
vt 0.659652 0.143414
vt 0.658729 0.143791
vt 0.658023 0.141802
vt 0.661183 0.142710
vt 0.660479 0.143372
vt 0.661469 0.143944
vt 0.660014 0.144433
vt 0.661580 0.141994
vt 0.661873 0.140959
vt 0.372504 0.170910
vt 0.372089 0.172152
vt 0.371954 0.171128
vt 0.371267 0.171467
vt 0.371408 0.172146
vt 0.370756 0.172753
vt 0.556355 0.118278
vt 0.556754 0.118718
vt 0.557701 0.117858
vt 0.556241 0.117674
vt 0.557142 0.117208
vt 0.558145 0.117316
vt 0.557665 0.118875
vt 0.557203 0.119422
vt 0.558220 0.118534
vt 0.557788 0.120038
vt 0.558079 0.119307
vt 0.556886 0.116646
vt 0.555851 0.117260
vt 0.557731 0.116829
vt 0.557243 0.116122
vt 0.556594 0.115856
vt 0.557049 0.114882
vt 0.557663 0.115518
vt 0.558220 0.116526
vt 0.558207 0.115850
vt 0.557883 0.114952
vt 0.557284 0.114208
vt 0.558113 0.114331
vt 0.557597 0.113744
vt 0.558014 0.113226
vt 0.483244 0.280807
vt 0.484066 0.280703
vt 0.483686 0.281278
vt 0.482879 0.281440
vt 0.482604 0.280720
vt 0.482326 0.281296
vt 0.481813 0.280547
vt 0.481999 0.279839
vt 0.483000 0.279739
vt 0.483608 0.280220
vt 0.483916 0.279663
vt 0.484674 0.279932
vt 0.485366 0.280897
vt 0.484865 0.281440
vt 0.455737 0.316283
vt 0.456074 0.315631
vt 0.456861 0.316334
vt 0.456641 0.315718
vt 0.455937 0.316978
vt 0.457634 0.316978
vt 0.454550 0.316793
vt 0.454889 0.316245
vt 0.455474 0.315631
vt 0.454371 0.315579
vt 0.454929 0.315640
vt 0.453652 0.315608
vt 0.453119 0.316155
vt 0.452741 0.315384
vt 0.452035 0.316149
vt 0.457210 0.315803
vt 0.452189 0.316745
vt 0.457729 0.315785
vt 0.458306 0.315433
vt 0.457749 0.316350
vt 0.458556 0.316341
vt 0.458292 0.316908
vt 0.457223 0.315201
vt 0.458851 0.316905
vt 0.459897 0.315747
vt 0.451901 0.315489
vt 0.458235 0.316061
vt 0.586740 0.309107
vt 0.587026 0.309869
vt 0.585910 0.308727
vt 0.586357 0.310759
vt 0.586876 0.307626
vt 0.586156 0.307460
vt 0.585587 0.307132
vt 0.584906 0.307548
vt 0.584242 0.308931
vt 0.585258 0.309775
vt 0.587358 0.308175
vt 0.586009 0.306649
vt 0.584340 0.305577
vt 0.587667 0.309222
vt 0.588029 0.308481
vt 0.588527 0.309804
vt 0.588814 0.308662
vt 0.589612 0.309663
vt 0.587060 0.309940
vt 0.579452 0.309940
vt 0.579965 0.310759
vt 0.578427 0.309354
vt 0.580071 0.310291
vt 0.578642 0.309965
vt 0.579971 0.309642
vt 0.579309 0.309015
vt 0.580321 0.308379
vt 0.582987 0.305402
vt 0.583601 0.305544
vt 0.582895 0.306495
vt 0.582400 0.306136
vt 0.582105 0.305636
vt 0.582429 0.305203
vt 0.581972 0.304871
vt 0.583792 0.306271
vt 0.583504 0.304905
vt 0.582347 0.304416
vt 0.582727 0.304707
vt 0.582655 0.303948
vt 0.583130 0.304294
vt 0.577306 0.305826
vt 0.576633 0.306915
vt 0.577513 0.304951
vt 0.576581 0.304987
vt 0.577048 0.304022
vt 0.581042 0.306473
vt 0.580641 0.306951
vt 0.581350 0.307357
vt 0.580490 0.307525
vt 0.581493 0.308050
vt 0.582115 0.307322
vt 0.580888 0.308622
vt 0.581709 0.308637
vt 0.582212 0.308220
vt 0.583084 0.307309
vt 0.584138 0.307442
vt 0.583700 0.308487
vt 0.583563 0.309244
vt 0.582561 0.308866
vt 0.580505 0.308998
vt 0.577585 0.304320
vt 0.581993 0.309161
vt 0.664154 0.088905
vt 0.663433 0.089389
vt 0.664754 0.089497
vt 0.664074 0.090016
vt 0.663472 0.090561
vt 0.663057 0.088269
vt 0.663911 0.088358
vt 0.664725 0.088432
vt 0.664789 0.087912
vt 0.665427 0.087913
vt 0.663345 0.087757
vt 0.665376 0.088520
vt 0.664670 0.090123
vt 0.663790 0.091244
vt 0.664593 0.091985
vt 0.665355 0.090158
vt 0.665427 0.089213
vt 0.663534 0.092262
vt 0.663215 0.091767
vt 0.664857 0.089046
vt 0.664127 0.092792
vt 0.665165 0.092371
vt 0.342528 0.165053
vt 0.343510 0.165610
vt 0.342325 0.166460
vt 0.343510 0.167126
vt 0.651949 0.231795
vt 0.651577 0.231024
vt 0.652068 0.230851
vt 0.651220 0.231723
vt 0.650759 0.231383
vt 0.652449 0.230676
vt 0.650885 0.232426
vt 0.652101 0.232575
vt 0.650556 0.230502
vt 0.650186 0.231622
vt 0.650020 0.232575
vt 0.652647 0.232338
vt 0.652988 0.231838
vt 0.649434 0.232006
vt 0.558812 0.142841
vt 0.558812 0.143730
vt 0.557331 0.143627
vt 0.641065 0.187202
vt 0.641501 0.186608
vt 0.640550 0.186382
vt 0.641127 0.185879
vt 0.642121 0.186840
vt 0.642291 0.186224
vt 0.642769 0.186887
vt 0.643028 0.185783
vt 0.645906 0.187375
vt 0.646473 0.187940
vt 0.646322 0.186979
vt 0.581616 0.296840
vt 0.582800 0.296840
vt 0.582075 0.295952
vt 0.582626 0.296140
vt 0.451309 0.003058
vt 0.450421 0.001945
vt 0.451309 0.001577
vt 0.551112 0.044519
vt 0.551939 0.043630
vt 0.551257 0.043740
vt 0.552297 0.044519
vt 0.557610 0.121475
vt 0.556443 0.121504
vt 0.556447 0.122113
vt 0.557628 0.120630
vt 0.557628 0.122101
vt 0.557047 0.122407
vt 0.656978 0.261302
vt 0.656869 0.262214
vt 0.656063 0.262131
vt 0.657205 0.262783
vt 0.655790 0.261333
vt 0.655338 0.261709
vt 0.657727 0.262350
vt 0.655762 0.262783
vt 0.655061 0.262112
vt 0.473520 0.082130
vt 0.472966 0.081242
vt 0.472336 0.082130
vt 0.654008 0.178078
vt 0.653342 0.177302
vt 0.654371 0.177013
vt 0.655644 0.177752
vt 0.655246 0.177023
vt 0.655484 0.176306
vt 0.655982 0.176882
vt 0.361575 0.051034
vt 0.361575 0.052515
vt 0.360983 0.051557
vt 0.335443 0.306401
vt 0.334570 0.306909
vt 0.335067 0.305725
vt 0.335729 0.305887
vt 0.334271 0.306093
vt 0.334002 0.306730
vt 0.333737 0.305800
vt 0.655539 0.062880
vt 0.656246 0.063473
vt 0.656212 0.062897
vt 0.654765 0.063473
vt 0.624558 0.255163
vt 0.624610 0.255906
vt 0.625446 0.255083
vt 0.625446 0.256267
vt 0.346471 0.178083
vt 0.345822 0.177195
vt 0.345287 0.178083
vt 0.357725 0.230206
vt 0.357369 0.229317
vt 0.356541 0.230206
vt 0.422582 0.016321
vt 0.423471 0.015792
vt 0.423471 0.016681
vt 0.451309 0.333267
vt 0.450489 0.332674
vt 0.449828 0.333267
vt 0.666315 0.098715
vt 0.665264 0.098081
vt 0.665130 0.098715
vt 0.666080 0.097826
vt 0.358208 0.184786
vt 0.358968 0.185502
vt 0.359203 0.184843
vt 0.359798 0.184980
vt 0.358130 0.185827
vt 0.356933 0.184826
vt 0.357485 0.184668
vt 0.359450 0.186778
vt 0.359771 0.185473
vt 0.359798 0.186095
vt 0.357493 0.186033
vt 0.356951 0.185446
vt 0.356259 0.185645
vt 0.355662 0.184599
vt 0.357455 0.186712
vt 0.356325 0.186747
vt 0.356892 0.186943
vt 0.358336 0.186669
vt 0.355564 0.186968
vt 0.355356 0.185726
vt 0.662527 0.199423
vt 0.662761 0.198814
vt 0.661674 0.198911
vt 0.661715 0.199927
vt 0.661377 0.199462
vt 0.660810 0.199202
vt 0.660776 0.199795
vt 0.660227 0.199488
vt 0.660187 0.199008
vt 0.659530 0.199256
vt 0.662403 0.200238
vt 0.662080 0.200883
vt 0.661583 0.201901
vt 0.662133 0.201582
vt 0.662552 0.202200
vt 0.661218 0.203401
vt 0.660966 0.201450
vt 0.660594 0.202266
vt 0.662761 0.202999
vt 0.660432 0.200651
vt 0.659749 0.200716
vt 0.659549 0.199950
vt 0.659792 0.201633
vt 0.658940 0.200610
vt 0.658615 0.200140
vt 0.659014 0.201193
vt 0.661702 0.204082
vt 0.662690 0.204145
vt 0.348956 0.233613
vt 0.349310 0.234463
vt 0.348193 0.233001
vt 0.349760 0.233090
vt 0.350321 0.234489
vt 0.611917 0.058727
vt 0.612649 0.058882
vt 0.611667 0.058246
vt 0.612655 0.057919
vt 0.613541 0.058455
vt 0.614267 0.058813
vt 0.613974 0.057887
vt 0.615737 0.058864
vt 0.615359 0.057731
vt 0.616393 0.058459
vt 0.614935 0.057120
vt 0.611972 0.057781
vt 0.613870 0.057002
vt 0.615840 0.058275
vt 0.616989 0.058131
vt 0.616762 0.057664
vt 0.615921 0.057347
vt 0.616403 0.057035
vt 0.615360 0.056957
vt 0.516759 0.317867
vt 0.517943 0.317867
vt 0.517652 0.317274
vt 0.652751 0.107303
vt 0.652396 0.107730
vt 0.652987 0.108236
vt 0.653581 0.107733
vt 0.653581 0.108784
vt 0.652674 0.108690
vt 0.404517 0.166758
vt 0.405132 0.166795
vt 0.404834 0.167401
vt 0.405768 0.167422
vt 0.405082 0.166160
vt 0.405641 0.166188
vt 0.406189 0.166765
vt 0.407002 0.167394
vt 0.406789 0.166536
vt 0.407569 0.166591
vt 0.406828 0.165654
vt 0.408603 0.165897
vt 0.408291 0.166831
vt 0.406251 0.165701
vt 0.409156 0.166573
vt 0.409255 0.165949
vt 0.609750 0.053996
vt 0.610136 0.054771
vt 0.610639 0.054001
vt 0.610639 0.055476
vt 0.642623 0.053107
vt 0.641438 0.053045
vt 0.642003 0.052456
vt 0.500573 0.084643
vt 0.500043 0.084406
vt 0.499610 0.084751
vt 0.500480 0.085460
vt 0.501335 0.085077
vt 0.501315 0.085684
vt 0.500400 0.084139
vt 0.500737 0.083682
vt 0.501700 0.083835
vt 0.501939 0.084962
vt 0.499866 0.083629
vt 0.500433 0.082931
vt 0.501291 0.083401
vt 0.501490 0.082715
vt 0.502433 0.083398
vt 0.502069 0.082573
vt 0.502839 0.082997
vt 0.502316 0.081854
vt 0.501163 0.082076
vt 0.501644 0.081834
vt 0.499098 0.084065
vt 0.498648 0.085840
vt 0.498266 0.086695
vt 0.498852 0.086404
vt 0.499326 0.086051
vt 0.500294 0.086578
vt 0.499550 0.085381
vt 0.498582 0.087179
vt 0.499902 0.087535
vt 0.498118 0.088151
vt 0.500849 0.086426
vt 0.500903 0.087414
vt 0.500412 0.088778
vt 0.499366 0.088412
vt 0.499381 0.089438
vt 0.498613 0.089427
vt 0.498226 0.088880
vt 0.500258 0.088063
vt 0.498134 0.090436
vt 0.499277 0.090404
vt 0.498101 0.089783
vt 0.406886 0.311648
vt 0.406886 0.312832
vt 0.406294 0.312669
vt 0.358549 0.064350
vt 0.359502 0.064953
vt 0.358317 0.064953
vt 0.358793 0.063769
vt 0.576342 0.326455
vt 0.576923 0.325905
vt 0.577433 0.326153
vt 0.576285 0.325712
vt 0.578218 0.325422
vt 0.577781 0.324678
vt 0.578654 0.326455
vt 0.576975 0.325337
vt 0.655564 0.326403
vt 0.654945 0.326751
vt 0.654765 0.325863
vt 0.655554 0.325914
vt 0.656246 0.326751
vt 0.537535 0.318755
vt 0.537912 0.319428
vt 0.537250 0.319572
vt 0.538155 0.320049
vt 0.536830 0.318916
vt 0.539068 0.320949
vt 0.539015 0.322040
vt 0.538324 0.321908
vt 0.537870 0.320697
vt 0.536965 0.321045
vt 0.537530 0.322704
vt 0.538810 0.323119
vt 0.538301 0.322906
vt 0.535961 0.321165
vt 0.535403 0.321903
vt 0.534681 0.321331
vt 0.539375 0.323082
vt 0.539625 0.321655
vt 0.539769 0.321083
vt 0.536232 0.320436
vt 0.535426 0.320298
vt 0.536150 0.319026
vt 0.534452 0.322402
vt 0.534848 0.320217
vt 0.534309 0.320132
vt 0.533846 0.319439
vt 0.534392 0.319494
vt 0.535206 0.319505
vt 0.535621 0.318897
vt 0.534979 0.318958
vt 0.533343 0.318808
vt 0.536680 0.319711
vt 0.540154 0.321932
vt 0.539505 0.322503
vt 0.540129 0.322935
vt 0.540701 0.322015
vt 0.541391 0.322847
vt 0.541386 0.322167
vt 0.541659 0.323494
vt 0.542183 0.322868
vt 0.542315 0.322190
vt 0.542820 0.322967
vt 0.536708 0.322532
vt 0.537108 0.323280
vt 0.535950 0.322785
vt 0.535052 0.322402
vt 0.535465 0.323198
vt 0.534677 0.323009
vt 0.538144 0.323494
vt 0.514042 0.150679
vt 0.513522 0.151280
vt 0.514837 0.150813
vt 0.513471 0.150541
vt 0.514546 0.151677
vt 0.514061 0.152172
vt 0.513144 0.152005
vt 0.514982 0.152626
vt 0.513160 0.152902
vt 0.514581 0.153365
vt 0.513523 0.153858
vt 0.514824 0.154487
vt 0.512845 0.153438
vt 0.513074 0.154535
vt 0.514310 0.154862
vt 0.512537 0.155238
vt 0.512517 0.154667
vt 0.512316 0.154124
vt 0.514982 0.155576
vt 0.513874 0.155527
vt 0.435954 0.047777
vt 0.435613 0.048665
vt 0.436205 0.048665
vt 0.335810 0.089733
vt 0.336402 0.089238
vt 0.336402 0.090422
vt 0.560293 0.016384
vt 0.559404 0.016181
vt 0.560293 0.015496
vt 0.354954 0.308404
vt 0.355652 0.308124
vt 0.354764 0.307798
vt 0.430875 0.279959
vt 0.430271 0.279367
vt 0.429690 0.279959
vt 0.585021 0.151133
vt 0.584281 0.151726
vt 0.585762 0.151726
vt 0.495475 0.309180
vt 0.495490 0.310167
vt 0.494984 0.309569
vt 0.495022 0.308686
vt 0.494037 0.309351
vt 0.493955 0.310167
vt 0.496028 0.308788
vt 0.495916 0.309677
vt 0.635515 0.127837
vt 0.636404 0.127441
vt 0.636404 0.128330
vt 0.541696 0.153989
vt 0.541269 0.154835
vt 0.541931 0.154988
vt 0.540823 0.154168
vt 0.541931 0.152910
vt 0.540747 0.155280
vt 0.651211 0.113619
vt 0.651804 0.113886
vt 0.651804 0.112930
vt 0.651699 0.114707
vt 0.501951 0.024677
vt 0.501063 0.024779
vt 0.501255 0.025369
vt 0.501951 0.025565
vt 0.633738 0.248863
vt 0.632850 0.248677
vt 0.633738 0.247975
vt 0.659203 0.011611
vt 0.658917 0.010758
vt 0.660096 0.011646
vt 0.658319 0.011646
vt 0.648250 0.328232
vt 0.648250 0.329121
vt 0.647361 0.329058
vt 0.662895 0.132832
vt 0.663849 0.133429
vt 0.663946 0.132840
vt 0.662553 0.130812
vt 0.662812 0.131326
vt 0.663221 0.130970
vt 0.662212 0.131639
vt 0.663057 0.131854
vt 0.662169 0.132511
vt 0.662563 0.133336
vt 0.663434 0.134235
vt 0.662785 0.134445
vt 0.662220 0.134840
vt 0.663503 0.134882
vt 0.662265 0.135579
vt 0.662673 0.136326
vt 0.663710 0.132492
vt 0.663695 0.130409
vt 0.663066 0.129969
vt 0.663815 0.129759
vt 0.663502 0.129218
vt 0.663946 0.131164
vt 0.663911 0.131536
vt 0.607677 0.253475
vt 0.608566 0.252713
vt 0.608566 0.253602
vt 0.439108 0.051658
vt 0.437711 0.051559
vt 0.437192 0.052906
vt 0.438251 0.052477
vt 0.438456 0.051458
vt 0.438633 0.050945
vt 0.439632 0.050244
vt 0.438654 0.049314
vt 0.439842 0.048817
vt 0.438671 0.048526
vt 0.437014 0.049099
vt 0.437492 0.049732
vt 0.439486 0.048139
vt 0.439108 0.047353
vt 0.438296 0.047316
vt 0.438747 0.046647
vt 0.439550 0.046656
vt 0.437426 0.048364
vt 0.437692 0.047480
vt 0.436992 0.047744
vt 0.436620 0.048454
vt 0.438239 0.049729
vt 0.438623 0.050400
vt 0.437900 0.050369
vt 0.438039 0.050915
vt 0.438500 0.045464
vt 0.436501 0.047441
vt 0.577415 0.285586
vt 0.576581 0.286179
vt 0.577470 0.286179
vt 0.636404 0.213932
vt 0.636996 0.213325
vt 0.636996 0.214214
vt 0.440055 0.121719
vt 0.440648 0.121222
vt 0.440648 0.122111
vt 0.589316 0.011646
vt 0.588723 0.012212
vt 0.589316 0.012388
vt 0.589120 0.013127
vt 0.334625 0.165876
vt 0.334625 0.166829
vt 0.334033 0.166483
vt 0.334180 0.165349
vt 0.576877 0.033857
vt 0.577766 0.033857
vt 0.577123 0.033265
vt 0.519128 0.044519
vt 0.518994 0.043818
vt 0.518239 0.044519
vt 0.518491 0.043334
vt 0.559700 0.138695
vt 0.559272 0.138103
vt 0.558516 0.138695
vt 0.493513 0.263375
vt 0.494251 0.263330
vt 0.494251 0.262783
vt 0.493363 0.262783
vt 0.340901 0.332126
vt 0.341707 0.332214
vt 0.340798 0.332674
vt 0.340252 0.332082
vt 0.341287 0.331490
vt 0.342325 0.331890
vt 0.342114 0.332674
vt 0.511132 0.175714
vt 0.510539 0.174971
vt 0.511132 0.174529
vt 0.422878 0.027046
vt 0.422121 0.026454
vt 0.421398 0.027046
vt 0.649445 0.056482
vt 0.649533 0.055773
vt 0.648871 0.056661
vt 0.650027 0.056661
vt 0.648889 0.055894
vt 0.648250 0.055862
vt 0.657532 0.149498
vt 0.657401 0.150739
vt 0.656725 0.150609
vt 0.656807 0.148824
vt 0.656040 0.148784
vt 0.656137 0.147766
vt 0.657620 0.148305
vt 0.655254 0.148302
vt 0.655271 0.149286
vt 0.656009 0.149789
vt 0.655251 0.147324
vt 0.654469 0.147283
vt 0.655117 0.150003
vt 0.656005 0.150837
vt 0.658069 0.150668
vt 0.658175 0.149878
vt 0.658879 0.150357
vt 0.658750 0.149563
vt 0.659436 0.150459
vt 0.659400 0.148720
vt 0.659883 0.149136
vt 0.659702 0.148264
vt 0.658989 0.148043
vt 0.658975 0.147424
vt 0.659956 0.147700
vt 0.658839 0.149016
vt 0.658844 0.148499
vt 0.658390 0.147819
vt 0.658510 0.147360
vt 0.658222 0.148775
vt 0.654710 0.148805
vt 0.540451 0.158537
vt 0.540451 0.159426
vt 0.539858 0.158750
vt 0.639069 0.292417
vt 0.639661 0.292398
vt 0.639661 0.293286
vt 0.370163 0.154983
vt 0.370756 0.154983
vt 0.370339 0.154095
vt 0.578950 0.174233
vt 0.578103 0.173941
vt 0.578682 0.173651
vt 0.577810 0.173364
vt 0.577470 0.174233
vt 0.578429 0.173062
vt 0.577542 0.172753
vt 0.665723 0.212692
vt 0.666315 0.212141
vt 0.666315 0.213325
vt 0.630185 0.140768
vt 0.630185 0.141657
vt 0.629592 0.141165
vt 0.426432 0.316978
vt 0.426432 0.317571
vt 0.425840 0.317370
vt 0.599977 0.181933
vt 0.599101 0.181575
vt 0.599977 0.180806
vt 0.599089 0.180749
vt 0.638146 0.118853
vt 0.639365 0.118853
vt 0.638454 0.118261
vt 0.637588 0.118271
vt 0.333441 0.050454
vt 0.334033 0.049850
vt 0.334033 0.050738
vt 0.646594 0.301924
vt 0.646357 0.302480
vt 0.646885 0.302686
vt 0.645814 0.302088
vt 0.645853 0.302989
vt 0.647551 0.302537
vt 0.645891 0.301467
vt 0.646773 0.300584
vt 0.645336 0.300768
vt 0.644550 0.299920
vt 0.646604 0.299710
vt 0.645384 0.299111
vt 0.644861 0.300470
vt 0.644088 0.299605
vt 0.644423 0.298497
vt 0.643562 0.299303
vt 0.643314 0.299946
vt 0.645506 0.298399
vt 0.644585 0.297765
vt 0.643560 0.297694
vt 0.644620 0.296710
vt 0.645615 0.296297
vt 0.646195 0.295671
vt 0.644083 0.295701
vt 0.646080 0.296798
vt 0.645345 0.294780
vt 0.643526 0.294883
vt 0.644912 0.294069
vt 0.645718 0.293859
vt 0.644074 0.293694
vt 0.643055 0.293962
vt 0.643718 0.296473
vt 0.645897 0.293284
vt 0.645063 0.293283
vt 0.646353 0.294400
vt 0.645562 0.297347
vt 0.643175 0.298769
vt 0.646562 0.298808
vt 0.644794 0.301580
vt 0.644648 0.301007
vt 0.647266 0.301225
vt 0.644076 0.300517
vt 0.647954 0.303059
vt 0.643490 0.300607
vt 0.642631 0.297465
vt 0.642088 0.296118
vt 0.641797 0.297954
vt 0.641347 0.296944
vt 0.640731 0.296261
vt 0.639958 0.296740
vt 0.640080 0.296103
vt 0.640514 0.295442
vt 0.639602 0.295778
vt 0.639538 0.295093
vt 0.641374 0.295471
vt 0.640950 0.298040
vt 0.640468 0.294282
vt 0.639883 0.293703
vt 0.640823 0.293531
vt 0.641268 0.292694
vt 0.641987 0.293531
vt 0.638773 0.294362
vt 0.641945 0.294054
vt 0.646804 0.295076
vt 0.647557 0.294180
vt 0.647027 0.296031
vt 0.647477 0.295202
vt 0.647812 0.295901
vt 0.647954 0.294419
vt 0.646528 0.297752
vt 0.646752 0.293697
vt 0.642501 0.298646
vt 0.644387 0.301218
vt 0.644208 0.300697
vt 0.646582 0.296907
vt 0.642401 0.295522
vt 0.645027 0.302306
vt 0.642825 0.294064
vt 0.647265 0.297385
vt 0.643105 0.299368
vt 0.524459 0.333267
vt 0.525574 0.331786
vt 0.526532 0.333267
vt 0.526469 0.332090
vt 0.399186 0.221590
vt 0.399186 0.220433
vt 0.397706 0.221914
vt 0.397993 0.220451
vt 0.359206 0.294175
vt 0.358317 0.294714
vt 0.359206 0.295359
vt 0.355640 0.270584
vt 0.355282 0.271164
vt 0.356090 0.271777
vt 0.355365 0.271963
vt 0.354357 0.270501
vt 0.354869 0.271643
vt 0.354392 0.271164
vt 0.353625 0.271072
vt 0.353587 0.268815
vt 0.353174 0.269558
vt 0.353486 0.270063
vt 0.352789 0.270093
vt 0.353096 0.270580
vt 0.352394 0.269772
vt 0.556715 0.274201
vt 0.557285 0.274047
vt 0.558025 0.273839
vt 0.557743 0.272833
vt 0.557068 0.273214
vt 0.556345 0.272803
vt 0.556983 0.272568
vt 0.556818 0.271963
vt 0.556147 0.272207
vt 0.521079 0.251825
vt 0.520905 0.252713
vt 0.521793 0.252713
vt 0.654469 0.121385
vt 0.655357 0.120630
vt 0.655357 0.121518
vt 0.588427 0.185487
vt 0.587835 0.185003
vt 0.588427 0.184599
vt 0.443905 0.311577
vt 0.444498 0.310759
vt 0.444498 0.311648
vt 0.600273 0.289732
vt 0.600273 0.290621
vt 0.599385 0.290116
vt 0.333509 0.250640
vt 0.333441 0.251529
vt 0.334033 0.251529
vt 0.580027 0.276702
vt 0.579543 0.277294
vt 0.580431 0.277294
vt 0.558516 0.271371
vt 0.557734 0.271394
vt 0.558437 0.271963
vt 0.557628 0.271963
vt 0.413402 0.141467
vt 0.413994 0.141064
vt 0.413994 0.141953
vt 0.406907 0.196741
vt 0.406294 0.197333
vt 0.407479 0.197333
vt 0.498710 0.325863
vt 0.498902 0.324974
vt 0.498101 0.325816
vt 0.499582 0.325863
vt 0.536008 0.295313
vt 0.536810 0.294471
vt 0.536618 0.295359
vt 0.537489 0.295359
vt 0.613008 0.176306
vt 0.613896 0.176306
vt 0.613709 0.175418
vt 0.664834 0.238794
vt 0.664133 0.237906
vt 0.663946 0.238794
vt 0.600017 0.151219
vt 0.598905 0.151006
vt 0.598418 0.150355
vt 0.599529 0.150370
vt 0.599464 0.151432
vt 0.598537 0.151518
vt 0.598269 0.150914
vt 0.600117 0.150481
vt 0.600618 0.151253
vt 0.600664 0.150522
vt 0.601338 0.151371
vt 0.600704 0.149949
vt 0.601254 0.149990
vt 0.601283 0.150594
vt 0.597862 0.150341
vt 0.600918 0.152022
vt 0.597748 0.151114
vt 0.601754 0.152020
vt 0.596944 0.151301
vt 0.596545 0.152020
vt 0.596073 0.151269
vt 0.595535 0.151536
vt 0.559982 0.115961
vt 0.560004 0.115003
vt 0.560561 0.115997
vt 0.559420 0.115215
vt 0.559404 0.116188
vt 0.561145 0.115198
vt 0.561181 0.116188
vt 0.589073 0.091311
vt 0.588723 0.092199
vt 0.589316 0.092199
vt 0.428505 0.123295
vt 0.427913 0.122679
vt 0.428505 0.122407
vt 0.504270 0.211252
vt 0.503728 0.211844
vt 0.505209 0.211844
vt 0.483886 0.258740
vt 0.485070 0.258340
vt 0.485070 0.259229
vt 0.430942 0.040959
vt 0.432679 0.041586
vt 0.432534 0.040917
vt 0.433836 0.041774
vt 0.430363 0.041806
vt 0.431810 0.041853
vt 0.430282 0.040411
vt 0.431226 0.040373
vt 0.432966 0.040399
vt 0.433836 0.040502
vt 0.360127 0.327518
vt 0.360204 0.328155
vt 0.359388 0.327332
vt 0.360673 0.326594
vt 0.359494 0.326525
vt 0.361537 0.326872
vt 0.361500 0.326378
vt 0.357716 0.327013
vt 0.362092 0.327887
vt 0.359508 0.328232
vt 0.362007 0.326536
vt 0.362500 0.326494
vt 0.362673 0.327850
vt 0.358486 0.327901
vt 0.363082 0.327083
vt 0.356238 0.328025
vt 0.356431 0.327077
vt 0.354845 0.327497
vt 0.355655 0.326698
vt 0.354707 0.326831
vt 0.353579 0.327963
vt 0.354924 0.328232
vt 0.356699 0.326172
vt 0.355908 0.326159
vt 0.363648 0.327583
vt 0.360686 0.327844
vt 0.357669 0.326331
vt 0.377863 0.263966
vt 0.378754 0.265344
vt 0.378055 0.265118
vt 0.378248 0.263098
vt 0.377888 0.261894
vt 0.378284 0.266211
vt 0.379048 0.266633
vt 0.379048 0.263090
vt 0.544005 0.266633
vt 0.544893 0.266719
vt 0.544091 0.267346
vt 0.544893 0.268113
vt 0.658072 0.296121
vt 0.658023 0.297139
vt 0.658911 0.296619
vt 0.658911 0.297900
vt 0.658068 0.298025
vt 0.658408 0.295655
vt 0.384971 0.000392
vt 0.386452 0.001281
vt 0.385200 0.001281
vt 0.386325 0.000449
vt 0.652692 0.309278
vt 0.652692 0.308094
vt 0.652122 0.308573
vt 0.652100 0.309260
vt 0.583542 0.072299
vt 0.583811 0.071138
vt 0.583672 0.070030
vt 0.584310 0.071848
vt 0.584219 0.072922
vt 0.583719 0.073470
vt 0.583951 0.074276
vt 0.585749 0.065881
vt 0.584221 0.065330
vt 0.584614 0.067542
vt 0.587224 0.066361
vt 0.587243 0.069901
vt 0.585407 0.069263
vt 0.584502 0.069171
vt 0.587029 0.065258
vt 0.584396 0.070783
vt 0.585379 0.072408
vt 0.587007 0.073001
vt 0.585737 0.074984
vt 0.586139 0.077158
vt 0.584820 0.064689
vt 0.586724 0.061970
vt 0.584743 0.073245
vt 0.584968 0.062665
vt 0.585720 0.060261
vt 0.586906 0.059527
vt 0.584360 0.063370
vt 0.584702 0.058450
vt 0.585251 0.059680
vt 0.585480 0.056356
vt 0.585236 0.053128
vt 0.585824 0.058900
vt 0.585944 0.057410
vt 0.587243 0.055182
vt 0.586036 0.055917
vt 0.586731 0.054257
vt 0.585487 0.054239
vt 0.585189 0.074638
vt 0.584452 0.077316
vt 0.586102 0.077702
vt 0.585072 0.079403
vt 0.585889 0.080682
vt 0.584978 0.081704
vt 0.584617 0.074865
vt 0.584520 0.075957
vt 0.584255 0.080166
vt 0.584353 0.078674
vt 0.583883 0.062310
vt 0.584196 0.057702
vt 0.584338 0.054977
vt 0.584278 0.053337
vt 0.584412 0.052460
vt 0.585701 0.052176
vt 0.585814 0.050331
vt 0.584766 0.050131
vt 0.584518 0.049257
vt 0.585813 0.049339
vt 0.583374 0.060918
vt 0.583351 0.061754
vt 0.584013 0.057138
vt 0.586271 0.053197
vt 0.586583 0.052672
vt 0.583788 0.063538
vt 0.583950 0.076490
vt 0.584085 0.066968
vt 0.584022 0.068320
vt 0.584122 0.066150
vt 0.583650 0.058063
vt 0.586378 0.051831
vt 0.583659 0.065288
vt 0.586497 0.050199
vt 0.586562 0.049383
vt 0.583475 0.066408
vt 0.583097 0.064208
vt 0.583910 0.074825
vt 0.583837 0.075897
vt 0.583437 0.067196
vt 0.583384 0.068283
vt 0.583143 0.074765
vt 0.583838 0.079751
vt 0.583747 0.078326
vt 0.583764 0.077557
vt 0.613517 0.083197
vt 0.613693 0.083907
vt 0.612932 0.083901
vt 0.614854 0.083427
vt 0.615377 0.082514
vt 0.607528 0.082894
vt 0.606141 0.082925
vt 0.606664 0.082266
vt 0.607570 0.082130
vt 0.605864 0.082303
vt 0.605036 0.082363
vt 0.608124 0.082318
vt 0.604534 0.083618
vt 0.603666 0.083703
vt 0.603688 0.083046
vt 0.604511 0.082996
vt 0.606152 0.083571
vt 0.608323 0.083583
vt 0.608369 0.082951
vt 0.609857 0.082972
vt 0.609461 0.082327
vt 0.610817 0.082418
vt 0.611869 0.083085
vt 0.609280 0.083647
vt 0.602847 0.083172
vt 0.602069 0.083907
vt 0.602050 0.083296
vt 0.611897 0.082372
vt 0.612565 0.083002
vt 0.603901 0.082322
vt 0.612101 0.083848
vt 0.613582 0.082332
vt 0.360275 0.095253
vt 0.361825 0.094961
vt 0.359700 0.095595
vt 0.361249 0.094934
vt 0.358713 0.095022
vt 0.359893 0.094431
vt 0.357996 0.096059
vt 0.357493 0.095481
vt 0.356541 0.096101
vt 0.356793 0.096642
vt 0.360487 0.094562
vt 0.361144 0.094378
vt 0.360475 0.093976
vt 0.363484 0.095457
vt 0.362894 0.095327
vt 0.363174 0.094638
vt 0.362565 0.094557
vt 0.362042 0.094370
vt 0.364109 0.095066
vt 0.364842 0.096027
vt 0.365364 0.095516
vt 0.365744 0.096289
vt 0.366906 0.096642
vt 0.351210 0.332082
vt 0.350484 0.331786
vt 0.348841 0.332082
vt 0.424952 0.145156
vt 0.425544 0.144322
vt 0.425544 0.145507
vt 0.424983 0.144350
vt 0.588723 0.089113
vt 0.589316 0.088942
vt 0.589316 0.090126
vt 0.660392 0.216583
vt 0.659800 0.216357
vt 0.660392 0.215102
vt 0.605012 0.002761
vt 0.605012 0.004242
vt 0.604419 0.002987
vt 0.393263 0.170976
vt 0.392814 0.170383
vt 0.392375 0.170976
vt 0.617746 0.164317
vt 0.618339 0.163868
vt 0.618339 0.164756
vt 0.658023 0.052219
vt 0.658023 0.053699
vt 0.657727 0.052534
vt 0.443313 0.128626
vt 0.442713 0.128034
vt 0.442128 0.128626
vt 0.456508 0.082844
vt 0.455021 0.081976
vt 0.455624 0.082255
vt 0.454863 0.083019
vt 0.455834 0.081673
vt 0.456303 0.082275
vt 0.456734 0.081538
vt 0.456899 0.082207
vt 0.457488 0.082821
vt 0.459615 0.082615
vt 0.458584 0.081954
vt 0.459596 0.081741
vt 0.460987 0.081698
vt 0.460731 0.082467
vt 0.463072 0.082507
vt 0.463652 0.082106
vt 0.464343 0.083019
vt 0.464932 0.082703
vt 0.458812 0.082440
vt 0.458037 0.082396
vt 0.457468 0.081869
vt 0.458094 0.081740
vt 0.644067 0.052811
vt 0.644793 0.052811
vt 0.644331 0.051923
vt 0.645963 0.051947
vt 0.643511 0.052163
vt 0.646177 0.052687
vt 0.529467 0.281736
vt 0.528899 0.280848
vt 0.529422 0.281099
vt 0.530085 0.281203
vt 0.528309 0.281736
vt 0.663354 0.238498
vt 0.663354 0.239387
vt 0.662169 0.238843
vt 0.514389 0.262486
vt 0.515671 0.261598
vt 0.515571 0.262461
vt 0.516166 0.262486
vt 0.662801 0.311755
vt 0.662579 0.311200
vt 0.662169 0.311878
vt 0.663043 0.310866
vt 0.663354 0.311530
vt 0.662454 0.312542
vt 0.662234 0.310759
vt 0.663354 0.312301
vt 0.662588 0.313128
vt 0.547262 0.332963
vt 0.546374 0.332971
vt 0.546388 0.332404
vt 0.547262 0.331786
vt 0.513205 0.219544
vt 0.513797 0.220729
vt 0.513797 0.219603
vt 0.513246 0.220174
vt 0.529840 0.288252
vt 0.531270 0.288252
vt 0.530335 0.287606
vt 0.530966 0.287879
vt 0.529789 0.287363
vt 0.618579 0.258648
vt 0.619227 0.259229
vt 0.617902 0.259229
vt 0.617746 0.258636
vt 0.588723 0.132450
vt 0.589020 0.131884
vt 0.589020 0.134253
vt 0.425248 0.029870
vt 0.425840 0.029415
vt 0.425840 0.030600
vt 0.505801 0.276109
vt 0.505209 0.275759
vt 0.505801 0.274925
vt 0.665179 0.114411
vt 0.665130 0.113689
vt 0.665984 0.113827
vt 0.666021 0.114411
vt 0.666315 0.113226
vt 0.397197 0.200191
vt 0.397113 0.200887
vt 0.398002 0.199998
vt 0.398002 0.200868
vt 0.401259 0.193079
vt 0.401852 0.192595
vt 0.401852 0.193483
vt 0.504610 0.043647
vt 0.504578 0.043038
vt 0.503846 0.043637
vt 0.504616 0.044234
vt 0.503161 0.044924
vt 0.504605 0.044821
vt 0.503136 0.044191
vt 0.503788 0.045418
vt 0.504616 0.045703
vt 0.516462 0.084499
vt 0.516462 0.085388
vt 0.515870 0.085034
vt 0.587243 0.053472
vt 0.587539 0.052811
vt 0.587539 0.053996
vt 0.637292 0.073838
vt 0.636704 0.073542
vt 0.636108 0.073838
vt 0.615526 0.259380
vt 0.616674 0.259631
vt 0.616842 0.258936
vt 0.616290 0.256646
vt 0.617154 0.258248
vt 0.615579 0.260117
vt 0.616993 0.256056
vt 0.616462 0.254924
vt 0.615831 0.255450
vt 0.616952 0.254467
vt 0.616345 0.256063
vt 0.615864 0.254931
vt 0.615627 0.256421
vt 0.617130 0.256700
vt 0.617117 0.257372
vt 0.616290 0.254361
vt 0.615588 0.254331
vt 0.616184 0.253989
vt 0.616112 0.253545
vt 0.615377 0.253440
vt 0.616018 0.252550
vt 0.617154 0.252417
vt 0.616337 0.253042
vt 0.616807 0.253776
vt 0.341141 0.330897
vt 0.340548 0.330736
vt 0.341141 0.330009
vt 0.550327 0.192299
vt 0.550224 0.193187
vt 0.550816 0.193187
vt 0.627519 0.304280
vt 0.628111 0.303652
vt 0.628112 0.305428
vt 0.536648 0.192002
vt 0.535712 0.192595
vt 0.537193 0.192595
vt 0.626335 0.325271
vt 0.626335 0.326159
vt 0.625742 0.325879
vt 0.379640 0.149949
vt 0.379032 0.149356
vt 0.378752 0.149949
vt 0.609750 0.004242
vt 0.608862 0.003606
vt 0.609750 0.003354
vt 0.339364 0.096258
vt 0.338475 0.096192
vt 0.339364 0.095457
vt 0.338650 0.096642
vt 0.338609 0.095501
vt 0.610490 0.046437
vt 0.610710 0.046000
vt 0.611231 0.047184
vt 0.610343 0.047184
vt 0.354171 0.244125
vt 0.353579 0.243563
vt 0.354171 0.242940
vt 0.334921 0.305132
vt 0.334428 0.304540
vt 0.334033 0.305132
vt 0.524459 0.136030
vt 0.524459 0.136918
vt 0.523866 0.136801
vt 0.654765 0.041853
vt 0.654929 0.040699
vt 0.655654 0.041787
vt 0.655654 0.040077
vt 0.547239 0.258933
vt 0.546595 0.259821
vt 0.547854 0.259821
vt 0.545781 0.259215
vt 0.435021 0.262190
vt 0.436798 0.262190
vt 0.435470 0.261598
vt 0.455751 0.035634
vt 0.455751 0.036523
vt 0.454863 0.035860
vt 0.496324 0.068211
vt 0.497509 0.068211
vt 0.496979 0.067619
vt 0.530381 0.002465
vt 0.530381 0.003058
vt 0.529493 0.002949
f 3482/3482 3483/3483 3479/3479
f 3479/3479 3483/3483 3486/3486
f 3479/3479 3486/3486 3477/3477
f 3426/3426 3422/3422 3420/3420
f 3424/3424 3426/3426 3425/3425
f 3424/3424 3422/3422 3426/3426
f 3422/3422 3424/3424 3421/3421
f 3428/3428 3423/3423 3427/3427
f 457/457 456/456 459/459
f 3880/3880 3882/3882 3885/3885
f 3880/3880 3881/3881 3882/3882
f 3981/3981 3982/3982 3983/3983
f 3983/3983 3985/3985 3981/3981
f 3983/3983 3982/3982 3984/3984
f 3884/3884 3882/3882 3881/3881
f 4086/4086 4078/4078 4077/4077
f 4086/4086 4087/4087 4078/4078
f 4220/4220 4218/4218 4217/4217
f 4217/4217 4218/4218 4219/4219
f 3645/3645 3647/3647 3646/3646
f 3646/3646 3647/3647 3648/3648
f 4219/4219 4221/4221 4217/4217
f 3648/3648 3650/3650 3646/3646
f 3958/3958 3955/3955 3954/3954
f 4005/4005 4006/4006 4007/4007
f 3954/3954 3955/3955 3956/3956
f 4005/4005 4007/4007 4008/4008
f 3954/3954 3956/3956 3957/3957
f 4008/4008 4007/4007 4009/4009
f 4009/4009 4010/4010 4008/4008
f 4010/4010 4011/4011 4008/4008
f 3987/3987 3982/3982 3981/3981
f 3981/3981 3985/3985 3986/3986
f 4086/4086 4077/4077 4083/4083
f 4083/4083 4077/4077 4082/4082
f 3655/3655 3649/3649 3654/3654
f 3678/3678 3677/3677 3649/3649
f 3654/3654 3649/3649 3642/3642
f 4222/4222 4218/4218 4220/4220
f 4222/4222 4227/4227 4218/4218
f 3677/3677 3647/3647 3645/3645
f 3649/3649 3677/3677 3645/3645
f 3649/3649 3645/3645 3642/3642
f 3640/3640 3642/3642 3636/3636
f 4227/4227 4219/4219 4218/4218
f 3645/3645 3643/3643 3642/3642
f 3645/3645 3646/3646 3643/3643
f 3636/3636 3642/3642 3643/3643
f 4227/4227 4229/4229 4219/4219
f 4219/4219 4229/4229 4221/4221
f 4249/4249 4250/4250 4251/4251
f 4017/4017 4015/4015 4019/4019
f 4019/4019 4015/4015 4014/4014
f 4017/4017 4016/4016 4015/4015
f 4014/4014 4015/4015 4016/4016
f 3871/3871 3872/3872 3873/3873
f 4047/4047 4049/4049 4050/4050
f 4014/4014 4016/4016 4018/4018
f 4018/4018 4016/4016 4020/4020
f 3581/3581 3582/3582 3583/3583
f 3871/3871 3874/3874 3872/3872
f 4047/4047 4048/4048 4049/4049
f 3644/3644 3663/3663 3637/3637
f 3663/3663 3662/3662 3637/3637
f 3661/3661 3667/3667 3668/3668
f 3978/3978 3980/3980 3975/3975
f 3979/3979 3975/3975 3988/3988
f 4012/4012 4013/4013 4008/4008
f 3644/3644 3664/3664 3663/3663
f 3663/3663 3664/3664 3662/3662
f 3670/3670 3667/3667 3665/3665
f 3667/3667 3669/3669 3668/3668
f 3667/3667 3670/3670 3669/3669
f 4011/4011 4012/4012 4008/4008
f 3987/3987 3988/3988 3989/3989
f 3987/3987 3990/3990 3988/3988
f 3990/3990 3987/3987 3981/3981
f 3665/3665 3666/3666 3670/3670
f 4189/4189 4190/4190 4191/4191
f 3669/3669 3670/3670 3671/3671
f 4044/4044 4045/4045 4046/4046
f 3672/3672 3671/3671 3670/3670
f 4084/4084 4083/4083 4082/4082
f 4085/4085 4083/4083 4084/4084
f 4060/4060 4057/4057 4056/4056
f 4056/4056 4057/4057 4058/4058
f 4058/4058 4057/4057 4059/4059
f 4056/4056 4061/4061 4060/4060
f 4056/4056 4058/4058 4061/4061
f 4223/4223 4224/4224 4225/4225
f 4224/4224 4223/4223 4226/4226
f 3655/3655 3654/3654 3656/3656
f 3656/3656 3654/3654 3653/3653
f 4226/4226 4222/4222 4224/4224
f 3654/3654 3642/3642 3640/3640
f 3654/3654 3639/3639 3653/3653
f 3654/3654 3640/3640 3639/3639
f 4226/4226 4227/4227 4222/4222
f 3640/3640 3636/3636 3639/3639
f 4226/4226 4228/4228 4227/4227
f 3636/3636 3638/3638 3639/3639
f 4227/4227 4228/4228 4229/4229
f 3643/3643 3637/3637 3636/3636
f 3636/3636 3637/3637 3638/3638
f 4228/4228 4233/4233 4229/4229
f 4232/4232 4233/4233 4228/4228
f 3637/3637 3641/3641 3638/3638
f 3641/3641 3676/3676 3638/3638
f 3638/3638 3676/3676 3681/3681
f 3644/3644 3637/3637 3643/3643
f 3637/3637 3661/3661 3641/3641
f 3641/3641 3661/3661 3676/3676
f 3680/3680 3676/3676 3661/3661
f 3681/3681 3676/3676 3680/3680
f 3959/3959 3963/3963 3960/3960
f 3979/3979 3976/3976 3975/3975
f 4018/4018 4020/4020 4021/4021
f 3661/3661 3637/3637 3662/3662
f 3662/3662 3667/3667 3661/3661
f 3668/3668 3680/3680 3661/3661
f 3679/3679 3680/3680 3668/3668
f 3959/3959 3960/3960 3961/3961
f 3757/3757 3756/3756 3753/3753
f 3978/3978 3975/3975 3977/3977
f 3975/3975 3976/3976 3977/3977
f 3988/3988 3990/3990 3979/3979
f 3665/3665 3662/3662 3664/3664
f 3665/3665 3667/3667 3662/3662
f 3665/3665 3664/3664 3666/3666
f 3671/3671 3673/3673 3669/3669
f 3673/3673 3672/3672 3674/3674
f 3671/3671 3672/3672 3673/3673
f 3675/3675 3674/3674 3672/3672
f 3738/3738 3747/3747 3766/3766
f 3734/3734 3738/3738 3766/3766
f 3738/3738 3745/3745 3747/3747
f 3731/3731 3745/3745 3738/3738
f 3656/3656 3658/3658 3659/3659
f 3659/3659 3658/3658 3660/3660
f 3731/3731 3746/3746 3745/3745
f 3653/3653 3658/3658 3656/3656
f 3652/3652 3658/3658 3653/3653
f 3660/3660 3658/3658 3652/3652
f 3639/3639 3652/3652 3653/3653
f 3639/3639 3651/3651 3652/3652
f 3660/3660 3652/3652 3651/3651
f 3737/3737 3746/3746 3731/3731
f 4230/4230 4228/4228 4226/4226
f 3638/3638 3651/3651 3639/3639
f 4228/4228 4230/4230 4231/4231
f 3651/3651 3638/3638 3657/3657
f 4231/4231 4232/4232 4228/4228
f 3681/3681 3657/3657 3638/3638
f 3726/3726 3719/3719 3720/3720
f 4231/4231 4235/4235 4234/4234
f 4232/4232 4231/4231 4234/4234
f 3725/3725 3719/3719 3726/3726
f 3714/3714 3719/3719 3725/3725
f 3744/3744 3741/3741 3755/3755
f 3727/3727 3714/3714 3725/3725
f 3962/3962 3964/3964 3959/3959
f 3961/3961 3962/3962 3959/3959
f 3753/3753 3755/3755 3741/3741
f 3756/3756 3755/3755 3753/3753
f 3711/3711 3712/3712 3714/3714
f 3717/3717 3712/3712 3711/3711
f 3711/3711 3714/3714 3727/3727
f 3752/3752 3753/3753 3741/3741
f 3741/3741 3740/3740 3752/3752
f 3711/3711 3728/3728 3717/3717
f 4372/4372 4373/4373 4374/4374
f 3764/3764 3753/3753 3754/3754
f 3754/3754 3752/3752 3750/3750
f 3753/3753 3752/3752 3754/3754
f 3750/3750 3752/3752 3740/3740
f 3497/3497 3498/3498 3499/3499
f 4365/4365 4366/4366 4367/4367
f 3764/3764 3754/3754 3750/3750
f 3361/3361 3291/3291 3360/3360
f 3362/3362 3361/3361 3360/3360
f 3399/3399 3395/3395 3396/3396
f 3292/3292 3321/3321 3290/3290
f 3290/3290 3291/3291 3292/3292
f 3258/3258 3259/3259 3260/3260
f 3258/3258 3260/3260 3261/3261
f 3260/3260 3262/3262 3261/3261
f 3268/3268 3266/3266 3267/3267
f 3266/3266 3262/3262 3267/3267
f 3266/3266 3265/3265 3262/3262
f 3275/3275 3273/3273 3269/3269
f 3275/3275 3269/3269 3266/3266
f 3266/3266 3269/3269 3265/3265
f 3272/3272 3273/3273 3277/3277
f 3272/3272 3269/3269 3273/3273
f 307/307 304/304 371/371
f 371/371 302/302 307/307
f 3278/3278 3271/3271 3272/3272
f 3271/3271 3269/3269 3272/3272
f 3270/3270 3269/3269 3271/3271
f 3265/3265 3269/3269 3270/3270
f 3270/3270 3274/3274 3265/3265
f 304/304 303/303 305/305
f 1635/1635 1633/1633 1634/1634
f 2897/2897 2905/2905 2896/2896
f 2220/2220 2219/2219 2221/2221
f 2220/2220 2210/2210 2219/2219
f 2191/2191 2210/2210 2209/2209
f 2905/2905 2908/2908 2922/2922
f 2905/2905 2907/2907 2908/2908
f 2209/2209 2192/2192 2191/2191
f 2209/2209 2206/2206 2192/2192
f 2919/2919 2921/2921 2909/2909
f 2895/2895 2897/2897 2896/2896
f 2182/2182 2221/2221 2183/2183
f 2221/2221 2219/2219 2183/2183
f 2897/2897 2902/2902 2905/2905
f 2210/2210 2189/2189 2219/2219
f 2902/2902 2906/2906 2905/2905
f 2210/2210 2191/2191 2189/2189
f 2191/2191 2190/2190 2189/2189
f 2906/2906 2907/2907 2905/2905
f 2192/2192 2190/2190 2191/2191
f 2926/2926 2907/2907 2906/2906
f 2907/2907 2926/2926 2919/2919
f 2923/2923 2919/2919 2926/2926
f 2923/2923 2921/2921 2919/2919
f 2182/2182 2181/2181 2184/2184
f 2182/2182 2180/2180 2181/2181
f 2898/2898 2897/2897 2895/2895
f 2183/2183 2180/2180 2182/2182
f 2183/2183 2193/2193 2180/2180
f 2898/2898 2902/2902 2897/2897
f 2193/2193 2183/2183 2219/2219
f 2193/2193 2219/2219 2187/2187
f 2219/2219 2189/2189 2187/2187
f 2190/2190 2188/2188 2189/2189
f 2188/2188 2187/2187 2189/2189
f 2925/2925 2926/2926 2906/2906
f 2178/2178 2181/2181 2180/2180
f 2180/2180 2179/2179 2178/2178
f 2180/2180 2193/2193 2187/2187
f 2180/2180 2177/2177 2179/2179
f 2939/2939 2902/2902 2898/2898
f 2180/2180 2187/2187 2177/2177
f 2902/2902 2924/2924 2906/2906
f 2902/2902 2939/2939 2924/2924
f 2177/2177 2187/2187 2188/2188
f 2924/2924 2925/2925 2906/2906
f 2178/2178 2170/2170 2168/2168
f 2178/2178 2179/2179 2170/2170
f 2170/2170 2179/2179 2177/2177
f 2172/2172 2170/2170 2177/2177
f 2172/2172 2177/2177 2185/2185
f 2939/2939 2952/2952 2924/2924
f 2170/2170 2169/2169 2168/2168
f 2901/2901 2898/2898 2899/2899
f 2170/2170 2171/2171 2169/2169
f 2170/2170 2172/2172 2171/2171
f 2172/2172 2175/2175 2171/2171
f 2901/2901 2939/2939 2898/2898
f 2904/2904 2939/2939 2901/2901
f 2904/2904 2952/2952 2939/2939
f 2173/2173 2169/2169 2171/2171
f 2171/2171 2174/2174 2173/2173
f 2903/2903 2901/2901 2900/2900
f 2903/2903 2904/2904 2901/2901
f 2174/2174 2176/2176 2173/2173
f 2166/2166 2176/2176 2174/2174
f 2950/2950 2903/2903 2900/2900
f 2164/2164 2165/2165 2166/2166
f 2176/2176 2166/2166 2167/2167
f 2889/2889 2890/2890 2891/2891
f 2167/2167 2166/2166 2165/2165
f 2805/2805 2806/2806 2807/2807
f 2196/2196 2198/2198 2167/2167
f 2196/2196 2167/2167 2165/2165
f 2950/2950 2942/2942 2945/2945
f 2165/2165 2194/2194 2196/2196
f 2165/2165 2199/2199 2194/2194
f 2945/2945 2949/2949 2950/2950
f 2947/2947 2949/2949 2945/2945
f 191/191 192/192 193/193
f 2194/2194 2199/2199 2195/2195
f 188/188 189/189 190/190
f 2947/2947 2948/2948 2949/2949
f 2200/2200 2198/2198 2197/2197
f 2196/2196 2197/2197 2198/2198
f 2943/2943 2944/2944 2942/2942
f 2945/2945 2942/2942 2944/2944
f 2944/2944 2947/2947 2945/2945
f 2194/2194 2195/2195 2196/2196
f 564/564 561/561 562/562
f 2947/2947 2944/2944 2948/2948
f 559/559 563/563 560/560
f 2946/2946 2944/2944 2943/2943
f 560/560 561/561 558/558
f 560/560 563/563 562/562
f 560/560 562/562 561/561
f 4612/4612 4616/4616 4615/4615
f 4610/4610 4612/4612 4615/4615
f 4620/4620 4621/4621 4622/4622
f 3880/3880 3883/3883 3881/3881
f 4617/4617 4611/4611 4610/4610
f 4610/4610 4611/4611 4612/4612
f 4617/4617 4610/4610 4619/4619
f 4617/4617 4618/4618 4611/4611
f 4617/4617 4619/4619 4618/4618
f 4078/4078 4081/4081 4080/4080
f 4442/4442 4443/4443 4444/4444
f 4613/4613 4612/4612 4611/4611
f 4612/4612 4613/4613 4614/4614
f 4079/4079 4078/4078 4080/4080
f 4077/4077 4079/4079 4082/4082
f 4077/4077 4078/4078 4079/4079
f 4352/4352 4353/4353 4354/4354
f 3994/3994 3997/3997 3995/3995
f 3994/3994 3996/3996 3998/3998
f 3994/3994 3995/3995 3996/3996
f 4354/4354 4353/4353 4355/4355
f 3765/3765 3764/3764 3750/3750
f 3483/3483 3487/3487 3486/3486
f 3483/3483 3489/3489 3487/3487
f 3487/3487 3477/3477 3486/3486
f 3487/3487 3488/3488 3477/3477
f 3477/3477 3488/3488 3491/3491
f 3490/3490 3496/3496 3488/3488
f 3496/3496 3491/3491 3488/3488
f 3461/3461 3463/3463 3464/3464
f 3461/3461 3462/3462 3463/3463
f 2251/2251 2250/2250 2252/2252
f 169/169 170/170 171/171
f 2250/2250 2251/2251 2247/2247
f 4623/4623 4624/4624 4625/4625
f 2252/2252 2250/2250 2253/2253
f 2248/2248 2247/2247 2242/2242
f 2242/2242 2241/2241 2243/2243
f 2248/2248 2242/2242 2243/2243
f 1446/1446 1456/1456 1455/1455
f 2247/2247 2246/2246 2250/2250
f 2246/2246 2247/2247 2248/2248
f 2243/2243 2249/2249 2248/2248
f 2161/2161 2162/2162 2163/2163
f 1455/1455 1459/1459 1457/1457
f 2238/2238 2239/2239 2240/2240
f 2238/2238 2241/2241 2239/2239
f 2244/2244 2241/2241 2238/2238
f 2243/2243 2241/2241 2244/2244
f 2245/2245 2243/2243 2244/2244
f 1446/1446 1454/1454 1447/1447
f 1446/1446 1447/1447 1448/1448
f 1455/1455 1457/1457 1454/1454
f 1455/1455 1454/1454 1446/1446
f 1453/1453 1447/1447 1462/1462
f 1448/1448 1447/1447 1453/1453
f 3274/3274 3270/3270 3330/3330
f 3325/3325 3274/3274 3330/3330
f 3326/3326 3280/3280 3325/3325
f 3385/3385 3387/3387 3388/3388
f 3323/3323 3316/3316 3318/3318
f 94/94 95/95 96/96
f 4626/4626 4627/4627 4628/4628
f 1761/1761 1760/1760 1755/1755
f 103/103 104/104 105/105
f 1751/1751 1755/1755 1760/1760
f 1755/1755 1754/1754 1756/1756
f 1751/1751 1754/1754 1755/1755
f 3137/3137 3131/3131 3138/3138
f 1751/1751 1753/1753 1754/1754
f 1751/1751 1752/1752 1753/1753
f 1182/1182 1181/1181 1185/1185
f 1752/1752 1758/1758 1753/1753
f 3112/3112 3129/3129 3107/3107
f 3112/3112 3131/3131 3129/3129
f 753/753 756/756 754/754
f 1964/1964 1968/1968 1961/1961
f 1758/1758 1759/1759 1753/1753
f 2096/2096 2097/2097 2098/2098
f 2101/2101 2096/2096 2098/2098
f 2100/2100 2101/2101 2098/2098
f 2101/2101 2100/2100 2102/2102
f 2102/2102 2105/2105 2101/2101
f 3325/3325 3328/3328 3327/3327
f 3327/3327 3326/3326 3325/3325
f 2004/2004 2006/2006 2003/2003
f 2005/2005 2007/2007 2006/2006
f 2004/2004 2005/2005 2006/2006
f 2760/2760 2761/2761 2762/2762
f 2007/2007 2009/2009 2008/2008
f 2006/2006 2007/2007 2008/2008
f 2010/2010 2008/2008 2009/2009
f 2009/2009 2011/2011 2010/2010
f 91/91 92/92 93/93
f 2377/2377 2378/2378 2379/2379
f 85/85 86/86 87/87
f 1756/1756 1757/1757 1755/1755
f 97/97 98/98 99/99
f 100/100 101/101 102/102
f 88/88 89/89 90/90
f 82/82 83/83 84/84
f 1295/1295 1280/1280 1281/1281
f 1295/1295 1269/1269 1280/1280
f 3135/3135 3131/3131 3137/3137
f 3129/3129 3131/3131 3135/3135
f 1181/1181 1182/1182 1183/1183
f 1183/1183 1182/1182 1184/1184
f 1281/1281 1280/1280 1262/1262
f 1317/1317 1281/1281 1262/1262
f 2818/2818 2819/2819 2820/2820
f 751/751 752/752 753/753
f 1317/1317 1318/1318 1319/1319
f 1317/1317 1262/1262 1318/1318
f 753/753 754/754 751/751
f 1319/1319 1318/1318 1321/1321
f 1318/1318 1322/1322 1321/1321
f 751/751 754/754 758/758
f 1703/1703 1704/1704 1705/1705
f 1769/1769 1770/1770 1771/1771
f 1323/1323 1306/1306 1305/1305
f 2119/2119 2120/2120 2121/2121
f 2093/2093 2094/2094 2095/2095
f 2000/2000 2001/2001 2002/2002
f 2002/2002 2003/2003 2000/2000
f 2830/2830 2832/2832 2833/2833
f 2004/2004 2003/2003 2002/2002
f 1244/1244 1256/1256 1276/1276
f 2830/2830 2831/2831 2832/2832
f 2299/2299 2300/2300 2301/2301
f 1256/1256 1244/1244 1255/1255
f 1256/1256 1255/1255 1278/1278
f 55/55 56/56 57/57
f 1255/1255 1270/1270 1278/1278
f 413/413 423/423 412/412
f 413/413 463/463 423/423
f 1255/1255 1269/1269 1270/1270
f 1269/1269 1255/1255 1235/1235
f 1269/1269 1235/1235 1280/1280
f 3135/3135 3136/3136 3129/3129
f 752/752 751/751 755/755
f 751/751 757/757 755/755
f 1320/1320 1318/1318 1262/1262
f 1262/1262 1291/1291 1320/1320
f 1225/1225 1306/1306 1307/1307
f 1305/1305 1306/1306 1225/1225
f 1258/1258 1305/1305 1225/1225
f 1305/1305 1258/1258 1276/1276
f 1276/1276 1258/1258 1243/1243
f 49/49 50/50 51/51
f 52/52 53/53 54/54
f 1244/1244 1276/1276 1243/1243
f 1243/1243 1237/1237 1244/1244
f 1237/1237 1255/1255 1244/1244
f 1237/1237 1235/1235 1255/1255
f 1280/1280 1235/1235 1234/1234
f 423/423 418/418 412/412
f 1187/1187 1183/1183 1184/1184
f 1234/1234 1262/1262 1280/1280
f 1261/1261 1262/1262 1234/1234
f 3139/3139 3136/3136 3135/3135
f 1261/1261 1263/1263 1290/1290
f 1261/1261 1290/1290 1291/1291
f 106/106 107/107 108/108
f 1308/1308 1307/1307 1306/1306
f 2937/2937 2936/2936 2893/2893
f 1169/1169 1167/1167 1168/1168
f 1222/1222 1225/1225 1220/1220
f 1258/1258 1225/1225 1222/1222
f 1222/1222 1243/1243 1258/1258
f 1222/1222 1237/1237 1243/1243
f 1236/1236 1235/1235 1237/1237
f 1234/1234 1235/1235 1236/1236
f 1188/1188 1183/1183 1187/1187
f 418/418 416/416 412/412
f 3140/3140 3139/3139 3135/3135
f 1250/1250 1261/1261 1234/1234
f 1250/1250 1251/1251 1261/1261
f 1251/1251 1263/1263 1261/1261
f 1192/1192 1196/1196 1193/1193
f 1263/1263 1292/1292 1290/1290
f 1292/1292 1314/1314 1290/1290
f 1799/1799 1798/1798 1802/1802
f 2145/2145 2147/2147 2146/2146
f 2144/2144 2145/2145 2146/2146
f 1876/1876 1878/1878 1879/1879
f 2892/2892 2936/2936 2894/2894
f 2893/2893 2936/2936 2892/2892
f 1222/1222 1220/1220 1219/1219
f 1237/1237 1222/1222 1238/1238
f 1236/1236 1237/1237 1238/1238
f 1248/1248 1234/1234 1236/1236
f 1248/1248 1250/1250 1234/1234
f 1251/1251 1250/1250 1248/1248
f 1192/1192 1193/1193 1194/1194
f 418/418 424/424 416/416
f 2295/2295 2298/2298 2296/2296
f 1294/1294 1293/1293 1263/1263
f 2110/2110 2111/2111 2112/2112
f 2295/2295 2296/2296 2297/2297
f 2015/2015 2016/2016 2017/2017
f 157/157 158/158 159/159
f 1292/1292 1263/1263 1293/1293
f 2144/2144 2148/2148 2145/2145
f 4629/4629 4630/4630 4631/4631
f 1218/1218 1219/1219 1220/1220
f 46/46 47/47 48/48
f 1239/1239 1222/1222 1218/1218
f 1239/1239 1238/1238 1222/1222
f 1277/1277 1251/1251 1248/1248
f 1193/1193 1195/1195 1194/1194
f 416/416 424/424 419/419
f 2815/2815 2816/2816 2817/2817
f 1591/1591 1593/1593 1595/1595
f 1593/1593 1598/1598 1595/1595
f 124/124 125/125 126/126
f 1591/1591 1592/1592 1593/1593
f 1592/1592 1594/1594 1593/1593
f 766/766 806/806 798/798
f 1903/1903 1907/1907 1902/1902
f 1166/1166 1168/1168 1167/1167
f 1221/1221 1220/1220 1223/1223
f 1221/1221 1218/1218 1220/1220
f 1238/1238 1239/1239 1245/1245
f 1247/1247 1236/1236 1238/1238
f 1247/1247 1249/1249 1236/1236
f 1249/1249 1248/1248 1236/1236
f 1248/1248 1249/1249 1277/1277
f 1195/1195 1197/1197 1194/1194
f 1249/1249 1286/1286 1277/1277
f 2883/2883 2884/2884 2885/2885
f 2079/2079 2063/2063 2080/2080
f 115/115 116/116 117/117
f 118/118 119/119 120/120
f 121/121 122/122 123/123
f 1596/1596 1591/1591 1597/1597
f 1591/1591 1596/1596 1592/1592
f 770/770 771/771 766/766
f 798/798 776/776 766/766
f 798/798 799/799 776/776
f 799/799 804/804 803/803
f 2266/2266 2267/2267 2268/2268
f 1166/1166 1167/1167 1165/1165
f 1239/1239 1218/1218 1240/1240
f 1259/1259 1249/1249 1247/1247
f 1300/1300 1286/1286 1249/1249
f 1286/1286 1301/1301 1304/1304
f 1286/1286 1300/1300 1301/1301
f 1868/1868 1861/1861 1869/1869
f 1856/1856 1861/1861 1868/1868
f 770/770 763/763 769/769
f 763/763 770/770 766/766
f 776/776 765/765 766/766
f 765/765 763/763 766/766
f 2066/2066 2067/2067 2063/2063
f 776/776 802/802 808/808
f 1856/1856 1860/1860 1861/1861
f 1859/1859 1860/1860 1856/1856
f 776/776 799/799 802/802
f 802/802 799/799 803/803
f 1596/1596 1599/1599 1592/1592
f 1218/1218 1221/1221 1224/1224
f 1242/1242 1218/1218 1224/1224
f 1246/1246 1238/1238 1245/1245
f 1247/1247 1238/1238 1246/1246
f 1259/1259 1247/1247 1260/1260
f 154/154 155/155 156/156
f 151/151 152/152 153/153
f 1300/1300 1302/1302 1301/1301
f 794/794 796/796 788/788
f 1857/1857 1856/1856 1868/1868
f 772/772 794/794 788/788
f 769/769 762/762 772/772
f 769/769 763/763 762/762
f 786/786 772/772 788/788
f 772/772 786/786 769/769
f 763/763 765/765 764/764
f 1218/1218 1242/1242 1240/1240
f 1241/1241 1239/1239 1240/1240
f 1241/1241 1245/1245 1239/1239
f 1246/1246 1245/1245 1241/1241
f 1303/1303 1301/1301 1302/1302
f 2064/2064 2079/2079 2082/2082
f 795/795 796/796 794/794
f 794/794 772/772 795/795
f 772/772 773/773 795/795
f 2064/2064 2063/2063 2079/2079
f 2062/2062 2063/2063 2064/2064
f 1853/1853 1856/1856 1857/1857
f 1852/1852 1856/1856 1853/1853
f 760/760 772/772 762/762
f 760/760 773/773 772/772
f 761/761 762/762 763/763
f 761/761 760/760 762/762
f 764/764 761/761 763/763
f 765/765 768/768 764/764
f 2066/2066 2063/2063 2062/2062
f 1856/1856 1852/1852 1859/1859
f 1252/1252 1240/1240 1242/1242
f 1253/1253 1252/1252 1242/1242
f 1264/1264 1240/1240 1252/1252
f 1240/1240 1264/1264 1241/1241
f 1246/1246 1241/1241 1257/1257
f 1254/1254 1247/1247 1246/1246
f 2061/2061 2081/2081 2083/2083
f 2078/2078 2081/2081 2061/2061
f 2078/2078 2082/2082 2081/2081
f 2064/2064 2082/2082 2078/2078
f 797/797 796/796 795/795
f 1855/1855 1853/1853 1857/1857
f 1851/1851 1853/1853 1855/1855
f 773/773 775/775 795/795
f 2065/2065 2068/2068 2062/2062
f 2064/2064 2065/2065 2062/2062
f 1853/1853 1851/1851 1852/1852
f 773/773 760/760 775/775
f 767/767 761/761 764/764
f 764/764 768/768 767/767
f 1848/1848 1852/1852 1851/1851
f 1253/1253 1268/1268 1265/1265
f 1253/1253 1265/1265 1252/1252
f 1264/1264 1252/1252 1265/1265
f 1241/1241 1267/1267 1257/1257
f 1257/1257 1284/1284 1254/1254
f 1284/1284 1313/1313 1254/1254
f 1285/1285 1313/1313 1284/1284
f 2065/2065 2064/2064 2078/2078
f 795/795 787/787 797/797
f 1867/1867 1851/1851 1855/1855
f 787/787 775/775 782/782
f 795/795 775/775 787/787
f 760/760 782/782 775/775
f 760/760 777/777 782/782
f 759/759 760/760 761/761
f 759/759 777/777 760/760
f 759/759 761/761 774/774
f 761/761 767/767 774/774
f 2069/2069 2068/2068 2065/2065
f 1271/1271 1265/1265 1268/1268
f 1265/1265 1271/1271 1266/1266
f 1265/1265 1266/1266 1264/1264
f 1266/1266 1267/1267 1264/1264
f 1282/1282 1267/1267 1266/1266
f 1267/1267 1283/1283 1284/1284
f 1282/1282 1283/1283 1267/1267
f 1285/1285 1284/1284 1283/1283
f 2055/2055 2058/2058 2057/2057
f 2061/2061 2057/2057 2058/2058
f 2058/2058 2078/2078 2061/2061
f 2072/2072 2078/2078 2058/2058
f 2078/2078 2072/2072 2065/2065
f 2065/2065 2072/2072 2070/2070
f 782/782 783/783 787/787
f 783/783 784/784 787/787
f 782/782 777/777 783/783
f 2069/2069 2070/2070 2071/2071
f 2069/2069 2065/2065 2070/2070
f 1850/1850 1851/1851 1867/1867
f 1850/1850 1847/1847 1851/1851
f 1847/1847 1848/1848 1851/1851
f 1271/1271 1268/1268 1272/1272
f 1279/1279 1266/1266 1271/1271
f 1279/1279 1288/1288 1266/1266
f 1266/1266 1288/1288 1287/1287
f 1282/1282 1266/1266 1287/1287
f 1282/1282 1287/1287 1283/1283
f 1285/1285 1283/1283 1289/1289
f 2056/2056 2055/2055 2057/2057
f 2073/2073 2072/2072 2058/2058
f 2074/2074 2070/2070 2073/2073
f 2070/2070 2072/2072 2073/2073
f 793/793 784/784 779/779
f 784/784 783/783 779/779
f 777/777 779/779 783/783
f 779/779 777/777 778/778
f 777/777 759/759 778/778
f 2074/2074 2071/2071 2070/2070
f 1845/1845 1847/1847 1850/1850
f 1843/1843 1847/1847 1845/1845
f 1846/1846 1847/1847 1843/1843
f 1272/1272 1229/1229 1271/1271
f 1229/1229 1279/1279 1271/1271
f 1229/1229 1233/1233 1279/1279
f 1232/1232 1288/1288 1279/1279
f 1233/1233 1232/1232 1279/1279
f 1288/1288 1232/1232 1287/1287
f 1287/1287 1232/1232 1312/1312
f 1312/1312 1283/1283 1287/1287
f 2075/2075 2058/2058 2055/2055
f 2073/2073 2075/2075 2074/2074
f 2058/2058 2075/2075 2073/2073
f 791/791 779/779 789/789
f 780/780 789/789 779/779
f 780/780 779/779 778/778
f 1845/1845 1865/1865 1844/1844
f 793/793 779/779 791/791
f 1843/1843 1845/1845 1844/1844
f 1578/1578 1575/1575 1569/1569
f 1843/1843 1842/1842 1846/1846
f 1227/1227 1229/1229 1272/1272
f 1228/1228 1227/1227 1272/1272
f 1226/1226 1229/1229 1227/1227
f 1230/1230 1233/1233 1229/1229
f 1230/1230 1229/1229 1226/1226
f 1230/1230 1232/1232 1233/1233
f 2059/2059 2052/2052 2060/2060
f 1230/1230 1231/1231 1232/1232
f 148/148 149/149 150/150
f 2052/2052 2048/2048 2051/2051
f 2052/2052 2059/2059 2048/2048
f 2045/2045 2051/2051 2048/2048
f 1312/1312 1311/1311 1283/1283
f 1289/1289 1283/1283 1311/1311
f 2045/2045 2055/2055 2056/2056
f 2053/2053 2055/2055 2045/2045
f 2053/2053 2075/2075 2055/2055
f 2076/2076 2075/2075 2053/2053
f 1873/1873 1839/1839 1872/1872
f 1872/1872 1839/1839 1865/1865
f 780/780 790/790 789/789
f 778/778 781/781 780/780
f 2074/2074 2075/2075 2076/2076
f 1839/1839 1844/1844 1865/1865
f 1841/1841 1844/1844 1839/1839
f 1841/1841 1843/1843 1844/1844
f 1842/1842 1843/1843 1841/1841
f 4632/4632 4633/4633 4634/4634
f 1226/1226 1228/1228 1274/1274
f 1226/1226 1227/1227 1228/1228
f 1226/1226 1274/1274 1230/1230
f 1230/1230 1274/1274 1275/1275
f 1296/1296 1230/1230 1275/1275
f 2047/2047 2059/2059 2060/2060
f 1955/1955 1956/1956 1957/1957
f 1958/1958 1959/1959 1960/1960
f 2059/2059 2046/2046 2048/2048
f 2059/2059 2047/2047 2046/2046
f 130/130 131/131 132/132
f 127/127 128/128 129/129
f 2046/2046 2045/2045 2048/2048
f 2046/2046 2042/2042 2045/2045
f 2044/2044 2045/2045 2042/2042
f 2044/2044 2053/2053 2045/2045
f 2053/2053 2044/2044 2077/2077
f 792/792 780/780 785/785
f 780/780 781/781 785/785
f 2076/2076 2053/2053 2077/2077
f 1115/1115 1117/1117 1118/1118
f 790/790 780/780 792/792
f 2861/2861 2859/2859 2860/2860
f 1841/1841 1840/1840 1842/1842
f 2859/2859 2858/2858 2860/2860
f 4635/4635 4637/4637 4636/4636
f 4635/4635 4636/4636 4634/4634
f 1580/1580 1577/1577 1575/1575
f 3193/3193 3192/3192 3194/3194
f 1952/1952 1953/1953 1954/1954
f 1579/1579 1575/1575 1578/1578
f 4635/4635 4634/4634 4633/4633
f 1273/1273 1274/1274 1228/1228
f 1273/1273 1275/1275 1274/1274
f 1275/1275 1297/1297 1296/1296
f 4647/4647 4648/4648 4649/4649
f 4641/4641 4642/4642 4643/4643
f 4649/4649 4648/4648 4650/4650
f 4644/4644 4645/4645 4646/4646
f 2042/2042 2047/2047 2041/2041
f 2042/2042 2046/2046 2047/2047
f 2043/2043 2044/2044 2042/2042
f 2037/2037 2044/2044 2043/2043
f 2036/2036 2044/2044 2037/2037
f 2044/2044 2036/2036 2077/2077
f 1116/1116 1113/1113 1115/1115
f 2036/2036 2050/2050 2077/2077
f 1114/1114 1117/1117 1115/1115
f 1113/1113 1114/1114 1115/1115
f 1829/1829 1831/1831 1839/1839
f 1127/1127 1117/1117 1114/1114
f 1841/1841 1839/1839 1831/1831
f 1841/1841 1831/1831 1840/1840
f 2857/2857 2858/2858 2859/2859
f 3189/3189 3192/3192 3193/3193
f 3189/3189 3190/3190 3192/3192
f 4651/4651 4652/4652 4653/4653
f 2315/2315 2323/2323 2314/2314
f 2315/2315 2324/2324 2323/2323
f 1299/1299 1298/1298 1275/1275
f 1275/1275 1298/1298 1297/1297
f 1160/1160 1162/1162 1161/1161
f 1162/1162 1164/1164 1161/1161
f 1160/1160 1161/1161 1159/1159
f 2034/2034 2042/2042 2041/2041
f 2031/2031 2034/2034 2041/2041
f 2034/2034 2043/2043 2042/2042
f 2034/2034 2037/2037 2043/2043
f 2034/2034 2036/2036 2037/2037
f 2035/2035 2036/2036 2034/2034
f 2036/2036 2035/2035 2049/2049
f 1830/1830 1836/1836 1822/1822
f 880/880 876/876 881/881
f 1111/1111 1112/1112 1113/1113
f 2036/2036 2049/2049 2050/2050
f 1830/1830 1822/1822 1829/1829
f 1829/1829 1822/1822 1821/1821
f 881/881 882/882 880/880
f 1795/1795 1796/1796 1797/1797
f 1112/1112 1114/1114 1113/1113
f 1821/1821 1831/1831 1829/1829
f 1831/1831 1834/1834 1840/1840
f 2862/2862 2857/2857 2859/2859
f 2861/2861 2862/2862 2859/2859
f 1885/1885 1886/1886 1887/1887
f 1864/1864 1866/1866 1863/1863
f 3188/3188 3190/3190 3189/3189
f 3189/3189 3187/3187 3188/3188
f 2315/2315 2314/2314 2313/2313
f 2315/2315 2325/2325 2324/2324
f 1298/1298 1299/1299 1315/1315
f 1299/1299 1316/1316 1315/1315
f 1147/1147 1160/1160 1159/1159
f 1147/1147 1159/1159 1154/1154
f 2031/2031 2033/2033 2034/2034
f 2034/2034 2033/2033 2035/2035
f 2040/2040 2049/2049 2035/2035
f 1818/1818 1822/1822 1836/1836
f 1818/1818 1821/1821 1822/1822
f 876/876 874/874 873/873
f 876/876 880/880 874/874
f 1119/1119 1112/1112 1111/1111
f 1120/1120 1112/1112 1119/1119
f 1112/1112 1120/1120 1121/1121
f 1821/1821 1832/1832 1831/1831
f 1832/1832 1834/1834 1831/1831
f 3209/3209 3205/3205 3210/3210
f 1840/1840 1834/1834 1849/1849
f 1840/1840 1849/1849 1862/1862
f 1862/1862 1863/1863 1840/1840
f 1864/1864 1862/1862 1870/1870
f 1863/1863 1862/1862 1864/1864
f 3185/3185 3187/3187 3186/3186
f 3187/3187 3185/3185 3188/3188
f 685/685 686/686 687/687
f 690/690 685/685 691/691
f 690/690 686/686 685/685
f 691/691 692/692 690/690
f 2315/2315 2311/2311 2325/2325
f 1148/1148 1147/1147 1154/1154
f 2329/2329 2337/2337 2338/2338
f 1163/1163 1160/1160 1147/1147
f 2030/2030 2031/2031 2032/2032
f 2030/2030 2033/2033 2031/2031
f 2038/2038 2033/2033 2030/2030
f 2038/2038 2035/2035 2033/2033
f 2039/2039 2035/2035 2038/2038
f 1816/1816 1817/1817 1818/1818
f 1817/1817 1820/1820 1818/1818
f 871/871 872/872 873/873
f 2039/2039 2040/2040 2035/2035
f 1820/1820 1821/1821 1818/1818
f 1833/1833 1821/1821 1820/1820
f 874/874 871/871 873/873
f 874/874 875/875 871/871
f 1126/1126 1123/1123 1120/1120
f 1833/1833 1832/1832 1821/1821
f 1121/1121 1120/1120 1123/1123
f 3208/3208 3205/3205 3209/3209
f 3204/3204 3203/3203 3205/3205
f 732/732 733/733 729/729
f 736/736 733/733 732/732
f 732/732 729/729 728/728
f 692/692 691/691 697/697
f 3203/3203 3184/3184 3186/3186
f 3204/3204 3184/3184 3203/3203
f 736/736 732/732 707/707
f 732/732 708/708 707/707
f 728/728 708/708 732/732
f 685/685 728/728 731/731
f 708/708 728/728 685/685
f 685/685 731/731 691/691
f 3184/3184 3185/3185 3186/3186
f 4665/4665 4666/4666 4667/4667
f 4669/4669 4670/4670 4671/4671
f 707/707 708/708 687/687
f 706/706 707/707 687/687
f 687/687 708/708 685/685
f 2328/2328 2325/2325 2311/2311
f 2321/2321 2325/2325 2328/2328
f 2329/2329 2325/2325 2321/2321
f 2337/2337 2329/2329 2321/2321
f 1148/1148 1155/1155 1152/1152
f 2337/2337 2321/2321 2320/2320
f 1138/1138 1144/1144 1145/1145
f 1149/1149 1148/1148 1150/1150
f 1147/1147 1148/1148 1149/1149
f 1152/1152 1150/1150 1148/1148
f 1816/1816 1819/1819 1817/1817
f 856/856 861/861 860/860
f 860/860 861/861 872/872
f 1917/1917 1918/1918 1919/1919
f 1920/1920 1918/1918 1917/1917
f 1144/1144 1138/1138 1130/1130
f 871/871 860/860 872/872
f 871/871 870/870 860/860
f 2054/2054 2039/2039 2038/2038
f 1131/1131 1130/1130 1138/1138
f 2996/2996 2992/2992 2995/2995
f 870/870 871/871 875/875
f 870/870 883/883 879/879
f 870/870 875/875 883/883
f 1122/1122 1119/1119 1124/1124
f 1837/1837 1833/1833 1820/1820
f 1126/1126 1120/1120 1122/1122
f 1119/1119 1122/1122 1120/1120
f 719/719 714/714 716/716
f 713/713 714/714 712/712
f 712/712 714/714 719/719
f 698/698 712/712 697/697
f 713/713 712/712 698/698
f 729/729 733/733 727/727
f 727/727 728/728 729/729
f 730/730 728/728 727/727
f 3206/3206 3204/3204 3205/3205
f 737/737 733/733 736/736
f 728/728 730/730 731/731
f 731/731 698/698 691/691
f 731/731 730/730 698/698
f 691/691 698/698 697/697
f 2116/2116 2117/2117 2118/2118
f 4654/4654 4655/4655 4656/4656
f 4673/4673 4674/4674 4675/4675
f 4661/4661 4664/4664 4662/4662
f 4660/4660 4661/4661 4662/4662
f 2306/2306 2311/2311 2310/2310
f 2328/2328 2311/2311 2306/2306
f 2306/2306 2321/2321 2328/2328
f 2316/2316 2321/2321 2306/2306
f 852/852 861/861 856/856
f 2316/2316 2320/2320 2321/2321
f 1145/1145 1142/1142 1146/1146
f 1145/1145 1140/1140 1142/1142
f 1145/1145 1144/1144 1140/1140
f 1823/1823 1817/1817 1819/1819
f 1823/1823 1819/1819 1824/1824
f 860/860 858/858 856/856
f 858/858 860/860 862/862
f 1921/1921 1920/1920 1917/1917
f 1130/1130 1140/1140 1144/1144
f 1130/1130 1129/1129 1140/1140
f 860/860 870/870 862/862
f 879/879 862/862 870/870
f 879/879 863/863 862/862
f 1128/1128 1129/1129 1130/1130
f 1128/1128 1130/1130 1131/1131
f 1131/1131 1137/1137 1128/1128
f 1153/1153 1158/1158 1149/1149
f 1151/1151 1149/1149 1150/1150
f 1153/1153 1149/1149 1151/1151
f 1151/1151 1150/1150 1157/1157
f 2992/2992 2994/2994 2995/2995
f 1124/1124 1125/1125 1122/1122
f 1128/1128 1137/1137 1136/1136
f 716/716 720/720 721/721
f 2994/2994 2988/2988 2995/2995
f 715/715 720/720 716/716
f 1871/1871 1833/1833 1837/1837
f 713/713 715/715 714/714
f 714/714 715/715 716/716
f 1677/1677 1685/1685 1684/1684
f 3205/3205 3208/3208 3207/3207
f 1032/1032 1033/1033 1034/1034
f 2874/2874 2875/2875 2876/2876
f 3206/3206 3205/3205 3207/3207
f 2869/2869 2867/2867 2875/2875
f 2874/2874 2869/2869 2875/2875
f 735/735 734/734 727/727
f 717/717 730/730 727/727
f 717/717 727/727 734/734
f 698/698 730/730 717/717
f 713/713 698/698 717/717
f 2867/2867 2869/2869 2868/2868
f 2866/2866 2867/2867 2868/2868
f 2866/2866 2871/2871 2867/2867
f 1517/1517 1513/1513 1512/1512
f 3211/3211 3184/3184 3204/3204
f 1512/1512 1513/1513 1514/1514
f 1664/1664 1666/1666 1669/1669
f 1663/1663 1666/1666 1664/1664
f 3211/3211 3182/3182 3184/3184
f 1515/1515 1512/1512 1514/1514
f 1515/1515 1516/1516 1512/1512
f 1663/1663 1667/1667 1666/1666
f 1668/1668 1667/1667 1663/1663
f 2306/2306 2310/2310 2307/2307
f 2306/2306 2307/2307 2308/2308
f 1826/1826 1824/1824 1874/1874
f 829/829 832/832 852/852
f 2309/2309 2306/2306 2308/2308
f 2316/2316 2306/2306 2309/2309
f 1826/1826 1825/1825 1824/1824
f 853/853 829/829 852/852
f 856/856 853/853 852/852
f 857/857 853/853 856/856
f 858/858 857/857 856/856
f 862/862 857/857 858/858
f 862/862 859/859 857/857
f 2317/2317 2316/2316 2309/2309
f 2320/2320 2316/2316 2317/2317
f 1141/1141 1143/1143 1142/1142
f 1141/1141 1142/1142 1140/1140
f 1825/1825 1823/1823 1824/1824
f 2317/2317 2327/2327 2320/2320
f 1922/1922 1921/1921 1923/1923
f 1129/1129 1141/1141 1140/1140
f 2989/2989 2992/2992 2991/2991
f 863/863 859/859 862/862
f 1920/1920 1921/1921 1922/1922
f 1132/1132 1129/1129 1128/1128
f 2989/2989 2994/2994 2992/2992
f 2987/2987 2994/2994 2989/2989
f 1135/1135 1132/1132 1128/1128
f 1135/1135 1128/1128 1136/1136
f 2987/2987 2988/2988 2994/2994
f 1135/1135 1136/1136 1139/1139
f 2021/2021 2018/2018 2020/2020
f 1151/1151 1156/1156 1153/1153
f 2986/2986 2998/2998 2988/2988
f 2018/2018 2019/2019 2020/2020
f 1925/1925 1926/1926 1927/1927
f 713/713 718/718 715/715
f 2998/2998 2986/2986 2977/2977
f 1677/1677 1684/1684 1676/1676
f 1677/1677 1680/1680 1683/1683
f 1033/1033 1035/1035 1034/1034
f 734/734 738/738 739/739
f 739/739 738/738 717/717
f 738/738 718/718 717/717
f 717/717 718/718 713/713
f 2870/2870 2868/2868 2869/2869
f 1670/1670 1662/1662 1669/1669
f 1662/1662 1664/1664 1669/1669
f 1663/1663 1664/1664 1662/1662
f 3216/3216 3182/3182 3211/3211
f 1665/1665 1668/1668 1663/1663
f 2312/2312 2307/2307 2310/2310
f 854/854 884/884 831/831
f 1826/1826 1874/1874 1875/1875
f 832/832 829/829 831/831
f 1828/1828 1827/1827 1826/1826
f 1827/1827 1825/1825 1826/1826
f 3016/3016 3017/3017 3015/3015
f 853/853 827/827 829/829
f 857/857 827/827 853/853
f 859/859 827/827 857/857
f 859/859 864/864 827/827
f 2317/2317 2309/2309 2318/2318
f 2990/2990 2991/2991 2993/2993
f 1923/1923 1924/1924 1922/1922
f 2990/2990 2989/2989 2991/2991
f 2974/2974 2989/2989 2990/2990
f 1133/1133 1134/1134 1129/1129
f 1133/1133 1129/1129 1132/1132
f 2974/2974 2987/2987 2989/2989
f 2986/2986 2988/2988 2987/2987
f 136/136 137/137 138/138
f 2843/2843 2844/2844 2845/2845
f 2019/2019 2022/2022 2020/2020
f 1674/1674 1677/1677 1676/1676
f 1677/1677 1679/1679 1680/1680
f 1674/1674 1679/1679 1677/1677
f 2872/2872 2869/2869 2874/2874
f 2870/2870 2869/2869 2872/2872
f 2012/2012 2013/2013 2014/2014
f 1662/1662 1638/1638 1663/1663
f 1661/1661 1638/1638 1662/1662
f 1638/1638 1665/1665 1663/1663
f 1838/1838 1835/1835 1828/1828
f 854/854 840/840 855/855
f 854/854 830/830 840/840
f 854/854 831/831 830/830
f 829/829 830/830 831/831
f 829/829 826/826 830/830
f 2308/2308 2307/2307 2326/2326
f 829/829 827/827 826/826
f 826/826 827/827 828/828
f 2326/2326 2309/2309 2308/2308
f 2322/2322 2309/2309 2326/2326
f 3016/3016 3015/3015 3012/3012
f 868/868 828/828 827/827
f 868/868 827/827 866/866
f 2319/2319 2309/2309 2322/2322
f 2990/2990 2993/2993 2997/2997
f 864/864 865/865 827/827
f 865/865 866/866 827/827
f 2318/2318 2309/2309 2319/2319
f 145/145 146/146 147/147
f 142/142 143/143 144/144
f 2986/2986 2987/2987 2974/2974
f 2844/2844 2846/2846 2845/2845
f 139/139 140/140 141/141
f 2977/2977 2986/2986 2972/2972
f 1672/1672 1673/1673 1674/1674
f 1674/1674 1681/1681 1679/1679
f 1673/1673 1681/1681 1674/1674
f 1676/1676 1672/1672 1674/1674
f 1742/1742 1743/1743 1744/1744
f 2873/2873 2872/2872 2877/2877
f 2872/2872 2873/2873 2870/2870
f 830/830 838/838 840/840
f 1827/1827 1828/1828 1835/1835
f 830/830 826/826 833/833
f 133/133 134/134 135/135
f 828/828 833/833 826/826
f 828/828 836/836 833/833
f 2322/2322 2330/2330 2336/2336
f 2322/2322 2326/2326 2330/2330
f 3015/3015 3013/3013 3012/3012
f 868/868 836/836 828/828
f 868/868 866/866 836/836
f 836/836 866/866 867/867
f 2336/2336 2319/2319 2322/2322
f 2336/2336 2339/2339 2319/2319
f 2990/2990 2997/2997 3001/3001
f 867/867 866/866 865/865
f 2303/2303 2319/2319 2339/2339
f 869/869 867/867 865/865
f 877/877 869/869 865/865
f 2319/2319 2303/2303 2305/2305
f 2302/2302 2303/2303 2304/2304
f 2305/2305 2303/2303 2302/2302
f 2990/2990 3001/3001 2974/2974
f 878/878 869/869 877/877
f 2740/2740 2741/2741 2742/2742
f 2743/2743 2741/2741 2740/2740
f 2986/2986 2974/2974 2973/2973
f 2973/2973 2972/2972 2986/2986
f 2972/2972 2976/2976 2977/2977
f 2975/2975 2976/2976 2972/2972
f 2873/2873 2877/2877 2878/2878
f 1661/1661 1629/1629 1638/1638
f 1629/1629 1630/1630 1638/1638
f 1625/1625 1630/1630 1629/1629
f 837/837 839/839 838/838
f 837/837 838/838 830/830
f 837/837 830/830 834/834
f 2332/2332 2333/2333 2331/2331
f 2331/2331 2333/2333 2335/2335
f 160/160 161/161 162/162
f 2982/2982 2983/2983 2984/2984
f 834/834 830/830 833/833
f 834/834 833/833 835/835
f 2340/2340 2339/2339 2336/2336
f 2974/2974 2971/2971 2970/2970
f 2974/2974 3001/3001 2971/2971
f 2970/2970 2973/2973 2974/2974
f 2970/2970 2972/2972 2973/2973
f 1675/1675 1673/1673 1672/1672
f 1673/1673 1675/1675 1681/1681
f 1655/1655 1652/1652 1656/1656
f 1656/1656 1652/1652 1671/1671
f 1652/1652 1632/1632 1671/1671
f 1652/1652 1631/1631 1632/1632
f 1631/1631 1629/1629 1632/1632
f 1629/1629 1631/1631 1628/1628
f 1628/1628 1625/1625 1629/1629
f 2334/2334 2333/2333 2332/2332
f 163/163 164/164 165/165
f 2982/2982 2954/2954 2983/2983
f 834/834 835/835 841/841
f 2954/2954 2999/2999 2983/2983
f 3011/3011 3012/3012 3013/3013
f 3014/3014 3012/3012 3011/3011
f 2980/2980 2971/2971 3001/3001
f 2968/2968 2972/2972 2970/2970
f 2972/2972 2968/2968 2975/2975
f 1672/1672 1678/1678 1675/1675
f 1682/1682 1678/1678 1672/1672
f 1652/1652 1655/1655 1653/1653
f 1655/1655 1617/1617 1653/1653
f 1631/1631 1652/1652 1653/1653
f 1647/1647 1631/1631 1653/1653
f 1627/1627 1625/1625 1628/1628
f 2954/2954 2982/2982 2979/2979
f 1538/1538 1539/1539 1536/1536
f 1538/1538 1540/1540 1539/1539
f 1536/1536 1537/1537 1538/1538
f 2953/2953 2999/2999 2954/2954
f 842/842 841/841 835/835
f 2953/2953 2980/2980 2999/2999
f 2955/2955 2980/2980 2953/2953
f 2971/2971 2980/2980 2969/2969
f 2971/2971 2969/2969 2970/2970
f 2969/2969 2968/2968 2970/2970
f 1616/1616 1614/1614 1617/1617
f 1615/1615 1614/1614 1616/1616
f 1614/1614 1653/1653 1617/1617
f 1650/1650 1653/1653 1614/1614
f 1650/1650 1647/1647 1653/1653
f 1647/1647 1627/1627 1628/1628
f 843/843 849/849 848/848
f 848/848 841/841 843/843
f 842/842 843/843 841/841
f 2955/2955 2964/2964 2980/2980
f 3019/3019 3021/3021 3020/3020
f 2968/2968 2969/2969 2965/2965
f 2965/2965 2967/2967 2968/2968
f 1614/1614 1649/1649 1650/1650
f 1649/1649 1647/1647 1650/1650
f 1649/1649 1648/1648 1647/1647
f 1648/1648 1627/1627 1647/1647
f 1651/1651 1627/1627 1648/1648
f 3482/3482 3484/3484 3485/3485
f 3495/3495 3484/3484 3480/3480
f 3482/3482 3480/3480 3484/3484
f 3482/3482 3479/3479 3480/3480
f 3478/3478 3481/3481 3480/3480
f 3480/3480 3479/3479 3478/3478
f 3477/3477 3478/3478 3479/3479
f 3494/3494 3478/3478 3477/3477
f 3476/3476 3481/3481 3478/3478
f 3478/3478 3494/3494 3476/3476
f 3476/3476 3494/3494 3493/3493
f 3477/3477 3493/3493 3494/3494
f 3477/3477 3492/3492 3493/3493
f 3491/3491 3492/3492 3477/3477
f 3468/3468 3465/3465 3467/3467
f 3476/3476 3474/3474 3475/3475
f 3474/3474 3476/3476 3493/3493
f 3471/3471 3467/3467 3469/3469
f 3469/3469 3466/3466 3470/3470
f 3467/3467 3466/3466 3469/3469
f 3465/3465 3466/3466 3467/3467
f 3473/3473 3475/3475 3474/3474
f 3472/3472 3473/3473 3474/3474
f 2931/2931 2935/2935 2951/2951
f 1980/1980 1979/1979 1978/1978
f 1198/1198 1201/1201 1199/1199
f 1198/1198 1199/1199 1200/1200
f 1200/1200 1199/1199 1202/1202
f 3007/3007 3005/3005 3006/3006
f 1978/1978 1979/1979 1976/1976
f 1976/1976 1979/1979 1977/1977
f 2929/2929 2930/2930 2931/2931
f 2930/2930 2935/2935 2931/2931
f 3003/3003 3005/3005 3004/3004
f 3003/3003 3006/3006 3005/3005
f 2938/2938 2920/2920 2917/2917
f 1969/1969 1971/1971 1978/1978
f 1978/1978 1976/1976 1969/1969
f 1969/1969 1976/1976 1973/1973
f 1977/1977 1973/1973 1976/1976
f 2915/2915 2917/2917 2920/2920
f 2916/2916 2917/2917 2915/2915
f 1969/1969 1970/1970 1971/1971
f 2929/2929 2928/2928 2930/2930
f 2940/2940 2930/2930 2928/2928
f 1969/1969 1972/1972 1970/1970
f 1973/1973 1972/1972 1969/1969
f 1975/1975 1974/1974 1973/1973
f 1973/1973 1974/1974 1972/1972
f 3002/3002 3003/3003 3004/3004
f 2232/2232 2233/2233 2237/2237
f 2915/2915 2920/2920 2914/2914
f 2234/2234 2226/2226 2236/2236
f 2234/2234 2228/2228 2226/2226
f 2234/2234 2233/2233 2228/2228
f 2918/2918 2920/2920 2940/2940
f 2914/2914 2920/2920 2918/2918
f 2228/2228 2233/2233 2229/2229
f 2232/2232 2229/2229 2233/2233
f 2232/2232 2208/2208 2229/2229
f 2232/2232 2218/2218 2208/2208
f 2913/2913 2915/2915 2914/2914
f 2208/2208 2218/2218 2214/2214
f 2235/2235 2214/2214 2218/2218
f 2913/2913 2916/2916 2915/2915
f 2235/2235 2216/2216 2214/2214
f 2913/2913 2912/2912 2916/2916
f 3000/3000 2940/2940 2928/2928
f 2985/2985 2940/2940 3000/3000
f 2985/2985 2918/2918 2940/2940
f 2228/2228 2231/2231 2226/2226
f 2229/2229 2208/2208 2228/2228
f 2911/2911 2913/2913 2914/2914
f 2227/2227 2226/2226 2224/2224
f 2224/2224 2226/2226 2211/2211
f 2231/2231 2211/2211 2226/2226
f 2231/2231 2230/2230 2211/2211
f 2231/2231 2228/2228 2230/2230
f 2230/2230 2228/2228 2204/2204
f 2918/2918 2911/2911 2914/2914
f 2228/2228 2208/2208 2204/2204
f 2912/2912 2911/2911 2910/2910
f 2913/2913 2911/2911 2912/2912
f 2941/2941 2985/2985 3000/3000
f 2941/2941 2918/2918 2985/2985
f 2927/2927 2918/2918 2941/2941
f 2204/2204 2203/2203 2230/2230
f 2204/2204 2201/2201 2203/2203
f 2204/2204 2208/2208 2201/2201
f 2201/2201 2208/2208 2213/2213
f 2214/2214 2213/2213 2208/2208
f 2214/2214 2215/2215 2213/2213
f 2214/2214 2216/2216 2215/2215
f 2215/2215 2216/2216 2217/2217
f 2230/2230 2203/2203 2211/2211
f 2211/2211 2203/2203 2202/2202
f 2927/2927 2911/2911 2918/2918
f 2201/2201 2202/2202 2203/2203
f 2908/2908 2911/2911 2927/2927
f 2215/2215 2207/2207 2213/2213
f 2908/2908 2910/2910 2911/2911
f 2224/2224 2223/2223 2225/2225
f 2224/2224 2222/2222 2223/2223
f 2941/2941 2896/2896 2927/2927
f 2224/2224 2211/2211 2222/2222
f 2222/2222 2211/2211 2212/2212
f 2922/2922 2908/2908 2927/2927
f 2205/2205 2202/2202 2201/2201
f 2201/2201 2213/2213 2205/2205
f 2207/2207 2205/2205 2213/2213
f 2909/2909 2910/2910 2908/2908
f 2223/2223 2222/2222 2221/2221
f 2896/2896 2905/2905 2927/2927
f 2221/2221 2222/2222 2220/2220
f 2212/2212 2220/2220 2222/2222
f 2905/2905 2922/2922 2927/2927
f 2212/2212 2210/2210 2220/2220
f 2212/2212 2211/2211 2210/2210
f 2209/2209 2210/2210 2211/2211
f 2211/2211 2202/2202 2209/2209
f 2206/2206 2202/2202 2205/2205
f 2209/2209 2202/2202 2206/2206
f 2205/2205 2207/2207 2206/2206
f 2907/2907 2909/2909 2908/2908
f 2919/2919 2909/2909 2907/2907
f 434/434 433/433 425/425
f 462/462 434/434 425/425
f 446/446 414/414 433/433
f 414/414 417/417 413/413
f 422/422 426/426 425/425
f 422/422 425/425 421/421
f 421/421 414/414 407/407
f 433/433 414/414 421/421
f 425/425 433/433 421/421
f 414/414 413/413 407/407
f 438/438 422/422 437/437
f 422/422 421/421 407/407
f 407/407 413/413 412/412
f 412/412 416/416 415/415
f 439/439 441/441 440/440
f 437/437 439/439 440/440
f 437/437 422/422 436/436
f 408/408 422/422 407/407
f 408/408 436/436 422/422
f 406/406 408/408 407/407
f 404/404 406/406 407/407
f 412/412 404/404 407/407
f 404/404 412/412 415/415
f 441/441 443/443 444/444
f 441/441 442/442 443/443
f 439/439 442/442 441/441
f 439/439 437/437 436/436
f 409/409 408/408 406/406
f 406/406 405/405 409/409
f 404/404 405/405 406/406
f 415/415 416/416 419/419
f 445/445 442/442 439/439
f 448/448 445/445 436/436
f 439/439 436/436 445/445
f 449/449 448/448 436/436
f 436/436 408/408 449/449
f 449/449 408/408 409/409
f 405/405 468/468 409/409
f 404/404 410/410 405/405
f 415/415 411/411 404/404
f 411/411 410/410 404/404
f 420/420 411/411 415/415
f 419/419 420/420 415/415
f 442/442 450/450 443/443
f 405/405 432/432 468/468
f 410/410 432/432 405/405
f 411/411 432/432 410/410
f 411/411 427/427 432/432
f 427/427 411/411 420/420
f 447/447 420/420 419/419
f 428/428 420/420 447/447
f 427/427 420/420 428/428
f 445/445 450/450 442/442
f 445/445 454/454 453/453
f 445/445 448/448 454/454
f 468/468 449/449 409/409
f 427/427 431/431 432/432
f 427/427 428/428 429/429
f 467/467 454/454 449/449
f 448/448 449/449 454/454
f 468/468 467/467 449/449
f 468/468 470/470 467/467
f 432/432 470/470 468/468
f 432/432 471/471 470/470
f 432/432 435/435 471/471
f 431/431 435/435 432/432
f 431/431 427/427 430/430
f 427/427 429/429 430/430
f 430/430 429/429 461/461
f 452/452 455/455 450/450
f 452/452 450/450 445/445
f 453/453 452/452 445/445
f 454/454 460/460 453/453
f 454/454 465/465 460/460
f 467/467 465/465 454/454
f 430/430 435/435 431/431
f 460/460 458/458 453/453
f 452/452 453/453 458/458
f 467/467 469/469 465/465
f 470/470 469/469 467/467
f 471/471 469/469 470/470
f 471/471 472/472 469/469
f 435/435 472/472 471/471
f 435/435 451/451 472/472
f 451/451 435/435 430/430
f 456/456 455/455 452/452
f 456/456 452/452 458/458
f 457/457 455/455 456/456
f 464/464 458/458 460/460
f 464/464 460/460 465/465
f 464/464 465/465 466/466
f 464/464 466/466 473/473
f 3075/3075 3074/3074 3035/3035
f 3061/3061 3068/3068 3069/3069
f 300/300 303/303 304/304
f 300/300 269/269 276/276
f 286/286 269/269 300/300
f 285/285 286/286 287/287
f 288/288 285/285 287/287
f 312/312 288/288 326/326
f 340/340 312/312 326/326
f 340/340 334/334 312/312
f 335/335 334/334 336/336
f 300/300 284/284 303/303
f 270/270 284/284 276/276
f 284/284 300/300 276/276
f 270/270 276/276 269/269
f 289/289 288/288 312/312
f 334/334 292/292 312/312
f 292/292 334/334 335/335
f 270/270 313/313 284/284
f 286/286 267/267 269/269
f 289/289 285/285 288/288
f 292/292 289/289 312/312
f 292/292 335/335 332/332
f 270/270 314/314 313/313
f 268/268 270/270 269/269
f 314/314 270/270 268/268
f 267/267 268/268 269/269
f 267/267 286/286 285/285
f 290/290 285/285 289/289
f 289/289 292/292 290/290
f 294/294 292/292 332/332
f 332/332 335/335 350/350
f 313/313 314/314 273/273
f 314/314 268/268 273/273
f 271/271 268/268 267/267
f 267/267 285/285 271/271
f 271/271 285/285 291/291
f 290/290 291/291 285/285
f 293/293 290/290 292/292
f 292/292 294/294 293/293
f 295/295 293/293 294/294
f 273/273 268/268 272/272
f 268/268 271/271 272/272
f 290/290 293/293 310/310
f 295/295 310/310 293/293
f 272/272 271/271 275/275
f 277/277 271/271 291/291
f 277/277 275/275 271/271
f 282/282 277/277 290/290
f 277/277 291/291 290/290
f 290/290 310/310 282/282
f 272/272 275/275 279/279
f 279/279 275/275 319/319
f 280/280 319/319 275/275
f 277/277 280/280 275/275
f 281/281 277/277 282/282
f 279/279 354/354 359/359
f 319/319 354/354 279/279
f 354/354 319/319 280/280
f 280/280 277/277 281/281
f 280/280 351/351 354/354
f 280/280 283/283 351/351
f 280/280 281/281 283/283
f 356/356 359/359 354/354
f 356/356 354/354 353/353
f 353/353 354/354 351/351
f 352/352 353/353 351/351
f 283/283 352/352 351/351
f 356/356 357/357 361/361
f 356/356 353/353 357/357
f 357/357 353/353 383/383
f 384/384 383/383 353/353
f 384/384 353/353 352/352
f 664/664 672/672 661/661
f 663/663 664/664 661/661
f 397/397 361/361 400/400
f 357/357 400/400 361/361
f 383/383 400/400 357/357
f 665/665 664/664 663/663
f 400/400 383/383 401/401
f 665/665 663/663 666/666
f 384/384 401/401 383/383
f 668/668 665/665 666/666
f 401/401 384/384 385/385
f 385/385 384/384 352/352
f 386/386 385/385 352/352
f 661/661 662/662 663/663
f 670/670 662/662 683/683
f 663/663 662/662 670/670
f 669/669 663/663 670/670
f 669/669 666/666 663/663
f 669/669 677/677 666/666
f 1607/1607 1603/1603 1608/1608
f 1603/1603 1607/1607 1601/1601
f 1601/1601 1607/1607 1602/1602
f 385/385 386/386 387/387
f 1602/1602 1604/1604 1600/1600
f 385/385 387/387 388/388
f 2757/2757 2758/2758 2759/2759
f 1603/1603 1601/1601 1600/1600
f 1600/1600 1601/1601 1602/1602
f 1605/1605 1604/1604 1606/1606
f 166/166 167/167 168/168
f 390/390 388/388 389/389
f 1600/1600 1604/1604 1605/1605
f 389/389 388/388 387/387
f 389/389 387/387 403/403
f 2178/2178 2186/2186 2181/2181
f 3022/3022 3023/3023 3024/3024
f 3733/3733 3743/3743 3742/3742
f 3087/3087 3088/3088 3089/3089
f 3087/3087 3090/3090 3091/3091
f 3087/3087 3089/3089 3090/3090
f 3092/3092 3091/3091 3090/3090
f 3058/3058 3053/3053 3059/3059
f 3050/3050 3055/3055 3053/3053
f 3053/3053 3058/3058 3056/3056
f 3053/3053 3051/3051 3050/3050
f 3053/3053 3056/3056 3051/3051
f 3050/3050 3051/3051 3049/3049
f 3057/3057 3051/3051 3056/3056
f 3057/3057 3060/3060 3051/3051
f 3051/3051 3052/3052 3049/3049
f 3054/3054 3052/3052 3051/3051
f 3060/3060 3054/3054 3051/3051
f 3706/3706 3707/3707 3696/3696
f 3694/3694 3684/3684 3695/3695
f 3693/3693 3684/3684 3694/3694
f 3693/3693 3694/3694 3696/3696
f 4493/4493 4494/4494 4495/4495
f 3903/3903 3904/3904 3902/3902
f 3687/3687 3684/3684 3693/3693
f 3905/3905 3904/3904 3903/3903
f 3901/3901 3902/3902 3891/3891
f 3903/3903 3902/3902 3901/3901
f 3901/3901 3891/3891 3890/3890
f 3901/3901 3890/3890 3900/3900
f 3685/3685 3684/3684 3687/3687
f 3706/3706 3696/3696 3695/3695
f 3694/3694 3695/3695 3696/3696
f 3106/3106 3103/3103 3107/3107
f 3106/3106 3105/3105 3103/3103
f 337/337 335/335 336/336
f 2272/2272 2274/2274 2275/2275
f 2272/2272 2275/2275 2276/2276
f 3129/3129 3106/3106 3107/3107
f 3130/3130 3106/3106 3129/3129
f 339/339 335/335 337/337
f 1798/1798 1799/1799 1800/1800
f 2834/2834 2835/2835 2836/2836
f 1876/1876 1877/1877 1878/1878
f 1897/1897 1898/1898 1899/1899
f 109/109 110/110 111/111
f 1897/1897 1900/1900 1898/1898
f 1899/1899 1901/1901 1897/1897
f 1901/1901 1905/1905 1897/1897
f 112/112 113/113 114/114
f 806/806 807/807 801/801
f 1902/1902 1906/1906 1900/1900
f 1902/1902 1907/1907 1906/1906
f 1799/1799 1801/1801 1800/1800
f 1897/1897 1902/1902 1900/1900
f 804/804 800/800 805/805
f 1800/1800 1801/1801 1803/1803
f 1897/1897 1905/1905 1904/1904
f 798/798 806/806 801/801
f 800/800 798/798 801/801
f 1897/1897 1903/1903 1902/1902
f 1903/1903 1897/1897 1904/1904
f 798/798 800/800 799/799
f 799/799 800/800 804/804
f 1858/1858 1860/1860 1859/1859
f 1586/1586 1583/1583 1588/1588
f 1588/1588 1587/1587 1586/1586
f 1852/1852 1854/1854 1858/1858
f 1859/1859 1852/1852 1858/1858
f 1586/1586 1584/1584 1583/1583
f 1584/1584 1586/1586 1585/1585
f 1585/1585 1586/1586 1587/1587
f 1581/1581 1582/1582 1583/1583
f 1584/1584 1581/1581 1583/1583
f 1848/1848 1854/1854 1852/1852
f 1581/1581 1574/1574 1582/1582
f 1571/1571 1581/1581 1584/1584
f 1584/1584 1585/1585 1571/1571
f 1581/1581 1570/1570 1574/1574
f 1571/1571 1570/1570 1581/1581
f 1846/1846 1848/1848 1847/1847
f 1572/1572 1573/1573 1570/1570
f 1569/1569 1570/1570 1571/1571
f 1569/1569 1572/1572 1570/1570
f 1574/1574 1570/1570 1573/1573
f 1572/1572 1576/1576 1573/1573
f 1572/1572 1575/1575 1576/1576
f 1575/1575 1572/1572 1569/1569
f 4639/4639 4632/4632 4640/4640
f 3688/3688 3685/3685 3687/3687
f 3688/3688 3687/3687 3697/3697
f 3419/3419 3456/3456 3418/3418
f 3460/3460 3452/3452 3455/3455
f 3453/3453 3455/3455 3452/3452
f 889/889 886/886 892/892
f 893/893 889/889 892/892
f 891/891 894/894 890/890
f 889/889 893/893 888/888
f 3433/3433 3438/3438 3434/3434
f 3440/3440 3438/3438 3433/3433
f 3439/3439 3459/3459 3458/3458
f 3419/3419 3439/3439 3458/3458
f 3457/3457 3451/3451 3454/3454
f 3451/3451 3450/3450 3454/3454
f 3419/3419 3458/3458 3456/3456
f 3452/3452 3460/3460 3454/3454
f 3434/3434 3435/3435 3432/3432
f 3434/3434 3432/3432 3433/3433
f 3433/3433 3432/3432 3431/3431
f 3437/3437 3433/3433 3431/3431
f 3433/3433 3437/3437 3440/3440
f 3440/3440 3437/3437 3441/3441
f 3440/3440 3441/3441 3442/3442
f 3441/3441 3448/3448 3442/3442
f 3448/3448 3457/3457 3442/3442
f 3448/3448 3451/3451 3457/3457
f 3427/3427 3435/3435 3428/3428
f 3432/3432 3435/3435 3427/3427
f 3432/3432 3427/3427 3429/3429
f 3432/3432 3429/3429 3431/3431
f 3444/3444 3437/3437 3431/3431
f 3443/3443 3437/3437 3444/3444
f 3437/3437 3443/3443 3441/3441
f 3443/3443 3446/3446 3441/3441
f 3446/3446 3448/3448 3441/3441
f 3429/3429 3430/3430 3431/3431
f 3436/3436 3444/3444 3431/3431
f 3430/3430 3436/3436 3431/3431
f 3443/3443 3444/3444 3436/3436
f 3443/3443 3436/3436 3445/3445
f 3446/3446 3447/3447 3449/3449
f 1576/1576 1575/1575 1577/1577
f 4638/4638 4632/4632 4639/4639
f 4633/4633 4632/4632 4638/4638
f 1449/1449 1450/1450 1446/1446
f 1450/1450 1449/1449 1451/1451
f 1452/1452 1450/1450 1451/1451
f 1452/1452 1451/1451 1461/1461
f 3201/3201 3202/3202 3197/3197
f 1460/1460 1446/1446 1450/1450
f 1456/1456 1446/1446 1460/1460
f 4676/4676 4677/4677 4678/4678
f 1577/1577 1580/1580 1589/1589
f 693/693 694/694 695/695
f 1449/1449 1458/1458 1451/1451
f 1463/1463 1451/1451 1458/1458
f 1463/1463 1461/1461 1451/1451
f 1446/1446 1448/1448 1449/1449
f 3198/3198 3201/3201 3197/3197
f 704/704 702/702 709/709
f 704/704 710/710 711/711
f 704/704 709/709 710/710
f 1589/1589 1580/1580 1590/1590
f 1458/1458 1464/1464 1465/1465
f 3195/3195 3200/3200 3190/3190
f 688/688 690/690 693/693
f 690/690 694/694 693/693
f 696/696 694/694 690/690
f 1449/1449 1464/1464 1458/1458
f 1448/1448 1453/1453 1449/1449
f 3196/3196 3197/3197 3195/3195
f 700/700 689/689 702/702
f 3196/3196 3198/3198 3197/3197
f 3199/3199 3198/3198 3196/3196
f 703/703 700/700 702/702
f 704/704 703/703 702/702
f 724/724 704/704 711/711
f 3190/3190 3191/3191 3195/3195
f 3188/3188 3191/3191 3190/3190
f 686/686 688/688 687/687
f 688/688 686/686 690/690
f 689/689 687/687 688/688
f 699/699 687/687 689/689
f 3191/3191 3196/3196 3195/3195
f 699/699 689/689 700/700
f 2853/2853 2852/2852 2851/2851
f 704/704 723/723 703/703
f 723/723 704/704 724/724
f 3219/3219 3220/3220 3223/3223
f 3217/3217 3219/3219 3223/3223
f 3218/3218 3220/3220 3219/3219
f 701/701 687/687 699/699
f 3218/3218 3222/3222 3221/3221
f 3220/3220 3218/3218 3221/3221
f 700/700 701/701 699/699
f 3222/3222 3224/3224 3221/3221
f 2125/2125 2126/2126 2127/2127
f 2850/2850 2851/2851 2852/2852
f 3185/3185 3184/3184 3183/3183
f 3217/3217 3218/3218 3219/3219
f 4667/4667 4668/4668 4665/4665
f 4672/4672 4670/4670 4669/4669
f 706/706 687/687 701/701
f 701/701 705/705 706/706
f 3212/3212 3214/3214 3183/3183
f 3181/3181 3212/3212 3183/3183
f 700/700 705/705 701/701
f 3212/3212 3213/3213 3214/3214
f 700/700 722/722 705/705
f 3174/3174 3213/3213 3212/3212
f 3182/3182 3183/3183 3184/3184
f 3181/3181 3183/3183 3182/3182
f 4660/4660 4663/4663 4661/4661
f 4657/4657 4658/4658 4659/4659
f 725/725 726/726 706/706
f 706/706 705/705 725/725
f 3179/3179 3212/3212 3181/3181
f 3178/3178 3212/3212 3179/3179
f 3178/3178 3174/3174 3212/3212
f 3160/3160 3174/3174 3178/3178
f 3163/3163 3174/3174 3160/3160
f 3163/3163 3160/3160 3159/3159
f 1518/1518 1516/1516 1515/1515
f 3164/3164 3178/3178 3179/3179
f 3162/3162 3178/3178 3164/3164
f 3160/3160 3178/3178 3162/3162
f 3158/3158 3159/3159 3160/3160
f 3157/3157 3159/3159 3158/3158
f 3180/3180 3182/3182 3216/3216
f 3180/3180 3181/3181 3182/3182
f 1519/1519 1516/1516 1518/1518
f 3180/3180 3179/3179 3181/3181
f 3164/3164 3179/3179 3180/3180
f 3156/3156 3157/3157 3158/3158
f 3153/3153 3155/3155 3156/3156
f 3155/3155 3157/3157 3156/3156
f 3155/3155 3153/3153 3152/3152
f 3155/3155 3152/3152 3176/3176
f 3166/3166 3173/3173 3176/3176
f 3152/3152 3166/3166 3176/3176
f 3172/3172 3173/3173 3166/3166
f 1519/1519 1520/1520 1516/1516
f 1659/1659 1665/1665 1638/1638
f 1521/1521 1520/1520 1519/1519
f 1522/1522 1521/1521 1519/1519
f 1519/1519 1523/1523 1522/1522
f 1500/1500 1499/1499 1501/1501
f 1500/1500 1497/1497 1499/1499
f 3162/3162 3164/3164 3161/3161
f 1522/1522 1523/1523 1524/1524
f 1522/1522 1524/1524 1525/1525
f 1499/1499 1497/1497 1498/1498
f 3161/3161 3160/3160 3162/3162
f 3158/3158 3160/3160 3161/3161
f 1481/1481 1496/1496 1497/1497
f 1497/1497 1496/1496 1498/1498
f 1482/1482 1496/1496 1481/1481
f 3169/3169 3156/3156 3158/3158
f 3156/3156 3169/3169 3175/3175
f 3175/3175 3153/3153 3156/3156
f 3154/3154 3153/3153 3175/3175
f 1466/1466 1467/1467 1468/1468
f 1470/1470 1466/1466 1468/1468
f 1470/1470 1474/1474 1466/1466
f 3152/3152 3153/3153 3154/3154
f 1466/1466 1469/1469 1467/1467
f 1469/1469 1466/1466 1474/1474
f 3154/3154 3165/3165 3152/3152
f 1467/1467 1469/1469 1471/1471
f 1808/1808 1806/1806 1807/1807
f 3165/3165 3166/3166 3152/3152
f 1807/1807 1806/1806 1805/1805
f 1473/1473 1471/1471 1469/1469
f 1805/1805 1806/1806 1804/1804
f 1471/1471 1473/1473 1480/1480
f 1626/1626 1659/1659 1638/1638
f 1630/1630 1626/1626 1638/1638
f 3168/3168 3164/3164 3215/3215
f 1525/1525 1526/1526 1521/1521
f 1525/1525 1521/1521 1522/1522
f 1626/1626 1646/1646 1659/1659
f 1626/1626 1622/1622 1646/1646
f 3164/3164 3168/3168 3161/3161
f 3161/3161 3168/3168 3167/3167
f 1524/1524 1527/1527 1525/1525
f 1619/1619 1646/1646 1622/1622
f 3167/3167 3158/3158 3161/3161
f 1528/1528 1527/1527 1524/1524
f 1619/1619 1660/1660 1646/1646
f 3177/3177 3158/3158 3167/3167
f 1528/1528 1529/1529 1527/1527
f 1619/1619 1618/1618 1660/1660
f 3225/3225 3226/3226 3227/3227
f 1529/1529 1528/1528 1530/1530
f 1481/1481 1477/1477 1482/1482
f 1477/1477 1481/1481 1478/1478
f 1505/1505 1482/1482 1472/1472
f 3169/3169 3158/3158 3170/3170
f 1482/1482 1477/1477 1472/1472
f 1476/1476 1477/1477 1478/1478
f 1478/1478 1475/1475 1476/1476
f 3175/3175 3169/3169 3170/3170
f 1470/1470 1472/1472 1477/1477
f 1477/1477 1476/1476 1470/1470
f 1468/1468 1472/1472 1470/1470
f 1474/1474 1470/1470 1476/1476
f 1474/1474 1476/1476 1475/1475
f 1474/1474 1475/1475 1469/1469
f 1475/1475 1479/1479 1469/1469
f 1469/1469 1479/1479 1483/1483
f 3171/3171 3166/3166 3165/3165
f 1483/1483 1473/1473 1469/1469
f 3171/3171 3172/3172 3166/3166
f 1630/1630 1625/1625 1626/1626
f 1625/1625 1622/1622 1626/1626
f 1623/1623 1622/1622 1625/1625
f 2155/2155 2154/2154 2157/2157
f 2154/2154 2155/2155 2156/2156
f 1621/1621 1622/1622 1623/1623
f 1621/1621 1619/1619 1622/1622
f 1620/1620 1619/1619 1621/1621
f 79/79 80/80 81/81
f 76/76 77/77 78/78
f 1618/1618 1619/1619 1620/1620
f 1639/1639 1618/1618 1620/1620
f 1639/1639 1640/1640 1618/1618
f 1641/1641 1640/1640 1639/1639
f 1641/1641 1642/1642 1640/1640
f 1643/1643 1642/1642 1641/1641
f 1644/1644 1642/1642 1643/1643
f 1621/1621 1623/1623 1624/1624
f 1636/1636 1621/1621 1624/1624
f 1621/1621 1636/1636 1637/1637
f 1621/1621 1637/1637 1620/1620
f 1637/1637 1658/1658 1620/1620
f 1658/1658 1639/1639 1620/1620
f 1490/1490 1491/1491 1489/1489
f 1489/1489 1486/1486 1490/1490
f 1486/1486 1489/1489 1488/1488
f 1487/1487 1486/1486 1488/1488
f 1484/1484 1486/1486 1487/1487
f 1485/1485 1486/1486 1484/1484
f 1627/1627 1623/1623 1625/1625
f 1624/1624 1623/1623 1627/1627
f 1637/1637 1636/1636 1645/1645
f 1645/1645 1657/1657 1637/1637
f 1657/1657 1658/1658 1637/1637
f 1491/1491 1494/1494 1493/1493
f 1491/1491 1493/1493 1492/1492
f 1493/1493 1495/1495 1492/1492
f 1492/1492 1489/1489 1491/1491
f 1633/1633 1624/1624 1627/1627
f 1494/1494 1502/1502 1493/1493
f 1495/1495 1493/1493 1504/1504
f 1634/1634 1633/1633 1627/1627
f 1503/1503 1502/1502 1494/1494
f 3704/3704 3750/3750 3749/3749
f 3751/3751 3750/3750 3704/3704
f 3749/3749 3748/3748 3704/3704
f 3698/3698 3705/3705 3710/3710
f 3704/3704 3700/3700 3702/3702
f 3701/3701 3702/3702 3700/3700
f 3683/3683 3682/3682 3691/3691
f 3684/3684 3691/3691 3695/3695
f 3683/3683 3691/3691 3684/3684
f 3703/3703 3702/3702 3701/3701
f 3686/3686 3700/3700 3690/3690
f 3701/3701 3700/3700 3686/3686
f 3686/3686 3690/3690 3689/3689
f 3686/3686 3689/3689 3682/3682
f 3682/3682 3683/3683 3684/3684
f 3685/3685 3682/3682 3684/3684
f 3686/3686 3682/3682 3685/3685
f 3698/3698 3692/3692 3705/3705
f 3706/3706 3695/3695 3699/3699
f 3691/3691 3698/3698 3699/3699
f 3691/3691 3699/3699 3695/3695
f 3690/3690 3692/3692 3689/3689
f 3689/3689 3692/3692 3698/3698
f 3689/3689 3698/3698 3691/3691
f 3682/3682 3689/3689 3691/3691
f 3348/3348 3364/3364 3368/3368
f 3367/3367 3364/3364 3365/3365
f 3367/3367 3365/3365 3369/3369
f 3371/3371 3384/3384 3369/3369
f 3369/3369 3384/3384 3367/3367
f 3369/3369 3370/3370 3371/3371
f 571/571 580/580 570/570
f 3351/3351 3348/3348 3340/3340
f 3364/3364 3348/3348 3351/3351
f 3364/3364 3351/3351 3365/3365
f 3366/3366 3351/3351 3382/3382
f 3365/3365 3351/3351 3366/3366
f 3369/3369 3365/3365 3366/3366
f 3366/3366 3382/3382 3372/3372
f 575/575 571/571 574/574
f 3370/3370 3369/3369 3366/3366
f 3366/3366 3372/3372 3370/3370
f 569/569 571/571 570/570
f 3339/3339 3337/3337 3340/3340
f 3340/3340 3337/3337 3351/3351
f 3334/3334 3337/3337 3333/3333
f 3351/3351 3337/3337 3334/3334
f 3412/3412 3409/3409 3414/3414
f 3412/3412 3411/3411 3409/3409
f 3351/3351 3334/3334 3382/3382
f 3410/3410 3409/3409 3411/3411
f 3408/3408 3409/3409 3410/3410
f 3375/3375 3377/3377 3376/3376
f 3382/3382 3375/3375 3372/3372
f 3374/3374 3375/3375 3376/3376
f 3376/3376 3379/3379 3374/3374
f 573/573 574/574 571/571
f 3373/3373 3370/3370 3372/3372
f 3374/3374 3372/3372 3375/3375
f 3373/3373 3372/3372 3374/3374
f 569/569 573/573 571/571
f 567/567 569/569 570/570
f 567/567 570/570 581/581
f 581/581 568/568 567/567
f 3373/3373 3380/3380 3370/3370
f 3373/3373 3374/3374 3381/3381
f 3339/3339 3338/3338 3337/3337
f 3341/3341 3338/3338 3339/3339
f 3338/3338 3333/3333 3337/3337
f 3352/3352 3333/3333 3338/3338
f 3306/3306 3333/3333 3352/3352
f 3332/3332 3333/3333 3306/3306
f 3332/3332 3306/3306 3331/3331
f 3305/3305 3306/3306 3302/3302
f 3331/3331 3306/3306 3305/3305
f 3334/3334 3333/3333 3332/3332
f 3332/3332 3335/3335 3334/3334
f 2262/2262 2263/2263 2264/2264
f 3335/3335 3332/3332 3336/3336
f 2262/2262 2264/2264 2265/2265
f 2113/2113 2114/2114 2115/2115
f 3411/3411 3412/3412 3413/3413
f 3376/3376 3377/3377 3378/3378
f 1075/1075 1074/1074 1043/1043
f 578/578 573/573 572/572
f 566/566 569/569 567/567
f 566/566 572/572 569/569
f 582/582 584/584 583/583
f 588/588 584/584 585/585
f 584/584 582/582 585/585
f 565/565 567/567 568/568
f 565/565 566/566 567/567
f 565/565 582/582 583/583
f 568/568 582/582 565/565
f 3394/3394 3397/3397 3396/3396
f 3358/3358 3309/3309 3359/3359
f 3396/3396 3397/3397 3402/3402
f 3403/3403 3396/3396 3402/3402
f 3402/3402 3397/3397 3406/3406
f 3341/3341 3349/3349 3343/3343
f 3338/3338 3341/3341 3343/3343
f 3345/3345 3349/3349 3341/3341
f 3338/3338 3343/3343 3352/3352
f 3306/3306 3352/3352 3299/3299
f 3302/3302 3299/3299 3301/3301
f 3306/3306 3299/3299 3302/3302
f 3301/3301 3303/3303 3302/3302
f 2341/2341 2344/2344 2345/2345
f 3304/3304 3302/3302 3303/3303
f 3304/3304 3305/3305 3302/3302
f 2346/2346 2344/2344 2343/2343
f 2879/2879 2880/2880 2881/2881
f 2879/2879 2882/2882 2880/2880
f 572/572 577/577 578/578
f 576/576 572/572 566/566
f 576/576 577/577 572/572
f 579/579 576/576 566/566
f 587/587 579/579 583/583
f 586/586 583/583 584/584
f 586/586 587/587 583/583
f 565/565 579/579 566/566
f 565/565 583/583 579/579
f 3394/3394 3393/3393 3398/3398
f 3358/3358 3363/3363 3308/3308
f 3309/3309 3358/3358 3308/3308
f 3309/3309 3308/3308 3298/3298
f 3309/3309 3298/3298 3299/3299
f 3299/3299 3298/3298 3295/3295
f 3299/3299 3295/3295 3300/3300
f 3402/3402 3406/3406 3407/3407
f 3352/3352 3309/3309 3299/3299
f 3301/3301 3299/3299 3300/3300
f 3310/3310 3301/3301 3300/3300
f 3303/3303 3301/3301 3310/3310
f 2375/2375 2376/2376 2373/2373
f 2341/2341 2345/2345 2347/2347
f 2341/2341 2342/2342 2343/2343
f 2344/2344 2341/2341 2343/2343
f 1043/1043 1064/1064 1061/1061
f 1043/1043 1066/1066 1064/1064
f 1064/1064 1066/1066 1067/1067
f 1074/1074 1066/1066 1043/1043
f 1067/1067 1070/1070 1071/1071
f 1069/1069 1066/1066 1074/1074
f 1066/1066 1068/1068 1067/1067
f 1066/1066 1069/1069 1068/1068
f 1067/1067 1068/1068 1070/1070
f 1070/1070 1068/1068 1072/1072
f 587/587 589/589 579/579
f 1073/1073 1070/1070 1072/1072
f 3307/3307 3308/3308 3363/3363
f 3308/3308 3307/3307 3298/3298
f 2371/2371 2373/2373 2370/2370
f 3310/3310 3300/3300 3383/3383
f 2374/2374 2373/2373 2371/2371
f 2374/2374 2375/2375 2373/2373
f 1065/1065 1063/1063 1062/1062
f 1531/1531 1532/1532 1533/1533
f 1062/1062 1061/1061 1065/1065
f 1078/1078 1080/1080 1081/1081
f 1098/1098 1087/1087 1092/1092
f 1078/1078 1081/1081 1083/1083
f 1079/1079 1080/1080 1078/1078
f 1086/1086 1092/1092 1087/1087
f 1093/1093 1092/1092 1086/1086
f 1067/1067 1084/1084 1064/1064
f 1067/1067 1076/1076 1084/1084
f 1078/1078 1083/1083 1076/1076
f 1078/1078 1077/1077 1079/1079
f 1078/1078 1076/1076 1077/1077
f 1085/1085 1086/1086 1087/1087
f 1088/1088 1087/1087 1090/1090
f 1085/1085 1087/1087 1088/1088
f 1097/1097 1088/1088 1090/1090
f 1067/1067 1071/1071 1076/1076
f 64/64 65/65 66/66
f 1076/1076 1071/1071 1070/1070
f 1077/1077 1076/1076 1070/1070
f 1089/1089 1085/1085 1088/1088
f 1085/1085 1091/1091 1096/1096
f 1089/1089 1091/1091 1085/1085
f 3295/3295 3294/3294 3383/3383
f 3300/3300 3295/3295 3383/3383
f 1533/1533 1532/1532 1535/1535
f 2824/2824 2825/2825 2826/2826
f 3142/3142 3143/3143 3144/3144
f 1081/1081 1080/1080 1082/1082
f 3128/3128 3122/3122 3127/3127
f 3119/3119 3128/3128 3127/3127
f 3122/3122 3116/3116 3119/3119
f 3127/3127 3122/3122 3119/3119
f 358/358 348/348 347/347
f 3117/3117 3118/3118 3116/3116
f 3116/3116 3118/3118 3119/3119
f 73/73 74/74 75/75
f 70/70 71/71 72/72
f 3121/3121 3120/3120 3117/3117
f 3117/3117 3120/3120 3118/3118
f 3121/3121 3125/3125 3120/3120
f 2278/2278 2282/2282 2281/2281
f 3126/3126 3125/3125 3121/3121
f 67/67 68/68 69/69
f 2282/2282 2278/2278 2284/2284
f 2278/2278 2294/2294 2284/2284
f 2370/2370 2372/2372 2365/2365
f 2370/2370 2365/2365 2369/2369
f 1947/1947 1948/1948 1949/1949
f 1947/1947 1951/1951 1948/1948
f 2369/2369 2371/2371 2370/2370
f 1947/1947 1949/1949 1950/1950
f 3113/3113 3124/3124 3102/3102
f 3122/3122 3124/3124 3113/3113
f 3113/3113 3116/3116 3122/3122
f 3115/3115 3116/3116 3113/3113
f 347/347 348/348 345/345
f 345/345 348/348 349/349
f 3115/3115 3117/3117 3116/3116
f 3115/3115 3121/3121 3117/3117
f 3123/3123 3121/3121 3115/3115
f 2283/2283 2279/2279 2281/2281
f 2278/2278 2279/2279 2280/2280
f 2278/2278 2281/2281 2279/2279
f 2294/2294 2278/2278 2280/2280
f 2363/2363 2365/2365 2364/2364
f 1880/1880 1882/1882 1883/1883
f 1880/1880 1881/1881 1882/1882
f 2128/2128 2129/2129 2130/2130
f 1884/1884 1882/1882 1881/1881
f 2365/2365 2368/2368 2369/2369
f 2363/2363 2368/2368 2365/2365
f 3109/3109 3111/3111 3110/3110
f 3104/3104 3109/3109 3110/3110
f 2348/2348 2349/2349 2350/2350
f 3104/3104 3108/3108 3109/3109
f 3104/3104 3102/3102 3108/3108
f 3101/3101 3113/3113 3102/3102
f 349/349 372/372 345/345
f 2283/2283 2289/2289 2277/2277
f 2291/2291 2286/2286 2285/2285
f 2291/2291 2288/2288 2286/2286
f 2285/2285 2279/2279 2277/2277
f 2285/2285 2286/2286 2279/2279
f 2277/2277 2279/2279 2283/2283
f 2288/2288 2293/2293 2287/2287
f 2286/2286 2287/2287 2280/2280
f 2288/2288 2287/2287 2286/2286
f 2286/2286 2280/2280 2279/2279
f 3133/3133 3112/3112 3141/3141
f 3133/3133 3132/3132 3112/3112
f 2141/2141 2142/2142 2143/2143
f 1962/1962 1965/1965 1966/1966
f 2362/2362 2363/2363 2364/2364
f 3112/3112 3110/3110 3141/3141
f 3104/3104 3110/3110 3112/3112
f 2158/2158 2159/2159 2160/2160
f 3103/3103 3104/3104 3112/3112
f 3103/3103 3102/3102 3104/3104
f 3101/3101 3102/3102 3103/3103
f 3105/3105 3113/3113 3101/3101
f 3113/3113 3105/3105 3114/3114
f 3113/3113 3114/3114 3115/3115
f 2289/2289 2290/2290 2273/2273
f 372/372 363/363 336/336
f 363/363 338/338 336/336
f 370/370 338/338 363/363
f 2273/2273 2272/2272 2277/2277
f 338/338 370/370 379/379
f 2277/2277 2289/2289 2273/2273
f 1961/1961 1965/1965 1962/1962
f 3103/3103 3112/3112 3107/3107
f 3105/3105 3101/3101 3103/3103
f 2274/2274 2290/2290 2292/2292
f 2274/2274 2273/2273 2290/2290
f 338/338 337/337 336/336
f 2272/2272 2273/2273 2274/2274
f 3395/3395 3394/3394 3396/3396
f 3291/3291 3290/3290 3289/3289
f 3291/3291 3297/3297 3360/3360
f 3291/3291 3289/3289 3297/3297
f 3393/3393 3394/3394 3395/3395
f 3363/3363 3360/3360 3297/3297
f 3290/3290 3296/3296 3287/3287
f 3290/3290 3287/3287 3289/3289
f 3287/3287 3288/3288 3289/3289
f 3297/3297 3289/3289 3293/3293
f 3289/3289 3288/3288 3293/3293
f 3307/3307 3363/3363 3293/3293
f 3293/3293 3363/3363 3297/3297
f 3307/3307 3293/3293 3298/3298
f 3295/3295 3298/3298 3293/3293
f 3263/3263 3261/3261 3262/3262
f 3263/3263 3264/3264 3261/3261
f 3284/3284 3287/3287 3296/3296
f 3284/3284 3286/3286 3287/3287
f 3286/3286 3288/3288 3287/3287
f 3286/3286 3322/3322 3288/3288
f 3288/3288 3322/3322 3312/3312
f 3288/3288 3312/3312 3294/3294
f 3288/3288 3294/3294 3293/3293
f 3294/3294 3295/3295 3293/3293
f 3265/3265 3263/3263 3262/3262
f 3281/3281 3282/3282 3263/3263
f 3283/3283 3284/3284 3282/3282
f 3281/3281 3283/3283 3282/3282
f 3285/3285 3284/3284 3283/3283
f 3284/3284 3285/3285 3286/3286
f 3312/3312 3313/3313 3294/3294
f 3313/3313 3315/3315 3294/3294
f 3280/3280 3281/3281 3263/3263
f 3274/3274 3280/3280 3263/3263
f 3329/3329 3281/3281 3280/3280
f 3281/3281 3329/3329 3283/3283
f 3285/3285 3283/3283 3311/3311
f 3316/3316 3317/3317 3285/3285
f 3311/3311 3316/3316 3285/3285
f 3316/3316 3322/3322 3317/3317
f 3389/3389 3390/3390 3391/3391
f 3314/3314 3312/3312 3322/3322
f 3313/3313 3312/3312 3314/3314
f 2365/2365 2366/2366 2364/2364
f 3274/3274 3263/3263 3265/3265
f 3318/3318 3311/3311 3329/3329
f 3316/3316 3311/3311 3318/3318
f 3319/3319 3313/3313 3314/3314
f 1189/1189 1190/1190 1186/1186
f 3313/3313 3319/3319 3324/3324
f 3134/3134 3132/3132 3133/3133
f 1186/1186 1190/1190 1191/1191
f 1962/1962 1967/1967 1963/1963
f 2367/2367 2364/2364 2366/2366
f 3280/3280 3274/3274 3325/3325
f 3385/3385 3386/3386 3387/3387
f 3314/3314 3323/3323 3320/3320
f 3389/3389 3391/3391 3392/3392
f 3319/3319 3314/3314 3320/3320
f 61/61 62/62 63/63
f 2837/2837 2838/2838 2839/2839
f 1189/1189 1186/1186 1181/1181
f 2763/2763 2764/2764 2765/2765
f 1185/1185 1181/1181 1186/1186
f 3131/3131 3132/3132 3134/3134
f 3112/3112 3132/3132 3131/3131
f 1964/1964 1961/1961 1963/1963
f 1961/1961 1962/1962 1963/1963
f 2800/2800 2781/2781 2801/2801
f 970/970 971/971 973/973
f 1022/1022 970/970 973/973
f 2776/2776 2801/2801 2781/2781
f 2779/2779 2776/2776 2781/2781
f 4679/4679 4681/4681 4682/4682
f 2779/2779 2777/2777 2776/2776
f 2777/2777 2775/2775 2776/2776
f 4679/4679 4680/4680 4681/4681
f 2780/2780 2777/2777 2779/2779
f 2107/2107 2109/2109 2108/2108
f 2775/2775 2773/2773 2774/2774
f 1729/1729 1721/1721 1731/1731
f 1721/1721 1720/1720 1731/1731
f 1729/1729 1726/1726 1721/1721
f 1729/1729 1730/1730 1726/1726
f 2771/2771 2772/2772 2773/2773
f 2106/2106 2107/2107 2108/2108
f 2771/2771 2773/2773 2778/2778
f 1720/1720 1721/1721 1722/1722
f 1722/1722 1721/1721 1723/1723
f 1724/1724 1723/1723 1721/1721
f 1733/1733 1724/1724 1726/1726
f 1724/1724 1721/1721 1726/1726
f 1728/1728 1724/1724 1733/1733
f 885/885 894/894 891/891
f 2783/2783 2788/2788 2795/2795
f 2786/2786 2783/2783 2782/2782
f 2788/2788 2783/2783 2786/2786
f 2784/2784 2782/2782 2772/2772
f 2784/2784 2786/2786 2782/2782
f 4683/4683 4691/4691 4687/4687
f 4695/4695 4692/4692 4694/4694
f 4691/4691 4683/4683 4690/4690
f 4692/4692 4693/4693 4694/4694
f 4686/4686 4683/4683 4687/4687
f 741/741 747/747 746/746
f 744/744 747/747 741/741
f 741/741 746/746 742/742
f 2786/2786 2787/2787 2788/2788
f 2785/2785 2786/2786 2784/2784
f 2787/2787 2786/2786 2785/2785
f 4690/4690 4683/4683 4685/4685
f 4683/4683 4686/4686 4684/4684
f 4683/4683 4684/4684 4685/4685
f 740/740 741/741 742/742
f 4685/4685 4684/4684 4688/4688
f 1724/1724 1725/1725 1723/1723
f 743/743 744/744 741/741
f 741/741 740/740 743/743
f 1725/1725 1724/1724 1727/1727
f 25/25 26/26 27/27
f 1728/1728 1727/1727 1724/1724
f 743/743 740/740 748/748
f 887/887 885/885 891/891
f 749/749 742/742 746/746
f 750/750 749/749 746/746
f 2795/2795 2788/2788 2794/2794
f 745/745 742/742 749/749
f 745/745 740/740 742/742
f 2788/2788 2791/2791 2794/2794
f 2787/2787 2790/2790 2788/2788
f 2790/2790 2791/2791 2788/2788
f 4701/4701 4697/4697 4700/4700
f 4688/4688 4689/4689 4685/4685
f 2799/2799 2791/2791 2790/2790
f 4696/4696 4697/4697 4698/4698
f 4700/4700 4697/4697 4696/4696
f 4697/4697 4699/4699 4698/4698
f 4702/4702 4699/4699 4697/4697
f 2797/2797 2792/2792 2798/2798
f 2797/2797 2796/2796 2792/2792
f 1813/1813 1814/1814 1815/1815
f 2979/2979 2934/2934 2954/2954
f 849/849 850/850 851/851
f 850/850 849/849 843/843
f 2934/2934 2953/2953 2954/2954
f 3018/3018 3019/3019 3020/3020
f 2978/2978 2965/2965 2969/2969
f 2967/2967 2965/2965 2966/2966
f 1940/1940 1939/1939 1942/1942
f 1613/1613 1614/1614 1615/1615
f 851/851 850/850 847/847
f 850/850 843/843 847/847
f 843/843 844/844 847/847
f 2951/2951 2953/2953 2934/2934
f 844/844 843/843 842/842
f 2951/2951 2955/2955 2953/2953
f 845/845 844/844 842/842
f 845/845 842/842 846/846
f 2957/2957 2964/2964 2955/2955
f 2978/2978 2964/2964 2957/2957
f 2965/2965 2978/2978 2957/2957
f 2965/2965 2959/2959 2966/2966
f 2981/2981 2966/2966 2959/2959
f 1938/1938 1941/1941 1939/1939
f 1938/1938 1939/1939 1940/1940
f 1613/1613 1611/1611 1614/1614
f 1609/1609 1611/1611 1613/1613
f 1611/1611 1649/1649 1614/1614
f 1654/1654 1649/1649 1611/1611
f 2933/2933 2931/2931 2934/2934
f 1203/1203 1204/1204 1205/1205
f 1203/1203 1205/1205 1206/1206
f 2934/2934 2931/2931 2951/2951
f 2955/2955 2951/2951 2956/2956
f 2956/2956 2957/2957 2955/2955
f 2959/2959 2965/2965 2957/2957
f 1609/1609 1610/1610 1611/1611
f 4703/4703 4704/4704 4705/4705
f 2808/2808 2809/2809 2810/2810
f 2808/2808 2810/2810 2811/2811
f 2957/2957 2956/2956 2958/2958
f 2958/2958 2959/2959 2957/2957
f 2960/2960 2959/2959 2958/2958
f 2959/2959 2960/2960 2963/2963
f 1612/1612 1610/1610 1609/1609
f 2932/2932 2931/2931 2933/2933
f 3006/3006 3008/3008 3007/3007
f 3006/3006 3009/3009 3008/3008
f 3010/3010 3009/3009 3006/3006
f 2958/2958 2961/2961 2960/2960
f 2929/2929 2931/2931 2932/2932
f 2962/2962 2960/2960 2961/2961
f 3081/3081 3033/3033 3032/3032
f 3033/3033 3030/3030 3032/3032
f 3033/3033 3081/3081 3086/3086
f 3031/3031 3029/3029 3030/3030
f 3031/3031 3030/3030 3033/3033
f 3086/3086 3031/3031 3033/3033
f 3086/3086 3036/3036 3031/3031
f 3048/3048 3036/3036 3086/3086
f 3048/3048 3086/3086 3085/3085
f 3085/3085 3084/3084 3048/3048
f 3043/3043 3048/3048 3084/3084
f 3034/3034 3029/3029 3031/3031
f 3036/3036 3034/3034 3031/3031
f 3036/3036 3037/3037 3034/3034
f 3037/3037 3036/3036 3048/3048
f 3041/3041 3037/3037 3048/3048
f 3043/3043 3041/3041 3048/3048
f 3043/3043 3042/3042 3041/3041
f 3083/3083 3029/3029 3034/3034
f 3038/3038 3083/3083 3034/3034
f 3034/3034 3037/3037 3038/3038
f 3037/3037 3039/3039 3038/3038
f 3040/3040 3037/3037 3041/3041
f 3040/3040 3039/3039 3037/3037
f 3042/3042 3040/3040 3041/3041
f 3039/3039 3040/3040 3044/3044
f 3083/3083 3028/3028 3025/3025
f 3099/3099 3096/3096 3100/3100
f 3099/3099 3098/3098 3096/3096
f 3039/3039 3047/3047 3038/3038
f 3040/3040 3045/3045 3044/3044
f 3708/3708 3707/3707 3706/3706
f 3354/3354 3355/3355 3357/3357
f 3355/3355 3350/3350 3356/3356
f 3415/3415 3416/3416 3417/3417
f 3346/3346 3340/3340 3347/3347
f 3340/3340 3348/3348 3347/3347
f 3404/3404 3405/3405 3400/3400
f 3400/3400 3401/3401 3404/3404
f 3400/3400 3396/3396 3401/3401
f 58/58 59/59 60/60
f 3350/3350 3354/3354 3353/3353
f 3355/3355 3354/3354 3350/3350
f 3342/3342 3350/3350 3344/3344
f 3350/3350 3342/3342 3339/3339
f 3346/3346 3350/3350 3339/3339
f 3340/3340 3346/3346 3339/3339
f 3396/3396 3400/3400 3399/3399
f 3350/3350 3353/3353 3345/3345
f 3344/3344 3350/3350 3345/3345
f 3341/3341 3344/3344 3345/3345
f 3341/3341 3342/3342 3344/3344
f 3342/3342 3341/3341 3339/3339
f 1044/1044 1045/1045 1047/1047
f 1045/1045 1048/1048 1047/1047
f 1044/1044 1041/1041 1045/1045
f 1044/1044 1042/1042 1041/1041
f 1041/1041 1043/1043 1061/1061
f 1041/1041 1042/1042 1043/1043
f 1050/1050 1048/1048 1049/1049
f 1045/1045 1049/1049 1048/1048
f 1051/1051 1049/1049 1045/1045
f 1051/1051 1045/1045 1052/1052
f 1052/1052 1045/1045 1046/1046
f 1045/1045 1041/1041 1046/1046
f 1046/1046 1041/1041 1061/1061
f 1062/1062 1046/1046 1061/1061
f 1054/1054 1056/1056 1060/1060
f 1056/1056 1054/1054 1055/1055
f 1053/1053 1055/1055 1054/1054
f 1054/1054 1060/1060 1049/1049
f 1049/1049 1053/1053 1054/1054
f 1051/1051 1053/1053 1049/1049
f 1053/1053 1051/1051 1052/1052
f 398/398 366/366 402/402
f 399/399 364/364 398/398
f 2359/2359 2360/2360 2361/2361
f 1046/1046 1062/1062 1063/1063
f 1534/1534 1532/1532 1531/1531
f 1095/1095 1092/1092 1094/1094
f 1092/1092 1093/1093 1094/1094
f 1058/1058 1057/1057 1059/1059
f 1056/1056 1057/1057 1058/1058
f 318/318 309/309 365/365
f 1057/1057 1056/1056 1055/1055
f 365/365 366/366 318/318
f 318/318 366/366 355/355
f 355/355 366/366 364/364
f 366/366 398/398 364/364
f 346/346 355/355 364/364
f 364/364 377/377 346/346
f 377/377 347/347 346/346
f 330/330 299/299 369/369
f 299/299 330/330 297/297
f 309/309 297/297 330/330
f 318/318 317/317 309/309
f 355/355 317/317 318/318
f 355/355 343/343 317/317
f 346/346 341/341 355/355
f 341/341 343/343 355/355
f 345/345 341/341 346/346
f 347/347 345/345 346/346
f 301/301 395/395 391/391
f 301/301 391/391 298/298
f 391/391 299/299 298/298
f 296/296 297/297 309/309
f 317/317 296/296 309/309
f 317/317 316/316 296/296
f 316/316 317/317 343/343
f 341/341 342/342 343/343
f 344/344 341/341 345/345
f 345/345 368/368 344/344
f 300/300 302/302 301/301
f 300/300 307/307 302/302
f 298/298 300/300 301/301
f 299/299 297/297 298/298
f 298/298 297/297 287/287
f 296/296 287/287 297/297
f 343/343 342/342 316/316
f 340/340 326/326 342/342
f 341/341 340/340 342/342
f 341/341 344/344 334/334
f 340/340 341/341 334/334
f 344/344 368/368 334/334
f 368/368 336/336 334/334
f 372/372 336/336 368/368
f 300/300 304/304 307/307
f 286/286 300/300 298/298
f 298/298 287/287 286/286
f 288/288 287/287 296/296
f 288/288 296/296 316/316
f 288/288 342/342 326/326
f 316/316 342/342 288/288
f 320/320 306/306 327/327
f 305/305 306/306 320/320
f 303/303 306/306 305/305
f 179/179 180/180 181/181
f 179/179 184/184 180/180
f 181/181 180/180 182/182
f 3278/3278 3279/3279 3271/3271
f 183/183 182/182 180/180
f 3276/3276 3270/3270 3271/3271
f 3279/3279 3276/3276 3271/3271
f 2104/2104 2099/2099 2103/2103
f 2099/2099 2097/2097 2103/2103
f 2098/2098 2097/2097 2099/2099
f 2098/2098 2099/2099 2100/2100
f 817/817 813/813 822/822
f 311/311 327/327 306/306
f 303/303 311/311 306/306
f 308/308 311/311 303/303
f 284/284 308/308 303/303
f 172/172 173/173 174/174
f 176/176 177/177 178/178
f 175/175 172/172 174/174
f 185/185 186/186 187/187
f 1036/1036 1039/1039 1038/1038
f 1037/1037 1036/1036 1038/1038
f 1039/1039 1040/1040 1038/1038
f 1215/1215 1216/1216 1217/1217
f 1207/1207 1208/1208 1209/1209
f 1208/1208 1210/1210 1209/1209
f 814/814 813/813 817/817
f 814/814 812/812 813/813
f 327/327 311/311 328/328
f 328/328 311/311 329/329
f 322/322 329/329 311/311
f 308/308 322/322 311/311
f 284/284 315/315 308/308
f 315/315 284/284 313/313
f 1308/1308 1309/1309 1310/1310
f 814/814 815/815 812/812
f 373/373 328/328 329/329
f 2088/2088 2084/2084 2089/2089
f 322/322 324/324 329/329
f 2089/2089 2090/2090 2088/2088
f 816/816 812/812 815/815
f 315/315 322/322 308/308
f 1308/1308 1306/1306 1309/1309
f 2084/2084 2085/2085 2086/2086
f 2088/2088 2085/2085 2084/2084
f 394/394 333/333 392/392
f 333/333 394/394 324/324
f 323/323 324/324 322/322
f 323/323 333/333 324/324
f 2086/2086 2087/2087 2084/2084
f 321/321 323/323 322/322
f 321/321 322/322 315/315
f 273/273 321/321 315/315
f 273/273 315/315 313/313
f 2091/2091 2086/2086 2085/2085
f 2091/2091 2092/2092 2086/2086
f 367/367 392/392 333/333
f 367/367 393/393 392/392
f 367/367 333/333 323/323
f 325/325 367/367 323/323
f 321/321 325/325 323/323
f 274/274 325/325 321/321
f 274/274 321/321 273/273
f 1547/1547 1553/1553 1552/1552
f 1547/1547 1546/1546 1553/1553
f 1547/1547 1552/1552 1550/1550
f 274/274 273/273 272/272
f 1546/1546 1548/1548 1556/1556
f 1546/1546 1547/1547 1548/1548
f 1548/1548 1547/1547 1549/1549
f 1549/1549 1547/1547 1550/1550
f 1551/1551 1549/1549 1550/1550
f 331/331 367/367 325/325
f 274/274 331/331 325/325
f 1557/1557 1556/1556 1548/1548
f 278/278 331/331 274/274
f 274/274 272/272 278/278
f 278/278 272/272 279/279
f 1554/1554 1548/1548 1549/1549
f 1554/1554 1555/1555 1548/1548
f 1554/1554 1549/1549 1551/1551
f 331/331 278/278 362/362
f 279/279 362/362 278/278
f 1100/1100 1104/1104 1101/1101
f 1106/1106 1104/1104 1107/1107
f 1101/1101 1104/1104 1106/1106
f 279/279 360/360 362/362
f 1105/1105 1104/1104 1100/1100
f 359/359 360/360 279/279
f 1101/1101 1103/1103 1099/1099
f 382/382 396/396 375/375
f 1099/1099 1100/1100 1101/1101
f 396/396 362/362 375/375
f 1099/1099 1102/1102 1100/1100
f 360/360 375/375 362/362
f 356/356 360/360 359/359
f 382/382 375/375 381/381
f 675/675 680/680 684/684
f 380/380 381/381 375/375
f 376/376 380/380 375/375
f 675/675 674/674 680/680
f 374/374 376/376 375/375
f 680/680 674/674 678/678
f 360/360 374/374 375/375
f 360/360 361/361 374/374
f 678/678 674/674 676/676
f 678/678 676/676 679/679
f 361/361 360/360 356/356
f 673/673 675/675 681/681
f 674/674 675/675 673/673
f 673/673 682/682 667/667
f 681/681 682/682 673/673
f 671/671 667/667 682/682
f 378/378 376/376 374/374
f 661/661 674/674 673/673
f 673/673 667/667 661/661
f 378/378 374/374 397/397
f 361/361 397/397 374/374
f 672/672 674/674 661/661
f 676/676 674/674 672/672
f 662/662 667/667 671/671
f 661/661 667/667 662/662
f 683/683 662/662 671/671
f 3875/3875 3877/3877 3876/3876
f 3587/3587 3588/3588 3589/3589
f 4706/4706 4707/4707 4708/4708
f 3731/3731 3738/3738 3734/3734
f 3731/3731 3734/3734 3733/3733
f 3878/3878 3877/3877 3875/3875
f 3593/3593 3594/3594 3595/3595
f 4051/4051 4053/4053 4054/4054
f 3875/3875 3879/3879 3878/3878
f 3733/3733 3742/3742 3723/3723
f 3724/3724 3723/3723 3742/3742
f 3763/3763 3724/3724 3742/3742
f 4055/4055 4052/4052 4051/4051
f 4051/4051 4052/4052 4053/4053
f 3732/3732 3731/3731 3733/3733
f 3733/3733 3723/3723 3732/3732
f 3730/3730 3731/3731 3732/3732
f 3732/3732 3723/3723 3721/3721
f 3723/3723 3724/3724 3722/3722
f 3723/3723 3722/3722 3721/3721
f 3584/3584 3585/3585 3586/3586
f 3731/3731 3730/3730 3737/3737
f 3737/3737 3730/3730 3736/3736
f 3735/3735 3730/3730 3732/3732
f 3732/3732 3721/3721 3715/3715
f 3732/3732 3715/3715 3735/3735
f 3720/3720 3721/3721 3722/3722
f 3720/3720 3715/3715 3721/3721
f 3735/3735 3736/3736 3730/3730
f 3719/3719 3715/3715 3720/3720
f 3736/3736 3735/3735 3744/3744
f 3735/3735 3739/3739 3744/3744
f 3735/3735 3715/3715 3713/3713
f 3715/3715 3714/3714 3713/3713
f 3715/3715 3719/3719 3714/3714
f 3741/3741 3744/3744 3739/3739
f 3739/3739 3735/3735 3713/3713
f 3712/3712 3713/3713 3714/3714
f 3741/3741 3739/3739 3740/3740
f 3740/3740 3739/3739 3716/3716
f 3716/3716 3739/3739 3713/3713
f 3717/3717 3716/3716 3712/3712
f 3712/3712 3716/3716 3713/3713
f 3740/3740 3716/3716 3718/3718
f 3718/3718 3716/3716 3717/3717
f 3729/3729 3718/3718 3717/3717
f 3717/3717 3728/3728 3729/3729
f 3740/3740 3749/3749 3750/3750
f 3749/3749 3740/3740 3748/3748
f 3740/3740 3718/3718 3748/3748
f 3709/3709 3729/3729 3728/3728
f 3709/3709 3728/3728 3711/3711
f 3709/3709 3711/3711 3710/3710
f 3709/3709 3710/3710 3705/3705
f 3759/3759 3742/3742 3758/3758
f 3760/3760 3758/3758 3761/3761
f 3759/3759 3758/3758 3760/3760
f 3590/3590 3591/3591 3592/3592
f 3742/3742 3759/3759 3762/3762
f 3763/3763 3742/3742 3762/3762
f 823/823 820/820 821/821
f 821/821 820/820 811/811
f 820/820 809/809 811/811
f 819/819 809/809 820/820
f 813/813 819/819 822/822
f 809/809 819/819 813/813
f 821/821 811/811 825/825
f 825/825 811/811 824/824
f 809/809 810/810 811/811
f 809/809 812/812 810/810
f 809/809 813/813 812/812
f 811/811 818/818 824/824
f 818/818 811/811 810/810
f 3025/3025 3028/3028 3026/3026
f 3039/3039 3044/3044 3047/3047
f 3047/3047 3044/3044 3046/3046
f 3045/3045 3046/3046 3044/3044
f 3027/3027 3026/3026 3028/3028
f 3028/3028 3073/3073 3027/3027
f 3094/3094 3096/3096 3098/3098
f 3094/3094 3095/3095 3096/3096
f 3046/3046 3072/3072 3047/3047
f 3078/3078 3073/3073 3079/3079
f 3027/3027 3073/3073 3078/3078
f 3094/3094 3097/3097 3095/3095
f 3078/3078 3035/3035 3027/3027
f 3080/3080 3078/3078 3079/3079
f 3078/3078 3075/3075 3035/3035
f 3075/3075 3078/3078 3080/3080
f 3075/3075 3080/3080 3082/3082
f 3076/3076 3074/3074 3075/3075
f 3077/3077 3076/3076 3075/3075
f 1777/1777 1779/1779 1780/1780
f 1775/1775 1779/1779 1777/1777
f 3068/3068 3070/3070 3071/3071
f 1775/1775 1773/1773 1776/1776
f 1773/1773 1772/1772 1778/1778
f 1774/1774 1773/1773 1775/1775
f 1772/1772 1773/1773 1774/1774
f 1777/1777 1774/1774 1775/1775
f 3063/3063 3061/3061 3069/3069
f 4709/4709 4710/4710 4711/4711
f 4709/4709 4712/4712 4710/4710
f 3065/3065 3063/3063 3066/3066
f 3063/3063 3069/3069 3066/3066
f 3065/3065 3066/3066 3067/3067
f 3063/3063 3062/3062 3061/3061
f 4713/4713 4715/4715 4716/4716
f 4713/4713 4714/4714 4715/4715
f 4726/4726 4727/4727 4728/4728
f 4718/4718 4720/4720 4721/4721
f 3064/3064 3063/3063 3065/3065
f 4723/4723 4724/4724 4725/4725
f 4717/4717 4718/4718 4719/4719
f 4720/4720 4718/4718 4717/4717
f 3067/3067 3064/3064 3065/3065
f 3093/3093 3090/3090 3089/3089
f 4719/4719 4722/4722 4717/4717
f 4733/4733 4734/4734 4735/4735
f 4729/4729 4730/4730 4731/4731
f 4732/4732 4729/4729 4731/4731
f 4736/4736 4737/4737 4738/4738
f 3063/3063 3064/3064 3062/3062
f 621/621 622/622 634/634
f 642/642 643/643 622/622
f 624/624 653/653 642/642
f 653/653 624/624 654/654
f 624/624 633/633 654/654
f 618/618 623/623 622/622
f 618/618 622/622 615/615
f 621/621 615/615 622/622
f 623/623 618/618 624/624
f 642/642 622/622 623/623
f 642/642 623/623 624/624
f 631/631 624/624 629/629
f 631/631 629/629 632/632
f 631/631 633/633 624/624
f 631/631 655/655 633/633
f 631/631 632/632 655/655
f 618/618 616/616 619/619
f 615/615 616/616 618/618
f 626/626 618/618 619/619
f 618/618 626/626 625/625
f 625/625 626/626 627/627
f 625/625 624/624 618/618
f 628/628 625/625 627/627
f 624/624 625/625 628/628
f 628/628 627/627 630/630
f 647/647 628/628 630/630
f 629/629 624/624 628/628
f 629/629 628/628 647/647
f 620/620 616/616 617/617
f 620/620 619/619 616/616
f 640/640 619/619 620/620
f 640/640 626/626 619/619
f 2589/2589 2676/2676 2606/2606
f 638/638 617/617 637/637
f 617/617 638/638 620/620
f 639/639 620/620 638/638
f 639/639 640/640 620/620
f 641/641 640/640 639/639
f 902/902 903/903 904/904
f 898/898 896/896 899/899
f 896/896 898/898 897/897
f 901/901 900/900 909/909
f 897/897 900/900 901/901
f 909/909 903/903 907/907
f 899/899 896/896 895/895
f 895/895 897/897 913/913
f 895/895 896/896 897/897
f 913/913 897/897 901/901
f 908/908 901/901 909/909
f 908/908 909/909 907/907
f 908/908 907/907 902/902
f 913/913 901/901 912/912
f 912/912 901/901 911/911
f 911/911 901/901 908/908
f 911/911 908/908 914/914
f 2609/2609 2667/2667 2608/2608
f 2588/2588 2589/2589 2587/2587
f 2606/2606 2599/2599 2589/2589
f 2606/2606 2600/2600 2599/2599
f 2602/2602 2600/2600 2603/2603
f 915/915 911/911 914/914
f 2602/2602 2603/2603 2604/2604
f 2604/2604 2609/2609 2608/2608
f 2580/2580 2587/2587 2589/2589
f 2380/2380 2587/2587 2580/2580
f 2590/2590 2589/2589 2599/2599
f 2580/2580 2589/2589 2590/2590
f 2590/2590 2599/2599 2600/2600
f 2601/2601 2600/2600 2602/2602
f 2590/2590 2600/2600 2601/2601
f 2601/2601 2602/2602 2605/2605
f 2605/2605 2602/2602 2604/2604
f 2607/2607 2604/2604 2608/2608
f 2580/2580 2453/2453 2380/2380
f 2452/2452 2580/2580 2590/2590
f 2453/2453 2580/2580 2452/2452
f 2452/2452 2590/2590 2463/2463
f 2463/2463 2590/2590 2601/2601
f 2463/2463 2605/2605 2679/2679
f 2463/2463 2601/2601 2605/2605
f 2605/2605 2400/2400 2679/2679
f 2605/2605 2604/2604 2400/2400
f 2400/2400 2604/2604 2607/2607
f 2453/2453 2417/2417 2382/2382
f 2452/2452 2417/2417 2453/2453
f 2397/2397 2452/2452 2463/2463
f 2417/2417 2452/2452 2397/2397
f 2398/2398 2463/2463 2679/2679
f 2398/2398 2397/2397 2463/2463
f 2400/2400 2398/2398 2679/2679
f 2400/2400 2399/2399 2398/2398
f 2399/2399 2400/2400 2607/2607
f 2499/2499 2574/2574 2500/2500
f 2684/2684 2574/2574 2499/2499
f 2499/2499 2693/2693 2684/2684
f 2489/2489 2500/2500 2460/2460
f 2499/2499 2500/2500 2489/2489
f 2693/2693 2498/2498 2698/2698
f 2802/2802 2803/2803 2804/2804
f 2498/2498 2693/2693 2499/2499
f 2498/2498 2499/2499 2489/2489
f 2498/2498 2697/2697 2698/2698
f 2498/2498 2497/2497 2697/2697
f 2487/2487 2497/2497 2498/2498
f 2496/2496 2497/2497 2487/2487
f 2486/2486 2498/2498 2489/2489
f 2487/2487 2498/2498 2486/2486
f 2484/2484 2487/2487 2486/2486
f 2491/2491 2496/2496 2487/2487
f 2491/2491 2487/2487 2484/2484
f 2492/2492 2496/2496 2491/2491
f 2495/2495 2496/2496 2492/2492
f 2490/2490 2491/2491 2484/2484
f 2492/2492 2491/2491 2490/2490
f 2494/2494 2495/2495 2492/2492
f 2492/2492 2493/2493 2494/2494
f 2493/2493 2509/2509 2494/2494
f 2528/2528 2611/2611 2540/2540
f 2528/2528 2540/2540 2530/2530
f 2521/2521 2528/2528 2529/2529
f 2528/2528 2530/2530 2529/2529
f 2540/2540 2598/2598 2547/2547
f 2535/2535 2547/2547 2546/2546
f 2540/2540 2547/2547 2535/2535
f 2535/2535 2546/2546 2536/2536
f 2550/2550 2536/2536 2556/2556
f 2540/2540 2611/2611 2598/2598
f 2532/2532 2535/2535 2536/2536
f 2536/2536 2550/2550 2532/2532
f 2530/2530 2540/2540 2535/2535
f 2530/2530 2535/2535 2532/2532
f 2530/2530 2532/2532 2531/2531
f 2531/2531 2532/2532 2550/2550
f 2529/2529 2530/2530 2531/2531
f 2529/2529 2531/2531 2534/2534
f 2521/2521 2529/2529 2533/2533
f 2533/2533 2529/2529 2534/2534
f 2518/2518 2521/2521 2533/2533
f 2519/2519 2521/2521 2518/2518
f 2519/2519 2518/2518 2515/2515
f 2553/2553 2550/2550 2556/2556
f 2552/2552 2550/2550 2553/2553
f 2553/2553 2554/2554 2552/2552
f 2550/2550 2549/2549 2548/2548
f 2551/2551 2550/2550 2552/2552
f 2549/2549 2550/2550 2551/2551
f 2550/2550 2548/2548 2531/2531
f 2549/2549 2551/2551 2583/2583
f 2531/2531 2548/2548 2534/2534
f 2548/2548 2446/2446 2534/2534
f 2446/2446 2548/2548 2549/2549
f 2446/2446 2549/2549 2583/2583
f 2534/2534 2446/2446 2445/2445
f 2534/2534 2445/2445 2533/2533
f 2533/2533 2506/2506 2518/2518
f 2506/2506 2533/2533 2447/2447
f 2518/2518 2506/2506 2505/2505
f 2518/2518 2505/2505 2515/2515
f 2516/2516 2515/2515 2505/2505
f 2513/2513 2516/2516 2503/2503
f 2515/2515 2516/2516 2513/2513
f 2503/2503 2516/2516 2505/2505
f 2461/2461 2513/2513 2503/2503
f 2512/2512 2513/2513 2461/2461
f 2459/2459 2461/2461 2503/2503
f 2460/2460 2512/2512 2461/2461
f 2460/2460 2461/2461 2459/2459
f 2703/2703 2737/2737 2702/2702
f 2554/2554 2737/2737 2703/2703
f 2701/2701 2703/2703 2702/2702
f 2714/2714 2703/2703 2701/2701
f 2554/2554 2673/2673 2552/2552
f 2554/2554 2597/2597 2673/2673
f 2597/2597 2554/2554 2720/2720
f 2720/2720 2554/2554 2703/2703
f 2552/2552 2596/2596 2551/2551
f 2597/2597 2552/2552 2673/2673
f 2596/2596 2552/2552 2597/2597
f 2551/2551 2584/2584 2583/2583
f 2585/2585 2551/2551 2596/2596
f 2584/2584 2551/2551 2585/2585
f 2585/2585 2596/2596 2597/2597
f 2715/2715 2597/2597 2720/2720
f 2585/2585 2597/2597 2715/2715
f 2705/2705 2715/2715 2720/2720
f 2583/2583 2722/2722 2446/2446
f 2722/2722 2583/2583 2584/2584
f 2722/2722 2584/2584 2726/2726
f 2726/2726 2584/2584 2716/2716
f 2716/2716 2584/2584 2585/2585
f 2712/2712 2585/2585 2715/2715
f 2446/2446 2443/2443 2445/2445
f 2457/2457 2446/2446 2722/2722
f 2443/2443 2446/2446 2457/2457
f 2457/2457 2722/2722 2718/2718
f 2718/2718 2722/2722 2726/2726
f 2718/2718 2726/2726 2716/2716
f 2716/2716 2585/2585 2712/2712
f 2704/2704 2712/2712 2715/2715
f 2704/2704 2715/2715 2705/2705
f 2445/2445 2447/2447 2533/2533
f 2456/2456 2457/2457 2718/2718
f 2456/2456 2718/2718 2717/2717
f 2718/2718 2716/2716 2717/2717
f 2717/2717 2712/2712 2725/2725
f 2716/2716 2712/2712 2717/2717
f 2444/2444 2447/2447 2445/2445
f 2506/2506 2447/2447 2444/2444
f 2444/2444 2445/2445 2443/2443
f 2441/2441 2443/2443 2457/2457
f 2457/2457 2456/2456 2441/2441
f 2725/2725 2712/2712 2709/2709
f 2712/2712 2704/2704 2709/2709
f 2442/2442 2444/2444 2443/2443
f 2507/2507 2444/2444 2442/2442
f 2442/2442 2443/2443 2441/2441
f 2441/2441 2456/2456 2440/2440
f 2506/2506 2504/2504 2505/2505
f 2504/2504 2506/2506 2444/2444
f 2504/2504 2444/2444 2507/2507
f 2723/2723 2440/2440 2456/2456
f 2723/2723 2456/2456 2717/2717
f 2717/2717 2713/2713 2723/2723
f 2434/2434 2507/2507 2442/2442
f 2439/2439 2442/2442 2441/2441
f 2434/2434 2442/2442 2439/2439
f 2439/2439 2441/2441 2440/2440
f 2503/2503 2505/2505 2504/2504
f 2508/2508 2504/2504 2507/2507
f 2508/2508 2507/2507 2434/2434
f 2440/2440 2435/2435 2439/2439
f 2435/2435 2440/2440 2724/2724
f 2438/2438 2503/2503 2504/2504
f 2438/2438 2504/2504 2508/2508
f 2459/2459 2503/2503 2438/2438
f 2438/2438 2508/2508 2434/2434
f 2430/2430 2434/2434 2439/2439
f 2435/2435 2430/2430 2439/2439
f 2433/2433 2438/2438 2434/2434
f 2433/2433 2434/2434 2430/2430
f 2725/2725 2713/2713 2717/2717
f 2709/2709 2713/2713 2725/2725
f 2738/2738 2723/2723 2713/2713
f 2713/2713 2711/2711 2738/2738
f 2711/2711 2713/2713 2709/2709
f 2711/2711 2709/2709 2710/2710
f 2723/2723 2724/2724 2440/2440
f 2738/2738 2724/2724 2723/2723
f 2721/2721 2724/2724 2738/2738
f 2721/2721 2738/2738 2711/2711
f 2724/2724 2425/2425 2435/2435
f 2425/2425 2724/2724 2721/2721
f 2420/2420 2711/2711 2710/2710
f 2429/2429 2430/2430 2435/2435
f 2424/2424 2435/2435 2425/2425
f 2429/2429 2435/2435 2424/2424
f 2425/2425 2721/2721 2711/2711
f 2425/2425 2711/2711 2420/2420
f 2423/2423 2424/2424 2425/2425
f 3910/3910 3895/3895 3909/3909
f 3910/3910 3896/3896 3895/3895
f 4455/4455 4456/4456 4450/4450
f 3918/3918 3921/3921 3920/3920
f 3894/3894 3895/3895 3896/3896
f 3894/3894 3896/3896 3908/3908
f 3894/3894 3908/3908 3911/3911
f 3913/3913 3908/3908 3914/3914
f 3911/3911 3908/3908 3913/3913
f 3913/3913 3914/3914 3915/3915
f 3913/3913 3915/3915 3916/3916
f 3913/3913 3916/3916 3917/3917
f 3917/3917 3916/3916 3918/3918
f 3917/3917 3918/3918 3919/3919
f 3919/3919 3918/3918 3920/3920
f 3897/3897 3895/3895 3894/3894
f 4823/4823 4822/4822 4821/4821
f 4821/4821 4822/4822 4820/4820
f 4824/4824 4825/4825 4822/4822
f 4826/4826 4796/4796 4825/4825
f 4793/4793 4795/4795 4796/4796
f 4795/4795 4793/4793 4794/4794
f 4796/4796 4797/4797 4793/4793
f 4793/4793 4782/4782 4794/4794
f 4797/4797 4792/4792 4793/4793
f 4793/4793 4792/4792 4782/4782
f 2714/2714 2701/2701 2727/2727
f 2727/2727 2701/2701 2728/2728
f 2714/2714 2727/2727 2719/2719
f 2720/2720 2703/2703 2714/2714
f 2705/2705 2720/2720 2714/2714
f 2705/2705 2714/2714 2706/2706
f 2704/2704 2705/2705 2706/2706
f 2704/2704 2706/2706 2707/2707
f 2709/2709 2704/2704 2708/2708
f 2708/2708 2704/2704 2707/2707
f 2710/2710 2709/2709 2708/2708
f 2418/2418 2420/2420 2419/2419
f 634/634 635/635 612/612
f 635/635 634/634 643/643
f 613/613 594/594 610/610
f 612/612 610/610 611/611
f 613/613 610/610 612/612
f 621/621 612/612 611/611
f 659/659 658/658 660/660
f 600/600 658/658 659/659
f 646/646 658/658 600/600
f 646/646 600/600 594/594
f 646/646 594/594 613/613
f 634/634 612/612 621/621
f 607/607 605/605 645/645
f 598/598 604/604 605/605
f 598/598 605/605 607/607
f 598/598 599/599 604/604
f 599/599 598/598 595/595
f 593/593 594/594 595/595
f 650/650 648/648 645/645
f 650/650 645/645 605/605
f 650/650 605/605 651/651
f 651/651 605/605 604/604
f 599/599 651/651 604/604
f 600/600 599/599 595/595
f 600/600 595/595 594/594
f 590/590 594/594 593/593
f 590/590 610/610 594/594
f 610/610 592/592 611/611
f 590/590 592/592 610/610
f 600/600 659/659 599/599
f 611/611 615/615 621/621
f 599/599 660/660 651/651
f 660/660 599/599 659/659
f 645/645 609/609 607/607
f 608/608 607/607 609/609
f 598/598 607/607 608/608
f 598/598 608/608 597/597
f 598/598 597/597 595/595
f 597/597 596/596 595/595
f 593/593 596/596 602/602
f 595/595 596/596 593/593
f 601/601 593/593 602/602
f 591/591 593/593 601/601
f 593/593 591/591 590/590
f 592/592 591/591 603/603
f 590/590 591/591 592/592
f 611/611 592/592 614/614
f 611/611 614/614 615/615
f 615/615 614/614 616/616
f 656/656 609/609 657/657
f 597/597 656/656 644/644
f 597/597 608/608 656/656
f 606/606 597/597 644/644
f 597/597 606/606 596/596
f 606/606 602/602 596/596
f 608/608 609/609 656/656
f 591/591 601/601 603/603
f 592/592 603/603 636/636
f 617/617 592/592 636/636
f 614/614 592/592 617/617
f 614/614 617/617 616/616
f 617/617 636/636 637/637
f 2588/2588 2587/2587 2586/2586
f 2380/2380 2586/2586 2587/2587
f 1702/1702 1694/1694 1695/1695
f 2730/2730 2734/2734 2735/2735
f 2729/2729 2730/2730 2728/2728
f 2700/2700 2729/2729 2728/2728
f 2728/2728 2730/2730 2731/2731
f 2701/2701 2700/2700 2728/2728
f 648/648 649/649 609/609
f 645/645 648/648 609/609
f 1005/1005 1019/1019 1018/1018
f 652/652 649/649 648/648
f 1018/1018 1015/1015 1004/1004
f 1007/1007 1004/1004 1015/1015
f 1006/1006 1004/1004 1007/1007
f 1009/1009 1015/1015 1016/1016
f 1007/1007 1015/1015 1009/1009
f 1008/1008 1006/1006 1007/1007
f 2124/2124 2123/2123 2122/2122
f 1007/1007 1009/1009 1008/1008
f 1010/1010 1006/1006 1008/1008
f 1700/1700 1698/1698 1699/1699
f 1013/1013 1010/1010 1008/1008
f 1008/1008 1026/1026 1013/1013
f 1429/1429 1428/1428 1427/1427
f 1911/1911 1912/1912 1913/1913
f 2823/2823 2822/2822 2821/2821
f 1914/1914 1911/1911 1913/1913
f 1915/1915 1911/1911 1914/1914
f 1916/1916 1915/1915 1914/1914
f 1709/1709 1716/1716 1713/1713
f 1713/1713 1712/1712 1709/1709
f 1690/1690 1691/1691 1689/1689
f 1691/1691 1690/1690 1701/1701
f 1690/1690 1693/1693 1696/1696
f 1701/1701 1690/1690 1696/1696
f 1790/1790 1791/1791 1789/1789
f 1791/1791 1790/1790 1792/1792
f 1791/1791 1792/1792 1793/1793
f 1697/1697 1689/1689 1691/1691
f 1697/1697 1691/1691 1701/1701
f 1403/1403 1427/1427 1329/1329
f 1688/1688 1686/1686 1687/1687
f 1707/1707 1706/1706 1710/1710
f 1706/1706 1707/1707 1708/1708
f 1707/1707 1709/1709 1708/1708
f 1708/1708 1709/1709 1711/1711
f 1711/1711 1709/1709 1712/1712
f 1697/1697 1692/1692 1689/1689
f 2681/2681 2561/2561 2670/2670
f 2681/2681 2643/2643 2561/2561
f 1714/1714 1710/1710 1706/1706
f 2614/2614 2671/2671 2560/2560
f 2614/2614 2560/2560 2613/2613
f 2671/2671 2670/2670 2560/2560
f 2560/2560 2670/2670 2561/2561
f 2560/2560 2562/2562 2613/2613
f 2560/2560 2557/2557 2562/2562
f 2613/2613 2570/2570 2571/2571
f 2570/2570 2562/2562 2563/2563
f 2562/2562 2570/2570 2613/2613
f 2563/2563 2562/2562 2557/2557
f 2546/2546 2571/2571 2570/2570
f 2547/2547 2571/2571 2546/2546
f 2546/2546 2570/2570 2563/2563
f 2557/2557 2556/2556 2546/2546
f 2557/2557 2546/2546 2563/2563
f 2547/2547 2598/2598 2571/2571
f 1416/1416 1401/1401 1405/1405
f 1416/1416 1405/1405 1417/1417
f 1419/1419 1418/1418 1420/1420
f 1435/1435 1420/1420 1421/1421
f 1404/1404 1402/1402 1401/1401
f 1404/1404 1401/1401 1416/1416
f 1706/1706 1715/1715 1714/1714
f 1708/1708 1715/1715 1706/1706
f 2615/2615 2614/2614 2613/2613
f 2561/2561 2558/2558 2560/2560
f 2612/2612 2617/2617 2616/2616
f 2613/2613 2616/2616 2615/2615
f 2612/2612 2616/2616 2613/2613
f 2557/2557 2560/2560 2558/2558
f 2571/2571 2612/2612 2613/2613
f 2555/2555 2559/2559 2736/2736
f 2696/2696 2736/2736 2559/2559
f 2611/2611 2618/2618 2598/2598
f 2618/2618 2612/2612 2598/2598
f 2598/2598 2612/2612 2571/2571
f 2732/2732 2736/2736 2696/2696
f 2553/2553 2556/2556 2555/2555
f 2553/2553 2555/2555 2554/2554
f 2554/2554 2555/2555 2736/2736
f 2554/2554 2736/2736 2732/2732
f 1434/1434 1431/1431 1328/1328
f 1328/1328 1327/1327 1326/1326
f 1431/1431 1327/1327 1328/1328
f 2696/2696 2733/2733 2730/2730
f 2732/2732 2696/2696 2730/2730
f 2729/2729 2732/2732 2730/2730
f 2729/2729 2700/2700 2732/2732
f 2737/2737 2554/2554 2732/2732
f 2737/2737 2700/2700 2702/2702
f 2732/2732 2700/2700 2737/2737
f 2700/2700 2701/2701 2702/2702
f 1386/1386 1384/1384 1385/1385
f 1432/1432 1435/1435 1444/1444
f 1435/1435 1432/1432 1434/1434
f 1434/1434 1432/1432 1431/1431
f 1371/1371 1357/1357 1372/1372
f 1368/1368 1356/1356 1357/1357
f 215/215 234/234 236/236
f 234/234 245/245 236/236
f 922/922 921/921 945/945
f 945/945 921/921 920/920
f 945/945 920/920 919/919
f 234/234 246/246 245/245
f 1367/1367 1358/1358 1366/1366
f 1365/1365 1358/1358 1367/1367
f 1365/1365 1359/1359 1358/1358
f 1357/1357 1371/1371 1370/1370
f 1357/1357 1370/1370 1368/1368
f 1356/1356 1368/1368 1366/1366
f 1356/1356 1366/1366 1358/1358
f 227/227 215/215 218/218
f 218/218 215/215 214/214
f 233/233 234/234 215/215
f 1376/1376 1366/1366 1369/1369
f 1377/1377 1367/1367 1366/1366
f 1377/1377 1366/1366 1376/1376
f 1378/1378 1367/1367 1377/1377
f 1365/1365 1367/1367 1378/1378
f 212/212 229/229 226/226
f 226/226 218/218 214/214
f 214/214 212/212 226/226
f 207/207 194/194 206/206
f 1391/1391 1430/1430 1392/1392
f 1379/1379 1390/1390 1388/1388
f 2645/2645 2637/2637 2638/2638
f 220/220 232/232 229/229
f 220/220 219/219 232/232
f 232/232 213/213 217/217
f 232/232 219/219 213/213
f 217/217 213/213 211/211
f 217/217 211/211 210/210
f 216/216 207/207 209/209
f 2593/2593 2594/2594 2636/2636
f 2635/2635 2636/2636 2594/2594
f 2635/2635 2594/2594 2595/2595
f 3604/3604 3607/3607 3608/3608
f 3926/3926 3927/3927 3928/3928
f 3929/3929 3928/3928 3927/3927
f 3929/3929 3927/3927 3930/3930
f 3931/3931 3930/3930 3927/3927
f 3933/3933 3932/3932 3931/3931
f 3931/3931 3932/3932 3930/3930
f 3604/3604 3608/3608 3603/3603
f 3935/3935 3930/3930 3932/3932
f 3934/3934 3930/3930 3935/3935
f 4417/4417 4419/4419 4418/4418
f 4416/4416 4417/4417 4418/4418
f 4378/4378 4375/4375 4377/4377
f 3500/3500 3501/3501 3502/3502
f 3506/3506 3507/3507 3508/3508
f 3623/3623 3626/3626 3625/3625
f 4375/4375 4376/4376 4377/4377
f 3631/3631 3635/3635 3634/3634
f 3631/3631 3634/3634 3633/3633
f 4881/4881 4882/4882 4883/4883
f 3627/3627 3625/3625 3626/3626
f 3628/3628 3626/3626 3629/3629
f 3627/3627 3626/3626 3628/3628
f 3630/3630 3629/3629 3631/3631
f 3628/3628 3629/3629 3630/3630
f 3632/3632 3631/3631 3633/3633
f 3630/3630 3631/3631 3632/3632
f 3936/3936 3928/3928 3929/3929
f 3936/3936 3929/3929 3930/3930
f 3930/3930 3934/3934 3936/3936
f 3937/3937 3928/3928 3936/3936
f 3938/3938 3936/3936 3934/3934
f 3935/3935 3939/3939 3934/3934
f 3934/3934 3939/3939 3938/3938
f 3503/3503 3504/3504 3505/3505
f 4829/4829 4830/4830 4831/4831
f 4830/4830 4817/4817 4816/4816
f 4830/4830 4829/4829 4817/4817
f 4773/4773 4816/4816 4817/4817
f 4829/4829 4828/4828 4827/4827
f 4827/4827 4770/4770 4829/4829
f 4817/4817 4829/4829 4770/4770
f 4870/4870 4872/4872 4871/4871
f 4877/4877 4879/4879 4878/4878
f 4769/4769 4816/4816 4773/4773
f 4817/4817 4768/4768 4773/4773
f 4773/4773 4768/4768 4769/4769
f 4821/4821 4827/4827 4828/4828
f 4768/4768 4817/4817 4770/4770
f 4821/4821 4818/4818 4827/4827
f 4821/4821 4820/4820 4818/4818
f 4818/4818 4770/4770 4827/4827
f 4770/4770 4818/4818 4766/4766
f 4766/4766 4768/4768 4770/4770
f 4820/4820 4819/4819 4818/4818
f 4818/4818 4765/4765 4766/4766
f 4765/4765 4763/4763 4766/4766
f 4820/4820 4794/4794 4819/4819
f 4819/4819 4764/4764 4818/4818
f 4818/4818 4764/4764 4765/4765
f 4819/4819 4794/4794 4764/4764
f 4764/4764 4763/4763 4765/4765
f 4764/4764 4762/4762 4763/4763
f 4794/4794 4782/4782 4806/4806
f 4794/4794 4771/4771 4764/4764
f 4794/4794 4806/4806 4771/4771
f 4771/4771 4760/4760 4764/4764
f 4760/4760 4762/4762 4764/4764
f 4806/4806 4782/4782 4771/4771
f 4782/4782 4772/4772 4771/4771
f 4782/4782 4777/4777 4772/4772
f 4760/4760 4771/4771 4758/4758
f 4758/4758 4771/4771 4772/4772
f 4874/4874 4871/4871 4873/4873
f 4873/4873 4871/4871 4872/4872
f 4877/4877 4876/4876 4872/4872
f 4873/4873 4872/4872 4876/4876
f 4878/4878 4876/4876 4877/4877
f 4769/4769 4768/4768 4767/4767
f 4768/4768 4766/4766 4767/4767
f 4763/4763 4767/4767 4766/4766
f 4763/4763 4762/4762 4761/4761
f 4761/4761 4762/4762 4760/4760
f 4760/4760 4758/4758 4757/4757
f 4860/4860 4862/4862 4863/4863
f 4874/4874 4880/4880 4875/4875
f 4874/4874 4873/4873 4880/4880
f 4860/4860 4861/4861 4862/4862
f 4862/4862 4861/4861 4864/4864
f 4757/4757 4761/4761 4760/4760
f 940/940 938/938 939/939
f 935/935 918/918 916/916
f 935/935 916/916 917/917
f 3768/3768 3770/3770 3769/3769
f 3767/3767 3769/3769 3778/3778
f 3767/3767 3768/3768 3769/3769
f 3767/3767 3778/3778 3777/3777
f 3767/3767 3777/3777 3772/3772
f 3771/3771 3767/3767 3772/3772
f 3771/3771 3772/3772 3773/3773
f 3774/3774 3771/3771 3773/3773
f 3774/3774 3773/3773 3775/3775
f 3776/3776 3774/3774 3775/3775
f 3776/3776 3775/3775 3779/3779
f 3920/3920 3922/3922 3919/3919
f 3923/3923 3922/3922 3920/3920
f 3923/3923 3924/3924 3922/3922
f 3923/3923 3925/3925 3924/3924
f 4203/4203 4204/4204 4205/4205
f 4782/4782 4791/4791 4777/4777
f 4739/4739 4740/4740 4741/4741
f 4846/4846 4847/4847 4848/4848
f 4774/4774 4758/4758 4772/4772
f 4778/4778 4777/4777 4791/4791
f 4849/4849 4850/4850 4851/4851
f 4777/4777 4776/4776 4772/4772
f 4778/4778 4775/4775 4777/4777
f 4776/4776 4777/4777 4775/4775
f 4775/4775 4752/4752 4754/4754
f 4780/4780 4781/4781 4779/4779
f 4779/4779 4783/4783 4775/4775
f 4865/4865 4866/4866 4867/4867
f 4867/4867 4866/4866 4868/4868
f 4781/4781 4785/4785 4779/4779
f 4781/4781 4798/4798 4785/4785
f 4779/4779 4784/4784 4783/4783
f 4779/4779 4785/4785 4784/4784
f 4783/4783 4784/4784 4787/4787
f 4866/4866 4869/4869 4868/4868
f 4783/4783 4787/4787 4788/4788
f 4798/4798 4786/4786 4785/4785
f 4798/4798 4790/4790 4786/4786
f 4785/4785 4786/4786 4784/4784
f 4788/4788 4787/4787 4814/4814
f 4784/4784 4786/4786 4787/4787
f 4787/4787 4815/4815 4814/4814
f 4786/4786 4790/4790 4789/4789
f 4786/4786 4789/4789 4787/4787
f 4745/4745 4746/4746 4747/4747
f 4884/4884 4885/4885 4886/4886
f 4756/4756 4758/4758 4774/4774
f 4757/4757 4756/4756 4755/4755
f 4757/4757 4758/4758 4756/4756
f 4774/4774 4754/4754 4756/4756
f 4774/4774 4776/4776 4754/4754
f 4755/4755 4756/4756 4754/4754
f 4776/4776 4775/4775 4754/4754
f 4755/4755 4754/4754 4751/4751
f 4752/4752 4751/4751 4754/4754
f 4845/4845 4843/4843 4842/4842
f 4751/4751 4752/4752 4753/4753
f 4841/4841 4842/4842 4843/4843
f 4842/4842 4841/4841 4844/4844
f 4837/4837 4838/4838 4835/4835
f 4835/4835 4836/4836 4837/4837
f 4742/4742 4743/4743 4744/4744
f 4852/4852 4853/4853 4854/4854
f 4839/4839 4837/4837 4836/4836
f 4855/4855 4852/4852 4854/4854
f 4840/4840 4839/4839 4836/4836
f 4751/4751 4753/4753 4759/4759
f 925/925 924/924 930/930
f 1362/1362 1363/1363 1360/1360
f 1362/1362 1384/1384 1363/1363
f 927/927 925/925 930/930
f 926/926 923/923 928/928
f 525/525 534/534 535/535
f 535/535 534/534 536/536
f 239/239 251/251 242/242
f 1365/1365 1361/1361 1359/1359
f 241/241 251/251 239/239
f 1362/1362 1364/1364 1384/1384
f 1384/1384 1364/1364 1385/1385
f 195/195 206/206 194/194
f 195/195 202/202 206/206
f 196/196 202/202 195/195
f 196/196 197/197 202/202
f 523/523 534/534 525/525
f 523/523 525/525 519/519
f 200/200 199/199 237/237
f 198/198 240/240 238/238
f 1365/1365 1378/1378 1380/1380
f 1365/1365 1380/1380 1361/1361
f 1361/1361 1380/1380 1381/1381
f 1381/1381 1396/1396 1361/1361
f 1396/1396 1364/1364 1361/1361
f 1393/1393 1364/1364 1396/1396
f 1408/1408 1324/1324 1407/1407
f 1445/1445 1397/1397 1432/1432
f 1431/1431 1397/1397 1407/1407
f 1431/1431 1407/1407 1324/1324
f 221/221 208/208 201/201
f 221/221 230/230 208/208
f 521/521 522/522 519/519
f 522/522 523/523 519/519
f 1380/1380 1379/1379 1383/1383
f 1380/1380 1383/1383 1382/1382
f 1408/1408 1406/1406 1412/1412
f 209/209 222/222 216/216
f 222/222 209/209 205/205
f 222/222 205/205 235/235
f 235/235 205/205 203/203
f 235/235 203/203 223/223
f 204/204 223/223 203/203
f 223/223 204/204 224/224
f 225/225 208/208 228/228
f 228/228 208/208 230/230
f 224/224 204/204 208/208
f 1395/1395 1394/1394 1413/1413
f 1413/1413 1414/1414 1395/1395
f 1414/1414 1438/1438 1395/1395
f 1438/1438 1412/1412 1395/1395
f 531/531 548/548 529/529
f 1409/1409 1410/1410 1441/1441
f 1441/1441 1415/1415 1409/1409
f 503/503 505/505 486/486
f 990/990 989/989 988/988
f 989/989 990/990 991/991
f 991/991 990/990 994/994
f 993/993 991/991 994/994
f 992/992 991/991 993/993
f 989/989 991/991 992/992
f 1001/1001 999/999 997/997
f 984/984 982/982 986/986
f 984/984 986/986 988/988
f 984/984 989/989 995/995
f 988/988 989/989 984/984
f 989/989 992/992 995/995
f 985/985 997/997 999/999
f 1017/1017 997/997 1020/1020
f 1001/1001 997/997 1017/1017
f 997/997 987/987 1020/1020
f 985/985 987/987 997/997
f 987/987 985/985 977/977
f 977/977 985/985 982/982
f 977/977 982/982 978/978
f 978/978 982/982 983/983
f 982/982 984/984 983/983
f 1017/1017 1020/1020 974/974
f 1017/1017 974/974 972/972
f 1020/1020 987/987 976/976
f 1020/1020 976/976 974/974
f 976/976 987/987 977/977
f 977/977 981/981 976/976
f 981/981 977/977 980/980
f 980/980 977/977 979/979
f 977/977 978/978 979/979
f 1764/1764 1765/1765 1762/1762
f 1766/1766 1765/1765 1764/1764
f 1762/1762 1763/1763 1764/1764
f 1345/1345 1433/1433 1347/1347
f 1023/1023 1000/1000 1024/1024
f 990/990 1000/1000 1023/1023
f 990/990 1023/1023 1003/1003
f 1004/1004 1003/1003 1005/1005
f 1004/1004 1005/1005 1018/1018
f 1767/1767 1766/1766 1764/1764
f 994/994 990/990 1003/1003
f 1003/1003 1004/1004 994/994
f 953/953 958/958 954/954
f 1423/1423 1349/1349 1424/1424
f 1349/1349 1423/1423 1346/1346
f 1347/1347 1349/1349 1346/1346
f 990/990 988/988 1000/1000
f 1004/1004 1006/1006 994/994
f 999/999 1025/1025 957/957
f 1031/1031 1025/1025 999/999
f 999/999 957/957 954/954
f 999/999 954/954 958/958
f 999/999 958/958 998/998
f 998/998 958/958 1000/1000
f 998/998 1000/1000 986/986
f 986/986 1000/1000 988/988
f 994/994 1011/1011 993/993
f 994/994 1006/1006 1011/1011
f 985/985 999/999 998/998
f 982/982 998/998 986/986
f 1012/1012 992/992 993/993
f 1011/1011 1012/1012 993/993
f 1011/1011 1010/1010 1012/1012
f 1010/1010 1011/1011 1006/1006
f 982/982 985/985 998/998
f 1014/1014 1012/1012 1010/1010
f 1014/1014 1010/1010 1013/1013
f 995/995 996/996 984/984
f 992/992 1028/1028 995/995
f 1028/1028 996/996 995/995
f 1012/1012 1028/1028 992/992
f 1014/1014 1030/1030 1012/1012
f 1030/1030 1014/1014 1029/1029
f 1027/1027 1014/1014 1013/1013
f 1029/1029 1014/1014 1027/1027
f 3250/3250 3248/3248 3245/3245
f 3251/3251 3250/3250 3252/3252
f 3248/3248 3250/3250 3251/3251
f 3252/3252 3253/3253 3251/3251
f 19/19 20/20 21/21
f 3245/3245 3243/3243 3244/3244
f 3243/3243 3245/3245 3246/3246
f 3246/3246 3245/3245 3248/3248
f 969/969 972/972 974/974
f 964/964 969/969 974/974
f 976/976 975/975 974/974
f 975/975 964/964 974/974
f 3238/3238 3235/3235 3239/3239
f 1745/1745 1746/1746 1747/1747
f 3255/3255 3256/3256 3257/3257
f 3243/3243 3242/3242 3244/3244
f 3238/3238 3233/3233 3235/3235
f 3231/3231 3233/3233 3228/3228
f 1748/1748 1745/1745 1747/1747
f 3235/3235 3233/3233 3234/3234
f 3234/3234 3233/3233 3231/3231
f 1334/1334 1433/1433 1335/1335
f 1334/1334 1422/1422 1433/1433
f 1422/1422 1334/1334 1343/1343
f 1399/1399 1422/1422 1343/1343
f 1399/1399 1426/1426 1422/1422
f 1428/1428 1426/1426 1427/1427
f 1350/1350 1389/1389 1400/1400
f 1338/1338 1389/1389 1350/1350
f 1768/1768 1764/1764 1763/1763
f 1346/1346 1425/1425 1437/1437
f 1342/1342 1346/1346 1437/1437
f 1345/1345 1342/1342 1335/1335
f 1346/1346 1342/1342 1345/1345
f 1345/1345 1335/1335 1433/1433
f 957/957 959/959 956/956
f 960/960 959/959 957/957
f 957/957 956/956 954/954
f 954/954 956/956 955/955
f 953/953 954/954 955/955
f 1768/1768 1767/1767 1764/1764
f 1425/1425 1423/1423 1424/1424
f 1423/1423 1425/1425 1346/1346
f 1347/1347 1346/1346 1345/1345
f 957/957 1025/1025 960/960
f 1932/1932 1933/1933 1931/1931
f 1933/1933 1935/1935 1931/1931
f 1787/1787 1794/1794 1788/1788
f 1937/1937 1935/1935 1933/1933
f 1786/1786 1787/1787 1788/1788
f 1790/1790 1789/1789 1786/1786
f 1786/1786 1789/1789 1787/1787
f 1929/1929 1934/1934 1930/1930
f 1928/1928 1929/1929 1930/1930
f 1929/1929 1928/1928 1931/1931
f 1928/1928 1932/1932 1931/1931
f 1/1 2/2 3/3
f 22/22 23/23 24/24
f 16/16 17/17 18/18
f 3243/3243 3246/3246 3247/3247
f 2812/2812 2813/2813 2814/2814
f 3254/3254 3247/3247 3248/3248
f 3247/3247 3246/3246 3248/3248
f 4/4 5/5 6/6
f 3254/3254 3248/3248 3251/3251
f 1747/1747 1746/1746 1749/1749
f 1749/1749 1746/1746 1750/1750
f 3237/3237 3242/3242 3243/3243
f 2687/2687 2694/2694 2690/2690
f 3237/3237 3243/3243 3249/3249
f 2687/2687 2690/2690 2685/2685
f 2686/2686 2687/2687 2685/2685
f 964/964 963/963 969/969
f 964/964 961/961 963/963
f 3228/3228 3229/3229 3230/3230
f 3231/3231 3228/3228 3230/3230
f 3237/3237 3230/3230 3242/3242
f 2744/2744 2745/2745 2746/2746
f 964/964 965/965 961/961
f 3231/3231 3236/3236 3234/3234
f 3232/3232 3231/3231 3230/3230
f 3236/3236 3231/3231 3232/3232
f 3230/3230 3237/3237 3232/3232
f 2666/2666 2661/2661 2664/2664
f 2665/2665 2661/2661 2666/2666
f 2659/2659 2661/2661 2665/2665
f 1331/1331 1344/1344 1336/1336
f 1340/1340 1348/1348 1352/1352
f 1338/1338 1348/1348 1340/1340
f 1338/1338 1340/1340 1337/1337
f 1338/1338 1337/1337 1336/1336
f 1338/1338 1336/1336 1339/1339
f 1342/1342 1336/1336 1344/1344
f 1339/1339 1336/1336 1342/1342
f 1335/1335 1344/1344 1331/1331
f 1342/1342 1344/1344 1335/1335
f 1334/1334 1331/1331 1333/1333
f 1335/1335 1331/1331 1334/1334
f 1334/1334 1333/1333 1343/1343
f 1387/1387 1399/1399 1343/1343
f 1333/1333 1387/1387 1343/1343
f 1387/1387 1426/1426 1399/1399
f 1426/1426 1329/1329 1427/1427
f 1387/1387 1329/1329 1426/1426
f 1350/1350 1352/1352 1348/1348
f 1350/1350 1348/1348 1338/1338
f 1443/1443 1338/1338 1339/1339
f 1935/1935 1936/1936 1931/1931
f 1936/1936 1935/1935 1937/1937
f 2626/2626 2632/2632 2627/2627
f 2621/2621 2624/2624 2692/2692
f 2620/2620 2692/2692 2626/2626
f 2621/2621 2692/2692 2620/2620
f 2617/2617 2626/2626 2627/2627
f 2620/2620 2626/2626 2617/2617
f 2627/2627 2632/2632 2617/2617
f 2631/2631 2629/2629 2685/2685
f 2631/2631 2630/2630 2629/2629
f 2629/2629 2624/2624 2628/2628
f 2630/2630 2624/2624 2629/2629
f 2624/2624 2622/2622 2628/2628
f 2621/2621 2622/2622 2624/2624
f 2619/2619 2621/2621 2620/2620
f 2622/2622 2621/2621 2619/2619
f 2619/2619 2617/2617 2618/2618
f 2620/2620 2617/2617 2619/2619
f 2644/2644 2686/2686 2629/2629
f 2629/2629 2686/2686 2685/2685
f 2625/2625 2629/2629 2628/2628
f 2644/2644 2629/2629 2625/2625
f 2622/2622 2625/2625 2628/2628
f 2623/2623 2625/2625 2622/2622
f 2623/2623 2622/2622 2619/2619
f 2886/2886 2887/2887 2888/2888
f 2686/2686 2666/2666 2687/2687
f 2644/2644 2666/2666 2686/2686
f 2644/2644 2665/2665 2666/2666
f 2665/2665 2644/2644 2625/2625
f 2659/2659 2625/2625 2623/2623
f 2665/2665 2625/2625 2659/2659
f 2658/2658 2623/2623 2619/2619
f 2659/2659 2623/2623 2658/2658
f 2658/2658 2619/2619 2618/2618
f 2658/2658 2618/2618 2611/2611
f 3240/3240 3232/3232 3237/3237
f 3237/3237 3241/3241 3240/3240
f 2688/2688 2689/2689 2687/2687
f 2691/2691 2689/2689 2688/2688
f 2751/2751 2755/2755 2754/2754
f 2688/2688 2687/2687 2666/2666
f 2659/2659 2658/2658 2657/2657
f 2657/2657 2658/2658 2611/2611
f 1374/1374 1337/1337 1341/1341
f 1375/1375 1337/1337 1374/1374
f 1375/1375 1332/1332 1337/1337
f 1354/1354 1332/1332 1375/1375
f 1354/1354 1353/1353 1332/1332
f 1355/1355 1353/1353 1354/1354
f 1330/1330 1353/1353 1355/1355
f 1336/1336 1332/1332 1331/1331
f 2617/2617 2612/2612 2618/2618
f 1351/1351 1373/1373 1341/1341
f 1341/1341 1373/1373 1374/1374
f 4887/4887 4888/4888 4889/4889
f 4890/4890 4891/4891 4892/4892
f 4465/4465 4466/4466 4467/4467
f 4483/4483 4489/4489 4482/4482
f 4483/4483 4482/4482 4480/4480
f 4478/4478 4480/4480 4482/4482
f 4477/4477 4480/4480 4478/4478
f 4477/4477 4478/4478 4470/4470
f 4470/4470 4469/4469 4468/4468
f 4471/4471 4477/4477 4470/4470
f 4487/4487 4477/4477 4471/4471
f 4468/4468 4471/4471 4470/4470
f 3891/3891 3893/3893 3892/3892
f 3891/3891 3892/3892 3887/3887
f 3891/3891 3887/3887 3890/3890
f 3886/3886 3887/3887 3888/3888
f 3886/3886 3890/3890 3887/3887
f 3889/3889 3886/3886 3888/3888
f 3886/3886 3889/3889 3890/3890
f 3912/3912 3909/3909 3889/3889
f 3900/3900 3890/3890 3889/3889
f 3900/3900 3889/3889 3898/3898
f 3898/3898 3889/3889 3895/3895
f 3895/3895 3889/3889 3909/3909
f 3907/3907 3901/3901 3906/3906
f 3906/3906 3901/3901 3900/3900
f 3899/3899 3900/3900 3898/3898
f 3906/3906 3900/3900 3899/3899
f 3899/3899 3898/3898 3897/3897
f 3897/3897 3898/3898 3895/3895
f 4792/4792 4791/4791 4782/4782
f 4799/4799 4798/4798 4781/4781
f 4799/4799 4800/4800 4798/4798
f 4802/4802 4801/4801 4800/4800
f 4800/4800 4790/4790 4798/4798
f 4800/4800 4801/4801 4790/4790
f 4802/4802 4803/4803 4801/4801
f 4802/4802 4804/4804 4803/4803
f 4801/4801 4803/4803 4790/4790
f 4804/4804 4805/4805 4803/4803
f 4804/4804 4808/4808 4805/4805
f 4810/4810 4809/4809 4808/4808
f 4805/4805 4809/4809 4807/4807
f 4808/4808 4809/4809 4805/4805
f 4803/4803 4805/4805 4807/4807
f 4813/4813 4809/4809 4810/4810
f 4748/4748 4749/4749 4750/4750
f 4808/4808 4812/4812 4811/4811
f 4858/4858 4857/4857 4859/4859
f 4832/4832 4833/4833 4834/4834
f 4856/4856 4857/4857 4858/4858
f 482/482 481/481 507/507
f 481/481 486/486 507/507
f 481/481 483/483 486/486
f 483/483 503/503 486/486
f 483/483 504/504 503/503
f 480/480 483/483 481/481
f 484/484 483/483 480/480
f 484/484 511/511 483/483
f 483/483 511/511 504/504
f 484/484 480/480 509/509
f 509/509 511/511 484/484
f 509/509 480/480 479/479
f 509/509 479/479 510/510
f 510/510 511/511 509/509
f 515/515 511/511 510/510
f 510/510 533/533 515/515
f 533/533 510/510 512/512
f 37/37 38/38 39/39
f 2827/2827 2828/2828 2829/2829
f 34/34 35/35 36/36
f 1783/1783 1781/1781 1782/1782
f 1781/1781 1783/1783 1784/1784
f 1785/1785 1781/1781 1784/1784
f 2840/2840 2841/2841 2842/2842
f 2383/2383 2591/2591 2381/2381
f 1564/1564 1563/1563 1567/1567
f 1563/1563 1564/1564 1565/1565
f 1566/1566 1563/1563 1565/1565
f 2751/2751 2752/2752 2753/2753
f 2751/2751 2754/2754 2752/2752
f 2662/2662 2664/2664 2661/2661
f 2674/2674 2664/2664 2662/2662
f 2662/2662 2661/2661 2660/2660
f 2660/2660 2661/2661 2659/2659
f 1946/1946 1943/1943 1945/1945
f 1943/1943 1944/1944 1945/1945
f 2674/2674 2663/2663 2675/2675
f 2674/2674 2662/2662 2663/2663
f 2663/2663 2662/2662 2660/2660
f 7/7 8/8 9/9
f 1717/1717 1718/1718 1719/1719
f 1568/1568 1565/1565 1564/1564
f 2639/2639 2739/2739 2663/2663
f 2573/2573 2656/2656 2611/2611
f 2528/2528 2573/2573 2611/2611
f 2140/2140 2134/2134 2138/2138
f 2132/2132 2134/2134 2140/2140
f 2131/2131 2132/2132 2133/2133
f 2131/2131 2134/2134 2132/2132
f 2356/2356 2357/2357 2358/2358
f 2680/2680 2539/2539 2639/2639
f 10/10 11/11 12/12
f 2539/2539 2680/2680 2656/2656
f 2527/2527 2539/2539 2656/2656
f 2527/2527 2656/2656 2573/2573
f 2527/2527 2573/2573 2528/2528
f 2639/2639 2539/2539 2538/2538
f 2639/2639 2538/2538 2564/2564
f 2538/2538 2539/2539 2527/2527
f 2521/2521 2527/2527 2528/2528
f 2526/2526 2527/2527 2521/2521
f 2523/2523 2538/2538 2527/2527
f 2523/2523 2527/2527 2526/2526
f 2545/2545 2538/2538 2523/2523
f 2526/2526 2521/2521 2523/2523
f 2538/2538 2544/2544 2564/2564
f 2544/2544 2538/2538 2545/2545
f 2522/2522 2545/2545 2523/2523
f 2523/2523 2521/2521 2522/2522
f 2542/2542 2543/2543 2544/2544
f 2545/2545 2525/2525 2544/2544
f 2525/2525 2545/2545 2522/2522
f 2751/2751 2753/2753 2756/2756
f 2659/2659 2657/2657 2660/2660
f 2656/2656 2660/2660 2657/2657
f 2663/2663 2660/2660 2656/2656
f 2656/2656 2657/2657 2611/2611
f 2136/2136 2139/2139 2138/2138
f 2863/2863 2864/2864 2865/2865
f 2680/2680 2639/2639 2663/2663
f 2680/2680 2663/2663 2656/2656
f 2134/2134 2136/2136 2138/2138
f 2135/2135 2136/2136 2134/2134
f 2135/2135 2134/2134 2131/2131
f 947/947 949/949 948/948
f 949/949 950/950 948/948
f 950/950 949/949 951/951
f 2543/2543 2564/2564 2544/2544
f 2525/2525 2542/2542 2544/2544
f 2521/2521 2519/2519 2522/2522
f 2542/2542 2541/2541 2566/2566
f 2525/2525 2541/2541 2542/2542
f 2522/2522 2524/2524 2525/2525
f 2522/2522 2519/2519 2524/2524
f 2537/2537 2541/2541 2525/2525
f 2537/2537 2525/2525 2524/2524
f 2524/2524 2519/2519 2520/2520
f 2520/2520 2519/2519 2515/2515
f 2677/2677 2672/2672 2524/2524
f 2677/2677 2524/2524 2520/2520
f 2566/2566 2541/2541 2567/2567
f 2672/2672 2677/2677 2514/2514
f 2501/2501 2517/2517 2514/2514
f 1890/1890 1889/1889 1891/1891
f 2135/2135 2137/2137 2136/2136
f 952/952 947/947 946/946
f 13/13 14/14 15/15
f 1888/1888 1889/1889 1890/1890
f 946/946 947/947 948/948
f 2672/2672 2537/2537 2524/2524
f 2520/2520 2515/2515 2677/2677
f 2610/2610 2541/2541 2537/2537
f 2672/2672 2514/2514 2537/2537
f 2513/2513 2514/2514 2515/2515
f 2515/2515 2514/2514 2677/2677
f 2517/2517 2654/2654 2514/2514
f 2512/2512 2501/2501 2513/2513
f 2513/2513 2501/2501 2514/2514
f 2678/2678 2654/2654 2655/2655
f 2610/2610 2654/2654 2678/2678
f 2575/2575 2655/2655 2517/2517
f 2655/2655 2654/2654 2517/2517
f 2517/2517 2501/2501 2575/2575
f 2575/2575 2574/2574 2655/2655
f 2500/2500 2574/2574 2575/2575
f 2500/2500 2575/2575 2501/2501
f 2460/2460 2501/2501 2512/2512
f 2500/2500 2501/2501 2460/2460
f 1908/1908 1909/1909 1910/1910
f 1108/1108 1109/1109 1110/1110
f 1178/1178 1179/1179 1180/1180
f 4438/4438 4439/4439 4440/4440
f 4438/4438 4437/4437 4439/4439
f 3973/3973 3967/3967 3974/3974
f 3797/3797 3796/3796 3798/3798
f 4437/4437 4441/4441 4439/4439
f 3970/3970 3967/3967 3973/3973
f 3848/3848 3847/3847 3846/3846
f 4437/4437 4436/4436 4441/4441
f 3967/3967 3970/3970 3965/3965
f 3846/3846 3847/3847 3845/3845
f 3866/3866 3867/3867 3868/3868
f 4438/4438 4430/4430 4437/4437
f 3794/3794 3796/3796 3797/3797
f 3794/3794 3793/3793 3796/3796
f 3794/3794 3797/3797 3795/3795
f 3967/3967 3968/3968 3972/3972
f 4437/4437 4430/4430 4436/4436
f 3965/3965 3966/3966 3967/3967
f 3968/3968 3967/3967 3966/3966
f 3845/3845 3842/3842 3846/3846
f 3838/3838 3842/3842 3845/3845
f 3869/3869 3868/3868 3867/3867
f 3792/3792 3793/3793 3794/3794
f 3792/3792 3794/3794 3795/3795
f 3791/3791 3792/3792 3795/3795
f 4432/4432 4436/4436 4430/4430
f 4530/4530 4542/4542 4537/4537
f 4532/4532 4529/4529 4538/4538
f 4532/4532 4530/4530 4529/4529
f 3966/3966 3965/3965 3971/3971
f 3838/3838 3841/3841 3842/3842
f 3838/3838 3837/3837 3841/3841
f 3837/3837 3838/3838 3839/3839
f 4027/4027 4026/4026 4029/4029
f 4027/4027 4029/4029 4033/4033
f 3858/3858 3860/3860 3862/3862
f 4433/4433 4431/4431 4430/4430
f 4430/4430 4431/4431 4432/4432
f 3790/3790 3793/3793 3792/3792
f 3790/3790 3787/3787 3793/3793
f 3792/3792 3791/3791 3790/3790
f 3790/3790 3791/3791 3788/3788
f 4534/4534 4530/4530 4537/4537
f 4531/4531 4530/4530 4534/4534
f 3968/3968 3966/3966 3969/3969
f 4529/4529 4530/4530 4531/4531
f 4529/4529 4531/4531 4533/4533
f 3841/3841 3843/3843 3842/3842
f 4893/4893 4894/4894 4895/4895
f 3557/3557 3558/3558 3559/3559
f 3837/3837 3843/3843 3841/3841
f 4112/4112 4113/4113 4114/4114
f 4539/4539 4529/4529 4533/4533
f 4252/4252 4253/4253 4254/4254
f 4539/4539 4533/4533 4544/4544
f 4031/4031 4030/4030 4027/4027
f 4030/4030 4028/4028 4027/4027
f 4026/4026 4027/4027 4028/4028
f 3860/3860 3863/3863 3862/3862
f 4431/4431 4433/4433 4434/4434
f 3788/3788 3787/3787 3790/3790
f 4535/4535 4531/4531 4534/4534
f 4062/4062 4063/4063 4064/4064
f 4545/4545 4533/4533 4531/4531
f 4359/4359 4360/4360 4361/4361
f 3554/3554 3555/3555 3556/3556
f 4545/4545 4546/4546 4533/4533
f 4533/4533 4546/4546 4547/4547
f 4551/4551 4552/4552 4553/4553
f 4111/4111 4110/4110 4109/4109
f 4030/4030 4032/4032 4028/4028
f 4435/4435 4434/4434 4433/4433
f 3785/3785 3786/3786 3787/3787
f 3785/3785 3787/3787 3788/3788
f 4531/4531 4535/4535 4536/4536
f 4195/4195 4196/4196 4197/4197
f 3566/3566 3567/3567 3568/3568
f 3563/3563 3564/3564 3565/3565
f 3852/3852 3851/3851 3855/3855
f 4549/4549 4545/4545 4536/4536
f 4536/4536 4545/4545 4531/4531
f 4420/4420 4421/4421 4422/4422
f 4130/4130 4128/4128 4146/4146
f 4546/4546 4545/4545 4549/4549
f 4548/4548 4546/4546 4549/4549
f 4548/4548 4547/4547 4546/4546
f 4108/4108 4101/4101 4109/4109
f 4108/4108 4109/4109 4110/4110
f 4105/4105 4101/4101 4103/4103
f 4109/4109 4101/4101 4105/4105
f 3789/3789 3786/3786 3785/3785
f 4535/4535 4540/4540 4536/4536
f 3948/3948 3950/3950 3952/3952
f 3953/3953 3948/3948 3952/3952
f 4096/4096 4097/4097 4099/4099
f 3853/3853 3856/3856 3851/3851
f 3851/3851 3852/3852 3853/3853
f 3853/3853 3852/3852 3854/3854
f 4092/4092 4093/4093 4095/4095
f 4092/4092 4095/4095 4096/4096
f 4096/4096 4095/4095 4097/4097
f 4093/4093 4100/4100 4095/4095
f 4548/4548 4549/4549 4550/4550
f 4101/4101 4100/4100 4102/4102
f 4108/4108 4100/4100 4101/4101
f 4102/4102 4103/4103 4101/4101
f 4147/4147 4145/4145 4148/4148
f 4543/4543 4541/4541 4535/4535
f 4535/4535 4541/4541 4540/4540
f 4098/4098 4092/4092 4096/4096
f 3948/3948 3949/3949 3950/3950
f 3949/3949 3948/3948 3951/3951
f 3856/3856 3853/3853 3857/3857
f 4131/4131 4132/4132 4129/4129
f 4093/4093 4104/4104 4102/4102
f 4093/4093 4102/4102 4100/4100
f 4133/4133 4145/4145 4147/4147
f 4133/4133 4144/4144 4145/4145
f 4134/4134 4133/4133 4131/4131
f 4092/4092 4089/4089 4091/4091
f 4133/4133 4147/4147 4132/4132
f 4132/4132 4131/4131 4133/4133
f 4107/4107 4093/4093 4091/4091
f 4107/4107 4106/4106 4093/4093
f 4092/4092 4091/4091 4093/4093
f 4106/4106 4104/4104 4093/4093
f 4089/4089 4094/4094 4090/4090
f 4200/4200 4201/4201 4198/4198
f 4133/4133 4135/4135 4144/4144
f 4134/4134 4135/4135 4133/4133
f 4413/4413 4411/4411 4412/4412
f 4004/4004 4001/4001 4000/4000
f 4088/4088 4089/4089 4090/4090
f 4088/4088 4091/4091 4089/4089
f 4088/4088 4107/4107 4091/4091
f 4198/4198 4201/4201 4202/4202
f 4415/4415 4412/4412 4399/4399
f 3551/3551 3552/3552 3553/3553
f 4258/4258 4259/4259 4260/4260
f 3991/3991 3992/3992 3993/3993
f 3527/3527 3528/3528 3529/3529
f 4398/4398 4397/4397 4379/4379
f 4243/4243 4242/4242 4245/4245
f 4035/4035 4036/4036 4037/4037
f 4198/4198 4199/4199 4200/4200
f 4412/4412 4396/4396 4399/4399
f 4399/4399 4396/4396 4397/4397
f 4395/4395 4412/4412 4411/4411
f 4395/4395 4396/4396 4412/4412
f 4000/4000 3999/3999 4002/4002
f 4002/4002 3999/3999 4003/4003
f 3999/3999 4000/4000 4001/4001
f 4035/4035 4038/4038 4036/4036
f 4022/4022 4023/4023 4024/4024
f 4174/4174 4175/4175 4176/4176
f 4024/4024 4023/4023 4025/4025
f 4261/4261 4262/4262 4263/4263
f 3533/3533 3534/3534 3535/3535
f 3530/3530 3531/3531 3532/3532
f 4896/4896 4897/4897 4898/4898
f 4899/4899 4900/4900 4901/4901
f 4264/4264 4281/4281 4285/4285
f 4902/4902 4904/4904 4905/4905
f 4902/4902 4903/4903 4904/4904
f 3524/3524 3525/3525 3526/3526
f 4264/4264 4285/4285 4262/4262
f 4261/4261 4264/4264 4262/4262
f 4213/4213 4214/4214 4215/4215
f 4213/4213 4216/4216 4214/4214
f 4299/4299 4300/4300 4297/4297
f 4300/4300 4299/4299 4307/4307
f 4208/4208 4207/4207 4209/4209
f 4206/4206 4207/4207 4208/4208
f 4304/4304 4282/4282 4305/4305
f 4282/4282 4304/4304 4281/4281
f 4281/4281 4304/4304 4285/4285
f 3548/3548 3549/3549 3550/3550
f 4346/4346 4334/4334 4348/4348
f 3536/3536 3537/3537 3538/3538
f 4371/4371 4369/4369 4368/4368
f 3539/3539 3540/3540 3541/3541
f 4368/4368 4369/4369 4370/4370
f 4906/4906 4907/4907 4908/4908
f 4909/4909 4910/4910 4911/4911
f 3542/3542 3543/3543 3544/3544
f 4333/4333 4334/4334 4335/4335
f 4334/4334 4336/4336 4335/4335
f 4335/4335 4336/4336 4337/4337
f 4158/4158 4159/4159 4156/4156
f 4116/4116 4117/4117 4118/4118
f 4159/4159 4160/4160 4156/4156
f 4156/4156 4157/4157 4158/4158
f 4379/4379 4380/4380 4381/4381
f 4382/4382 4379/4379 4397/4397
f 4382/4382 4380/4380 4379/4379
f 4396/4396 4393/4393 4397/4397
f 4397/4397 4393/4393 4382/4382
f 4395/4395 4391/4391 4396/4396
f 4396/4396 4391/4391 4393/4393
f 4242/4242 4243/4243 4244/4244
f 3521/3521 3522/3522 3523/3523
f 4263/4263 4312/4312 4265/4265
f 4322/4322 4312/4312 4263/4263
f 4312/4312 4322/4322 4323/4323
f 4288/4288 4287/4287 4289/4289
f 4306/4306 4286/4286 4288/4288
f 4288/4288 4286/4286 4287/4287
f 4284/4284 4286/4286 4306/4306
f 4283/4283 4267/4267 4284/4284
f 4284/4284 4267/4267 4286/4286
f 4283/4283 4280/4280 4267/4267
f 4267/4267 4279/4279 4268/4268
f 4267/4267 4280/4280 4279/4279
f 4268/4268 4279/4279 4264/4264
f 4268/4268 4264/4264 4265/4265
f 4264/4264 4261/4261 4265/4265
f 4265/4265 4261/4261 4263/4263
f 4288/4288 4297/4297 4300/4300
f 4289/4289 4297/4297 4288/4288
f 4288/4288 4300/4300 4306/4306
f 4283/4283 4282/4282 4280/4280
f 4280/4280 4282/4282 4281/4281
f 4280/4280 4281/4281 4279/4279
f 4279/4279 4281/4281 4264/4264
f 4336/4336 4334/4334 4346/4346
f 4345/4345 4344/4344 4343/4343
f 4362/4362 4363/4363 4364/4364
f 4336/4336 4346/4346 4347/4347
f 4340/4340 4337/4337 4336/4336
f 4347/4347 4340/4340 4336/4336
f 4338/4338 4339/4339 4337/4337
f 4338/4338 4337/4337 4340/4340
f 4341/4341 4339/4339 4338/4338
f 4342/4342 4341/4341 4343/4343
f 4342/4342 4339/4339 4341/4341
f 4342/4342 4343/4343 4344/4344
f 3545/3545 3546/3546 3547/3547
f 4239/4239 4240/4240 4241/4241
f 4393/4393 4392/4392 4394/4394
f 4393/4393 4391/4391 4392/4392
f 4325/4325 4310/4310 4309/4309
f 4318/4318 4310/4310 4325/4325
f 4318/4318 4313/4313 4310/4310
f 4318/4318 4317/4317 4313/4313
f 4316/4316 4313/4313 4317/4317
f 4394/4394 4380/4380 4382/4382
f 4315/4315 4313/4313 4316/4316
f 4382/4382 4393/4393 4394/4394
f 4275/4275 4286/4286 4269/4269
f 4270/4270 4266/4266 4271/4271
f 4270/4270 4269/4269 4266/4266
f 4266/4266 4308/4308 4309/4309
f 4309/4309 4308/4308 4325/4325
f 4325/4325 4312/4312 4318/4318
f 4325/4325 4308/4308 4312/4312
f 4312/4312 4317/4317 4318/4318
f 4323/4323 4316/4316 4317/4317
f 4323/4323 4317/4317 4312/4312
f 4275/4275 4287/4287 4286/4286
f 4269/4269 4267/4267 4266/4266
f 4269/4269 4286/4286 4267/4267
f 4266/4266 4267/4267 4268/4268
f 4266/4266 4268/4268 4308/4308
f 4312/4312 4268/4268 4265/4265
f 4308/4308 4268/4268 4312/4312
f 4276/4276 4274/4274 4278/4278
f 4313/4313 4311/4311 4310/4310
f 4310/4310 4311/4311 4273/4273
f 4314/4314 4311/4311 4313/4313
f 4315/4315 4314/4314 4313/4313
f 4319/4319 4314/4314 4315/4315
f 4274/4274 4275/4275 4269/4269
f 4276/4276 4275/4275 4274/4274
f 4274/4274 4269/4269 4270/4270
f 4274/4274 4270/4270 4271/4271
f 4272/4272 4271/4271 4266/4266
f 4273/4273 4266/4266 4309/4309
f 4272/4272 4266/4266 4273/4273
f 4273/4273 4309/4309 4310/4310
f 4120/4120 4143/4143 4121/4121
f 4120/4120 4122/4122 4123/4123
f 4073/4073 4075/4075 4076/4076
f 4119/4119 4120/4120 4121/4121
f 4525/4525 4527/4527 4526/4526
f 4122/4122 4120/4120 4119/4119
f 3509/3509 3510/3510 3511/3511
f 4123/4123 4142/4142 4120/4120
f 4143/4143 4120/4120 4142/4142
f 4525/4525 4521/4521 4524/4524
f 4912/4912 4913/4913 4914/4914
f 4919/4919 4920/4920 4921/4921
f 4526/4526 4521/4521 4525/4525
f 3867/3867 3866/3866 3870/3870
f 4915/4915 4916/4916 4917/4917
f 4918/4918 4915/4915 4917/4917
f 4922/4922 4923/4923 4924/4924
f 4123/4123 4136/4136 4142/4142
f 4524/4524 4521/4521 4511/4511
f 4141/4141 4143/4143 4142/4142
f 3850/3850 3849/3849 3839/3839
f 4073/4073 4074/4074 4069/4069
f 4075/4075 4073/4073 4069/4069
f 4526/4526 4528/4528 4521/4521
f 4508/4508 4528/4528 4526/4526
f 3512/3512 3513/3513 3514/3514
f 4170/4170 4171/4171 4172/4172
f 4173/4173 4170/4170 4172/4172
f 4925/4925 4926/4926 4927/4927
f 4125/4125 4141/4141 4142/4142
f 4136/4136 4125/4125 4142/4142
f 3569/3569 3570/3570 3571/3571
f 4511/4511 4521/4521 4508/4508
f 4928/4928 4929/4929 4930/4930
f 3849/3849 3840/3840 3839/3839
f 3840/3840 3837/3837 3839/3839
f 4074/4074 4066/4066 4069/4069
f 4074/4074 4067/4067 4066/4066
f 4069/4069 4066/4066 4070/4070
f 4931/4931 4932/4932 4933/4933
f 3859/3859 3864/3864 3865/3865
f 3518/3518 3519/3519 3520/3520
f 4026/4026 4034/4034 4029/4029
f 4502/4502 4501/4501 4506/4506
f 4349/4349 4350/4350 4351/4351
f 4069/4069 4070/4070 4071/4071
f 4504/4504 4497/4497 4505/4505
f 3859/3859 3858/3858 3861/3861
f 3864/3864 3859/3859 3861/3861
f 3858/3858 3859/3859 3860/3860
f 4497/4497 4502/4502 4505/4505
f 4497/4497 4501/4501 4502/4502
f 4497/4497 4504/4504 4498/4498
f 3575/3575 3576/3576 3577/3577
f 4185/4185 4186/4186 4187/4187
f 3572/3572 3573/3573 3574/3574
f 4517/4517 4516/4516 4522/4522
f 4137/4137 4126/4126 4136/4136
f 4246/4246 4247/4247 4248/4248
f 4136/4136 4149/4149 4137/4137
f 4516/4516 4517/4517 4512/4512
f 3843/3843 3837/3837 3844/3844
f 4125/4125 4136/4136 4126/4126
f 4511/4511 4509/4509 4512/4512
f 4125/4125 4140/4140 4141/4141
f 4130/4130 4140/4140 4125/4125
f 3560/3560 3561/3561 3562/3562
f 4511/4511 4508/4508 4509/4509
f 4509/4509 4508/4508 4507/4507
f 3807/3807 3805/3805 3808/3808
f 4166/4166 4162/4162 4168/4168
f 3828/3828 3807/3807 3808/3808
f 4115/4115 4114/4114 4113/4113
f 4177/4177 4178/4178 4179/4179
f 4066/4066 4067/4067 4068/4068
f 4501/4501 4507/4507 4508/4508
f 4501/4501 4503/4503 4507/4507
f 4162/4162 4167/4167 4168/4168
f 4152/4152 4155/4155 4150/4150
f 4427/4427 4428/4428 4429/4429
f 3515/3515 3516/3516 3517/3517
f 4066/4066 4072/4072 4070/4070
f 4501/4501 4499/4499 4503/4503
f 4497/4497 4499/4499 4501/4501
f 4496/4496 4499/4499 4497/4497
f 4496/4496 4497/4497 4498/4498
f 4192/4192 4193/4193 4194/4194
f 4236/4236 4237/4237 4238/4238
f 4408/4408 4407/4407 4405/4405
f 4409/4409 4407/4407 4410/4410
f 4188/4188 4186/4186 4185/4185
f 3815/3815 3814/3814 3813/3813
f 4138/4138 4139/4139 4126/4126
f 4138/4138 4126/4126 4137/4137
f 4513/4513 4516/4516 4512/4512
f 4062/4062 4064/4064 4065/4065
f 4124/4124 4125/4125 4126/4126
f 4512/4512 4509/4509 4513/4513
f 4124/4124 4130/4130 4125/4125
f 4510/4510 4509/4509 4507/4507
f 4163/4163 4162/4162 4166/4166
f 4161/4161 4162/4162 4163/4163
f 4503/4503 4510/4510 4507/4507
f 4167/4167 4162/4162 4161/4161
f 4167/4167 4161/4161 4169/4169
f 4150/4150 4151/4151 4152/4152
f 4153/4153 4151/4151 4150/4150
f 4510/4510 4503/4503 4515/4515
f 4499/4499 4515/4515 4503/4503
f 4500/4500 4499/4499 4496/4496
f 3814/3814 3809/3809 3813/3813
f 4039/4039 4041/4041 4042/4042
f 4043/4043 4042/4042 4041/4041
f 4513/4513 4523/4523 4516/4516
f 4127/4127 4128/4128 4124/4124
f 4124/4124 4126/4126 4127/4127
f 4513/4513 4509/4509 4514/4514
f 4490/4490 4491/4491 4492/4492
f 4130/4130 4124/4124 4128/4128
f 4514/4514 4509/4509 4510/4510
f 4164/4164 4161/4161 4163/4163
f 3803/3803 3800/3800 3805/3805
f 3803/3803 3805/3805 3807/3807
f 4153/4153 4154/4154 4151/4151
f 3578/3578 3579/3579 3580/3580
f 4404/4404 4405/4405 4407/4407
f 4407/4407 4409/4409 4404/4404
f 3809/3809 3812/3812 3813/3813
f 4039/4039 4040/4040 4041/4041
f 3811/3811 3799/3799 3809/3809
f 4127/4127 4129/4129 4128/4128
f 4518/4518 4513/4513 4514/4514
f 4518/4518 4519/4519 4513/4513
f 4165/4165 4164/4164 4163/4163
f 3942/3942 3944/3944 3943/3943
f 3942/3942 3941/3941 3945/3945
f 4404/4404 4400/4400 4405/4405
f 3812/3812 3809/3809 3806/3806
f 3809/3809 3799/3799 3806/3806
f 4129/4129 4127/4127 4131/4131
f 4518/4518 4520/4520 4519/4519
f 3799/3799 3800/3800 3801/3801
f 3947/3947 3940/3940 3943/3943
f 3940/3940 3942/3942 3943/3943
f 3802/3802 3801/3801 3800/3800
f 3802/3802 3800/3800 3803/3803
f 3946/3946 3941/3941 3940/3940
f 3940/3940 3941/3941 3942/3942
f 4400/4400 4404/4404 4403/4403
f 3812/3812 3806/3806 3816/3816
f 4413/4413 4414/4414 4402/4402
f 3804/3804 3806/3806 3799/3799
f 3823/3823 3804/3804 3801/3801
f 3804/3804 3799/3799 3801/3801
f 3801/3801 3825/3825 3823/3823
f 3802/3802 3825/3825 3801/3801
f 4356/4356 4357/4357 4358/4358
f 4406/4406 4401/4401 4403/4403
f 4403/4403 4401/4401 4400/4400
f 4413/4413 4402/4402 4411/4411
f 4400/4400 4401/4401 4402/4402
f 3810/3810 3806/3806 3804/3804
f 3810/3810 3823/3823 3822/3822
f 3823/3823 3810/3810 3804/3804
f 3826/3826 3827/3827 3823/3823
f 4180/4180 4181/4181 4182/4182
f 3825/3825 3826/3826 3823/3823
f 4210/4210 4211/4211 4212/4212
f 4401/4401 4395/4395 4411/4411
f 4388/4388 4406/4406 4403/4403
f 3816/3816 3817/3817 3818/3818
f 3816/3816 3806/3806 3817/3817
f 3810/3810 3817/3817 3806/3806
f 3810/3810 3821/3821 3817/3817
f 3821/3821 3810/3810 3822/3822
f 3824/3824 3821/3821 3822/3822
f 4183/4183 4180/4180 4182/4182
f 4583/4583 4566/4566 4584/4584
f 4582/4582 4581/4581 4566/4566
f 4583/4583 4582/4582 4566/4566
f 4605/4605 4603/4603 4604/4604
f 4587/4587 4586/4586 4584/4584
f 4585/4585 4584/4584 4586/4586
f 4585/4585 4583/4583 4584/4584
f 4391/4391 4395/4395 4390/4390
f 4395/4395 4389/4389 4390/4390
f 4401/4401 4389/4389 4395/4395
f 4401/4401 4406/4406 4389/4389
f 4389/4389 4406/4406 4388/4388
f 3817/3817 3819/3819 3818/3818
f 3817/3817 3821/3821 3819/3819
f 4598/4598 4563/4563 4588/4588
f 4599/4599 4598/4598 4588/4588
f 4576/4576 4573/4573 4575/4575
f 4577/4577 4573/4573 4576/4576
f 3824/3824 3829/3829 3821/3821
f 4607/4607 4606/4606 4609/4609
f 4606/4606 4607/4607 4608/4608
f 4255/4255 4256/4256 4257/4257
f 4567/4567 4565/4565 4564/4564
f 4566/4566 4557/4557 4565/4565
f 4557/4557 4564/4564 4565/4565
f 4557/4557 4566/4566 4571/4571
f 4566/4566 4581/4581 4571/4571
f 4602/4602 4604/4604 4603/4603
f 4600/4600 4602/4602 4603/4603
f 4575/4575 4578/4578 4576/4576
f 4183/4183 4184/4184 4180/4180
f 4389/4389 4384/4384 4390/4390
f 4385/4385 4389/4389 4388/4388
f 4385/4385 4384/4384 4389/4389
f 4385/4385 4388/4388 4387/4387
f 3818/3818 3819/3819 3820/3820
f 4563/4563 4562/4562 4588/4588
f 4563/4563 4556/4556 4562/4562
f 4559/4559 4556/4556 4563/4563
f 4559/4559 4557/4557 4556/4556
f 4559/4559 4563/4563 4598/4598
f 4559/4559 4598/4598 4564/4564
f 4559/4559 4564/4564 4557/4557
f 4558/4558 4557/4557 4571/4571
f 4558/4558 4571/4571 4580/4580
f 4600/4600 4601/4601 4602/4602
f 4568/4568 4575/4575 4573/4573
f 4568/4568 4580/4580 4575/4575
f 4568/4568 4573/4573 4572/4572
f 4572/4572 4573/4573 4574/4574
f 4572/4572 4574/4574 4579/4579
f 4386/4386 4391/4391 4390/4390
f 4386/4386 4392/4392 4391/4391
f 4390/4390 4384/4384 4386/4386
f 4383/4383 4386/4386 4384/4384
f 4383/4383 4384/4384 4385/4385
f 4387/4387 4383/4383 4385/4385
f 4556/4556 4557/4557 4554/4554
f 4554/4554 4557/4557 4558/4558
f 4554/4554 4558/4558 4580/4580
f 4554/4554 4580/4580 4561/4561
f 4561/4561 4568/4568 4560/4560
f 4561/4561 4580/4580 4568/4568
f 4560/4560 4568/4568 4569/4569
f 4569/4569 4568/4568 4570/4570
f 4570/4570 4568/4568 4572/4572
f 4579/4579 4570/4570 4572/4572
f 937/937 917/917 934/934
f 4589/4589 4574/4574 4597/4597
f 4579/4579 4574/4574 4589/4589
f 4589/4589 4597/4597 4591/4591
f 4570/4570 4579/4579 4589/4589
f 4590/4590 4570/4570 4589/4589
f 4590/4590 4589/4589 4591/4591
f 4590/4590 4591/4591 4592/4592
f 4593/4593 4590/4590 4592/4592
f 4594/4594 4593/4593 4592/4592
f 4594/4594 4595/4595 4593/4593
f 4595/4595 4594/4594 4596/4596
f 927/927 930/930 942/942
f 906/906 910/910 905/905
f 1324/1324 1325/1325 1326/1326
f 538/538 528/528 539/539
f 538/538 532/532 528/528
f 520/520 526/526 528/528
f 528/528 532/532 520/520
f 518/518 527/527 526/526
f 520/520 518/518 526/526
f 518/518 524/524 527/527
f 1326/1326 1327/1327 1324/1324
f 532/532 555/555 520/520
f 520/520 517/517 518/518
f 520/520 555/555 517/517
f 518/518 519/519 524/524
f 518/518 517/517 516/516
f 518/518 516/516 519/519
f 230/230 221/221 243/243
f 521/521 519/519 516/516
f 1412/1412 1442/1442 1408/1408
f 517/517 555/555 550/550
f 517/517 550/550 502/502
f 243/243 244/244 231/231
f 516/516 517/517 502/502
f 516/516 502/502 513/513
f 231/231 230/230 243/243
f 1439/1439 1412/1412 1438/1438
f 1442/1442 1412/1412 1439/1439
f 514/514 531/531 529/529
f 529/529 513/513 514/514
f 1440/1440 1439/1439 1438/1438
f 3781/3781 3780/3780 3779/3779
f 3779/3779 3780/3780 3776/3776
f 3783/3783 3782/3782 3781/3781
f 3782/3782 3780/3780 3781/3781
f 3784/3784 3782/3782 3783/3783
f 4556/4556 4555/4555 4562/4562
f 3610/3610 3600/3600 3601/3601
f 4554/4554 4555/4555 4556/4556
f 4561/4561 4560/4560 4554/4554
f 4554/4554 4560/4560 4555/4555
f 3599/3599 3601/3601 3600/3600
f 3599/3599 3600/3600 3596/3596
f 3605/3605 3596/3596 3600/3600
f 3596/3596 3605/3605 3602/3602
f 3602/3602 3605/3605 3606/3606
f 3602/3602 3606/3606 3607/3607
f 3602/3602 3607/3607 3604/3604
f 3599/3599 3612/3612 3618/3618
f 3599/3599 3618/3618 3624/3624
f 3599/3599 3611/3611 3612/3612
f 3598/3598 3611/3611 3599/3599
f 3596/3596 3602/3602 3597/3597
f 3597/3597 3602/3602 3603/3603
f 3603/3603 3602/3602 3604/3604
f 3617/3617 3618/3618 3612/3612
f 3617/3617 3612/3612 3616/3616
f 3616/3616 3612/3612 3613/3613
f 3613/3613 3612/3612 3611/3611
f 3614/3614 3611/3611 3598/3598
f 3597/3597 3619/3619 3598/3598
f 3609/3609 3619/3619 3597/3597
f 3609/3609 3597/3597 3603/3603
f 3613/3613 3611/3611 3614/3614
f 3613/3613 3614/3614 3615/3615
f 3615/3615 3614/3614 3598/3598
f 3615/3615 3598/3598 3619/3619
f 3621/3621 3609/3609 3603/3603
f 3621/3621 3603/3603 3622/3622
f 3623/3623 3622/3622 3603/3603
f 3620/3620 3619/3619 3609/3609
f 3620/3620 3609/3609 3621/3621
f 3620/3620 3621/3621 3622/3622
f 3625/3625 3622/3622 3623/3623
f 3598/3598 3599/3599 3596/3596
f 3596/3596 3597/3597 3598/3598
f 1174/1174 1177/1177 1176/1176
f 1174/1174 1175/1175 1177/1177
f 1001/1001 1002/1002 999/999
f 970/970 1022/1022 1002/1002
f 970/970 1002/1002 1021/1021
f 1021/1021 1002/1002 1001/1001
f 970/970 1021/1021 968/968
f 1021/1021 1017/1017 968/968
f 1001/1001 1017/1017 1021/1021
f 972/972 968/968 1017/1017
f 1176/1176 1173/1173 1174/1174
f 1174/1174 1173/1173 1170/1170
f 1174/1174 1170/1170 1175/1175
f 1175/1175 1170/1170 1172/1172
f 2152/2152 2153/2153 2151/2151
f 1541/1541 1543/1543 1545/1545
f 2151/2151 2150/2150 2152/2152
f 967/967 971/971 970/970
f 2149/2149 2150/2150 2151/2151
f 968/968 967/967 970/970
f 966/966 967/967 968/968
f 969/969 968/968 972/972
f 969/969 966/966 968/968
f 1562/1562 1561/1561 1559/1559
f 1173/1173 1171/1171 1170/1170
f 1541/1541 1542/1542 1543/1543
f 1542/1542 1541/1541 1544/1544
f 2269/2269 2270/2270 2271/2271
f 1506/1506 1511/1511 1507/1507
f 1506/1506 1507/1507 1508/1508
f 1509/1509 1506/1506 1508/1508
f 969/969 963/963 966/966
f 1510/1510 1509/1509 1508/1508
f 961/961 962/962 963/963
f 1561/1561 1560/1560 1559/1559
f 1558/1558 1559/1559 1560/1560
f 1726/1726 1730/1730 1736/1736
f 1730/1730 1737/1737 1736/1736
f 1737/1737 1733/1733 1736/1736
f 1738/1738 1733/1733 1737/1737
f 1738/1738 1735/1735 1733/1733
f 1740/1740 1739/1739 1738/1738
f 1738/1738 1739/1739 1735/1735
f 1735/1735 1739/1739 1741/1741
f 31/31 32/32 33/33
f 28/28 29/29 30/30
f 3148/3148 3146/3146 3145/3145
f 3146/3146 3148/3148 3150/3150
f 3150/3150 3148/3148 3151/3151
f 1736/1736 1733/1733 1726/1726
f 1733/1733 1734/1734 1728/1728
f 1735/1735 1734/1734 1733/1733
f 3149/3149 3147/3147 3146/3146
f 2784/2784 2772/2772 2771/2771
f 2785/2785 2784/2784 2771/2771
f 2785/2785 2778/2778 2793/2793
f 2771/2771 2778/2778 2785/2785
f 1722/1722 1723/1723 1732/1732
f 1732/1732 1723/1723 1725/1725
f 2258/2258 2259/2259 2260/2260
f 2259/2259 2258/2258 2261/2261
f 2789/2789 2787/2787 2785/2785
f 2789/2789 2790/2790 2787/2787
f 2785/2785 2792/2792 2789/2789
f 2793/2793 2792/2792 2785/2785
f 2793/2793 2798/2798 2792/2792
f 2799/2799 2790/2790 2789/2789
f 2796/2796 2789/2789 2792/2792
f 929/929 932/932 931/931
f 943/943 933/933 936/936
f 247/247 234/234 248/248
f 247/247 246/246 234/234
f 249/249 248/248 252/252
f 941/941 943/943 944/944
f 254/254 253/253 252/252
f 254/254 255/255 253/253
f 252/252 253/253 249/249
f 233/233 250/250 234/234
f 1436/1436 1398/1398 1411/1411
f 1983/1983 1987/1987 1981/1981
f 1983/1983 1984/1984 1987/1987
f 1984/1984 1983/1983 1982/1982
f 1984/1984 1982/1982 1985/1985
f 1988/1988 1987/1987 1984/1984
f 1986/1986 1984/1984 1985/1985
f 1991/1991 1984/1984 1986/1986
f 1989/1989 1984/1984 1991/1991
f 1988/1988 1984/1984 1989/1989
f 1989/1989 1991/1991 1986/1986
f 1995/1995 1988/1988 1994/1994
f 1988/1988 1990/1990 1994/1994
f 1990/1990 1988/1988 1989/1989
f 1993/1993 1989/1989 1986/1986
f 1992/1992 1990/1990 1989/1989
f 1992/1992 1989/1989 1993/1993
f 2392/2392 2420/2420 2418/2418
f 2392/2392 2418/2418 2384/2384
f 2390/2390 2392/2392 2385/2385
f 2392/2392 2384/2384 2385/2385
f 2386/2386 2390/2390 2385/2385
f 2390/2390 2387/2387 2404/2404
f 2387/2387 2390/2390 2386/2386
f 2454/2454 2387/2387 2389/2389
f 2387/2387 2388/2388 2389/2389
f 2576/2576 2402/2402 2401/2401
f 2401/2401 2565/2565 2576/2576
f 2568/2568 2451/2451 2576/2576
f 2458/2458 2454/2454 2389/2389
f 2396/2396 2458/2458 2389/2389
f 2634/2634 2458/2458 2396/2396
f 2396/2396 2389/2389 2394/2394
f 2415/2415 2416/2416 2633/2633
f 2634/2634 2396/2396 2455/2455
f 2455/2455 2396/2396 2395/2395
f 2642/2642 2581/2581 2455/2455
f 2642/2642 2455/2455 2640/2640
f 2641/2641 2642/2642 2640/2640
f 2421/2421 2633/2633 2391/2391
f 2413/2413 2569/2569 2699/2699
f 2414/2414 2413/2413 2699/2699
f 2633/2633 2592/2592 2391/2391
f 2455/2455 2581/2581 2634/2634
f 552/552 502/502 550/550
f 550/550 551/551 552/552
f 502/502 499/499 513/513
f 499/499 514/514 513/513
f 531/531 514/514 498/498
f 507/507 531/531 498/498
f 498/498 514/514 499/499
f 498/498 482/482 507/507
f 552/552 501/501 502/502
f 501/501 499/499 502/502
f 478/478 499/499 501/501
f 499/499 476/476 498/498
f 478/478 476/476 499/499
f 476/476 482/482 498/498
f 553/553 501/501 552/552
f 474/474 476/476 478/478
f 482/482 476/476 481/481
f 554/554 501/501 553/553
f 554/554 500/500 501/501
f 500/500 478/478 501/501
f 477/477 478/478 500/500
f 477/477 474/474 478/478
f 474/474 475/475 476/476
f 481/481 476/476 475/475
f 481/481 475/475 480/480
f 475/475 474/474 477/477
f 493/493 477/477 500/500
f 500/500 554/554 493/493
f 475/475 477/477 479/479
f 480/480 475/475 479/479
f 487/487 477/477 493/493
f 477/477 485/485 479/479
f 487/487 485/485 477/477
f 510/510 479/479 485/485
f 556/556 493/493 554/554
f 556/556 489/489 493/493
f 489/489 487/487 493/493
f 488/488 485/485 487/487
f 510/510 485/485 512/512
f 488/488 487/487 489/489
f 485/485 488/488 492/492
f 512/512 485/485 492/492
f 512/512 546/546 533/533
f 512/512 537/537 546/546
f 549/549 533/533 546/546
f 557/557 489/489 556/556
f 490/490 488/488 489/489
f 492/492 488/488 490/490
f 492/492 490/490 506/506
f 537/537 492/492 506/506
f 537/537 506/506 544/544
f 544/544 546/546 537/537
f 545/545 546/546 544/544
f 557/557 491/491 489/489
f 491/491 490/490 489/489
f 494/494 490/490 491/491
f 259/259 256/256 257/257
f 490/490 530/530 506/506
f 540/540 530/530 490/490
f 530/530 544/544 506/506
f 542/542 544/544 530/530
f 545/545 544/544 542/542
f 495/495 540/540 490/490
f 490/490 494/494 495/495
f 541/541 530/530 540/540
f 263/263 264/264 257/257
f 530/530 541/541 542/542
f 262/262 264/264 263/263
f 2854/2854 2855/2855 2856/2856
f 2351/2351 2353/2353 2355/2355
f 2025/2025 2024/2024 2023/2023
f 1211/1211 1213/1213 1214/1214
f 1211/1211 1212/1212 1213/1213
f 497/497 491/491 557/557
f 259/259 260/260 258/258
f 265/265 259/259 257/257
f 495/495 541/541 540/540
f 2767/2767 2770/2770 2768/2768
f 265/265 257/257 264/264
f 543/543 542/542 541/541
f 262/262 266/266 264/264
f 2766/2766 2767/2767 2768/2768
f 542/542 543/543 547/547
f 2351/2351 2352/2352 2353/2353
f 2354/2354 2352/2352 2351/2351
f 496/496 494/494 491/491
f 1892/1892 1893/1893 1894/1894
f 495/495 494/494 496/496
f 1894/1894 1895/1895 1892/1892
f 2767/2767 2766/2766 2769/2769
f 497/497 496/496 491/491
f 259/259 261/261 260/260
f 265/265 261/261 259/259
f 1893/1893 1896/1896 1894/1894
f 508/508 496/496 497/497
f 43/43 44/44 45/45
f 40/40 41/41 42/42
f 4447/4447 4464/4464 4465/4465
f 4465/4465 4464/4464 4466/4466
f 4445/4445 4446/4446 4447/4447
f 4447/4447 4462/4462 4464/4464
f 4447/4447 4446/4446 4462/4462
f 4462/4462 4446/4446 4463/4463
f 4462/4462 4463/4463 4461/4461
f 4302/4302 4327/4327 4320/4320
f 4295/4295 4327/4327 4302/4302
f 4320/4320 4303/4303 4302/4302
f 4302/4302 4301/4301 4294/4294
f 4302/4302 4303/4303 4301/4301
f 4292/4292 4301/4301 4324/4324
f 4292/4292 4294/4294 4301/4301
f 4292/4292 4324/4324 4298/4298
f 4292/4292 4298/4298 4297/4297
f 4297/4297 4298/4298 4299/4299
f 4468/4468 4469/4469 4464/4464
f 4468/4468 4464/4464 4462/4462
f 4468/4468 4462/4462 4475/4475
f 4475/4475 4462/4462 4484/4484
f 4484/4484 4462/4462 4458/4458
f 4458/4458 4462/4462 4461/4461
f 4458/4458 4461/4461 4459/4459
f 4458/4458 4459/4459 4457/4457
f 4457/4457 4459/4459 4460/4460
f 4486/4486 4457/4457 4460/4460
f 4486/4486 4485/4485 4457/4457
f 4296/4296 4326/4326 4328/4328
f 4326/4326 4296/4296 4291/4291
f 4326/4326 4291/4291 4277/4277
f 4295/4295 4296/4296 4328/4328
f 4293/4293 4296/4296 4295/4295
f 4293/4293 4290/4290 4296/4296
f 4295/4295 4302/4302 4294/4294
f 4295/4295 4294/4294 4293/4293
f 4293/4293 4292/4292 4290/4290
f 4293/4293 4294/4294 4292/4292
f 4290/4290 4292/4292 4289/4289
f 4290/4290 4289/4289 4287/4287
f 4289/4289 4292/4292 4297/4297
f 4472/4472 4471/4471 4468/4468
f 4472/4472 4468/4468 4475/4475
f 4476/4476 4472/4472 4475/4475
f 4481/4481 4475/4475 4458/4458
f 4481/4481 4476/4476 4475/4475
f 3835/3835 3836/3836 3831/3831
f 4457/4457 4454/4454 4458/4458
f 3830/3830 3835/3835 3831/3831
f 3830/3830 3831/3831 3832/3832
f 3832/3832 3831/3831 3833/3833
f 3832/3832 3833/3833 3834/3834
f 4455/4455 4454/4454 4457/4457
f 4455/4455 4457/4457 4485/4485
f 4277/4277 4276/4276 4321/4321
f 4277/4277 4275/4275 4276/4276
f 4277/4277 4291/4291 4275/4275
f 4296/4296 4290/4290 4291/4291
f 4291/4291 4290/4290 4287/4287
f 4275/4275 4291/4291 4287/4287
f 4471/4471 4473/4473 4479/4479
f 4471/4471 4472/4472 4473/4473
f 4474/4474 4472/4472 4476/4476
f 4474/4474 4473/4473 4472/4472
f 4329/4329 4330/4330 4331/4331
f 4488/4488 4474/4474 4476/4476
f 4329/4329 4331/4331 4332/4332
f 4423/4423 4424/4424 4425/4425
f 4455/4455 4450/4450 4454/4454
f 4276/4276 4278/4278 4321/4321
f 4426/4426 4424/4424 4423/4423
f 4452/4452 4453/4453 4451/4451
f 4452/4452 4451/4451 4448/4448
f 4448/4448 4451/4451 4449/4449
f 4448/4448 4449/4449 4450/4450
f 4450/4450 4449/4449 4454/4454
f 2489/2489 2460/2460 2488/2488
f 2450/2450 2460/2460 2459/2459
f 2488/2488 2460/2460 2450/2450
f 2489/2489 2488/2488 2485/2485
f 2485/2485 2488/2488 2450/2450
f 2486/2486 2489/2489 2485/2485
f 2485/2485 2450/2450 2465/2465
f 2485/2485 2465/2465 2482/2482
f 2484/2484 2485/2485 2482/2482
f 2486/2486 2485/2485 2484/2484
f 2493/2493 2492/2492 2490/2490
f 2459/2459 2438/2438 2449/2449
f 2448/2448 2438/2438 2433/2433
f 2449/2449 2438/2438 2448/2448
f 2448/2448 2433/2433 2432/2432
f 2431/2431 2433/2433 2430/2430
f 2432/2432 2433/2433 2431/2431
f 2431/2431 2430/2430 2428/2428
f 2449/2449 2450/2450 2459/2459
f 2450/2450 2449/2449 2448/2448
f 2410/2410 2450/2450 2448/2448
f 2464/2464 2450/2450 2410/2410
f 2410/2410 2448/2448 2432/2432
f 2432/2432 2431/2431 2410/2410
f 2465/2465 2450/2450 2464/2464
f 2437/2437 2464/2464 2410/2410
f 2466/2466 2465/2465 2464/2464
f 2464/2464 2437/2437 2466/2466
f 2482/2482 2465/2465 2481/2481
f 2481/2481 2465/2465 2466/2466
f 2484/2484 2482/2482 2483/2483
f 2483/2483 2482/2482 2481/2481
f 2490/2490 2484/2484 2483/2483
f 2493/2493 2490/2490 2483/2483
f 2493/2493 2510/2510 2509/2509
f 2510/2510 2493/2493 2483/2483
f 2430/2430 2429/2429 2428/2428
f 2422/2422 2429/2429 2424/2424
f 2428/2428 2429/2429 2422/2422
f 2422/2422 2424/2424 2423/2423
f 2392/2392 2423/2423 2425/2425
f 2425/2425 2420/2420 2392/2392
f 2422/2422 2423/2423 2392/2392
f 2428/2428 2410/2410 2431/2431
f 2428/2428 2427/2427 2410/2410
f 2427/2427 2428/2428 2393/2393
f 2422/2422 2393/2393 2428/2428
f 2405/2405 2410/2410 2427/2427
f 2427/2427 2393/2393 2405/2405
f 2436/2436 2437/2437 2410/2410
f 2408/2408 2410/2410 2405/2405
f 2436/2436 2410/2410 2408/2408
f 2466/2466 2437/2437 2436/2436
f 2468/2468 2481/2481 2466/2466
f 2466/2466 2467/2467 2468/2468
f 2467/2467 2466/2466 2436/2436
f 2468/2468 2483/2483 2481/2481
f 2469/2469 2467/2467 2436/2436
f 2472/2472 2483/2483 2468/2468
f 2472/2472 2467/2467 2474/2474
f 2468/2468 2467/2467 2472/2472
f 2467/2467 2473/2473 2474/2474
f 2469/2469 2473/2473 2467/2467
f 2473/2473 2469/2469 2470/2470
f 2470/2470 2469/2469 2412/2412
f 1996/1996 1997/1997 1998/1998
f 1999/1999 1996/1996 1998/1998
f 2511/2511 2510/2510 2483/2483
f 1809/1809 1811/1811 1812/1812
f 1809/1809 1810/1810 1811/1811
f 2483/2483 2480/2480 2511/2511
f 2483/2483 2472/2472 2480/2480
f 2480/2480 2472/2472 2477/2477
f 2477/2477 2472/2472 2474/2474
f 2476/2476 2474/2474 2473/2473
f 2473/2473 2470/2470 2475/2475
f 2473/2473 2475/2475 2476/2476
f 2477/2477 2478/2478 2480/2480
f 2476/2476 2477/2477 2474/2474
f 2478/2478 2477/2477 2476/2476
f 2502/2502 2478/2478 2476/2476
f 2392/2392 2393/2393 2422/2422
f 2393/2393 2392/2392 2390/2390
f 2393/2393 2403/2403 2405/2405
f 2403/2403 2393/2393 2390/2390
f 2406/2406 2405/2405 2403/2403
f 2403/2403 2390/2390 2404/2404
f 2405/2405 2407/2407 2408/2408
f 2406/2406 2407/2407 2405/2405
f 2406/2406 2403/2403 2404/2404
f 2409/2409 2436/2436 2408/2408
f 2409/2409 2408/2408 2407/2407
f 2426/2426 2406/2406 2404/2404
f 2409/2409 2469/2469 2436/2436
f 2409/2409 2412/2412 2469/2469
f 2412/2412 2409/2409 2407/2407
f 2411/2411 2407/2407 2406/2406
f 2412/2412 2407/2407 2411/2411
f 2406/2406 2426/2426 2411/2411
f 2470/2470 2412/2412 2471/2471
f 2471/2471 2412/2412 2572/2572
f 2412/2412 2411/2411 2572/2572
f 2747/2747 2748/2748 2749/2749
f 2668/2668 2470/2470 2471/2471
f 2668/2668 2471/2471 2647/2647
f 2647/2647 2471/2471 2572/2572
f 2026/2026 2027/2027 2028/2028
f 2747/2747 2750/2750 2748/2748
f 2254/2254 2255/2255 2256/2256
f 2026/2026 2029/2029 2027/2027
f 2255/2255 2254/2254 2257/2257
f 2387/2387 2454/2454 2404/2404
f 2404/2404 2479/2479 2426/2426
f 2404/2404 2454/2454 2479/2479
f 2462/2462 2411/2411 2426/2426
f 2462/2462 2426/2426 2479/2479
f 2411/2411 2577/2577 2572/2572
f 2577/2577 2411/2411 2462/2462
f 2577/2577 2462/2462 2479/2479
f 2668/2668 2647/2647 2652/2652
f 2572/2572 2646/2646 2647/2647
f 2646/2646 2572/2572 2577/2577
f 2578/2578 2646/2646 2577/2577
f 2669/2669 2668/2668 2652/2652
f 2650/2650 2652/2652 2647/2647
f 2648/2648 2647/2647 2646/2646
f 2650/2650 2647/2647 2648/2648
f 2648/2648 2646/2646 2649/2649
f 2646/2646 2578/2578 2649/2649
f 2653/2653 2650/2650 2651/2651
f 2652/2652 2650/2650 2653/2653
f 2651/2651 2650/2650 2648/2648
f 2651/2651 2648/2648 2649/2649
f 2458/2458 2479/2479 2454/2454
f 2458/2458 2634/2634 2479/2479
f 2578/2578 2577/2577 2479/2479
f 2578/2578 2479/2479 2579/2579
f 2479/2479 2634/2634 2579/2579
f 2847/2847 2848/2848 2849/2849
f 2578/2578 2582/2582 2695/2695
f 2581/2581 2578/2578 2579/2579
f 2582/2582 2578/2578 2581/2581
f 2579/2579 2634/2634 2581/2581
f 2582/2582 2683/2683 2695/2695
f 2682/2682 2683/2683 2582/2582
f 2582/2582 2581/2581 2682/2682
f 9873/9873 9875/9875 9869/9869
f 9873/9873 9876/9876 9875/9875
f 9878/9878 9877/9877 9873/9873
f 9877/9877 9876/9876 9873/9873
f 9879/9879 9875/9875 9876/9876
f 9877/9877 9881/9881 9876/9876
f 9877/9877 9882/9882 9881/9881
f 9883/9883 9882/9882 9877/9877
f 9876/9876 9880/9880 9879/9879
f 9379/9379 9374/9374 9376/9376
f 9536/9536 9534/9534 9535/9535
f 9534/9534 9533/9533 9535/9535
f 9533/9533 9534/9534 9529/9529
f 9881/9881 9880/9880 9876/9876
f 9374/9374 9379/9379 9375/9375
f 9374/9374 9375/9375 9373/9373
f 9881/9881 9882/9882 9880/9880
f 9883/9883 9884/9884 9882/9882
f 9885/9885 9884/9884 9883/9883
f 9375/9375 9379/9379 9380/9380
f 9536/9536 9535/9535 9537/9537
f 9887/9887 9880/9880 9882/9882
f 9380/9380 9381/9381 9375/9375
f 9887/9887 9884/9884 9888/9888
f 9887/9887 9882/9882 9884/9884
f 9382/9382 9381/9381 9380/9380
f 9885/9885 9886/9886 9884/9884
f 9884/9884 9886/9886 9888/9888
f 8945/8945 8975/8975 9027/9027
f 8975/8975 8945/8945 8952/8952
f 8946/8946 8945/8945 8944/8944
f 8952/8952 8945/8945 8946/8946
f 8957/8957 9027/9027 8975/8975
f 8957/8957 8975/8975 8954/8954
f 8954/8954 8975/8975 8952/8952
f 8953/8953 8952/8952 8946/8946
f 8954/8954 8952/8952 8953/8953
f 8973/8973 8946/8946 8983/8983
f 8953/8953 8946/8946 8973/8973
f 8956/8956 8957/8957 8954/8954
f 8955/8955 8954/8954 8953/8953
f 8956/8956 8954/8954 8955/8955
f 8953/8953 8973/8973 8955/8955
f 8956/8956 8958/8958 8957/8957
f 8958/8958 8956/8956 8959/8959
f 8974/8974 8956/8956 8955/8955
f 8959/8959 8956/8956 8974/8974
f 8937/8937 8938/8938 8939/8939
f 8947/8947 8939/8939 8938/8938
f 8937/8937 9022/9022 8950/8950
f 8948/8948 9022/9022 8937/8937
f 8940/8940 8937/8937 8939/8939
f 8948/8948 8937/8937 8940/8940
f 8941/8941 8939/8939 8947/8947
f 8940/8940 8939/8939 8941/8941
f 9022/9022 8976/8976 9024/9024
f 8976/8976 9022/9022 8948/8948
f 8976/8976 8948/8948 8945/8945
f 8942/8942 8948/8948 8940/8940
f 8945/8945 8948/8948 8942/8942
f 8942/8942 8940/8940 8941/8941
f 8942/8942 8944/8944 8945/8945
f 8944/8944 8942/8942 8943/8943
f 8943/8943 8942/8942 8941/8941
f 8945/8945 9027/9027 8976/8976
f 8946/8946 8944/8944 8943/8943
f 8946/8946 8943/8943 8983/8983
f 6362/6362 6352/6352 6356/6356
f 6362/6362 6361/6361 6352/6352
f 6352/6352 6361/6361 6353/6353
f 7922/7922 7907/7907 7911/7911
f 6361/6361 6359/6359 6353/6353
f 6353/6353 6359/6359 6358/6358
f 7910/7910 7911/7911 7906/7906
f 7907/7907 7906/7906 7911/7911
f 6691/6691 6681/6681 6686/6686
f 8937/8937 8950/8950 8949/8949
f 7984/7984 7983/7983 7982/7982
f 9022/9022 9026/9026 8950/8950
f 7981/7981 7982/7982 7983/7983
f 6095/6095 6099/6099 6100/6100
f 7985/7985 7982/7982 7981/7981
f 7202/7202 7203/7203 7204/7204
f 6095/6095 6097/6097 6099/6099
f 5054/5054 5055/5055 5056/5056
f 4973/4973 4974/4974 4975/4975
f 6095/6095 6096/6096 6097/6097
f 6096/6096 6095/6095 6098/6098
f 6364/6364 6362/6362 6356/6356
f 6357/6357 6364/6364 6356/6356
f 6355/6355 6357/6357 6356/6356
f 6352/6352 6355/6355 6356/6356
f 6352/6352 6354/6354 6355/6355
f 6687/6687 6689/6689 6688/6688
f 6687/6687 6694/6694 6689/6689
f 6351/6351 6352/6352 6353/6353
f 6351/6351 6354/6354 6352/6352
f 6689/6689 6690/6690 6688/6688
f 6358/6358 6351/6351 6353/6353
f 7905/7905 7906/7906 7907/7907
f 7813/7813 7814/7814 7815/7815
f 6686/6686 6681/6681 6678/6678
f 6680/6680 6678/6678 6681/6681
f 6675/6675 6678/6678 6680/6680
f 6682/6682 6680/6680 6681/6681
f 6675/6675 6673/6673 6674/6674
f 6680/6680 6673/6673 6675/6675
f 6683/6683 6680/6680 6682/6682
f 6684/6684 6673/6673 6680/6680
f 6683/6683 6684/6684 6680/6680
f 6685/6685 6671/6671 6673/6673
f 6687/6687 6685/6685 6684/6684
f 6685/6685 6673/6673 6684/6684
f 4976/4976 4977/4977 4978/4978
f 6698/6698 6699/6699 6702/6702
f 6697/6697 6699/6699 6698/6698
f 5009/5009 5010/5010 5011/5011
f 5006/5006 5007/5007 5008/5008
f 6848/6848 6852/6852 6849/6849
f 6687/6687 6688/6688 6685/6685
f 6697/6697 6698/6698 6695/6695
f 10367/10367 10368/10368 10369/10369
f 6848/6848 6849/6849 6850/6850
f 6695/6695 6696/6696 6697/6697
f 10370/10370 10368/10368 10367/10367
f 6982/6982 6979/6979 6981/6981
f 6849/6849 6851/6851 6850/6850
f 8500/8500 8495/8495 8498/8498
f 8966/8966 9019/9019 9020/9020
f 6979/6979 6980/6980 6981/6981
f 6700/6700 6697/6697 6696/6696
f 10364/10364 10365/10365 10366/10366
f 8936/8936 8951/8951 8935/8935
f 6676/6676 6679/6679 6678/6678
f 6678/6678 6675/6675 6676/6676
f 6676/6676 6675/6675 6674/6674
f 6672/6672 6674/6674 6673/6673
f 8541/8541 8363/8363 8365/8365
f 8373/8373 8363/8363 8541/8541
f 6671/6671 6672/6672 6673/6673
f 7843/7843 7844/7844 7845/7845
f 8614/8614 8615/8615 8616/8616
f 7359/7359 7360/7360 7361/7361
f 7773/7773 7772/7772 7774/7774
f 7770/7770 7772/7772 7773/7773
f 7770/7770 7771/7771 7772/7772
f 10371/10371 10372/10372 10373/10373
f 8494/8494 8516/8516 8496/8496
f 8495/8495 8496/8496 8497/8497
f 8494/8494 8496/8496 8495/8495
f 8498/8498 8497/8497 8499/8499
f 8495/8495 8497/8497 8498/8498
f 10348/10348 10349/10349 10350/10350
f 10372/10372 10374/10374 10373/10373
f 10336/10336 10337/10337 10338/10338
f 8468/8468 8433/8433 8524/8524
f 8516/8516 8494/8494 8479/8479
f 8479/8479 8494/8494 8477/8477
f 8478/8478 8494/8494 8495/8495
f 8477/8477 8494/8494 8478/8478
f 10358/10358 10360/10360 10359/10359
f 10357/10357 10358/10358 10359/10359
f 10354/10354 10355/10355 10356/10356
f 10361/10361 10362/10362 10363/10363
f 10345/10345 10346/10346 10347/10347
f 10351/10351 10352/10352 10353/10353
f 8340/8340 8341/8341 8342/8342
f 8364/8364 8342/8342 8341/8341
f 8342/8342 8343/8343 8340/8340
f 8344/8344 8345/8345 8376/8376
f 8349/8349 8574/8574 8348/8348
f 8354/8354 8357/8357 8356/8356
f 6676/6676 6692/6692 6679/6679
f 6676/6676 6693/6693 6692/6692
f 8365/8365 8357/8357 8354/8354
f 9873/9873 9872/9872 9874/9874
f 8363/8363 8357/8357 8365/8365
f 8365/8365 8354/8354 8353/8353
f 9873/9873 9869/9869 9872/9872
f 8511/8511 8355/8355 8350/8350
f 6676/6676 6674/6674 6693/6693
f 8541/8541 8365/8365 8353/8353
f 8504/8504 8353/8353 8355/8355
f 8541/8541 8353/8353 8504/8504
f 6672/6672 6677/6677 6674/6674
f 8504/8504 8355/8355 8505/8505
f 8507/8507 8541/8541 8504/8504
f 8507/8507 8504/8504 8506/8506
f 8506/8506 8504/8504 8505/8505
f 8611/8611 8608/8608 8612/8612
f 8612/8612 8613/8613 8611/8611
f 8617/8617 8616/8616 8615/8615
f 8563/8563 8541/8541 8507/8507
f 8516/8516 8507/8507 8506/8506
f 8608/8608 8609/8609 8610/8610
f 8608/8608 8611/8611 8609/8609
f 8609/8609 8611/8611 8613/8613
f 8524/8524 8563/8563 8468/8468
f 8603/8603 8604/8604 8605/8605
f 8603/8603 8605/8605 8606/8606
f 10339/10339 10340/10340 10341/10341
f 8603/8603 8606/8606 8607/8607
f 8479/8479 8549/8549 8516/8516
f 10342/10342 10343/10343 10344/10344
f 8338/8338 8346/8346 8368/8368
f 8339/8339 8377/8377 8346/8346
f 8346/8346 8574/8574 8368/8368
f 8346/8346 8377/8377 8574/8574
f 8367/8367 8356/8356 8574/8574
f 8352/8352 8356/8356 8367/8367
f 8349/8349 8367/8367 8574/8574
f 8352/8352 8354/8354 8356/8356
f 8351/8351 8352/8352 8349/8349
f 8350/8350 8349/8349 8347/8347
f 8351/8351 8349/8349 8350/8350
f 8353/8353 8354/8354 8352/8352
f 8353/8353 8352/8352 8351/8351
f 8355/8355 8353/8353 8351/8351
f 8355/8355 8351/8351 8350/8350
f 5222/5222 5221/5221 5178/5178
f 7653/7653 7654/7654 7651/7651
f 7636/7636 7651/7651 7650/7650
f 7636/7636 7650/7650 7635/7635
f 5176/5176 5178/5178 5221/5221
f 5177/5177 5178/5178 5176/5176
f 5223/5223 5176/5176 5221/5221
f 7655/7655 7689/7689 7654/7654
f 7655/7655 7653/7653 7652/7652
f 7655/7655 7654/7654 7653/7653
f 7652/7652 7653/7653 7651/7651
f 7652/7652 7651/7651 7636/7636
f 7636/7636 7635/7635 7634/7634
f 7684/7684 7636/7636 7634/7634
f 7684/7684 7634/7634 7685/7685
f 5133/5133 5177/5177 5176/5176
f 5179/5179 5177/5177 5133/5133
f 5176/5176 5175/5175 5133/5133
f 5093/5093 5179/5179 5133/5133
f 5179/5179 5093/5093 5092/5092
f 9466/9466 9475/9475 9467/9467
f 9790/9790 9789/9789 9787/9787
f 9790/9790 9791/9791 9789/9789
f 9325/9325 9324/9324 9327/9327
f 9789/9789 9791/9791 9788/9788
f 9943/9943 9949/9949 9939/9939
f 9323/9323 9324/9324 9325/9325
f 9324/9324 9315/9315 9321/9321
f 9324/9324 9323/9323 9315/9315
f 9788/9788 9791/9791 9797/9797
f 9788/9788 9797/9797 9796/9796
f 9939/9939 9938/9938 9937/9937
f 9315/9315 9323/9323 9314/9314
f 9796/9796 9797/9797 9798/9798
f 9935/9935 9937/9937 9938/9938
f 9315/9315 9314/9314 9313/9313
f 9313/9313 9314/9314 9312/9312
f 9797/9797 9799/9799 9798/9798
f 9935/9935 9936/9936 9937/9937
f 9295/9295 9312/9312 9314/9314
f 9803/9803 9799/9799 9797/9797
f 9935/9935 9947/9947 9936/9936
f 9948/9948 9947/9947 9935/9935
f 9293/9293 9312/9312 9295/9295
f 9812/9812 9803/9803 9811/9811
f 5075/5075 5076/5076 5078/5078
f 9962/9962 9947/9947 9948/9948
f 9302/9302 9293/9293 9292/9292
f 9296/9296 9292/9292 9294/9294
f 9302/9302 9292/9292 9296/9296
f 9305/9305 9297/9297 9294/9294
f 9294/9294 9297/9297 9296/9296
f 9358/9358 9355/9355 9359/9359
f 9355/9355 9305/9305 9359/9359
f 10122/10122 10123/10123 10124/10124
f 9357/9357 9355/9355 9358/9358
f 9355/9355 9307/9307 9305/9305
f 9297/9297 9305/9305 9307/9307
f 9152/9152 9153/9153 9154/9154
f 9357/9357 9356/9356 9355/9355
f 9383/9383 9356/9356 9357/9357
f 9355/9355 9356/9356 9307/9307
f 9749/9749 9750/9750 9751/9751
f 9870/9870 9889/9889 9871/9871
f 9356/9356 9383/9383 9385/9385
f 9869/9869 9870/9870 9871/9871
f 9869/9869 9875/9875 9870/9870
f 9961/9961 9949/9949 9951/9951
f 9321/9321 9320/9320 9322/9322
f 9787/9787 9788/9788 9785/9785
f 9789/9789 9788/9788 9787/9787
f 9961/9961 9939/9939 9949/9949
f 9315/9315 9320/9320 9321/9321
f 9785/9785 9788/9788 9795/9795
f 9933/9933 9961/9961 9932/9932
f 9961/9961 9933/9933 9938/9938
f 9938/9938 9939/9939 9961/9961
f 9315/9315 9317/9317 9320/9320
f 9368/9368 9320/9320 9317/9317
f 9795/9795 9788/9788 9796/9796
f 9316/9316 9317/9317 9315/9315
f 10403/10403 10406/10406 10404/10404
f 10392/10392 10390/10390 10388/10388
f 10390/10390 10393/10393 10394/10394
f 9933/9933 9935/9935 9938/9938
f 10390/10390 10392/10392 10393/10393
f 10146/10146 10147/10147 10148/10148
f 10403/10403 10407/10407 10406/10406
f 10381/10381 10384/10384 10388/10388
f 9315/9315 9313/9313 9316/9316
f 10389/10389 10388/10388 10390/10390
f 10389/10389 10381/10381 10388/10388
f 10391/10391 10390/10390 10394/10394
f 10391/10391 10389/10389 10390/10390
f 9312/9312 9303/9303 9313/9313
f 9318/9318 9313/9313 9303/9303
f 9293/9293 9303/9303 9312/9312
f 9303/9303 9293/9293 9302/9302
f 9519/9519 9520/9520 9522/9522
f 9519/9519 9514/9514 9520/9520
f 9296/9296 9297/9297 9298/9298
f 9513/9513 9514/9514 9515/9515
f 9307/9307 9300/9300 9297/9297
f 9297/9297 9299/9299 9298/9298
f 9297/9297 9300/9300 9299/9299
f 9513/9513 9515/9515 9516/9516
f 9516/9516 9515/9515 9517/9517
f 9307/9307 9356/9356 9371/9371
f 9307/9307 9371/9371 9300/9300
f 9524/9524 9516/9516 9517/9517
f 9524/9524 9525/9525 9516/9516
f 7604/7604 7605/7605 7606/7606
f 9879/9879 9889/9889 9870/9870
f 9372/9372 9356/9356 9376/9376
f 9371/9371 9356/9356 9372/9372
f 9879/9879 9870/9870 9875/9875
f 9374/9374 9372/9372 9376/9376
f 9951/9951 9934/9934 9961/9961
f 9320/9320 9345/9345 9322/9322
f 9287/9287 9289/9289 9286/9286
f 9934/9934 9930/9930 9932/9932
f 9961/9961 9934/9934 9932/9932
f 10115/10115 10117/10117 10116/10116
f 9345/9345 9320/9320 9346/9346
f 9930/9930 9931/9931 9932/9932
f 9931/9931 9933/9933 9932/9932
f 10114/10114 10115/10115 10116/10116
f 10416/10416 10417/10417 10418/10418
f 9313/9313 9319/9319 9317/9317
f 9313/9313 9317/9317 9316/9316
f 9318/9318 9319/9319 9313/9313
f 9337/9337 9318/9318 9303/9303
f 9318/9318 9352/9352 9319/9319
f 9318/9318 9337/9337 9352/9352
f 9304/9304 9303/9303 9302/9302
f 9523/9523 9521/9521 9519/9519
f 9303/9303 9304/9304 9337/9337
f 9301/9301 9302/9302 9296/9296
f 9302/9302 9338/9338 9304/9304
f 9302/9302 9301/9301 9338/9338
f 9515/9515 9514/9514 9519/9519
f 9515/9515 9519/9519 9521/9521
f 9301/9301 9296/9296 9298/9298
f 9299/9299 9301/9301 9298/9298
f 9531/9531 9526/9526 9518/9518
f 9518/9518 9517/9517 9515/9515
f 9518/9518 9526/9526 9517/9517
f 9300/9300 9353/9353 9299/9299
f 9530/9530 9527/9527 9531/9531
f 9527/9527 9526/9526 9531/9531
f 9527/9527 9524/9524 9517/9517
f 9526/9526 9527/9527 9517/9517
f 9371/9371 9370/9370 9300/9300
f 9371/9371 9372/9372 9370/9370
f 9353/9353 9300/9300 9369/9369
f 9369/9369 9300/9300 9370/9370
f 9527/9527 9528/9528 9524/9524
f 9374/9374 9373/9373 9372/9372
f 9372/9372 9373/9373 9370/9370
f 9533/9533 9529/9529 9530/9530
f 9529/9529 9527/9527 9530/9530
f 9529/9529 9528/9528 9527/9527
f 9288/9288 9289/9289 9287/9287
f 9532/9532 9530/9530 9531/9531
f 9103/9103 9104/9104 9105/9105
f 9103/9103 9101/9101 9104/9104
f 9103/9103 9098/9098 9101/9101
f 9098/9098 9103/9103 9097/9097
f 9098/9098 9097/9097 9094/9094
f 9094/9094 9097/9097 9095/9095
f 9094/9094 9095/9095 9091/9091
f 9091/9091 9095/9095 9099/9099
f 9090/9090 9091/9091 9099/9099
f 9088/9088 9090/9090 9099/9099
f 9101/9101 9100/9100 9102/9102
f 9100/9100 9101/9101 9098/9098
f 9100/9100 9098/9098 9096/9096
f 9094/9094 9096/9096 9098/9098
f 9093/9093 9094/9094 9091/9091
f 9093/9093 9096/9096 9094/9094
f 9092/9092 9093/9093 9091/9091
f 9091/9091 9089/9089 9092/9092
f 10466/10466 10460/10460 10462/10462
f 9091/9091 9090/9090 9089/9089
f 10465/10465 10460/10460 10466/10466
f 10478/10478 10477/10477 10480/10480
f 10477/10477 10478/10478 10479/10479
f 9089/9089 9090/9090 9088/9088
f 10462/10462 10459/10459 10463/10463
f 10459/10459 10462/10462 10460/10460
f 10459/10459 10460/10460 10461/10461
f 10464/10464 10461/10461 10460/10460
f 10464/10464 10460/10460 10465/10465
f 10472/10472 10474/10474 10473/10473
f 10475/10475 10474/10474 10472/10472
f 10471/10471 10472/10472 10473/10473
f 10473/10473 10476/10476 10471/10471
f 10419/10419 10420/10420 10421/10421
f 10439/10439 10445/10445 10447/10447
f 10439/10439 10447/10447 10448/10448
f 10448/10448 10447/10447 10449/10449
f 10449/10449 10447/10447 10453/10453
f 10453/10453 10452/10452 10449/10449
f 10448/10448 10449/10449 10450/10450
f 10449/10449 10451/10451 10450/10450
f 10596/10596 10581/10581 10591/10591
f 10449/10449 10452/10452 10451/10451
f 10582/10582 10581/10581 10596/10596
f 10582/10582 10596/10596 10577/10577
f 10573/10573 10577/10577 10576/10576
f 10573/10573 10582/10582 10577/10577
f 10573/10573 10576/10576 10574/10574
f 10572/10572 10573/10573 10574/10574
f 10575/10575 10572/10572 10574/10574
f 10578/10578 10572/10572 10575/10575
f 10578/10578 10585/10585 10572/10572
f 10586/10586 10578/10578 10587/10587
f 10586/10586 10585/10585 10578/10578
f 10467/10467 10468/10468 10469/10469
f 10470/10470 10469/10469 10468/10468
f 10433/10433 10457/10457 10440/10440
f 10444/10444 10446/10446 10456/10456
f 10611/10611 10610/10610 10609/10609
f 10444/10444 10443/10443 10446/10446
f 10443/10443 10444/10444 10440/10440
f 10440/10440 10457/10457 10432/10432
f 10432/10432 10457/10457 10433/10433
f 10434/10434 10433/10433 10441/10441
f 10432/10432 10433/10433 10434/10434
f 10434/10434 10441/10441 10445/10445
f 10442/10442 10443/10443 10440/10440
f 10442/10442 10440/10440 10437/10437
f 10437/10437 10440/10440 10432/10432
f 10437/10437 10432/10432 10435/10435
f 10435/10435 10432/10432 10434/10434
f 10434/10434 10445/10445 10439/10439
f 10442/10442 10437/10437 10438/10438
f 10438/10438 10437/10437 10435/10435
f 10435/10435 10434/10434 10436/10436
f 10436/10436 10434/10434 10439/10439
f 5918/5918 5919/5919 5924/5924
f 5918/5918 5916/5916 5915/5915
f 5917/5917 5916/5916 5922/5922
f 5930/5930 5917/5917 5922/5922
f 5932/5932 5935/5935 5929/5929
f 5927/5927 5935/5935 5934/5934
f 5927/5927 5934/5934 5936/5936
f 5934/5934 5935/5935 5933/5933
f 5936/5936 5925/5925 5927/5927
f 5246/5246 5256/5256 5248/5248
f 5248/5248 5256/5256 5255/5255
f 5248/5248 5255/5255 5251/5251
f 5251/5251 5255/5255 5254/5254
f 5254/5254 5253/5253 5251/5251
f 5254/5254 5259/5259 5253/5253
f 5253/5253 5259/5259 5260/5260
f 5918/5918 5915/5915 5919/5919
f 5929/5929 5930/5930 5931/5931
f 5260/5260 5279/5279 5253/5253
f 8225/8225 8227/8227 8228/8228
f 8227/8227 8230/8230 8232/8232
f 6425/6425 6426/6426 6423/6423
f 6464/6464 6448/6448 6426/6426
f 6454/6454 6458/6458 6428/6428
f 6458/6458 6465/6465 6428/6428
f 6454/6454 6428/6428 6427/6427
f 6427/6427 6424/6424 6423/6423
f 6428/6428 6424/6424 6427/6427
f 6423/6423 6424/6424 6425/6425
f 6449/6449 6426/6426 6448/6448
f 6448/6448 6445/6445 6449/6449
f 6447/6447 6445/6445 6448/6448
f 6445/6445 6447/6447 6442/6442
f 6452/6452 6451/6451 6455/6455
f 6455/6455 6451/6451 6446/6446
f 6449/6449 6446/6446 6451/6451
f 6445/6445 6446/6446 6449/6449
f 6466/6466 6453/6453 6452/6452
f 6473/6473 6453/6453 6467/6467
f 6473/6473 6454/6454 6453/6453
f 6453/6453 6466/6466 6467/6467
f 6455/6455 6457/6457 6452/6452
f 6456/6456 6455/6455 6446/6446
f 6457/6457 6455/6455 6456/6456
f 6446/6446 6444/6444 6456/6456
f 9052/9052 9054/9054 9055/9055
f 9054/9054 9056/9056 9055/9055
f 9053/9053 9054/9054 9052/9052
f 9077/9077 9073/9073 9088/9088
f 9088/9088 9087/9087 9077/9077
f 9077/9077 9087/9087 9076/9076
f 9077/9077 9076/9076 9071/9071
f 9071/9071 9076/9076 9075/9075
f 9074/9074 9071/9071 9075/9075
f 9066/9066 9078/9078 9079/9079
f 9066/9066 9079/9079 9080/9080
f 6467/6467 6469/6469 6470/6470
f 6467/6467 6466/6466 6468/6468
f 6466/6466 6472/6472 6471/6471
f 6468/6468 6466/6466 6471/6471
f 6471/6471 6472/6472 6457/6457
f 8866/8866 8868/8868 8867/8867
f 6012/6012 6013/6013 6011/6011
f 6011/6011 6013/6013 6010/6010
f 9089/9089 9088/9088 9073/9073
f 9073/9073 9077/9077 9071/9071
f 9073/9073 9071/9071 9072/9072
f 9070/9070 9072/9072 9071/9071
f 9070/9070 9071/9071 9066/9066
f 9059/9059 9070/9070 9066/9066
f 9059/9059 9066/9066 9058/9058
f 9272/9272 9277/9277 9269/9269
f 9271/9271 9272/9272 9269/9269
f 10094/10094 10103/10103 10093/10093
f 9278/9278 9272/9272 9282/9282
f 9277/9277 9272/9272 9278/9278
f 9282/9282 9265/9265 9278/9278
f 10522/10522 10528/10528 10529/10529
f 10522/10522 10529/10529 10523/10523
f 10525/10525 10523/10523 10531/10531
f 10525/10525 10531/10531 10530/10530
f 10525/10525 10530/10530 10527/10527
f 10503/10503 10522/10522 10523/10523
f 10503/10503 10523/10523 10524/10524
f 10524/10524 10523/10523 10525/10525
f 10504/10504 10503/10503 10524/10524
f 10526/10526 10524/10524 10525/10525
f 7733/7733 7730/7730 7732/7732
f 10625/10625 10628/10628 10626/10626
f 10625/10625 10626/10626 10627/10627
f 7177/7177 7180/7180 7179/7179
f 8138/8138 8136/8136 8140/8140
f 8200/8200 8201/8201 8202/8202
f 7179/7179 7178/7178 7177/7177
f 6116/6116 6115/6115 6119/6119
f 6115/6115 6116/6116 6117/6117
f 6117/6117 6118/6118 6115/6115
f 7180/7180 7177/7177 7181/7181
f 5027/5027 5028/5028 5029/5029
f 5030/5030 5031/5031 5032/5032
f 6732/6732 6738/6738 6734/6734
f 6739/6739 6738/6738 6732/6732
f 6734/6734 6733/6733 6732/6732
f 7288/7288 7290/7290 7289/7289
f 7291/7291 7290/7290 7288/7288
f 7291/7291 7288/7288 7283/7283
f 7292/7292 7290/7290 7291/7291
f 7061/7061 7056/7056 7054/7054
f 7692/7692 7695/7695 7693/7693
f 7056/7056 7061/7061 7058/7058
f 8670/8670 8667/8667 8671/8671
f 7293/7293 7290/7290 7292/7292
f 8669/8669 8667/8667 8670/8670
f 6895/6895 6901/6901 6887/6887
f 6901/6901 6904/6904 6887/6887
f 8669/8669 8668/8668 8667/8667
f 6886/6886 6913/6913 6895/6895
f 6895/6895 6887/6887 6886/6886
f 8680/8680 8668/8668 8681/8681
f 6890/6890 6913/6913 6886/6886
f 6889/6889 6890/6890 6886/6886
f 7186/7186 7189/7189 7190/7190
f 7188/7188 7186/7186 7183/7183
f 7189/7189 7186/7186 7188/7188
f 7820/7820 7819/7819 7816/7816
f 7816/7816 7819/7819 7817/7817
f 6726/6726 6756/6756 6755/6755
f 7816/7816 7817/7817 7818/7818
f 6737/6737 6736/6736 6754/6754
f 6115/6115 6118/6118 6120/6120
f 7424/7424 7426/7426 7427/7427
f 7816/7816 7821/7821 7820/7820
f 7279/7279 7280/7280 7278/7278
f 7435/7435 7424/7424 7427/7427
f 7278/7278 7277/7277 7273/7273
f 7281/7281 7278/7278 7280/7280
f 7277/7277 7278/7278 7281/7281
f 8674/8674 8675/8675 8676/8676
f 7288/7288 7289/7289 7277/7277
f 7288/7288 7277/7277 7283/7283
f 7283/7283 7277/7277 7281/7281
f 7283/7283 7281/7281 7284/7284
f 7284/7284 7281/7281 7294/7294
f 7294/7294 7281/7281 7295/7295
f 8673/8673 8675/8675 8674/8674
f 8671/8671 8673/8673 8674/8674
f 7063/7063 7058/7058 7065/7065
f 7063/7063 7065/7065 7064/7064
f 8671/8671 8672/8672 8673/8673
f 7058/7058 7057/7057 7056/7056
f 7059/7059 7057/7057 7058/7058
f 7063/7063 7059/7059 7058/7058
f 7209/7209 7210/7210 7211/7211
f 8671/8671 8667/8667 8672/8672
f 7692/7692 7693/7693 7694/7694
f 7054/7054 7053/7053 7055/7055
f 7052/7052 7053/7053 7054/7054
f 7056/7056 7052/7052 7054/7054
f 7056/7056 7057/7057 7052/7052
f 8667/8667 8666/8666 8679/8679
f 6868/6868 6869/6869 6870/6870
f 7977/7977 7976/7976 7975/7975
f 7974/7974 7975/7975 7976/7976
f 6888/6888 6884/6884 6887/6887
f 8668/8668 8656/8656 8667/8667
f 8656/8656 8666/8666 8667/8667
f 6887/6887 6884/6884 6886/6886
f 8680/8680 8656/8656 8668/8668
f 6885/6885 6889/6889 6886/6886
f 6884/6884 6885/6885 6886/6886
f 8656/8656 8680/8680 8657/8657
f 8657/8657 8680/8680 8664/8664
f 8657/8657 8664/8664 8661/8661
f 6889/6889 6885/6885 6894/6894
f 8661/8661 8664/8664 8662/8662
f 5524/5524 5528/5528 5525/5525
f 5524/5524 5525/5525 5526/5526
f 7944/7944 7947/7947 7945/7945
f 7280/7280 7282/7282 7285/7285
f 7279/7279 7282/7282 7280/7280
f 7286/7286 7285/7285 7287/7287
f 7280/7280 7285/7285 7286/7286
f 7467/7467 7466/7466 7464/7464
f 7464/7464 7466/7466 7465/7465
f 6725/6725 6726/6726 6727/6727
f 8036/8036 8037/8037 8038/8038
f 10629/10629 10630/10630 10631/10631
f 7273/7273 7274/7274 7275/7275
f 7273/7273 7276/7276 7274/7274
f 6725/6725 6756/6756 6726/6726
f 7278/7278 7273/7273 7275/7275
f 7278/7278 7275/7275 7279/7279
f 7277/7277 7276/7276 7273/7273
f 7965/7965 7966/7966 7967/7967
f 8677/8677 8678/8678 8676/8676
f 6094/6094 6092/6092 6091/6091
f 8677/8677 8676/8676 8675/8675
f 6090/6090 6091/6091 6092/6092
f 7059/7059 7063/7063 7064/7064
f 5667/5667 5666/5666 5664/5664
f 5668/5668 5666/5666 5667/5667
f 8694/8694 8695/8695 8696/8696
f 6091/6091 6090/6090 6093/6093
f 7060/7060 7057/7057 7059/7059
f 7067/7067 7059/7059 7064/7064
f 5669/5669 5668/5668 5667/5667
f 5670/5670 5668/5668 5669/5669
f 8697/8697 8695/8695 8694/8694
f 7070/7070 7052/7052 7057/7057
f 7062/7062 7070/7070 7057/7057
f 7060/7060 7062/7062 7057/7057
f 7066/7066 7060/7060 7059/7059
f 7062/7062 7060/7060 7066/7066
f 7066/7066 7059/7059 7067/7067
f 5670/5670 5669/5669 5671/5671
f 8647/8647 8666/8666 8650/8650
f 8666/8666 8647/8647 8679/8679
f 6891/6891 6884/6884 6888/6888
f 8650/8650 8666/8666 8656/8656
f 8655/8655 8650/8650 8656/8656
f 6893/6893 6885/6885 6884/6884
f 8655/8655 8656/8656 8657/8657
f 6893/6893 6896/6896 6885/6885
f 8657/8657 8661/8661 8659/8659
f 6894/6894 6896/6896 6897/6897
f 6885/6885 6896/6896 6894/6894
f 6894/6894 6897/6897 6898/6898
f 8662/8662 8659/8659 8661/8661
f 6898/6898 6900/6900 6894/6894
f 8659/8659 8662/8662 8665/8665
f 6902/6902 6910/6910 6900/6900
f 6898/6898 6902/6902 6900/6900
f 6329/6329 6326/6326 6325/6325
f 6330/6330 6329/6329 6325/6325
f 7462/7462 7463/7463 7464/7464
f 7465/7465 7468/7468 7462/7462
f 7464/7464 7465/7465 7462/7462
f 7469/7469 7468/7468 7465/7465
f 7723/7723 7721/7721 7720/7720
f 8037/8037 8036/8036 8039/8039
f 7719/7719 7720/7720 7721/7721
f 7719/7719 7722/7722 7720/7720
f 7829/7829 7839/7839 7838/7838
f 7837/7837 7830/7830 7829/7829
f 7837/7837 7829/7829 7838/7838
f 7830/7830 7835/7835 7831/7831
f 7836/7836 7830/7830 7837/7837
f 7836/7836 7835/7835 7830/7830
f 7836/7836 7831/7831 7835/7835
f 8647/8647 8654/8654 8682/8682
f 8649/8649 8654/8654 8647/8647
f 6874/6874 6871/6871 6880/6880
f 8650/8650 8648/8648 8647/8647
f 8647/8647 8648/8648 8649/8649
f 6892/6892 6884/6884 6891/6891
f 8797/8797 8800/8800 8799/8799
f 6911/6911 6892/6892 6891/6891
f 8797/8797 8799/8799 8798/8798
f 7062/7062 7066/7066 7068/7068
f 7068/7068 7067/7067 7069/7069
f 7068/7068 7066/7066 7067/7067
f 5671/5671 5674/5674 5673/5673
f 5670/5670 5671/5671 5673/5673
f 7455/7455 7456/7456 7457/7457
f 6884/6884 6892/6892 6893/6893
f 6892/6892 6905/6905 6893/6893
f 6892/6892 6911/6911 6905/6905
f 8797/8797 8796/8796 8795/8795
f 8796/8796 8797/8797 8798/8798
f 8801/8801 8796/8796 8798/8798
f 7000/7000 7001/7001 6997/6997
f 6996/6996 6997/6997 6992/6992
f 7000/7000 6997/6997 6996/6996
f 8650/8650 8655/8655 8648/8648
f 6903/6903 6893/6893 6905/6905
f 8795/8795 8796/8796 8762/8762
f 6999/6999 7000/7000 6996/6996
f 8658/8658 8655/8655 8657/8657
f 6896/6896 6893/6893 6903/6903
f 7001/7001 7000/7000 7004/7004
f 7005/7005 7000/7000 6999/6999
f 5003/5003 5004/5004 5005/5005
f 8659/8659 8658/8658 8657/8657
f 6896/6896 6903/6903 6906/6906
f 6897/6897 6896/6896 6906/6906
f 6897/6897 6899/6899 6898/6898
f 8665/8665 8660/8660 8659/8659
f 8665/8665 8686/8686 8660/8660
f 6909/6909 6902/6902 6898/6898
f 6899/6899 6909/6909 6898/6898
f 5734/5734 5749/5749 5750/5750
f 5750/5750 5749/5749 5751/5751
f 5750/5750 5751/5751 5752/5752
f 6383/6383 6385/6385 6386/6386
f 7576/7576 7580/7580 7577/7577
f 8735/8735 8780/8780 8779/8779
f 5111/5111 5112/5112 5085/5085
f 7824/7824 7823/7823 7825/7825
f 7822/7822 7823/7823 7824/7824
f 7822/7822 7826/7826 7823/7823
f 7045/7045 7041/7041 7040/7040
f 7826/7826 7822/7822 7827/7827
f 7957/7957 7956/7956 7958/7958
f 7953/7953 7956/7956 7957/7957
f 7955/7955 7956/7956 7953/7953
f 5077/5077 5081/5081 5132/5132
f 5135/5135 5081/5081 5085/5085
f 5132/5132 5081/5081 5135/5135
f 5135/5135 5085/5085 5123/5123
f 5123/5123 5085/5085 5112/5112
f 7829/7829 7823/7823 7826/7826
f 7829/7829 7826/7826 7827/7827
f 5130/5130 5123/5123 5112/5112
f 7828/7828 7825/7825 7823/7823
f 7832/7832 7825/7825 7828/7828
f 7828/7828 7829/7829 7830/7830
f 7828/7828 7823/7823 7829/7829
f 5130/5130 5131/5131 5123/5123
f 7831/7831 7832/7832 7828/7828
f 7833/7833 7832/7832 7831/7831
f 7830/7830 7831/7831 7828/7828
f 7834/7834 7833/7833 7831/7831
f 8649/8649 8652/8652 8654/8654
f 8649/8649 8651/8651 8652/8652
f 8648/8648 8651/8651 8649/8649
f 8655/8655 8692/8692 8648/8648
f 8655/8655 8663/8663 8692/8692
f 8795/8795 8762/8762 8794/8794
f 8658/8658 8663/8663 8655/8655
f 8761/8761 8794/8794 8762/8762
f 6922/6922 6921/6921 6923/6923
f 6920/6920 6922/6922 6924/6924
f 6920/6920 6921/6921 6922/6922
f 8658/8658 8660/8660 8663/8663
f 8759/8759 8761/8761 8762/8762
f 8763/8763 8759/8759 8762/8762
f 8659/8659 8660/8660 8658/8658
f 6908/6908 6906/6906 6903/6903
f 8764/8764 8794/8794 8761/8761
f 8757/8757 8761/8761 8759/8759
f 8764/8764 8761/8761 8757/8757
f 8757/8757 8759/8759 8758/8758
f 8758/8758 8760/8760 8765/8765
f 8759/8759 8760/8760 8758/8758
f 6906/6906 6899/6899 6897/6897
f 6906/6906 6907/6907 6899/6899
f 8791/8791 8743/8743 8782/8782
f 8807/8807 8808/8808 8809/8809
f 8743/8743 8764/8764 8757/8757
f 8756/8756 8757/8757 8758/8758
f 8765/8765 8756/8756 8758/8758
f 8765/8765 8786/8786 8756/8756
f 8686/8686 8684/8684 8660/8660
f 8686/8686 8687/8687 8684/8684
f 6899/6899 6912/6912 6909/6909
f 8771/8771 8781/8781 8782/8782
f 8778/8778 8781/8781 8771/8771
f 8743/8743 8771/8771 8782/8782
f 8743/8743 8757/8757 8756/8756
f 8766/8766 8756/8756 8786/8786
f 6381/6381 6383/6383 6388/6388
f 6383/6383 6386/6386 6388/6388
f 7578/7578 7576/7576 7575/7575
f 7575/7575 7577/7577 7579/7579
f 7575/7575 7576/7576 7577/7577
f 8779/8779 8778/8778 8735/8735
f 8735/8735 8778/8778 8771/8771
f 8735/8735 8771/8771 8730/8730
f 8771/8771 8743/8743 8730/8730
f 8730/8730 8743/8743 8738/8738
f 8738/8738 8743/8743 8756/8756
f 8739/8739 8756/8756 8766/8766
f 8738/8738 8756/8756 8739/8739
f 7953/7953 7957/7957 7959/7959
f 5132/5132 5213/5213 5188/5188
f 5132/5132 5135/5135 5213/5213
f 5227/5227 5135/5135 5123/5123
f 8691/8691 8690/8690 8689/8689
f 8652/8652 8689/8689 8690/8690
f 8652/8652 8688/8688 8689/8689
f 8652/8652 8653/8653 8688/8688
f 8652/8652 8651/8651 8653/8653
f 8648/8648 8653/8653 8651/8651
f 8648/8648 8692/8692 8653/8653
f 8663/8663 8685/8685 8692/8692
f 8663/8663 8683/8683 8685/8685
f 6968/6968 6967/6967 6970/6970
f 8660/8660 8683/8683 8663/8663
f 6971/6971 6970/6970 6967/6967
f 6972/6972 6971/6971 6967/6967
f 8081/8081 8082/8082 8089/8089
f 8683/8683 8660/8660 8684/8684
f 7223/7223 7220/7220 7217/7217
f 5734/5734 5740/5740 5749/5749
f 6390/6390 6388/6388 6391/6391
f 8086/8086 8081/8081 8089/8089
f 5734/5734 5736/5736 5740/5740
f 6390/6390 6381/6381 6388/6388
f 8075/8075 8081/8081 8086/8086
f 5188/5188 5213/5213 5212/5212
f 5220/5220 5213/5213 5135/5135
f 5220/5220 5135/5135 5227/5227
f 8104/8104 8105/8105 8100/8100
f 8100/8100 8097/8097 8096/8096
f 8097/8097 8094/8094 8096/8096
f 8095/8095 8094/8094 8097/8097
f 8692/8692 8693/8693 8653/8653
f 8088/8088 8094/8094 8095/8095
f 8692/8692 8685/8685 8693/8693
f 8083/8083 8085/8085 8094/8094
f 8094/8094 8088/8088 8083/8083
f 8082/8082 8083/8083 8088/8088
f 8080/8080 8084/8084 8083/8083
f 8079/8079 8084/8084 8080/8080
f 8080/8080 8083/8083 8082/8082
f 8077/8077 8078/8078 8079/8079
f 8077/8077 8079/8079 8080/8080
f 7217/7217 7220/7220 7218/7218
f 7217/7217 7218/7218 7219/7219
f 8081/8081 8077/8077 8080/8080
f 8081/8081 8080/8080 8082/8082
f 8075/8075 8076/8076 8077/8077
f 8075/8075 8077/8077 8081/8081
f 8100/8100 8101/8101 8104/8104
f 5206/5206 5212/5212 5213/5213
f 8101/8101 8100/8100 8096/8096
f 8096/8096 8085/8085 8098/8098
f 8094/8094 8085/8085 8096/8096
f 8098/8098 8085/8085 8084/8084
f 8083/8083 8084/8084 8085/8085
f 8079/8079 8098/8098 8084/8084
f 7218/7218 7221/7221 7222/7222
f 7224/7224 7221/7221 7220/7220
f 7220/7220 7221/7221 7218/7218
f 7220/7220 7223/7223 7224/7224
f 5213/5213 5228/5228 5206/5206
f 8101/8101 8102/8102 8103/8103
f 8102/8102 8101/8101 8096/8096
f 7236/7236 7237/7237 7226/7226
f 7236/7236 7226/7226 7233/7233
f 7238/7238 7226/7226 7237/7237
f 7226/7226 7225/7225 7233/7233
f 7222/7222 7225/7225 7226/7226
f 7221/7221 7225/7225 7222/7222
f 7224/7224 7225/7225 7221/7221
f 10280/10280 10279/10279 10278/10278
f 10281/10281 10279/10279 10280/10280
f 10278/10278 10284/10284 10280/10280
f 10284/10284 10278/10278 10276/10276
f 10276/10276 10297/10297 10284/10284
f 10276/10276 10267/10267 10297/10297
f 10267/10267 10266/10266 10253/10253
f 10241/10241 10266/10266 10293/10293
f 10253/10253 10266/10266 10241/10241
f 10258/10258 10241/10241 10293/10293
f 10237/10237 10236/10236 10258/10258
f 10258/10258 10236/10236 10241/10241
f 10237/10237 10235/10235 10236/10236
f 10235/10235 10233/10233 10236/10236
f 10235/10235 10231/10231 10233/10233
f 10234/10234 10230/10230 10231/10231
f 10231/10231 10232/10232 10233/10233
f 10229/10229 10231/10231 10230/10230
f 10229/10229 10232/10232 10231/10231
f 10060/10060 10059/10059 10058/10058
f 10279/10279 10275/10275 10278/10278
f 10276/10276 10275/10275 10273/10273
f 10278/10278 10275/10275 10276/10276
f 9484/9484 9487/9487 9485/9485
f 10273/10273 10270/10270 10276/10276
f 9484/9484 9485/9485 9486/9486
f 10270/10270 10269/10269 10267/10267
f 10276/10276 10270/10270 10267/10267
f 9486/9486 9488/9488 9484/9484
f 10269/10269 10268/10268 10267/10267
f 9489/9489 9486/9486 9493/9493
f 10028/10028 10029/10029 10030/10030
f 9488/9488 9489/9489 9490/9490
f 9488/9488 9486/9486 9489/9489
f 10268/10268 10266/10266 10267/10267
f 10205/10205 10206/10206 10207/10207
f 9570/9570 9578/9578 9569/9569
f 10268/10268 10293/10293 10266/10266
f 10632/10632 10633/10633 10634/10634
f 9567/9567 9574/9574 9570/9570
f 9569/9569 9567/9567 9570/9570
f 10635/10635 10636/10636 10637/10637
f 10293/10293 10301/10301 10258/10258
f 9489/9489 9491/9491 9490/9490
f 9574/9574 9567/9567 9555/9555
f 10212/10212 10214/10214 10213/10213
f 10211/10211 10212/10212 10213/10213
f 10258/10258 10238/10238 10237/10237
f 10238/10238 10235/10235 10237/10237
f 10238/10238 10263/10263 10235/10235
f 10238/10238 10265/10265 10263/10263
f 10295/10295 10231/10231 10235/10235
f 10295/10295 10235/10235 10263/10263
f 10261/10261 10231/10231 10295/10295
f 10234/10234 10231/10231 10261/10261
f 10120/10120 10121/10121 10118/10118
f 10294/10294 10260/10260 10230/10230
f 10234/10234 10261/10261 10230/10230
f 10225/10225 10260/10260 10298/10298
f 10260/10260 10228/10228 10230/10230
f 10260/10260 10225/10225 10228/10228
f 10228/10228 10229/10229 10230/10230
f 10226/10226 10225/10225 10298/10298
f 10228/10228 10222/10222 10229/10229
f 9498/9498 9504/9504 9502/9502
f 10283/10283 10275/10275 10279/10279
f 9502/9502 9487/9487 9498/9498
f 9498/9498 9497/9497 9499/9499
f 9498/9498 9487/9487 9497/9497
f 9501/9501 9487/9487 9502/9502
f 9497/9497 9487/9487 9495/9495
f 10274/10274 10272/10272 10273/10273
f 10275/10275 10274/10274 10273/10273
f 9484/9484 9495/9495 9487/9487
f 10270/10270 10272/10272 10271/10271
f 10273/10273 10272/10272 10270/10270
f 9484/9484 9494/9494 9495/9495
f 10277/10277 10269/10269 10271/10271
f 10271/10271 10269/10269 10270/10270
f 10032/10032 10031/10031 10028/10028
f 9488/9488 9492/9492 9494/9494
f 9484/9484 9488/9488 9494/9494
f 10277/10277 10268/10268 10269/10269
f 10028/10028 10031/10031 10029/10029
f 9490/9490 9492/9492 9488/9488
f 10031/10031 10033/10033 10029/10029
f 9571/9571 9569/9569 9572/9572
f 9569/9569 9554/9554 9567/9567
f 9571/9571 9554/9554 9569/9569
f 9554/9554 9555/9555 9567/9567
f 9554/9554 9553/9553 9555/9555
f 9552/9552 9553/9553 9554/9554
f 9552/9552 9560/9560 9553/9553
f 10638/10638 10639/10639 10640/10640
f 10641/10641 10642/10642 10643/10643
f 9552/9552 9559/9559 9560/9560
f 10310/10310 10311/10311 10312/10312
f 9561/9561 9562/9562 9559/9559
f 10118/10118 10119/10119 10120/10120
f 9564/9564 9565/9565 9563/9563
f 9503/9503 9502/9502 9504/9504
f 10328/10328 10330/10330 10329/10329
f 10328/10328 10331/10331 10330/10330
f 10331/10331 10332/10332 10333/10333
f 10327/10327 10332/10332 10331/10331
f 10331/10331 10333/10333 10330/10330
f 10332/10332 10334/10334 10333/10333
f 10335/10335 10334/10334 10332/10332
f 9495/9495 9494/9494 9496/9496
f 9496/9496 9494/9494 9500/9500
f 9575/9575 9572/9572 9576/9576
f 9505/9505 9506/9506 9485/9485
f 5100/5100 5129/5129 5102/5102
f 9573/9573 9572/9572 9575/9575
f 9571/9571 9573/9573 9557/9557
f 9572/9572 9573/9573 9571/9571
f 9554/9554 9571/9571 9557/9557
f 9557/9557 9556/9556 9554/9554
f 9556/9556 9552/9552 9554/9554
f 9558/9558 9552/9552 9556/9556
f 9552/9552 9558/9558 9559/9559
f 9558/9558 9561/9561 9559/9559
f 9558/9558 9563/9563 9561/9561
f 9558/9558 9564/9564 9563/9563
f 9568/9568 9564/9564 9558/9558
f 5869/5869 5838/5838 5842/5842
f 5839/5839 5874/5874 5840/5840
f 5337/5337 5349/5349 5336/5336
f 5955/5955 5937/5937 5944/5944
f 10775/10775 10773/10773 10777/10777
f 10778/10778 10777/10777 10773/10773
f 10776/10776 10777/10777 10778/10778
f 10778/10778 10773/10773 10772/10772
f 10764/10764 10772/10772 10770/10770
f 10778/10778 10772/10772 10764/10764
f 10762/10762 10764/10764 10770/10770
f 10765/10765 10761/10761 10763/10763
f 10761/10761 10758/10758 10768/10768
f 10761/10761 10765/10765 10758/10758
f 10707/10707 10708/10708 10709/10709
f 10708/10708 10710/10710 10709/10709
f 10673/10673 10677/10677 10675/10675
f 10673/10673 10675/10675 10674/10674
f 6480/6480 6482/6482 6481/6481
f 10672/10672 10673/10673 10674/10674
f 10712/10712 10713/10713 10714/10714
f 10672/10672 10674/10674 10676/10676
f 10761/10761 10764/10764 10762/10762
f 10761/10761 10762/10762 10763/10763
f 10686/10686 10687/10687 10688/10688
f 10711/10711 10707/10707 10709/10709
f 10746/10746 10747/10747 10748/10748
f 10687/10687 10689/10689 10688/10688
f 10714/10714 10715/10715 10712/10712
f 5877/5877 5896/5896 5878/5878
f 10678/10678 10679/10679 10680/10680
f 10682/10682 10679/10679 10678/10678
f 10681/10681 10678/10678 10680/10680
f 10644/10644 10645/10645 10646/10646
f 5880/5880 5879/5879 5890/5890
f 10716/10716 10717/10717 10718/10718
f 5337/5337 5338/5338 5351/5351
f 5351/5351 5350/5350 5337/5337
f 5906/5906 5907/5907 5958/5958
f 5086/5086 5087/5087 5064/5064
f 5064/5064 5088/5088 5086/5086
f 5065/5065 5070/5070 5067/5067
f 5065/5065 5067/5067 5066/5066
f 5068/5068 5066/5066 5115/5115
f 5114/5114 5068/5068 5115/5115
f 5068/5068 5114/5114 5079/5079
f 5077/5077 5079/5079 5080/5080
f 5080/5080 5081/5081 5077/5077
f 5194/5194 5071/5071 5070/5070
f 5070/5070 5065/5065 5064/5064
f 5194/5194 5070/5070 5064/5064
f 5064/5064 5065/5065 5062/5062
f 5065/5065 5066/5066 5060/5060
f 5060/5060 5066/5066 5068/5068
f 5060/5060 5068/5068 5069/5069
f 5077/5077 5068/5068 5079/5079
f 5069/5069 5068/5068 5077/5077
f 5064/5064 5087/5087 5194/5194
f 5062/5062 5063/5063 5064/5064
f 5065/5065 5060/5060 5062/5062
f 6478/6478 6479/6479 6476/6476
f 5074/5074 5060/5060 5069/5069
f 6477/6477 6478/6478 6476/6476
f 5113/5113 5069/5069 5077/5077
f 5074/5074 5069/5069 5113/5113
f 5061/5061 5063/5063 5062/5062
f 5060/5060 5061/5061 5062/5062
f 5060/5060 5108/5108 5061/5061
f 5108/5108 5060/5060 5109/5109
f 5109/5109 5060/5060 5074/5074
f 5109/5109 5074/5074 5113/5113
f 5063/5063 5088/5088 5064/5064
f 5063/5063 5061/5061 5108/5108
f 5088/5088 5089/5089 5086/5086
f 8211/8211 8212/8212 8213/8213
f 5089/5089 5108/5108 5172/5172
f 5063/5063 5108/5108 5089/5089
f 5172/5172 5108/5108 5109/5109
f 5095/5095 5086/5086 5089/5089
f 5173/5173 5089/5089 5172/5172
f 5105/5105 5094/5094 5095/5095
f 5095/5095 5089/5089 5105/5105
f 5105/5105 5089/5089 5173/5173
f 5094/5094 5105/5105 5104/5104
f 10779/10779 10780/10780 10781/10781
f 5077/5077 5188/5188 5113/5113
f 5077/5077 5132/5132 5188/5188
f 5192/5192 5113/5113 5188/5188
f 5113/5113 5192/5192 5109/5109
f 5173/5173 5109/5109 5207/5207
f 5172/5172 5109/5109 5173/5173
f 5173/5173 5174/5174 5105/5105
f 5174/5174 5173/5173 5208/5208
f 5208/5208 5173/5173 5207/5207
f 5200/5200 5104/5104 5105/5105
f 5200/5200 5105/5105 5174/5174
f 5200/5200 5201/5201 5104/5104
f 5104/5104 5201/5201 5204/5204
f 5205/5205 5147/5147 5103/5103
f 5204/5204 5125/5125 5205/5205
f 5204/5204 5201/5201 5125/5125
f 5147/5147 5205/5205 5124/5124
f 5124/5124 5205/5205 5125/5125
f 5202/5202 5192/5192 5188/5188
f 5192/5192 5202/5202 5109/5109
f 5109/5109 5202/5202 5207/5207
f 5201/5201 5174/5174 5210/5210
f 5200/5200 5174/5174 5201/5201
f 5210/5210 5174/5174 5208/5208
f 5201/5201 5210/5210 5211/5211
f 5211/5211 5125/5125 5201/5201
f 5211/5211 5203/5203 5125/5125
f 5121/5121 5125/5125 5181/5181
f 5124/5124 5125/5125 5121/5121
f 5181/5181 5125/5125 5203/5203
f 5121/5121 5181/5181 5128/5128
f 5188/5188 5212/5212 5202/5202
f 5198/5198 5207/5207 5202/5202
f 5198/5198 5186/5186 5207/5207
f 5207/5207 5186/5186 5208/5208
f 5208/5208 5209/5209 5210/5210
f 5208/5208 5186/5186 5209/5209
f 5209/5209 5211/5211 5210/5210
f 5185/5185 5209/5209 5186/5186
f 5184/5184 5211/5211 5209/5209
f 5209/5209 5185/5185 5184/5184
f 5184/5184 5203/5203 5211/5211
f 5203/5203 5184/5184 5183/5183
f 5203/5203 5183/5183 5181/5181
f 5193/5193 5181/5181 5183/5183
f 5196/5196 5128/5128 5181/5181
f 5181/5181 5193/5193 5196/5196
f 5745/5745 5740/5740 5736/5736
f 5212/5212 5206/5206 5202/5202
f 5202/5202 5199/5199 5198/5198
f 5202/5202 5206/5206 5199/5199
f 5198/5198 5167/5167 5186/5186
f 5186/5186 5182/5182 5185/5185
f 5186/5186 5167/5167 5182/5182
f 5184/5184 5185/5185 5182/5182
f 5183/5183 5182/5182 5162/5162
f 5184/5184 5182/5182 5183/5183
f 5183/5183 5159/5159 5193/5193
f 5183/5183 5162/5162 5160/5160
f 5183/5183 5160/5160 5159/5159
f 5193/5193 5159/5159 5196/5196
f 7227/7227 7228/7228 7224/7224
f 7227/7227 7224/7224 7223/7223
f 5170/5170 5199/5199 5206/5206
f 5169/5169 5167/5167 5198/5198
f 5199/5199 5170/5170 5169/5169
f 5198/5198 5199/5199 5169/5169
f 5165/5165 5182/5182 5167/5167
f 5166/5166 5165/5165 5167/5167
f 5165/5165 5162/5162 5182/5182
f 5165/5165 5164/5164 5162/5162
f 5164/5164 5165/5165 5166/5166
f 7224/7224 7230/7230 7231/7231
f 7224/7224 7231/7231 7225/7225
f 7234/7234 7246/7246 7230/7230
f 7228/7228 7230/7230 7224/7224
f 5160/5160 5162/5162 5161/5161
f 5163/5163 5162/5162 5164/5164
f 5161/5161 5162/5162 5163/5163
f 7228/7228 7234/7234 7230/7230
f 7229/7229 7234/7234 7228/7228
f 5499/5499 5474/5474 5498/5498
f 5474/5474 5475/5475 5498/5498
f 8056/8056 8057/8057 8058/8058
f 6215/6215 6245/6245 6204/6204
f 6204/6204 6245/6245 6205/6205
f 7417/7417 7416/7416 7418/7418
f 6783/6783 6780/6780 6784/6784
f 6780/6780 6788/6788 6784/6784
f 6788/6788 6791/6791 6792/6792
f 6788/6788 6786/6786 6791/6791
f 6786/6786 6788/6788 6780/6780
f 6793/6793 6792/6792 6791/6791
f 6794/6794 6792/6792 6793/6793
f 6794/6794 6793/6793 6795/6795
f 7881/7881 7882/7882 7883/7883
f 7998/7998 7999/7999 8000/8000
f 7014/7014 7015/7015 7016/7016
f 5033/5033 5034/5034 5035/5035
f 6204/6204 6205/6205 6202/6202
f 6780/6780 6783/6783 6782/6782
f 6781/6781 6780/6780 6782/6782
f 8050/8050 8051/8051 8052/8052
f 9386/9386 9388/9388 9387/9387
f 9846/9846 9847/9847 9848/9848
f 9396/9396 9397/9397 9393/9393
f 9784/9784 9777/9777 9778/9778
f 9847/9847 9849/9849 9848/9848
f 9775/9775 9776/9776 9777/9777
f 9849/9849 9852/9852 9853/9853
f 9769/9769 9772/9772 9766/9766
f 9772/9772 9773/9773 9766/9766
f 9774/9774 9773/9773 9772/9772
f 9243/9243 9250/9250 9258/9258
f 9245/9245 9241/9241 9243/9243
f 9247/9247 9241/9241 9251/9251
f 9241/9241 9245/9245 9251/9251
f 9254/9254 9247/9247 9251/9251
f 9254/9254 9248/9248 9247/9247
f 9256/9256 9248/9248 9254/9254
f 9256/9256 9257/9257 9248/9248
f 9257/9257 9256/9256 9277/9277
f 9388/9388 9389/9389 9387/9387
f 9850/9850 9847/9847 9846/9846
f 9850/9850 9849/9849 9847/9847
f 9851/9851 9849/9849 9850/9850
f 9776/9776 9770/9770 9777/9777
f 9859/9859 9852/9852 9851/9851
f 9777/9777 9770/9770 9778/9778
f 9849/9849 9851/9851 9852/9852
f 9775/9775 9770/9770 9776/9776
f 9852/9852 9859/9859 9854/9854
f 9859/9859 9856/9856 9854/9854
f 9769/9769 9770/9770 9775/9775
f 9769/9769 9765/9765 9770/9770
f 9769/9769 9766/9766 9765/9765
f 9765/9765 9766/9766 9767/9767
f 9857/9857 9858/9858 9855/9855
f 9250/9250 9242/9242 9253/9253
f 9113/9113 9114/9114 9115/9115
f 9768/9768 9767/9767 9766/9766
f 9857/9857 9860/9860 9858/9858
f 9861/9861 9860/9860 9857/9857
f 9243/9243 9242/9242 9250/9250
f 9694/9694 9693/9693 9692/9692
f 9241/9241 9242/9242 9243/9243
f 9246/9246 9241/9241 9247/9247
f 9247/9247 9248/9248 9246/9246
f 9277/9277 9278/9278 9257/9257
f 9851/9851 9850/9850 9859/9859
f 9765/9765 9771/9771 9770/9770
f 9241/9241 9244/9244 9242/9242
f 9246/9246 9264/9264 9244/9244
f 9241/9241 9246/9246 9244/9244
f 9249/9249 9264/9264 9246/9246
f 10215/10215 10216/10216 10217/10217
f 9248/9248 9249/9249 9246/9246
f 9248/9248 9263/9263 9249/9249
f 9257/9257 9265/9265 9263/9263
f 9248/9248 9257/9257 9263/9263
f 9278/9278 9265/9265 9257/9257
f 9268/9268 9263/9263 9266/9266
f 10215/10215 10217/10217 10218/10218
f 9265/9265 9266/9266 9263/9263
f 9265/9265 9267/9267 9266/9266
f 5321/5321 5320/5320 5339/5339
f 5327/5327 5322/5322 5321/5321
f 5322/5322 5327/5327 5326/5326
f 5326/5326 5323/5323 5322/5322
f 5326/5326 5324/5324 5323/5323
f 5353/5353 5334/5334 5333/5333
f 5326/5326 5329/5329 5325/5325
f 5348/5348 5333/5333 5335/5335
f 5348/5348 5353/5353 5333/5333
f 6544/6544 6548/6548 6549/6549
f 5968/5968 5947/5947 5946/5946
f 5946/5946 5947/5947 5945/5945
f 6543/6543 6542/6542 6549/6549
f 5928/5928 5968/5968 5946/5946
f 5919/5919 5921/5921 5923/5923
f 9820/9820 9829/9829 9821/9821
f 10134/10134 10135/10135 10132/10132
f 9711/9711 9710/9710 9708/9708
f 9669/9669 9672/9672 9667/9667
f 9727/9727 9726/9726 9728/9728
f 9727/9727 9728/9728 9730/9730
f 9391/9391 9392/9392 9390/9390
f 9216/9216 9217/9217 9218/9218
f 9213/9213 9217/9217 9216/9216
f 9211/9211 9210/9210 9213/9213
f 9207/9207 9210/9210 9211/9211
f 9205/9205 9208/9208 9207/9207
f 9223/9223 9208/9208 9205/9205
f 9205/9205 9222/9222 9223/9223
f 9667/9667 9679/9679 9678/9678
f 9672/9672 9679/9679 9667/9667
f 9275/9275 9279/9279 9276/9276
f 9279/9279 9281/9281 9276/9276
f 9394/9394 9401/9401 9398/9398
f 9395/9395 9401/9401 9394/9394
f 9685/9685 9686/9686 9687/9687
f 9726/9726 9729/9729 9728/9728
f 9998/9998 9993/9993 9994/9994
f 9728/9728 9729/9729 9730/9730
f 9395/9395 9399/9399 9401/9401
f 9993/9993 9992/9992 9994/9994
f 9994/9994 9992/9992 9995/9995
f 9779/9779 9780/9780 9781/9781
f 9993/9993 9989/9989 9992/9992
f 9992/9992 9996/9996 9995/9995
f 9991/9991 9989/9989 9987/9987
f 9992/9992 9989/9989 9991/9991
f 9221/9221 9220/9220 9219/9219
f 9996/9996 9992/9992 9991/9991
f 9219/9219 9220/9220 9218/9218
f 9217/9217 9214/9214 9218/9218
f 9218/9218 9214/9214 9219/9219
f 9217/9217 9213/9213 9214/9214
f 9210/9210 9214/9214 9213/9213
f 9230/9230 9210/9210 9229/9229
f 9230/9230 9214/9214 9210/9210
f 9207/9207 9209/9209 9210/9210
f 9229/9229 9210/9210 9209/9209
f 9208/9208 9209/9209 9207/9207
f 9259/9259 9251/9251 9252/9252
f 9252/9252 9251/9251 9245/9245
f 9225/9225 9223/9223 9222/9222
f 9222/9222 9226/9226 9225/9225
f 9222/9222 9224/9224 9226/9226
f 9224/9224 9231/9231 9226/9226
f 9231/9231 9232/9232 9226/9226
f 9262/9262 9280/9280 9279/9279
f 9275/9275 9262/9262 9279/9279
f 9392/9392 9386/9386 9390/9390
f 9395/9395 9393/9393 9397/9397
f 9394/9394 9393/9393 9395/9395
f 9685/9685 9684/9684 9686/9686
f 9777/9777 9783/9783 9780/9780
f 9784/9784 9783/9783 9777/9777
f 9397/9397 9399/9399 9395/9395
f 9400/9400 9399/9399 9397/9397
f 9688/9688 9685/9685 9689/9689
f 9779/9779 9777/9777 9780/9780
f 9691/9691 9690/9690 9689/9689
f 9779/9779 9775/9775 9777/9777
f 9769/9769 9775/9775 9782/9782
f 9779/9779 9782/9782 9775/9775
f 9772/9772 9769/9769 9782/9782
f 10186/10186 10187/10187 10188/10188
f 9243/9243 9258/9258 9260/9260
f 9260/9260 9258/9258 9283/9283
f 9245/9245 9243/9243 9260/9260
f 9255/9255 9251/9251 9259/9259
f 9251/9251 9255/9255 9254/9254
f 9261/9261 9254/9254 9255/9255
f 9262/9262 9254/9254 9261/9261
f 9256/9256 9254/9254 9262/9262
f 9277/9277 9256/9256 9262/9262
f 9277/9277 9262/9262 9275/9275
f 5913/5913 5967/5967 5939/5939
f 5914/5914 5939/5939 5967/5967
f 5921/5921 5920/5920 5928/5928
f 5919/5919 5920/5920 5921/5921
f 9005/9005 9010/9010 9003/9003
f 9003/9003 9010/9010 9029/9029
f 7784/7784 7781/7781 7782/7782
f 9010/9010 9012/9012 9029/9029
f 8840/8840 8839/8839 8841/8841
f 8833/8833 8839/8839 8840/8840
f 9029/9029 8998/8998 9003/9003
f 7785/7785 7784/7784 7782/7782
f 8834/8834 8841/8841 8839/8839
f 8834/8834 8839/8839 8833/8833
f 8833/8833 9023/9023 8836/8836
f 8997/8997 8836/8836 9023/9023
f 8838/8838 8997/8997 8998/8998
f 7789/7789 7790/7790 7784/7784
f 8838/8838 8998/8998 8999/8999
f 7787/7787 7784/7784 7785/7785
f 7789/7789 7784/7784 7787/7787
f 8996/8996 8841/8841 8834/8834
f 8832/8832 8834/8834 8833/8833
f 8827/8827 8833/8833 8836/8836
f 8832/8832 8833/8833 8827/8827
f 8830/8830 8836/8836 8997/8997
f 8827/8827 8836/8836 8830/8830
f 8830/8830 8997/8997 8838/8838
f 8993/8993 8996/8996 8834/8834
f 9036/9036 9037/9037 9038/9038
f 8837/8837 8834/8834 8832/8832
f 8993/8993 8834/8834 8837/8837
f 8826/8826 8832/8832 8827/8827
f 8837/8837 8832/8832 8826/8826
f 8826/8826 8827/8827 8828/8828
f 8827/8827 8829/8829 8828/8828
f 8830/8830 8829/8829 8827/8827
f 8835/8835 8830/8830 8838/8838
f 8829/8829 8830/8830 8835/8835
f 9036/9036 9038/9038 9039/9039
f 7479/7479 7485/7485 7496/7496
f 8826/8826 8828/8828 8831/8831
f 7479/7479 7496/7496 7478/7478
f 8828/8828 8829/8829 8831/8831
f 7478/7478 7475/7475 7474/7474
f 7474/7474 7475/7475 7476/7476
f 7474/7474 7476/7476 7477/7477
f 5482/5482 5483/5483 5481/5481
f 7482/7482 7484/7484 7485/7485
f 7481/7481 7484/7484 7482/7482
f 7482/7482 7485/7485 7479/7479
f 7478/7478 7474/7474 7479/7479
f 9006/9006 9007/9007 9005/9005
f 9005/9005 9007/9007 9008/9008
f 9009/9009 9008/9008 9011/9011
f 8995/8995 9016/9016 8979/8979
f 8995/8995 8979/8979 8994/8994
f 9013/9013 9006/9006 9004/9004
f 9004/9004 9006/9006 9005/9005
f 9004/9004 9002/9002 9013/9013
f 8842/8842 8979/8979 8840/8840
f 9040/9040 9041/9041 9042/9042
f 9000/9000 9001/9001 9002/9002
f 9000/9000 9002/9002 9003/9003
f 7781/7781 7778/7778 7782/7782
f 7778/7778 7780/7780 7782/7782
f 8841/8841 8842/8842 8840/8840
f 8833/8833 8840/8840 9023/9023
f 9043/9043 9040/9040 9042/9042
f 8997/8997 9001/9001 9000/9000
f 9023/9023 9001/9001 8997/8997
f 8997/8997 9000/9000 8998/8998
f 8998/8998 9000/9000 9003/9003
f 7782/7782 7783/7783 7785/7785
f 7782/7782 7780/7780 7783/7783
f 7786/7786 7785/7785 7783/7783
f 7786/7786 7787/7787 7785/7785
f 5484/5484 5447/5447 5481/5481
f 7786/7786 7789/7789 7787/7787
f 7786/7786 7788/7788 7789/7789
f 5446/5446 5481/5481 5447/5447
f 5481/5481 5480/5480 5482/5482
f 5446/5446 5480/5480 5481/5481
f 7474/7474 7477/7477 7480/7480
f 7553/7553 7474/7474 7480/7480
f 6000/6000 5993/5993 5995/5995
f 6175/6175 6169/6169 6171/6171
f 7778/7778 7779/7779 7780/7780
f 6176/6176 6175/6175 6171/6171
f 6178/6178 6171/6171 6174/6174
f 6171/6171 6177/6177 6176/6176
f 5445/5445 5446/5446 5447/5447
f 6178/6178 6177/6177 6171/6171
f 6577/6577 6627/6627 6572/6572
f 6628/6628 6627/6627 6577/6577
f 6577/6577 6572/6572 6571/6571
f 6577/6577 6571/6571 6573/6573
f 5464/5464 5480/5480 5446/5446
f 6628/6628 6651/6651 6650/6650
f 6628/6628 6650/6650 6649/6649
f 6629/6629 6628/6628 6577/6577
f 6578/6578 6577/6577 6573/6573
f 5480/5480 5485/5485 5486/5486
f 5480/5480 5464/5464 5485/5485
f 6144/6144 6145/6145 6146/6146
f 6630/6630 6628/6628 6629/6629
f 6641/6641 6629/6629 6577/6577
f 6937/6937 6938/6938 6935/6935
f 8920/8920 8922/8922 8921/8921
f 5977/5977 5976/5976 5973/5973
f 5977/5977 5993/5993 5976/5976
f 5992/5992 5995/5995 5993/5993
f 5992/5992 5993/5993 5977/5977
f 6001/6001 5995/5995 5992/5992
f 5995/5995 6001/6001 6002/6002
f 5974/5974 5973/5973 5976/5976
f 6172/6172 6173/6173 6170/6170
f 6169/6169 6170/6170 6171/6171
f 6568/6568 6576/6576 6569/6569
f 6570/6570 6569/6569 6575/6575
f 6568/6568 6569/6569 6570/6570
f 6570/6570 6575/6575 6579/6579
f 6579/6579 6575/6575 6636/6636
f 6173/6173 6171/6171 6170/6170
f 6173/6173 6174/6174 6171/6171
f 6626/6626 6576/6576 6568/6568
f 5434/5434 5439/5439 5445/5445
f 6572/6572 6626/6626 6568/6568
f 6571/6571 6568/6568 6570/6570
f 6572/6572 6568/6568 6571/6571
f 6571/6571 6570/6570 6573/6573
f 5439/5439 5446/5446 5445/5445
f 5464/5464 5446/5446 5439/5439
f 6655/6655 6656/6656 6627/6627
f 6627/6627 6656/6656 6626/6626
f 6627/6627 6626/6626 6572/6572
f 6655/6655 6627/6627 6649/6649
f 6649/6649 6627/6627 6628/6628
f 6229/6229 6242/6242 6243/6243
f 5464/5464 5495/5495 5485/5485
f 10782/10782 10783/10783 10784/10784
f 5992/5992 5991/5991 5994/5994
f 6661/6661 6666/6666 6663/6663
f 5994/5994 5998/5998 5992/5992
f 6666/6666 6661/6661 6665/6665
f 6668/6668 6663/6663 6666/6666
f 7709/7709 7710/7710 7711/7711
f 5435/5435 5448/5448 5479/5479
f 7858/7858 7859/7859 7860/7860
f 5252/5252 5251/5251 5253/5253
f 5435/5435 5436/5436 5448/5448
f 5279/5279 5252/5252 5253/5253
f 5436/5436 5435/5435 5433/5433
f 5433/5433 5441/5441 5436/5436
f 6240/6240 6247/6247 6217/6217
f 5433/5433 5434/5434 5441/5441
f 5431/5431 5434/5434 5433/5433
f 6222/6222 6217/6217 6247/6247
f 6653/6653 6626/6626 6657/6657
f 6576/6576 6626/6626 6653/6653
f 5432/5432 5439/5439 5434/5434
f 5432/5432 5434/5434 5431/5431
f 6657/6657 6626/6626 6656/6656
f 6237/6237 6236/6236 6238/6238
f 5465/5465 5439/5439 5432/5432
f 5464/5464 5439/5439 5465/5465
f 6248/6248 6237/6237 6238/6238
f 6248/6248 6238/6238 6249/6249
f 10785/10785 10786/10786 10787/10787
f 5494/5494 5464/5464 5465/5465
f 6242/6242 6248/6248 6249/6249
f 6242/6242 6228/6228 6248/6248
f 6661/6661 6660/6660 6662/6662
f 6661/6661 6662/6662 6665/6665
f 5494/5494 5495/5495 5464/5464
f 10788/10788 10789/10789 10790/10790
f 6229/6229 6228/6228 6242/6242
f 6229/6229 6227/6227 6228/6228
f 7990/7990 7993/7993 7992/7992
f 6229/6229 6230/6230 6227/6227
f 5279/5279 5280/5280 5252/5252
f 7422/7422 7414/7414 7413/7413
f 5286/5286 5247/5247 5249/5249
f 5288/5288 5286/5286 5249/5249
f 5288/5288 5249/5249 5250/5250
f 8237/8237 8231/8231 8238/8238
f 5283/5283 5250/5250 5252/5252
f 5283/5283 5252/5252 5280/5280
f 6567/6567 6565/6565 6566/6566
f 6565/6565 6564/6564 6566/6566
f 6562/6562 6563/6563 6564/6564
f 6562/6562 6564/6564 6565/6565
f 6635/6635 6634/6634 6660/6660
f 6660/6660 6567/6567 6662/6662
f 6634/6634 6567/6567 6660/6660
f 6226/6226 6241/6241 6225/6225
f 8224/8224 8235/8235 8226/8226
f 8226/8226 8235/8235 8231/8231
f 8226/8226 8231/8231 8229/8229
f 8229/8229 8231/8231 8237/8237
f 6005/6005 6004/6004 6003/6003
f 8229/8229 8237/8237 8239/8239
f 8229/8229 8239/8239 8240/8240
f 8270/8270 8240/8240 8239/8239
f 5440/5440 5435/5435 5479/5479
f 6221/6221 6225/6225 6241/6241
f 6240/6240 6221/6221 6241/6241
f 6587/6587 6620/6620 6585/6585
f 6240/6240 6217/6217 6221/6221
f 5431/5431 5428/5428 5430/5430
f 5431/5431 5433/5433 5428/5428
f 6212/6212 6217/6217 6222/6222
f 6236/6236 6212/6212 6222/6222
f 5432/5432 5430/5430 5442/5442
f 5431/5431 5430/5430 5432/5432
f 6231/6231 6212/6212 6237/6237
f 6212/6212 6236/6236 6237/6237
f 5463/5463 5442/5442 5462/5462
f 5442/5442 5465/5465 5432/5432
f 6926/6926 6927/6927 6928/6928
f 6614/6614 6620/6620 6587/6587
f 6248/6248 6231/6231 6237/6237
f 6614/6614 6587/6587 6595/6595
f 5462/5462 5466/5466 5463/5463
f 5462/5462 5467/5467 5466/5466
f 6927/6927 6926/6926 6933/6933
f 6926/6926 6930/6930 6933/6933
f 7996/7996 7997/7997 7995/7995
f 7798/7798 7799/7799 7800/7800
f 6228/6228 6211/6211 6231/6231
f 5466/5466 5467/5467 5468/5468
f 6929/6929 6930/6930 6931/6931
f 6929/6929 6933/6933 6930/6930
f 7995/7995 7993/7993 7996/7996
f 7994/7994 7993/7993 7995/7995
f 6227/6227 6211/6211 6228/6228
f 6227/6227 6213/6213 6211/6211
f 5468/5468 5467/5467 5489/5489
f 6929/6929 6931/6931 6932/6932
f 6619/6619 6634/6634 6635/6635
f 7992/7992 7993/7993 7994/7994
f 6567/6567 6619/6619 6623/6623
f 6799/6799 6800/6800 6797/6797
f 6634/6634 6619/6619 6567/6567
f 6797/6797 6798/6798 6799/6799
f 6213/6213 6227/6227 6230/6230
f 7421/7421 7414/7414 7422/7422
f 8225/8225 8224/8224 8226/8226
f 8225/8225 8226/8226 8227/8227
f 8227/8227 8226/8226 8229/8229
f 8227/8227 8229/8229 8230/8230
f 5518/5518 5520/5520 5517/5517
f 8230/8230 8229/8229 8233/8233
f 8234/8234 8229/8229 8240/8240
f 8234/8234 8233/8233 8229/8229
f 8240/8240 8270/8270 8234/8234
f 5443/5443 5440/5440 5444/5444
f 6226/6226 6225/6225 6224/6224
f 5443/5443 5437/5437 5440/5440
f 5435/5435 5437/5437 5429/5429
f 5435/5435 5440/5440 5437/5437
f 6588/6588 6586/6586 6590/6590
f 6224/6224 6225/6225 6221/6221
f 6588/6588 6590/6590 6593/6593
f 5435/5435 5429/5429 5433/5433
f 5433/5433 5429/5429 5428/5428
f 6217/6217 6218/6218 6221/6221
f 6217/6217 6216/6216 6218/6218
f 5427/5427 5430/5430 5428/5428
f 6212/6212 6216/6216 6217/6217
f 6212/6212 6207/6207 6216/6216
f 6587/6587 6588/6588 6589/6589
f 6212/6212 6208/6208 6207/6207
f 5427/5427 5460/5460 5442/5442
f 5427/5427 5442/5442 5430/5430
f 6231/6231 6208/6208 6212/6212
f 5460/5460 5462/5462 5442/5442
f 5467/5467 5460/5460 5490/5490
f 5467/5467 5462/5462 5460/5460
f 6211/6211 6208/6208 6231/6231
f 5489/5489 5467/5467 5490/5490
f 4991/4991 4992/4992 4993/4993
f 6801/6801 6802/6802 6803/6803
f 6420/6420 6422/6422 6421/6421
f 6419/6419 6420/6420 6421/6421
f 7937/7937 7938/7938 7939/7939
f 6149/6149 6150/6150 6151/6151
f 6153/6153 6151/6151 6150/6150
f 7421/7421 7416/7416 7414/7414
f 7251/7251 7249/7249 7250/7250
f 6590/6590 6591/6591 6592/6592
f 6503/6503 6511/6511 6504/6504
f 6509/6509 6511/6511 6520/6520
f 6538/6538 6535/6535 6524/6524
f 6524/6524 6535/6535 6527/6527
f 6535/6535 6536/6536 6527/6527
f 6502/6502 6500/6500 6492/6492
f 6526/6526 6508/6508 6510/6510
f 6517/6517 6510/6510 6509/6509
f 6519/6519 6517/6517 6509/6509
f 6520/6520 6519/6519 6509/6509
f 6522/6522 6519/6519 6520/6520
f 6538/6538 6522/6522 6520/6520
f 6524/6524 6522/6522 6538/6538
f 6537/6537 6527/6527 6536/6536
f 6539/6539 6537/6537 6536/6536
f 6508/6508 6526/6526 6499/6499
f 6499/6499 6526/6526 6529/6529
f 6529/6529 6526/6526 6530/6530
f 6530/6530 6526/6526 6531/6531
f 6526/6526 6518/6518 6531/6531
f 6523/6523 6527/6527 6534/6534
f 6537/6537 6534/6534 6527/6527
f 6531/6531 6518/6518 6525/6525
f 6528/6528 6521/6521 6523/6523
f 5383/5383 5381/5381 5378/5378
f 5383/5383 5384/5384 5381/5381
f 5381/5381 5384/5384 5385/5385
f 5398/5398 5395/5395 5399/5399
f 5398/5398 5397/5397 5395/5395
f 5398/5398 5399/5399 5400/5400
f 5385/5385 5391/5391 5387/5387
f 5387/5387 5391/5391 5390/5390
f 5389/5389 5387/5387 5390/5390
f 5393/5393 5389/5389 5390/5390
f 5393/5393 5392/5392 5389/5389
f 5393/5393 5394/5394 5392/5392
f 5392/5392 5394/5394 5395/5395
f 5381/5381 5380/5380 5378/5378
f 5381/5381 5386/5386 5380/5380
f 5401/5401 5396/5396 5397/5397
f 5398/5398 5401/5401 5397/5397
f 5398/5398 5412/5412 5401/5401
f 5381/5381 5385/5385 5386/5386
f 5387/5387 5386/5386 5385/5385
f 5389/5389 5388/5388 5387/5387
f 5388/5388 5386/5386 5387/5387
f 5392/5392 5388/5388 5389/5389
f 5392/5392 5396/5396 5388/5388
f 5396/5396 5392/5392 5395/5395
f 5395/5395 5397/5397 5396/5396
f 8363/8363 8373/8373 8371/8371
f 8417/8417 8429/8429 8387/8387
f 8414/8414 8417/8417 8387/8387
f 8589/8589 8585/8585 8588/8588
f 8517/8517 8417/8417 8416/8416
f 8415/8415 8417/8417 8414/8414
f 8433/8433 8395/8395 8524/8524
f 8390/8390 8391/8391 8439/8439
f 8382/8382 8439/8439 8277/8277
f 8336/8336 8277/8277 8278/8278
f 8382/8382 8277/8277 8336/8336
f 8336/8336 8278/8278 8279/8279
f 8418/8418 8336/8336 8279/8279
f 8360/8360 8369/8369 8370/8370
f 8551/8551 8390/8390 8439/8439
f 8551/8551 8439/8439 8502/8502
f 8383/8383 8439/8439 8382/8382
f 8502/8502 8439/8439 8383/8383
f 8383/8383 8382/8382 8336/8336
f 8384/8384 8336/8336 8385/8385
f 8385/8385 8336/8336 8418/8418
f 8369/8369 8418/8418 8370/8370
f 8363/8363 8360/8360 8357/8357
f 8369/8369 8360/8360 8363/8363
f 8551/8551 8388/8388 8294/8294
f 8591/8591 8593/8593 8592/8592
f 8429/8429 8551/8551 8502/8502
f 8383/8383 8336/8336 8384/8384
f 8372/8372 8418/8418 8369/8369
f 8578/8578 8579/8579 8580/8580
f 8372/8372 8369/8369 8371/8371
f 8371/8371 8369/8369 8363/8363
f 8429/8429 8383/8383 8387/8387
f 8429/8429 8502/8502 8383/8383
f 8383/8383 8384/8384 8387/8387
f 8386/8386 8384/8384 8385/8385
f 8387/8387 8384/8384 8386/8386
f 8581/8581 8578/8578 8580/8580
f 8373/8373 8372/8372 8371/8371
f 8590/8590 8591/8591 8592/8592
f 8517/8517 8429/8429 8417/8417
f 8581/8581 8580/8580 8582/8582
f 8524/8524 8372/8372 8373/8373
f 8582/8582 8580/8580 8583/8583
f 8440/8440 8388/8388 8517/8517
f 8296/8296 8388/8388 8440/8440
f 8387/8387 8394/8394 8414/8414
f 8394/8394 8387/8387 8386/8386
f 8394/8394 8386/8386 8395/8395
f 8328/8328 8296/8296 8440/8440
f 8415/8415 8416/8416 8417/8417
f 8396/8396 8394/8394 8395/8395
f 8362/8362 8575/8575 8358/8358
f 8362/8362 8358/8358 8361/8361
f 8509/8509 8432/8432 8442/8442
f 8432/8432 8392/8392 8442/8442
f 8358/8358 8359/8359 8361/8361
f 8370/8370 8375/8375 8360/8360
f 8390/8390 8389/8389 8391/8391
f 8595/8595 8597/8597 8596/8596
f 8294/8294 8389/8389 8390/8390
f 8594/8594 8595/8595 8596/8596
f 8551/8551 8294/8294 8390/8390
f 10405/10405 10408/10408 10409/10409
f 10403/10403 10404/10404 10405/10405
f 10405/10405 10404/10404 10408/10408
f 10378/10378 10379/10379 10380/10380
f 10375/10375 10376/10376 10377/10377
f 10410/10410 10411/10411 10412/10412
f 10413/10413 10414/10414 10415/10415
f 10383/10383 10387/10387 10395/10395
f 10382/10382 10387/10387 10383/10383
f 10381/10381 10383/10383 10384/10384
f 10381/10381 10382/10382 10383/10383
f 6133/6133 6137/6137 6132/6132
f 5319/5319 5294/5294 5291/5291
f 5293/5293 5301/5301 5314/5314
f 5314/5314 5302/5302 5317/5317
f 5301/5301 5302/5302 5314/5314
f 6134/6134 6135/6135 6136/6136
f 6129/6129 6135/6135 6134/6134
f 6127/6127 6134/6134 6133/6133
f 6127/6127 6129/6129 6134/6134
f 6125/6125 6127/6127 6133/6133
f 6125/6125 6133/6133 6132/6132
f 5291/5291 5293/5293 5319/5319
f 6138/6138 6121/6121 6132/6132
f 6138/6138 6139/6139 6121/6121
f 6138/6138 6140/6140 6139/6139
f 6253/6253 6252/6252 6261/6261
f 6254/6254 6253/6253 6262/6262
f 6253/6253 6261/6261 6262/6262
f 6125/6125 6132/6132 6123/6123
f 6123/6123 6132/6132 6121/6121
f 6827/6827 6821/6821 6828/6828
f 5644/5644 5640/5640 5645/5645
f 5644/5644 5641/5641 5640/5640
f 6128/6128 6129/6129 6127/6127
f 6126/6126 6127/6127 6125/6125
f 6126/6126 6128/6128 6127/6127
f 6126/6126 6125/6125 6124/6124
f 6122/6122 6124/6124 6123/6123
f 6121/6121 6122/6122 6123/6123
f 6264/6264 6258/6258 6259/6259
f 6258/6258 6264/6264 6252/6252
f 6125/6125 6123/6123 6124/6124
f 5546/5546 5547/5547 5543/5543
f 5548/5548 5547/5547 5546/5546
f 5547/5547 5556/5556 5543/5543
f 5554/5554 5547/5547 5548/5548
f 5556/5556 5547/5547 5554/5554
f 6347/6347 6344/6344 6348/6348
f 5646/5646 5641/5641 5644/5644
f 6130/6130 6128/6128 6126/6126
f 6130/6130 6131/6131 6128/6128
f 6126/6126 6124/6124 6130/6130
f 5546/5546 5553/5553 5549/5549
f 5542/5542 5553/5553 5546/5546
f 5551/5551 5569/5569 5568/5568
f 5551/5551 5566/5566 5544/5544
f 5567/5567 5566/5566 5551/5551
f 5542/5542 5544/5544 5566/5566
f 5542/5542 5543/5543 5544/5544
f 5543/5543 5542/5542 5546/5546
f 5548/5548 5546/5546 5549/5549
f 5549/5549 5557/5557 5548/5548
f 5549/5549 5558/5558 5557/5557
f 5552/5552 5551/5551 5550/5550
f 5544/5544 5550/5550 5551/5551
f 7332/7332 7333/7333 7330/7330
f 7333/7333 7332/7332 7345/7345
f 5571/5571 5552/5552 5550/5550
f 5545/5545 5550/5550 5544/5544
f 5545/5545 5543/5543 5572/5572
f 5544/5544 5543/5543 5545/5545
f 5556/5556 5572/5572 5543/5543
f 7327/7327 7331/7331 7328/7328
f 7327/7327 7329/7329 7330/7330
f 7327/7327 7328/7328 7329/7329
f 7329/7329 7332/7332 7330/7330
f 6824/6824 6825/6825 6823/6823
f 6825/6825 6826/6826 6823/6823
f 4994/4994 4995/4995 4996/4996
f 6822/6822 6824/6824 6823/6823
f 6821/6821 6822/6822 6823/6823
f 6821/6821 6827/6827 6822/6822
f 6345/6345 6344/6344 6347/6347
f 5652/5652 5641/5641 5646/5646
f 6830/6830 6822/6822 6827/6827
f 6344/6344 6345/6345 6346/6346
f 5647/5647 5646/5646 5644/5644
f 5568/5568 5567/5567 5551/5551
f 5647/5647 5644/5644 5649/5649
f 5552/5552 5570/5570 5551/5551
f 5551/5551 5570/5570 5569/5569
f 7192/7192 7193/7193 7194/7194
f 7327/7327 7334/7334 7339/7339
f 7334/7334 7327/7327 7330/7330
f 7334/7334 7333/7333 7335/7335
f 7330/7330 7333/7333 7334/7334
f 7335/7335 7333/7333 7336/7336
f 5552/5552 5571/5571 5570/5570
f 7986/7986 7987/7987 7988/7988
f 5057/5057 5058/5058 5059/5059
f 7195/7195 7192/7192 7194/7194
f 7585/7585 7586/7586 7587/7587
f 7196/7196 7197/7197 7198/7198
f 7588/7588 7589/7589 7590/7590
f 4988/4988 4989/4989 4990/4990
f 7358/7358 7355/7355 7354/7354
f 7051/7051 7048/7048 7050/7050
f 7793/7793 7794/7794 7791/7791
f 7791/7791 7792/7792 7793/7793
f 6831/6831 6822/6822 6830/6830
f 7354/7354 7355/7355 7356/7356
f 6345/6345 6349/6349 6346/6346
f 7048/7048 7049/7049 7050/7050
f 5648/5648 5646/5646 5647/5647
f 6833/6833 6831/6831 6830/6830
f 6350/6350 6346/6346 6349/6349
f 6833/6833 6830/6830 6834/6834
f 5657/5657 5656/5656 5647/5647
f 8206/8206 8205/8205 8207/8207
f 5649/5649 5651/5651 5647/5647
f 8126/8126 8127/8127 8128/8128
f 8173/8173 8174/8174 8175/8175
f 6771/6771 6768/6768 6772/6772
f 6834/6834 6835/6835 6833/6833
f 8204/8204 8205/8205 8206/8206
f 6835/6835 6834/6834 6836/6836
f 5655/5655 5651/5651 5649/5649
f 7807/7807 7808/7808 7809/7809
f 6835/6835 6839/6839 6833/6833
f 6936/6936 6935/6935 6939/6939
f 6934/6934 6935/6935 6936/6936
f 6936/6936 6939/6939 6941/6941
f 6370/6370 6369/6369 6365/6365
f 6936/6936 6941/6941 6942/6942
f 6370/6370 6365/6365 6371/6371
f 6371/6371 6372/6372 6370/6370
f 6934/6934 6936/6936 6943/6943
f 6942/6942 6943/6943 6936/6936
f 7356/7356 7357/7357 7354/7354
f 6372/6372 6373/6373 6370/6370
f 5647/5647 5656/5656 5648/5648
f 5507/5507 5511/5511 5512/5512
f 5513/5513 5507/5507 5512/5512
f 7807/7807 7801/7801 7810/7810
f 5523/5523 5507/5507 5513/5513
f 5523/5523 5522/5522 5507/5507
f 7812/7812 7811/7811 7810/7810
f 7811/7811 7808/7808 7810/7810
f 7810/7810 7808/7808 7807/7807
f 5514/5514 5515/5515 5511/5511
f 5514/5514 5511/5511 5505/5505
f 5507/5507 5505/5505 5511/5511
f 7801/7801 7804/7804 7810/7810
f 5509/5509 5507/5507 5522/5522
f 4943/4943 4944/4944 4945/4945
f 4940/4940 4941/4941 4942/4942
f 5519/5519 5514/5514 5505/5505
f 5519/5519 5518/5518 5514/5514
f 5507/5507 5503/5503 5505/5505
f 5508/5508 5503/5503 5507/5507
f 5509/5509 5508/5508 5507/5507
f 7803/7803 7805/7805 7804/7804
f 7801/7801 7802/7802 7803/7803
f 7804/7804 7801/7801 7803/7803
f 8110/8110 8111/8111 8112/8112
f 5519/5519 5505/5505 5506/5506
f 5504/5504 5506/5506 5505/5505
f 5503/5503 5504/5504 5505/5505
f 5503/5503 5510/5510 5504/5504
f 5510/5510 5503/5503 5508/5508
f 7805/7805 7803/7803 7806/7806
f 7075/7075 7083/7083 7079/7079
f 7084/7084 7079/7079 7083/7083
f 7090/7090 7084/7084 7083/7083
f 7076/7076 7075/7075 7072/7072
f 7072/7072 7075/7075 7073/7073
f 7079/7079 7073/7073 7075/7075
f 7082/7082 7073/7073 7079/7079
f 5905/5905 5908/5908 5950/5950
f 5262/5262 5278/5278 5277/5277
f 5277/5277 5261/5261 5262/5262
f 5943/5943 5951/5951 5909/5909
f 5274/5274 5270/5270 5272/5272
f 5267/5267 5270/5270 5274/5274
f 5275/5275 5271/5271 5269/5269
f 5262/5262 5241/5241 5263/5263
f 8263/8263 8265/8265 8264/8264
f 8263/8263 8264/8264 8261/8261
f 8259/8259 8261/8261 8260/8260
f 8259/8259 8263/8263 8261/8261
f 8259/8259 8260/8260 8258/8258
f 8256/8256 8258/8258 8257/8257
f 8256/8256 8259/8259 8258/8258
f 8256/8256 8257/8257 8254/8254
f 5304/5304 5303/5303 5295/5295
f 5302/5302 5295/5295 5303/5303
f 6255/6255 6254/6254 6256/6256
f 5549/5549 5560/5560 5559/5559
f 6070/6070 6057/6057 6074/6074
f 6070/6070 6075/6075 6072/6072
f 6070/6070 6074/6074 6075/6075
f 6075/6075 6074/6074 6077/6077
f 5626/5626 5636/5636 5637/5637
f 5626/5626 5619/5619 5618/5618
f 5618/5618 5619/5619 5617/5617
f 5615/5615 5617/5617 5616/5616
f 5618/5618 5617/5617 5615/5615
f 5613/5613 5615/5615 5616/5616
f 5609/5609 5613/5613 5612/5612
f 5609/5609 5612/5612 5611/5611
f 5603/5603 5609/5609 5611/5611
f 8817/8817 8818/8818 8819/8819
f 6057/6057 6050/6050 6063/6063
f 6057/6057 6063/6063 6079/6079
f 6557/6557 6556/6556 6559/6559
f 6551/6551 6556/6556 6557/6557
f 6555/6555 6556/6556 6551/6551
f 6555/6555 6551/6551 6554/6554
f 6554/6554 6551/6551 6553/6553
f 7840/7840 7841/7841 7842/7842
f 5632/5632 5631/5631 5630/5630
f 5630/5630 5611/5611 5612/5612
f 5630/5630 5631/5631 5611/5611
f 5603/5603 5611/5611 5610/5610
f 5607/5607 5603/5603 5610/5610
f 7351/7351 7353/7353 7350/7350
f 7351/7351 7352/7352 7353/7353
f 7342/7342 7344/7344 7341/7341
f 6319/6319 6304/6304 6318/6318
f 8062/8062 8063/8063 8064/8064
f 6306/6306 6320/6320 6318/6318
f 6306/6306 6318/6318 6304/6304
f 6308/6308 6306/6306 6307/6307
f 6308/6308 6320/6320 6306/6306
f 5612/5612 5613/5613 5630/5630
f 6312/6312 6307/6307 6311/6311
f 6324/6324 6312/6312 6313/6313
f 6312/6312 6311/6311 6313/6313
f 5604/5604 5603/5603 5607/5607
f 5607/5607 5608/5608 5604/5604
f 7696/7696 7697/7697 7698/7698
f 4961/4961 4962/4962 4963/4963
f 6064/6064 6050/6050 6049/6049
f 8818/8818 8820/8820 8819/8819
f 6660/6660 6659/6659 6621/6621
f 7884/7884 7885/7885 7886/7886
f 6654/6654 6659/6659 6663/6663
f 6661/6661 6659/6659 6660/6660
f 6663/6663 6659/6659 6661/6661
f 7887/7887 7884/7884 7886/7886
f 6552/6552 6557/6557 6560/6560
f 6840/6840 6847/6847 6841/6841
f 6664/6664 6654/6654 6663/6663
f 6551/6551 6557/6557 6552/6552
f 6550/6550 6551/6551 6552/6552
f 6550/6550 6553/6553 6551/6551
f 6553/6553 6558/6558 6561/6561
f 6550/6550 6558/6558 6553/6553
f 7863/7863 7864/7864 7861/7861
f 7737/7737 7738/7738 7739/7739
f 6841/6841 6847/6847 6846/6846
f 6841/6841 6846/6846 6845/6845
f 5585/5585 5595/5595 5587/5587
f 5587/5587 5586/5586 5585/5585
f 7865/7865 7862/7862 7861/7861
f 7861/7861 7862/7862 7863/7863
f 7737/7737 7736/7736 7735/7735
f 7738/7738 7737/7737 7735/7735
f 7734/7734 7740/7740 7735/7735
f 7734/7734 7735/7735 7736/7736
f 5585/5585 5584/5584 5595/5595
f 5585/5585 5575/5575 5584/5584
f 5575/5575 5585/5585 5586/5586
f 5576/5576 5575/5575 5586/5586
f 5599/5599 5576/5576 5586/5586
f 5599/5599 5582/5582 5576/5576
f 5582/5582 5599/5599 5589/5589
f 5602/5602 5601/5601 5600/5600
f 4958/4958 4959/4959 4960/4960
f 5258/5258 5240/5240 5236/5236
f 5258/5258 5236/5236 5230/5230
f 5257/5257 5258/5258 5230/5230
f 5230/5230 5242/5242 5257/5257
f 5287/5287 5234/5234 5235/5235
f 5286/5286 5235/5235 5247/5247
f 5286/5286 5287/5287 5235/5235
f 5242/5242 5232/5232 5284/5284
f 5265/5265 5284/5284 5232/5232
f 8222/8222 8214/8214 8241/8241
f 8214/8214 8222/8222 8217/8217
f 8220/8220 8219/8219 8218/8218
f 8219/8219 8220/8220 8221/8221
f 5264/5264 5234/5234 5287/5287
f 8217/8217 8222/8222 8218/8218
f 6065/6065 6064/6064 6049/6049
f 6065/6065 6066/6066 6064/6064
f 6609/6609 6608/6608 6618/6618
f 6621/6621 6609/6609 6618/6618
f 6618/6618 6619/6619 6621/6621
f 8822/8822 8819/8819 8821/8821
f 8821/8821 8819/8819 8820/8820
f 6600/6600 6583/6583 6599/6599
f 6598/6598 6583/6583 6597/6597
f 6599/6599 6583/6583 6598/6598
f 6658/6658 6609/6609 6659/6659
f 6659/6659 6609/6609 6621/6621
f 6635/6635 6660/6660 6621/6621
f 8823/8823 8824/8824 8825/8825
f 6606/6606 6599/6599 6598/6598
f 6605/6605 6598/6598 6597/6597
f 6605/6605 6610/6610 6617/6617
f 6610/6610 6633/6633 6617/6617
f 6633/6633 6610/6610 6625/6625
f 6654/6654 6633/6633 6625/6625
f 6658/6658 6654/6654 6625/6625
f 6658/6658 6659/6659 6654/6654
f 6552/6552 6560/6560 6600/6600
f 6552/6552 6600/6600 6599/6599
f 6599/6599 6550/6550 6552/6552
f 6599/6599 6606/6606 6550/6550
f 6606/6606 6598/6598 6611/6611
f 6611/6611 6598/6598 6605/6605
f 6611/6611 6605/6605 6615/6615
f 6616/6616 6605/6605 6617/6617
f 6615/6615 6605/6605 6616/6616
f 6633/6633 6616/6616 6617/6617
f 6842/6842 6844/6844 6843/6843
f 6842/6842 6843/6843 6840/6840
f 6840/6840 6841/6841 6842/6842
f 6558/6558 6550/6550 6606/6606
f 6606/6606 6612/6612 6558/6558
f 6606/6606 6611/6611 6612/6612
f 6612/6612 6611/6611 6645/6645
f 6632/6632 6611/6611 6615/6615
f 6645/6645 6611/6611 6632/6632
f 6845/6845 6842/6842 6841/6841
f 8247/8247 8246/8246 8245/8245
f 8243/8243 8245/8245 8244/8244
f 8245/8245 8246/8246 8244/8244
f 8241/8241 8243/8243 8244/8244
f 8214/8214 8242/8242 8241/8241
f 8241/8241 8242/8242 8243/8243
f 8217/8217 8215/8215 8214/8214
f 8218/8218 8215/8215 8217/8217
f 8218/8218 8219/8219 8215/8215
f 8221/8221 8223/8223 8219/8219
f 8223/8223 8221/8221 8224/8224
f 8224/8224 8221/8221 8235/8235
f 5257/5257 5242/5242 5284/5284
f 6583/6583 6596/6596 6597/6597
f 6601/6601 6596/6596 6602/6602
f 6597/6597 6596/6596 6601/6601
f 6601/6601 6602/6602 6603/6603
f 6601/6601 6603/6603 6604/6604
f 6613/6613 6603/6603 6607/6607
f 6604/6604 6603/6603 6613/6613
f 6613/6613 6607/6607 6667/6667
f 6607/6607 6609/6609 6667/6667
f 6608/6608 6609/6609 6607/6607
f 6635/6635 6621/6621 6619/6619
f 6605/6605 6597/6597 6601/6601
f 6605/6605 6601/6601 6604/6604
f 6604/6604 6613/6613 6610/6610
f 6613/6613 6667/6667 6625/6625
f 6610/6610 6613/6613 6625/6625
f 6609/6609 6658/6658 6625/6625
f 6667/6667 6609/6609 6625/6625
f 6605/6605 6604/6604 6610/6610
f 8250/8250 8247/8247 8245/8245
f 8250/8250 8251/8251 8247/8247
f 8269/8269 8250/8250 8245/8245
f 8219/8219 8223/8223 8215/8215
f 8223/8223 8224/8224 8225/8225
f 8269/8269 8245/8245 8243/8243
f 8214/8214 8215/8215 8216/8216
f 6584/6584 6624/6624 6594/6594
f 7099/7099 7100/7100 7101/7101
f 7102/7102 7101/7101 7103/7103
f 5024/5024 5025/5025 5026/5026
f 7730/7730 7731/7731 7732/7732
f 7101/7101 7102/7102 7099/7099
f 7130/7130 7115/7115 7116/7116
f 7108/7108 7116/7116 7115/7115
f 7148/7148 7104/7104 7147/7147
f 7147/7147 7110/7110 7148/7148
f 7130/7130 7116/7116 7117/7117
f 7130/7130 7117/7117 7152/7152
f 7117/7117 7108/7108 7103/7103
f 7117/7117 7116/7116 7108/7108
f 7108/7108 7104/7104 7103/7103
f 7104/7104 7148/7148 7106/7106
f 7106/7106 7148/7148 7110/7110
f 8197/8197 8198/8198 8199/8199
f 6717/6717 6712/6712 6714/6714
f 6712/6712 6713/6713 6714/6714
f 7104/7104 7102/7102 7103/7103
f 7105/7105 7104/7104 7106/7106
f 7102/7102 7104/7104 7105/7105
f 8046/8046 8045/8045 8044/8044
f 6714/6714 6713/6713 6715/6715
f 8043/8043 8044/8044 8045/8045
f 8203/8203 8201/8201 8200/8200
f 8138/8138 8137/8137 8136/8136
f 7102/7102 7105/7105 7107/7107
f 10791/10791 10792/10792 10793/10793
f 10794/10794 10795/10795 10796/10796
f 7123/7123 7128/7128 7126/7126
f 7123/7123 7127/7127 7128/7128
f 7119/7119 7115/7115 7125/7125
f 7114/7114 7108/7108 7115/7115
f 7114/7114 7115/7115 7119/7119
f 7109/7109 7108/7108 7114/7114
f 7113/7113 7147/7147 7109/7109
f 7154/7154 7126/7126 7153/7153
f 7126/7126 7146/7146 7153/7153
f 7128/7128 7146/7146 7126/7126
f 7146/7146 7128/7128 7145/7145
f 7145/7145 7128/7128 7127/7127
f 7145/7145 7127/7127 7129/7129
f 7129/7129 7127/7127 7125/7125
f 7130/7130 7125/7125 7115/7115
f 7129/7129 7125/7125 7130/7130
f 7104/7104 7108/7108 7109/7109
f 7104/7104 7109/7109 7147/7147
f 7110/7110 7147/7147 7113/7113
f 7112/7112 7110/7110 7113/7113
f 7155/7155 7154/7154 7153/7153
f 7185/7185 7153/7153 7146/7146
f 7146/7146 7184/7184 7185/7185
f 7145/7145 7184/7184 7146/7146
f 7176/7176 7145/7145 7129/7129
f 7184/7184 7145/7145 7176/7176
f 7152/7152 7129/7129 7130/7130
f 7176/7176 7129/7129 7152/7152
f 7110/7110 7105/7105 7106/7106
f 7111/7111 7110/7110 7112/7112
f 7105/7105 7110/7110 7111/7111
f 7186/7186 7185/7185 7184/7184
f 5000/5000 5001/5001 5002/5002
f 7105/7105 7111/7111 7118/7118
f 7178/7178 7176/7176 7177/7177
f 7177/7177 7176/7176 7152/7152
f 7182/7182 7177/7177 7152/7152
f 7182/7182 7181/7181 7177/7177
f 6714/6714 6715/6715 6716/6716
f 6739/6739 6732/6732 6737/6737
f 8136/8136 8137/8137 8135/8135
f 8135/8135 8137/8137 8139/8139
f 8137/8137 8141/8141 8139/8139
f 7434/7434 7426/7426 7425/7425
f 7426/7426 7434/7434 7429/7429
f 7120/7120 7114/7114 7119/7119
f 8906/8906 8913/8913 8914/8914
f 7124/7124 7123/7123 7126/7126
f 7857/7857 7851/7851 7850/7850
f 7125/7125 7123/7123 7119/7119
f 8912/8912 8913/8913 8906/8906
f 8208/8208 8209/8209 8210/8210
f 7854/7854 7853/7853 7851/7851
f 7127/7127 7123/7123 7125/7125
f 8907/8907 8912/8912 8906/8906
f 8906/8906 8905/8905 8907/8907
f 8907/8907 8905/8905 8903/8903
f 7854/7854 7851/7851 7855/7855
f 8907/8907 8903/8903 8916/8916
f 6376/6376 6375/6375 6378/6378
f 6374/6374 6375/6375 6376/6376
f 7593/7593 7592/7592 7594/7594
f 8160/8160 8161/8161 8162/8162
f 6378/6378 6379/6379 6376/6376
f 7591/7591 7592/7592 7593/7593
f 7190/7190 7191/7191 7185/7185
f 7187/7187 7186/7186 7184/7184
f 7176/7176 7187/7187 7184/7184
f 7185/7185 7186/7186 7190/7190
f 7187/7187 7183/7183 7186/7186
f 7178/7178 7183/7183 7176/7176
f 7176/7176 7183/7183 7187/7187
f 6742/6742 6754/6754 6736/6736
f 6736/6736 6737/6737 6732/6732
f 6736/6736 6732/6732 6731/6731
f 6733/6733 6728/6728 6732/6732
f 6728/6728 6731/6731 6732/6732
f 8132/8132 8134/8134 8135/8135
f 8139/8139 8132/8132 8135/8135
f 7424/7424 7425/7425 7426/7426
f 7767/7767 7768/7768 7769/7769
f 7143/7143 7120/7120 7142/7142
f 7143/7143 7142/7142 7144/7144
f 7850/7850 7849/7849 7856/7856
f 7848/7848 7849/7849 7850/7850
f 7140/7140 7139/7139 7124/7124
f 7123/7123 7124/7124 7122/7122
f 7122/7122 7119/7119 7123/7123
f 7122/7122 7121/7121 7119/7119
f 7119/7119 7121/7121 7120/7120
f 8906/8906 8904/8904 8905/8905
f 8903/8903 8904/8904 8902/8902
f 8905/8905 8904/8904 8903/8903
f 7851/7851 7853/7853 7848/7848
f 7212/7212 7216/7216 7213/7213
f 7851/7851 7848/7848 7850/7850
f 7215/7215 7214/7214 7213/7213
f 7212/7212 7213/7213 7214/7214
f 6374/6374 6377/6377 6380/6380
f 6374/6374 6376/6376 6377/6377
f 5531/5531 5530/5530 5532/5532
f 5528/5528 5530/5530 5531/5531
f 5530/5530 5528/5528 5529/5529
f 5528/5528 5527/5527 5529/5529
f 6741/6741 6745/6745 6750/6750
f 6741/6741 6743/6743 6745/6745
f 6741/6741 6742/6742 6743/6743
f 6735/6735 6742/6742 6736/6736
f 6743/6743 6742/6742 6735/6735
f 6735/6735 6736/6736 6731/6731
f 6735/6735 6731/6731 6730/6730
f 6731/6731 6728/6728 6730/6730
f 6728/6728 6729/6729 6730/6730
f 5527/5527 5528/5528 5524/5524
f 6726/6726 6750/6750 6753/6753
f 6741/6741 6726/6726 6755/6755
f 6750/6750 6726/6726 6741/6741
f 7944/7944 7945/7945 7943/7943
f 7943/7943 7940/7940 7944/7944
f 8132/8132 8133/8133 8134/8134
f 7940/7940 7941/7941 7942/7942
f 7941/7941 7940/7940 7943/7943
f 7133/7133 7120/7120 7131/7131
f 7120/7120 7133/7133 7141/7141
f 7142/7142 7120/7120 7141/7141
f 7141/7141 7144/7144 7142/7142
f 8923/8923 8908/8908 8904/8904
f 8904/8904 8908/8908 8902/8902
f 7847/7847 7852/7852 7849/7849
f 7856/7856 7849/7849 7852/7852
f 7139/7139 7138/7138 7124/7124
f 7124/7124 7138/7138 7134/7134
f 7134/7134 7122/7122 7124/7124
f 7134/7134 7132/7132 7122/7122
f 7131/7131 7121/7121 7132/7132
f 7121/7121 7122/7122 7132/7132
f 7121/7121 7131/7131 7120/7120
f 7848/7848 7847/7847 7849/7849
f 7846/7846 7847/7847 7848/7848
f 5195/5195 5127/5127 5187/5187
f 5097/5097 5127/5127 5195/5195
f 7715/7715 7716/7716 7717/7717
f 6748/6748 6746/6746 6751/6751
f 6746/6746 6748/6748 6745/6745
f 6746/6746 6744/6744 6747/6747
f 6746/6746 6745/6745 6744/6744
f 6744/6744 6749/6749 6747/6747
f 5096/5096 5082/5082 5097/5097
f 6112/6112 6113/6113 6114/6114
f 6751/6751 6752/6752 6748/6748
f 6745/6745 6748/6748 6752/6752
f 6744/6744 6745/6745 6743/6743
f 6744/6744 6743/6743 6735/6735
f 6744/6744 6735/6735 6749/6749
f 6740/6740 6735/6735 6730/6730
f 7267/7267 7268/7268 7269/7269
f 7718/7718 7717/7717 7716/7716
f 6331/6331 6328/6328 6332/6332
f 6331/6331 6327/6327 6328/6328
f 7037/7037 7032/7032 7036/7036
f 6753/6753 6750/6750 6752/6752
f 6750/6750 6745/6745 6752/6752
f 7949/7949 7943/7943 7948/7948
f 7941/7941 7943/7943 7949/7949
f 5082/5082 5085/5085 5081/5081
f 5085/5085 5082/5082 5096/5096
f 5085/5085 5096/5096 5111/5111
f 6326/6326 6328/6328 6327/6327
f 6325/6325 6326/6326 6327/6327
f 7469/7469 7470/7470 7468/7468
f 7036/7036 7044/7044 7037/7037
f 7945/7945 7946/7946 7943/7943
f 7657/7657 7621/7621 7622/7622
f 7629/7629 7657/7657 7658/7658
f 7658/7658 7657/7657 7659/7659
f 7163/7163 7157/7157 7158/7158
f 5217/5217 5214/5214 5218/5218
f 5217/5217 5216/5216 5214/5214
f 7668/7668 7658/7658 7659/7659
f 5214/5214 5216/5216 5215/5215
f 7669/7669 7668/7668 7659/7659
f 7141/7141 7156/7156 7157/7157
f 7157/7157 7156/7156 7158/7158
f 5214/5214 5190/5190 5218/5218
f 5214/5214 5191/5191 5190/5190
f 5191/5191 5214/5214 5215/5215
f 5191/5191 5215/5215 5226/5226
f 7691/7691 7668/7668 7680/7680
f 7680/7680 7668/7668 7669/7669
f 7672/7672 7680/7680 7669/7669
f 7137/7137 7134/7134 7138/7138
f 7137/7137 7135/7135 7134/7134
f 7132/7132 7135/7135 7136/7136
f 7134/7134 7135/7135 7132/7132
f 7136/7136 7131/7131 7132/7132
f 7149/7149 7131/7131 7136/7136
f 7131/7131 7150/7150 7133/7133
f 7149/7149 7150/7150 7131/7131
f 7141/7141 7133/7133 7150/7150
f 5187/5187 5190/5190 5191/5191
f 6747/6747 6757/6757 6746/6746
f 7019/7019 7020/7020 7021/7021
f 7018/7018 7020/7020 7019/7019
f 7019/7019 7021/7021 7022/7022
f 8069/8069 8074/8074 8070/8070
f 8068/8068 8069/8069 8070/8070
f 8071/8071 8068/8068 8070/8070
f 7208/7208 7206/7206 7205/7205
f 7461/7461 7459/7459 7458/7458
f 7017/7017 7018/7018 7019/7019
f 7033/7033 7032/7032 7035/7035
f 8071/8071 8073/8073 8068/8068
f 7458/7458 7459/7459 7460/7460
f 7205/7205 7206/7206 7207/7207
f 7032/7032 7034/7034 7036/7036
f 7032/7032 7033/7033 7034/7034
f 7950/7950 7946/7946 7951/7951
f 7946/7946 7950/7950 7948/7948
f 7943/7943 7946/7946 7948/7948
f 7036/7036 7040/7040 7041/7041
f 7034/7034 7040/7040 7036/7036
f 7951/7951 7955/7955 7953/7953
f 7956/7956 7955/7955 7946/7946
f 7955/7955 7951/7951 7946/7946
f 7659/7659 7657/7657 7622/7622
f 7659/7659 7622/7622 7670/7670
f 7669/7669 7659/7659 7670/7670
f 7669/7669 7670/7670 7671/7671
f 7671/7671 7670/7670 7673/7673
f 7678/7678 7671/7671 7673/7673
f 7151/7151 7158/7158 7156/7156
f 7669/7669 7671/7671 7672/7672
f 7671/7671 7678/7678 7683/7683
f 7682/7682 7678/7678 7677/7677
f 7683/7683 7678/7678 7682/7682
f 7682/7682 7677/7677 7681/7681
f 7150/7150 7151/7151 7141/7141
f 7681/7681 7677/7677 7679/7679
f 7141/7141 7151/7151 7156/7156
f 8069/8069 8072/8072 8074/8074
f 8069/8069 8066/8066 8072/8072
f 8066/8066 8069/8069 8068/8068
f 7038/7038 7033/7033 7035/7035
f 7038/7038 7039/7039 7033/7033
f 8066/8066 8068/8068 8067/8067
f 7033/7033 7043/7043 7034/7034
f 7039/7039 7043/7043 7033/7033
f 7950/7950 7952/7952 7954/7954
f 7950/7950 7951/7951 7952/7952
f 7042/7042 7040/7040 7034/7034
f 7961/7961 7953/7953 7959/7959
f 7953/7953 7961/7961 7952/7952
f 7952/7952 7951/7951 7953/7953
f 7167/7167 7163/7163 7160/7160
f 7674/7674 7673/7673 7670/7670
f 7676/7676 7675/7675 7667/7667
f 7673/7673 7675/7675 7676/7676
f 7676/7676 7667/7667 7690/7690
f 7158/7158 7159/7159 7160/7160
f 7158/7158 7160/7160 7163/7163
f 7678/7678 7673/7673 7677/7677
f 7677/7677 7673/7673 7676/7676
f 7677/7677 7676/7676 7679/7679
f 7679/7679 7676/7676 7690/7690
f 7151/7151 7159/7159 7158/7158
f 8072/8072 8066/8066 8065/8065
f 7046/7046 7038/7038 7047/7047
f 7039/7039 7038/7038 7046/7046
f 8065/8065 8066/8066 8067/8067
f 7952/7952 7960/7960 7954/7954
f 7160/7160 7161/7161 7168/7168
f 7159/7159 7162/7162 7161/7161
f 7159/7159 7161/7161 7160/7160
f 7172/7172 7169/7169 7171/7171
f 7161/7161 7171/7171 7168/7168
f 7168/7168 7171/7171 7169/7169
f 5878/5878 5884/5884 5897/5897
f 5882/5882 5890/5890 5884/5884
f 5890/5890 5897/5897 5884/5884
f 5898/5898 5899/5899 5900/5900
f 10560/10560 10529/10529 10528/10528
f 10548/10548 10529/10529 10560/10560
f 10529/10529 10548/10548 10523/10523
f 10523/10523 10566/10566 10565/10565
f 10531/10531 10523/10523 10565/10565
f 10565/10565 10530/10530 10531/10531
f 10564/10564 10530/10530 10565/10565
f 7085/7085 7087/7087 7086/7086
f 7085/7085 7086/7086 7080/7080
f 7089/7089 7085/7085 7081/7081
f 7085/7085 7080/7080 7081/7081
f 10590/10590 10586/10586 10597/10597
f 10597/10597 10586/10586 10589/10589
f 10597/10597 10589/10589 10595/10595
f 10597/10597 10595/10595 10569/10569
f 10595/10595 10567/10567 10569/10569
f 10567/10567 10568/10568 10569/10569
f 10567/10567 10570/10570 10568/10568
f 10570/10570 10567/10567 10571/10571
f 10554/10554 10547/10547 10558/10558
f 10558/10558 10557/10557 10554/10554
f 10532/10532 10547/10547 10511/10511
f 10493/10493 10547/10547 10554/10554
f 10511/10511 10547/10547 10493/10493
f 10551/10551 10554/10554 10557/10557
f 10493/10493 10554/10554 10551/10551
f 10549/10549 10551/10551 10557/10557
f 10508/10508 10511/10511 10505/10505
f 10505/10505 10511/10511 10493/10493
f 10513/10513 10516/10516 10517/10517
f 10513/10513 10517/10517 10514/10514
f 10508/10508 10506/10506 10509/10509
f 10508/10508 10509/10509 10513/10513
f 10506/10506 10508/10508 10505/10505
f 10492/10492 10505/10505 10493/10493
f 10533/10533 10552/10552 10542/10542
f 10533/10533 10542/10542 10532/10532
f 10532/10532 10542/10542 10543/10543
f 10512/10512 10533/10533 10532/10532
f 10512/10512 10532/10532 10511/10511
f 10514/10514 10512/10512 10513/10513
f 10513/10513 10512/10512 10508/10508
f 10508/10508 10512/10512 10511/10511
f 8422/8422 8326/8326 8327/8327
f 8334/8334 8422/8422 8327/8327
f 8430/8430 8406/8406 8408/8408
f 8379/8379 8422/8422 8334/8334
f 8431/8431 8422/8422 8379/8379
f 8331/8331 8334/8334 8327/8327
f 8430/8430 8545/8545 8544/8544
f 8545/8545 8430/8430 8577/8577
f 8408/8408 8577/8577 8430/8430
f 8379/8379 8334/8334 8378/8378
f 8333/8333 8334/8334 8331/8331
f 8378/8378 8334/8334 8333/8333
f 8332/8332 8333/8333 8331/8331
f 8332/8332 8337/8337 8333/8333
f 8379/8379 8380/8380 8381/8381
f 8378/8378 8380/8380 8379/8379
f 8585/8585 8587/8587 8588/8588
f 8404/8404 8395/8395 8433/8433
f 8396/8396 8395/8395 8404/8404
f 8325/8325 8307/8307 8328/8328
f 8584/8584 8587/8587 8585/8585
f 8584/8584 8585/8585 8586/8586
f 8402/8402 8396/8396 8404/8404
f 8393/8393 8328/8328 8421/8421
f 8325/8325 8328/8328 8393/8393
f 8399/8399 8441/8441 8397/8397
f 8399/8399 8397/8397 8398/8398
f 8398/8398 8397/8397 8396/8396
f 8398/8398 8396/8396 8400/8400
f 8400/8400 8396/8396 8402/8402
f 8393/8393 8421/8421 8441/8441
f 8527/8527 8441/8441 8399/8399
f 8401/8401 8398/8398 8400/8400
f 8326/8326 8325/8325 8327/8327
f 8329/8329 8325/8325 8393/8393
f 8327/8327 8325/8325 8329/8329
f 8329/8329 8393/8393 8441/8441
f 8329/8329 8441/8441 8527/8527
f 8403/8403 8399/8399 8398/8398
f 8403/8403 8398/8398 8401/8401
f 8405/8405 8401/8401 8400/8400
f 8329/8329 8527/8527 8548/8548
f 8548/8548 8527/8527 8399/8399
f 8544/8544 8399/8399 8403/8403
f 8548/8548 8399/8399 8544/8544
f 8403/8403 8401/8401 8430/8430
f 8406/8406 8401/8401 8405/8405
f 8430/8430 8401/8401 8406/8406
f 8327/8327 8329/8329 8331/8331
f 8331/8331 8329/8329 8332/8332
f 8544/8544 8403/8403 8430/8430
f 8397/8397 8415/8415 8414/8414
f 8416/8416 8415/8415 8397/8397
f 8397/8397 8414/8414 8394/8394
f 8397/8397 8394/8394 8396/8396
f 8441/8441 8416/8416 8397/8397
f 10561/10561 10549/10549 10557/10557
f 10562/10562 10549/10549 10561/10561
f 10562/10562 10550/10550 10549/10549
f 10487/10487 10550/10550 10562/10562
f 10485/10485 10486/10486 10487/10487
f 10551/10551 10549/10549 10494/10494
f 10498/10498 10549/10549 10550/10550
f 10494/10494 10549/10549 10498/10498
f 10498/10498 10550/10550 10487/10487
f 10500/10500 10487/10487 10486/10486
f 10498/10498 10487/10487 10500/10500
f 10500/10500 10486/10486 10488/10488
f 10488/10488 10486/10486 10485/10485
f 10489/10489 10488/10488 10485/10485
f 10490/10490 10489/10489 10485/10485
f 10490/10490 10491/10491 10489/10489
f 10493/10493 10551/10551 10494/10494
f 10497/10497 10494/10494 10498/10498
f 10497/10497 10498/10498 10500/10500
f 10501/10501 10488/10488 10489/10489
f 10501/10501 10489/10489 10507/10507
f 10507/10507 10489/10489 10491/10491
f 10528/10528 10491/10491 10559/10559
f 10507/10507 10491/10491 10528/10528
f 10528/10528 10559/10559 10560/10560
f 10603/10603 10601/10601 10605/10605
f 10604/10604 10599/10599 10603/10603
f 10603/10603 10599/10599 10601/10601
f 10609/10609 10599/10599 10604/10604
f 10602/10602 10609/10609 10610/10610
f 10602/10602 10599/10599 10609/10609
f 10600/10600 10610/10610 10616/10616
f 10600/10600 10602/10602 10610/10610
f 10616/10616 10613/10613 10600/10600
f 10615/10615 10613/10613 10616/10616
f 10613/10613 10615/10615 10614/10614
f 10612/10612 10614/10614 10617/10617
f 10612/10612 10613/10613 10614/10614
f 10618/10618 10612/10612 10617/10617
f 10618/10618 10617/10617 10619/10619
f 10620/10620 10618/10618 10619/10619
f 10458/10458 10436/10436 10439/10439
f 10621/10621 10620/10620 10619/10619
f 10422/10422 10429/10429 10428/10428
f 10422/10422 10428/10428 10426/10426
f 10424/10424 10429/10429 10422/10422
f 10424/10424 10430/10430 10429/10429
f 10431/10431 10430/10430 10424/10424
f 10602/10602 10600/10600 10599/10599
f 10599/10599 10600/10600 10601/10601
f 10427/10427 10423/10423 10426/10426
f 10422/10422 10426/10426 10423/10423
f 10422/10422 10423/10423 10424/10424
f 10424/10424 10423/10423 10425/10425
f 5725/5725 5689/5689 5748/5748
f 5724/5724 5689/5689 5725/5725
f 5689/5689 5711/5711 5748/5748
f 6976/6976 6977/6977 6978/6978
f 7971/7971 7972/7972 7973/7973
f 7365/7365 7366/7366 7367/7367
f 7366/7366 7368/7368 7367/7367
f 8709/8709 8708/8708 8704/8704
f 6111/6111 6102/6102 6110/6110
f 6104/6104 6103/6103 6109/6109
f 6103/6103 6104/6104 6101/6101
f 6101/6101 6102/6102 6103/6103
f 6101/6101 6110/6110 6102/6102
f 6108/6108 6110/6110 6101/6101
f 8059/8059 8060/8060 8061/8061
f 5758/5758 5741/5741 5759/5759
f 8033/8033 8034/8034 8035/8035
f 7369/7369 7370/7370 7371/7371
f 6101/6101 6107/6107 6108/6108
f 6711/6711 6709/6709 6708/6708
f 6707/6707 6710/6710 6708/6708
f 6707/6707 6708/6708 6709/6709
f 7270/7270 7271/7271 7272/7272
f 10797/10797 10798/10798 10799/10799
f 6104/6104 6105/6105 6101/6101
f 6101/6101 6105/6105 6106/6106
f 6107/6107 6101/6101 6106/6106
f 8163/8163 8164/8164 8165/8165
f 8163/8163 8165/8165 8167/8167
f 6157/6157 6155/6155 6156/6156
f 8165/8165 8168/8168 8167/8167
f 6158/6158 6159/6159 6157/6157
f 6158/6158 6157/6157 6156/6156
f 6158/6158 6156/6156 6154/6154
f 6158/6158 6154/6154 6166/6166
f 6160/6160 6159/6159 6158/6158
f 6161/6161 6159/6159 6160/6160
f 6160/6160 6158/6158 6168/6168
f 6168/6168 6158/6158 6166/6166
f 8725/8725 8722/8722 8736/8736
f 8722/8722 8725/8725 8724/8724
f 5757/5757 5753/5753 5737/5737
f 8736/8736 8721/8721 8777/8777
f 8721/8721 8736/8736 8722/8722
f 8723/8723 8722/8722 8724/8724
f 8790/8790 8783/8783 8789/8789
f 8810/8810 8811/8811 8812/8812
f 8783/8783 8777/8777 8721/8721
f 8721/8721 8722/8722 8718/8718
f 8718/8718 8722/8722 8723/8723
f 5721/5721 5723/5723 5722/5722
f 8789/8789 8783/8783 8709/8709
f 8802/8802 8783/8783 8721/8721
f 8802/8802 8721/8721 8716/8716
f 8716/8716 8718/8718 8717/8717
f 8716/8716 8721/8721 8718/8718
f 8718/8718 8719/8719 8717/8717
f 8718/8718 8723/8723 8737/8737
f 8718/8718 8737/8737 8719/8719
f 7302/7302 7299/7299 7296/7296
f 7296/7296 7297/7297 7298/7298
f 7299/7299 7297/7297 7296/7296
f 8712/8712 8709/8709 8783/8783
f 8708/8708 8709/8709 8712/8712
f 8712/8712 8783/8783 8802/8802
f 8713/8713 8802/8802 8716/8716
f 8715/8715 8716/8716 8717/8717
f 8715/8715 8713/8713 8716/8716
f 8717/8717 8719/8719 8720/8720
f 8719/8719 8737/8737 8720/8720
f 8720/8720 8737/8737 8792/8792
f 7724/7724 7725/7725 7726/7726
f 7297/7297 7300/7300 7298/7298
f 7300/7300 7297/7297 7301/7301
f 8748/8748 8749/8749 8768/8768
f 8701/8701 8704/8704 8708/8708
f 8701/8701 8708/8708 8712/8712
f 8714/8714 8713/8713 8715/8715
f 8720/8720 8792/8792 8793/8793
f 8747/8747 8749/8749 8748/8748
f 8747/8747 8748/8748 8746/8746
f 8704/8704 8701/8701 8703/8703
f 8699/8699 8701/8701 8712/8712
f 8706/8706 8712/8712 8802/8802
f 8699/8699 8712/8712 8706/8706
f 8706/8706 8802/8802 8713/8713
f 8707/8707 8713/8713 8714/8714
f 8706/8706 8713/8713 8707/8707
f 8750/8750 8749/8749 8747/8747
f 8702/8702 8703/8703 8701/8701
f 8698/8698 8701/8701 8699/8699
f 8702/8702 8701/8701 8698/8698
f 8698/8698 8699/8699 8700/8700
f 8705/8705 8699/8699 8706/8706
f 5735/5735 5734/5734 5750/5750
f 5735/5735 5750/5750 5752/5752
f 6383/6383 6382/6382 6385/6385
f 8735/8735 8724/8724 8725/8725
f 8735/8735 8730/8730 8728/8728
f 5728/5728 5735/5735 5737/5737
f 5728/5728 5734/5734 5735/5735
f 6389/6389 6392/6392 6382/6382
f 8724/8724 8735/8735 8726/8726
f 8726/8726 8735/8735 8728/8728
f 8729/8729 8728/8728 8730/8730
f 8729/8729 8730/8730 8731/8731
f 8730/8730 8733/8733 8731/8731
f 8738/8738 8733/8733 8730/8730
f 8739/8739 8733/8733 8738/8738
f 5723/5723 5727/5727 5728/5728
f 5753/5753 5728/5728 5737/5737
f 5753/5753 5723/5723 5728/5728
f 6389/6389 6394/6394 6392/6392
f 6274/6274 6278/6278 6275/6275
f 8726/8726 8723/8723 8724/8724
f 8727/8727 8726/8726 8728/8728
f 8727/8727 8728/8728 8729/8729
f 8732/8732 8729/8729 8731/8731
f 8733/8733 8732/8732 8731/8731
f 8733/8733 8775/8775 8732/8732
f 8775/8775 8733/8733 8740/8740
f 5721/5721 5727/5727 5723/5723
f 8723/8723 8726/8726 8727/8727
f 8734/8734 8727/8727 8729/8729
f 8723/8723 8727/8727 8734/8734
f 8734/8734 8729/8729 8732/8732
f 8734/8734 8732/8732 8785/8785
f 8775/8775 8785/8785 8732/8732
f 8751/8751 8785/8785 8775/8775
f 8784/8784 8723/8723 8734/8734
f 8805/8805 8804/8804 8806/8806
f 8803/8803 8804/8804 8805/8805
f 8768/8768 8785/8785 8751/8751
f 8746/8746 8751/8751 8775/8775
f 8748/8748 8768/8768 8751/8751
f 8748/8748 8751/8751 8746/8746
f 6381/6381 6382/6382 6383/6383
f 8816/8816 8815/8815 8814/8814
f 8087/8087 8086/8086 8099/8099
f 8813/8813 8814/8814 8815/8815
f 5728/5728 5727/5727 5734/5734
f 5734/5734 5727/5727 5733/5733
f 6387/6387 6389/6389 6382/6382
f 8099/8099 8092/8092 8087/8087
f 6277/6277 6274/6274 6276/6276
f 6387/6387 6393/6393 6389/6389
f 6274/6274 6275/6275 6276/6276
f 6276/6276 6275/6275 6279/6279
f 5733/5733 5736/5736 5734/5734
f 6382/6382 6381/6381 6384/6384
f 8075/8075 8087/8087 8090/8090
f 8086/8086 8087/8087 8075/8075
f 6387/6387 6382/6382 6384/6384
f 8090/8090 8106/8106 8093/8093
f 8106/8106 8090/8090 8091/8091
f 8091/8091 8090/8090 8087/8087
f 8092/8092 8091/8091 8087/8087
f 8075/8075 8090/8090 8093/8093
f 7372/7372 7373/7373 7374/7374
f 7962/7962 7963/7963 7964/7964
f 7447/7447 7448/7448 7449/7449
f 7450/7450 7448/7448 7447/7447
f 9014/9014 8916/8916 8909/8909
f 8991/8991 9014/9014 8909/8909
f 8991/8991 8909/8909 8990/8990
f 7373/7373 7375/7375 7374/7374
f 8992/8992 8991/8991 8990/8990
f 8531/8531 8550/8550 8535/8535
f 9015/9015 9014/9014 8991/8991
f 7429/7429 7433/7433 7430/7430
f 7430/7430 7437/7437 7436/7436
f 7437/7437 7438/7438 7436/7436
f 7429/7429 7428/7428 7426/7426
f 7430/7430 7428/7428 7429/7429
f 7431/7431 7430/7430 7436/7436
f 7428/7428 7430/7430 7431/7431
f 8910/8910 8901/8901 8900/8900
f 8988/8988 8900/8900 8911/8911
f 8924/8924 8988/8988 8911/8911
f 8909/8909 8903/8903 8901/8901
f 8909/8909 8901/8901 8910/8910
f 8910/8910 8900/8900 8988/8988
f 8916/8916 8903/8903 8909/8909
f 8990/8990 8909/8909 8910/8910
f 8910/8910 8988/8988 8989/8989
f 8535/8535 8540/8540 8539/8539
f 8535/8535 8539/8539 8534/8534
f 8532/8532 8535/8535 8534/8534
f 8534/8534 8533/8533 8532/8532
f 7438/7438 7439/7439 7436/7436
f 8530/8530 8531/8531 8535/8535
f 8530/8530 8514/8514 8531/8531
f 8530/8530 8535/8535 8532/8532
f 8530/8530 8532/8532 8529/8529
f 8529/8529 8532/8532 8533/8533
f 8183/8183 8180/8180 8182/8182
f 7436/7436 7439/7439 7431/7431
f 8900/8900 8899/8899 8894/8894
f 8911/8911 8894/8894 8891/8891
f 8900/8900 8894/8894 8911/8911
f 8891/8891 8883/8883 8911/8911
f 8901/8901 8902/8902 8899/8899
f 8903/8903 8902/8902 8901/8901
f 8901/8901 8899/8899 8900/8900
f 8911/8911 8883/8883 8924/8924
f 8539/8539 8538/8538 8534/8534
f 8538/8538 8537/8537 8534/8534
f 8534/8534 8537/8537 8536/8536
f 8536/8536 8533/8533 8534/8534
f 8530/8530 8529/8529 8514/8514
f 8533/8533 8546/8546 8529/8529
f 8546/8546 8533/8533 8536/8536
f 8514/8514 8512/8512 8513/8513
f 8512/8512 8514/8514 8528/8528
f 8528/8528 8514/8514 8529/8529
f 8529/8529 8546/8546 8528/8528
f 8899/8899 8902/8902 8908/8908
f 8895/8895 8894/8894 8899/8899
f 8891/8891 8894/8894 8893/8893
f 8891/8891 8893/8893 8878/8878
f 8891/8891 8878/8878 8879/8879
f 8877/8877 8879/8879 8878/8878
f 8891/8891 8879/8879 8883/8883
f 8880/8880 8879/8879 8877/8877
f 8883/8883 8879/8879 8880/8880
f 8884/8884 8883/8883 8880/8880
f 8884/8884 8885/8885 8883/8883
f 8884/8884 8886/8886 8885/8885
f 9017/9017 8885/8885 8928/8928
f 8928/8928 8885/8885 8886/8886
f 8625/8625 8626/8626 8627/8627
f 9017/9017 8928/8928 8929/8929
f 8546/8546 8515/8515 8528/8528
f 8510/8510 8515/8515 8546/8546
f 8926/8926 8929/8929 8928/8928
f 8893/8893 8895/8895 8896/8896
f 8873/8873 8872/8872 8874/8874
f 7164/7164 7165/7165 7157/7157
f 7164/7164 7157/7157 7163/7163
f 7174/7174 7165/7165 7164/7164
f 8894/8894 8895/8895 8893/8893
f 8893/8893 8896/8896 8878/8878
f 8878/8878 8896/8896 9031/9031
f 9031/9031 8874/8874 8878/8878
f 8875/8875 8874/8874 8872/8872
f 8875/8875 8872/8872 8890/8890
f 8877/8877 8878/8878 8874/8874
f 8874/8874 8875/8875 8877/8877
f 8877/8877 8875/8875 8892/8892
f 8892/8892 8875/8875 8890/8890
f 8892/8892 8881/8881 8877/8877
f 8889/8889 8881/8881 8892/8892
f 8881/8881 8880/8880 8877/8877
f 8880/8880 8881/8881 8882/8882
f 8882/8882 8884/8884 8880/8880
f 8887/8887 8882/8882 8881/8881
f 8882/8882 8886/8886 8884/8884
f 8886/8886 8882/8882 8982/8982
f 8982/8982 8882/8882 8887/8887
f 9048/9048 9049/9049 9050/9050
f 9051/9051 9049/9049 9048/9048
f 8926/8926 8928/8928 8925/8925
f 8897/8897 8895/8895 8898/8898
f 8896/8896 8895/8895 8897/8897
f 8915/8915 8896/8896 8897/8897
f 8915/8915 9031/9031 8896/8896
f 8915/8915 8876/8876 9031/9031
f 7174/7174 7164/7164 7173/7173
f 8876/8876 8874/8874 9031/9031
f 8876/8876 8873/8873 8874/8874
f 8876/8876 8870/8870 8873/8873
f 8873/8873 8870/8870 8872/8872
f 8870/8870 8871/8871 8872/8872
f 8871/8871 8890/8890 8872/8872
f 8890/8890 8871/8871 8927/8927
f 9045/9045 9044/9044 9047/9047
f 9044/9044 9045/9045 9046/9046
f 8881/8881 8889/8889 8888/8888
f 7175/7175 7173/7173 7170/7170
f 7170/7170 7173/7173 7166/7166
f 7166/7166 7163/7163 7167/7167
f 7164/7164 7163/7163 7166/7166
f 7164/7164 7166/7166 7173/7173
f 8871/8871 8870/8870 8869/8869
f 5352/5352 5344/5344 5354/5354
f 5344/5344 5345/5345 5342/5342
f 5352/5352 5345/5345 5344/5344
f 5346/5346 5342/5342 5345/5345
f 5332/5332 5343/5343 5342/5342
f 5340/5340 5343/5343 5332/5332
f 5339/5339 5332/5332 5321/5321
f 5355/5355 5347/5347 5358/5358
f 5359/5359 5357/5357 5356/5356
f 5352/5352 5347/5347 5361/5361
f 5347/5347 5345/5345 5361/5361
f 5347/5347 5346/5346 5345/5345
f 5331/5331 5342/5342 5346/5346
f 5331/5331 5332/5332 5342/5342
f 5328/5328 5332/5332 5331/5331
f 5327/5327 5332/5332 5328/5328
f 5361/5361 5345/5345 5352/5352
f 5321/5321 5332/5332 5327/5327
f 7872/7872 7876/7876 7879/7879
f 5331/5331 5341/5341 5330/5330
f 10586/10586 10587/10587 10588/10588
f 10589/10589 10586/10586 10588/10588
f 10589/10589 10588/10588 10594/10594
f 10595/10595 10589/10589 10594/10594
f 10595/10595 10594/10594 10598/10598
f 10595/10595 10598/10598 10567/10567
f 5308/5308 5307/5307 5318/5318
f 5315/5315 5307/5307 5298/5298
f 5294/5294 5298/5298 5289/5289
f 5315/5315 5298/5298 5294/5294
f 5294/5294 5289/5289 5291/5291
f 5289/5289 5297/5297 5296/5296
f 5296/5296 5290/5290 5289/5289
f 5316/5316 5305/5305 5308/5308
f 5316/5316 5306/5306 5305/5305
f 5308/5308 5305/5305 5307/5307
f 5305/5305 5297/5297 5307/5307
f 5307/5307 5297/5297 5298/5298
f 5298/5298 5297/5297 5289/5289
f 5289/5289 5290/5290 5291/5291
f 5291/5291 5290/5290 5292/5292
f 5292/5292 5290/5290 5295/5295
f 5640/5640 5639/5639 5643/5643
f 5316/5316 5308/5308 5318/5318
f 5293/5293 5291/5291 5292/5292
f 5293/5293 5292/5292 5301/5301
f 5301/5301 5292/5292 5295/5295
f 5302/5302 5301/5301 5295/5295
f 5309/5309 5306/5306 5310/5310
f 5306/5306 5309/5309 5300/5300
f 5305/5305 5306/5306 5300/5300
f 5305/5305 5300/5300 5297/5297
f 5300/5300 5299/5299 5297/5297
f 5299/5299 5296/5296 5297/5297
f 5642/5642 5654/5654 5653/5653
f 5311/5311 5290/5290 5296/5296
f 5312/5312 5290/5290 5311/5311
f 6832/6832 6829/6829 6821/6821
f 6722/6722 6719/6719 6718/6718
f 5639/5639 5642/5642 5653/5653
f 5639/5639 5641/5641 5642/5642
f 6257/6257 6251/6251 6260/6260
f 5290/5290 5312/5312 5295/5295
f 6263/6263 6260/6260 6251/6251
f 5295/5295 5312/5312 5313/5313
f 5045/5045 5046/5046 5047/5047
f 5042/5042 5043/5043 5044/5044
f 6828/6828 6821/6821 6829/6829
f 6718/6718 6720/6720 6721/6721
f 6718/6718 6719/6719 6720/6720
f 4997/4997 4998/4998 4999/4999
f 7761/7761 7762/7762 7763/7763
f 6720/6720 6724/6724 6721/6721
f 5639/5639 5640/5640 5641/5641
f 6258/6258 6257/6257 6259/6259
f 6257/6257 6252/6252 6251/6251
f 6257/6257 6258/6258 6252/6252
f 6251/6251 6252/6252 6253/6253
f 6254/6254 6251/6251 6253/6253
f 6255/6255 6251/6251 6254/6254
f 6401/6401 6403/6403 6404/6404
f 6403/6403 6401/6401 6400/6400
f 6401/6401 6399/6399 6400/6400
f 6400/6400 6399/6399 6397/6397
f 6398/6398 6397/6397 6399/6399
f 6395/6395 6396/6396 6397/6397
f 6395/6395 6397/6397 6398/6398
f 6402/6402 6396/6396 6395/6395
f 6401/6401 6404/6404 6411/6411
f 6405/6405 6402/6402 6395/6395
f 6405/6405 6406/6406 6402/6402
f 6406/6406 6407/6407 6402/6402
f 6722/6722 6723/6723 6719/6719
f 6832/6832 6821/6821 6838/6838
f 6032/6032 6089/6089 6082/6082
f 7978/7978 7979/7979 7980/7980
f 5642/5642 5641/5641 5650/5650
f 6406/6406 6408/6408 6407/6407
f 5555/5555 5573/5573 5562/5562
f 6407/6407 6409/6409 6410/6410
f 6408/6408 6409/6409 6407/6407
f 8194/8194 8196/8196 8195/8195
f 8193/8193 8194/8194 8195/8195
f 5036/5036 5037/5037 5038/5038
f 5039/5039 5040/5040 5041/5041
f 6083/6083 6082/6082 6086/6086
f 4946/4946 4947/4947 4948/4948
f 5549/5549 5555/5555 5562/5562
f 5553/5553 5555/5555 5549/5549
f 5549/5549 5562/5562 5561/5561
f 5549/5549 5561/5561 5560/5560
f 6033/6033 6027/6027 6024/6024
f 6035/6035 6027/6027 6033/6033
f 6025/6025 6020/6020 6022/6022
f 6026/6026 6022/6022 6024/6024
f 6025/6025 6022/6022 6026/6026
f 6026/6026 6024/6024 6027/6027
f 6026/6026 6027/6027 6029/6029
f 6027/6027 6035/6035 6029/6029
f 6029/6029 6035/6035 6051/6051
f 6035/6035 6052/6052 6051/6051
f 6053/6053 6054/6054 6052/6052
f 6053/6053 6052/6052 6035/6035
f 6055/6055 6056/6056 6054/6054
f 6055/6055 6054/6054 6053/6053
f 6080/6080 6018/6018 6020/6020
f 6085/6085 6018/6018 6080/6080
f 6080/6080 6020/6020 6081/6081
f 6081/6081 6025/6025 6032/6032
f 6081/6081 6020/6020 6025/6025
f 6032/6032 6025/6025 6026/6026
f 6052/6052 6054/6054 6059/6059
f 6059/6059 6054/6054 6058/6058
f 6058/6058 6054/6054 6056/6056
f 6068/6068 6056/6056 6055/6055
f 6058/6058 6056/6056 6068/6068
f 6069/6069 6070/6070 6068/6068
f 6069/6069 6068/6068 6055/6055
f 6057/6057 6070/6070 6069/6069
f 6088/6088 6085/6085 6084/6084
f 6085/6085 6080/6080 6084/6084
f 6080/6080 6081/6081 6082/6082
f 6082/6082 6081/6081 6032/6032
f 6073/6073 6058/6058 6068/6068
f 6073/6073 6068/6068 6071/6071
f 6071/6071 6068/6068 6070/6070
f 6071/6071 6070/6070 6072/6072
f 6837/6837 6826/6826 6825/6825
f 6080/6080 6083/6083 6084/6084
f 7011/7011 7013/7013 7012/7012
f 6080/6080 6082/6082 6083/6083
f 6024/6024 6023/6023 6028/6028
f 6024/6024 6028/6028 6033/6033
f 6036/6036 6033/6033 6042/6042
f 6043/6043 6046/6046 6038/6038
f 6047/6047 6046/6046 6043/6043
f 6019/6019 6018/6018 6078/6078
f 6020/6020 6019/6019 6021/6021
f 6018/6018 6019/6019 6020/6020
f 6022/6022 6021/6021 6023/6023
f 6020/6020 6021/6021 6022/6022
f 6022/6022 6023/6023 6024/6024
f 6035/6035 6033/6033 6036/6036
f 6036/6036 6037/6037 6035/6035
f 6035/6035 6037/6037 6038/6038
f 6035/6035 6038/6038 6053/6053
f 6053/6053 6038/6038 6046/6046
f 6053/6053 6046/6046 6055/6055
f 6055/6055 6046/6046 6057/6057
f 6057/6057 6046/6046 6047/6047
f 6057/6057 6047/6047 6050/6050
f 6415/6415 6418/6418 6417/6417
f 6055/6055 6057/6057 6069/6069
f 6417/6417 6412/6412 6415/6415
f 6412/6412 6413/6413 6414/6414
f 8123/8123 8124/8124 8125/8125
f 7010/7010 7011/7011 7012/7012
f 6416/6416 6414/6414 6413/6413
f 6031/6031 6021/6021 6034/6034
f 6021/6021 6030/6030 6023/6023
f 6021/6021 6031/6031 6030/6030
f 6023/6023 6030/6030 6028/6028
f 6028/6028 6030/6030 6033/6033
f 6033/6033 6030/6030 6041/6041
f 6041/6041 6042/6042 6033/6033
f 6036/6036 6042/6042 6039/6039
f 6037/6037 6036/6036 6039/6039
f 6038/6038 6039/6039 6040/6040
f 6037/6037 6039/6039 6038/6038
f 6038/6038 6040/6040 6043/6043
f 6048/6048 6047/6047 6043/6043
f 6049/6049 6050/6050 6047/6047
f 6049/6049 6047/6047 6048/6048
f 6021/6021 6019/6019 6034/6034
f 7441/7441 7446/7446 7442/7442
f 7444/7444 7443/7443 7442/7442
f 7441/7441 7442/7442 7443/7443
f 6670/6670 6573/6573 6574/6574
f 7444/7444 7445/7445 7443/7443
f 6366/6366 6368/6368 6367/6367
f 6935/6935 6940/6940 6939/6939
f 6414/6414 6415/6415 6412/6412
f 6365/6365 6366/6366 6367/6367
f 6369/6369 6366/6366 6365/6365
f 5275/5275 5269/5269 5268/5268
f 5268/5268 5266/5266 5273/5273
f 5285/5285 5273/5273 5266/5266
f 5285/5285 5266/5266 5263/5263
f 5263/5263 5241/5241 5245/5245
f 5245/5245 5241/5241 5238/5238
f 5237/5237 5244/5244 5238/5238
f 5244/5244 5245/5245 5238/5238
f 5237/5237 5239/5239 5244/5244
f 5282/5282 5244/5244 5239/5239
f 5282/5282 5239/5239 5240/5240
f 5282/5282 5240/5240 5281/5281
f 5258/5258 5281/5281 5240/5240
f 6076/6076 6031/6031 6034/6034
f 6031/6031 6067/6067 6030/6030
f 6076/6076 6067/6067 6031/6031
f 6067/6067 6087/6087 6030/6030
f 6030/6030 6045/6045 6041/6041
f 6042/6042 6041/6041 6045/6045
f 6045/6045 6039/6039 6042/6042
f 6039/6039 6045/6045 6044/6044
f 6044/6044 6040/6040 6039/6039
f 6044/6044 6060/6060 6040/6040
f 6062/6062 6043/6043 6040/6040
f 6062/6062 6040/6040 6060/6060
f 6061/6061 6048/6048 6043/6043
f 6061/6061 6043/6043 6062/6062
f 6065/6065 6048/6048 6061/6061
f 6049/6049 6048/6048 6065/6065
f 6622/6622 6579/6579 6636/6636
f 6574/6574 6579/6579 6622/6622
f 6570/6570 6579/6579 6574/6574
f 6573/6573 6570/6570 6574/6574
f 8261/8261 8262/8262 8260/8260
f 8260/8260 8262/8262 8258/8258
f 8253/8253 8256/8256 8254/8254
f 8249/8249 8253/8253 8254/8254
f 8249/8249 8252/8252 8253/8253
f 8247/8247 8252/8252 8249/8249
f 8254/8254 8255/8255 8249/8249
f 8247/8247 8249/8249 8248/8248
f 8247/8247 8248/8248 8246/8246
f 8252/8252 8247/8247 8251/8251
f 6582/6582 6580/6580 6581/6581
f 5519/5519 5506/5506 5518/5518
f 5518/5518 5506/5506 5521/5521
f 5520/5520 5518/5518 5521/5521
f 5689/5689 5724/5724 5686/5686
f 5689/5689 5691/5691 5711/5711
f 5686/5686 5688/5688 5689/5689
f 5689/5689 5688/5688 5691/5691
f 5686/5686 5687/5687 5688/5688
f 5687/5687 5686/5686 5690/5690
f 5686/5686 5746/5746 5690/5690
f 6767/6767 6759/6759 6766/6766
f 5726/5726 5692/5692 5687/5687
f 5692/5692 5688/5688 5687/5687
f 5692/5692 5691/5691 5688/5688
f 6760/6760 6761/6761 6758/6758
f 6759/6759 6758/6758 6765/6765
f 6758/6758 6759/6759 6760/6760
f 6765/6765 6766/6766 6759/6759
f 8704/8704 8710/8710 8709/8709
f 8711/8711 8710/8710 8704/8704
f 5695/5695 5702/5702 5741/5741
f 5711/5711 5741/5741 5758/5758
f 5693/5693 5691/5691 5692/5692
f 5717/5717 5692/5692 5726/5726
f 6763/6763 6758/6758 6762/6762
f 6758/6758 6761/6761 6762/6762
f 5786/5786 5717/5717 5726/5726
f 5786/5786 5726/5726 5687/5687
f 6764/6764 6758/6758 6763/6763
f 6765/6765 6758/6758 6764/6764
f 8169/8169 8167/8167 8168/8168
f 5782/5782 5783/5783 5780/5780
f 6161/6161 6165/6165 6159/6159
f 6163/6163 6165/6165 6161/6161
f 5702/5702 5696/5696 5721/5721
f 5702/5702 5721/5721 5722/5722
f 5702/5702 5695/5695 5696/5696
f 5693/5693 5692/5692 5694/5694
f 5717/5717 5694/5694 5692/5692
f 8166/8166 8163/8163 8171/8171
f 5694/5694 5706/5706 5700/5700
f 5718/5718 5694/5694 5717/5717
f 5706/5706 5694/5694 5718/5718
f 5786/5786 5718/5718 5717/5717
f 8171/8171 8170/8170 8172/8172
f 8167/8167 8171/8171 8163/8163
f 8170/8170 8171/8171 8167/8167
f 5785/5785 5706/5706 5718/5718
f 5785/5785 5718/5718 5786/5786
f 8169/8169 8172/8172 8170/8170
f 5785/5785 5786/5786 5782/5782
f 8169/8169 8170/8170 8167/8167
f 5706/5706 5716/5716 5700/5700
f 5781/5781 5706/5706 5785/5785
f 5716/5716 5706/5706 5781/5781
f 5781/5781 5785/5785 5782/5782
f 5716/5716 5747/5747 5700/5700
f 5716/5716 5781/5781 5747/5747
f 5780/5780 5781/5781 5782/5782
f 5720/5720 5727/5727 5721/5721
f 5696/5696 5720/5720 5721/5721
f 5700/5700 5701/5701 5699/5699
f 5694/5694 5700/5700 5699/5699
f 5747/5747 5703/5703 5700/5700
f 5703/5703 5701/5701 5700/5700
f 5730/5730 5733/5733 5727/5727
f 5727/5727 5729/5729 5730/5730
f 5720/5720 5729/5729 5727/5727
f 5720/5720 5709/5709 5729/5729
f 5698/5698 5693/5693 5697/5697
f 5698/5698 5708/5708 5693/5693
f 5693/5693 5694/5694 5697/5697
f 5697/5697 5694/5694 5699/5699
f 5697/5697 5699/5699 5710/5710
f 5712/5712 5710/5710 5699/5699
f 5713/5713 5712/5712 5701/5701
f 5701/5701 5712/5712 5699/5699
f 5714/5714 5713/5713 5701/5701
f 5704/5704 5714/5714 5701/5701
f 5703/5703 5704/5704 5701/5701
f 5119/5119 5098/5098 5099/5099
f 5744/5744 5736/5736 5733/5733
f 5743/5743 5744/5744 5730/5730
f 5744/5744 5733/5733 5730/5730
f 5729/5729 5731/5731 5730/5730
f 5732/5732 5731/5731 5729/5729
f 5729/5729 5709/5709 5732/5732
f 5538/5538 5537/5537 5533/5533
f 5538/5538 5539/5539 5537/5537
f 5738/5738 5739/5739 5710/5710
f 5539/5539 5538/5538 5540/5540
f 5712/5712 5738/5738 5710/5710
f 5713/5713 5843/5843 5738/5738
f 5712/5712 5713/5713 5738/5738
f 5821/5821 5843/5843 5714/5714
f 5714/5714 5843/5843 5713/5713
f 5719/5719 5821/5821 5714/5714
f 5704/5704 5719/5719 5714/5714
f 5820/5820 5821/5821 5719/5719
f 5137/5137 5128/5128 5196/5196
f 5119/5119 5128/5128 5137/5137
f 5744/5744 5745/5745 5736/5736
f 5744/5744 5743/5743 5745/5745
f 5742/5742 5743/5743 5730/5730
f 5120/5120 5137/5137 5138/5138
f 5119/5119 5137/5137 5120/5120
f 5535/5535 5541/5541 5536/5536
f 5730/5730 5731/5731 5742/5742
f 5120/5120 5138/5138 5141/5141
f 5534/5534 5535/5535 5536/5536
f 5144/5144 5148/5148 5141/5141
f 5142/5142 5141/5141 5140/5140
f 5144/5144 5141/5141 5142/5142
f 5150/5150 5148/5148 5144/5144
f 5149/5149 5148/5148 5150/5150
f 5868/5868 5865/5865 5866/5866
f 5867/5867 5865/5865 5868/5868
f 5146/5146 5150/5150 5144/5144
f 5864/5864 5866/5866 5865/5865
f 5144/5144 5142/5142 5145/5145
f 5151/5151 5149/5149 5150/5150
f 5151/5151 5150/5150 5146/5146
f 5146/5146 5144/5144 5145/5145
f 5739/5739 5864/5864 5865/5865
f 5739/5739 5865/5865 5867/5867
f 5110/5110 5151/5151 5146/5146
f 5101/5101 5151/5151 5110/5110
f 5843/5843 5863/5863 5738/5738
f 5738/5738 5863/5863 5864/5864
f 5738/5738 5864/5864 5739/5739
f 5110/5110 5107/5107 5101/5101
f 5106/5106 5101/5101 5107/5107
f 5137/5137 5196/5196 5159/5159
f 7227/7227 7229/7229 7228/7228
f 5157/5157 5137/5137 5159/5159
f 5159/5159 5158/5158 5157/5157
f 7232/7232 7229/7229 7227/7227
f 7232/7232 7227/7227 7239/7239
f 5154/5154 5157/5157 5158/5158
f 7235/7235 7244/7244 7243/7243
f 7248/7248 7244/7244 7235/7235
f 7235/7235 7229/7229 7232/7232
f 5139/5139 5137/5137 5157/5157
f 5138/5138 5137/5137 5139/5139
f 5139/5139 5157/5157 5154/5154
f 7241/7241 7244/7244 7248/7248
f 7241/7241 7248/7248 7235/7235
f 7240/7240 7235/7235 7232/7232
f 7241/7241 7235/7235 7240/7240
f 5141/5141 5138/5138 5140/5140
f 5140/5140 5138/5138 5139/5139
f 5143/5143 5154/5154 5155/5155
f 5139/5139 5154/5154 5143/5143
f 5156/5156 5155/5155 5180/5180
f 5142/5142 5140/5140 5139/5139
f 5142/5142 5139/5139 5143/5143
f 5153/5153 5142/5142 5143/5143
f 5159/5159 5160/5160 5158/5158
f 7243/7243 7242/7242 7235/7235
f 5158/5158 5160/5160 5161/5161
f 7235/7235 7242/7242 7229/7229
f 7229/7229 7242/7242 7234/7234
f 10605/10605 10607/10607 10606/10606
f 10608/10608 10607/10607 10605/10605
f 10603/10603 10605/10605 10606/10606
f 7608/7608 7607/7607 7611/7611
f 7644/7644 7611/7611 7666/7666
f 7666/7666 7611/7611 7607/7607
f 7666/7666 7607/7607 7664/7664
f 6950/6950 6951/6951 6949/6949
f 7607/7607 7610/7610 7664/7664
f 6957/6957 6954/6954 6956/6956
f 6956/6956 6954/6954 6955/6955
f 6947/6947 6954/6954 6953/6953
f 6955/6955 6954/6954 6947/6947
f 6953/6953 6950/6950 6947/6947
f 6947/6947 6950/6950 6949/6949
f 6948/6948 6947/6947 6944/6944
f 7634/7634 7631/7631 7633/7633
f 7633/7633 7631/7631 7632/7632
f 7625/7625 7632/7632 7626/7626
f 7642/7642 7632/7632 7625/7625
f 7611/7611 7625/7625 7614/7614
f 7642/7642 7625/7625 7611/7611
f 7611/7611 7614/7614 7608/7608
f 7608/7608 7614/7614 7615/7615
f 7608/7608 7615/7615 7609/7609
f 7613/7613 7612/7612 7609/7609
f 7646/7646 7633/7633 7632/7632
f 7646/7646 7632/7632 7643/7643
f 7643/7643 7632/7632 7642/7642
f 7644/7644 7642/7642 7611/7611
f 7607/7607 7608/7608 7609/7609
f 7607/7607 7609/7609 7610/7610
f 7610/7610 7609/7609 7612/7612
f 6958/6958 6952/6952 6951/6951
f 6958/6958 6959/6959 6952/6952
f 6959/6959 6960/6960 6952/6952
f 7643/7643 7645/7645 7646/7646
f 7645/7645 7643/7643 7644/7644
f 7644/7644 7643/7643 7642/7642
f 6952/6952 6949/6949 6951/6951
f 6949/6949 6945/6945 6947/6947
f 6949/6949 6946/6946 6945/6945
f 7324/7324 7325/7325 7322/7322
f 7317/7317 7322/7322 7318/7318
f 7317/7317 7324/7324 7322/7322
f 7316/7316 7317/7317 7318/7318
f 7316/7316 7318/7318 7319/7319
f 7320/7320 7316/7316 7319/7319
f 6945/6945 6944/6944 6947/6947
f 7323/7323 7320/7320 7319/7319
f 6944/6944 6945/6945 6946/6946
f 8176/8176 8177/8177 8178/8178
f 6881/6881 6882/6882 6883/6883
f 8179/8179 8177/8177 8176/8176
f 7601/7601 7626/7626 7630/7630
f 7626/7626 7631/7631 7630/7630
f 7615/7615 7616/7616 7609/7609
f 7616/7616 7627/7627 7609/7609
f 7627/7627 7613/7613 7609/7609
f 7628/7628 7613/7613 7627/7627
f 7613/7613 7628/7628 7656/7656
f 6864/6864 6866/6866 6867/6867
f 6864/6864 6863/6863 6866/6866
f 6864/6864 6861/6861 6863/6863
f 6861/6861 6862/6862 6863/6863
f 7324/7324 7326/7326 7325/7325
f 7316/7316 7320/7320 7321/7321
f 7320/7320 7323/7323 7321/7321
f 5225/5225 5118/5118 5197/5197
f 6865/6865 6862/6862 6861/6861
f 5091/5091 5090/5090 5134/5134
f 5091/5091 5134/5134 5126/5126
f 5091/5091 5126/5126 5117/5117
f 5117/5117 5126/5126 5219/5219
f 5116/5116 5117/5117 5197/5197
f 5117/5117 5219/5219 5197/5197
f 5197/5197 5118/5118 5116/5116
f 5091/5091 5117/5117 5073/5073
f 5114/5114 5117/5117 5116/5116
f 5073/5073 5117/5117 5114/5114
f 5073/5073 5114/5114 5115/5115
f 7601/7601 7602/7602 7603/7603
f 5190/5190 5224/5224 5218/5218
f 5152/5152 5224/5224 5189/5189
f 5224/5224 5190/5190 5189/5189
f 5122/5122 5136/5136 5152/5152
f 5122/5122 5152/5152 5189/5189
f 5187/5187 5122/5122 5189/5189
f 5127/5127 5122/5122 5187/5187
f 5136/5136 5122/5122 5084/5084
f 5097/5097 5122/5122 5127/5127
f 5084/5084 5122/5122 5097/5097
f 5136/5136 5084/5084 5118/5118
f 5083/5083 5116/5116 5118/5118
f 5084/5084 5083/5083 5118/5118
f 5082/5082 5084/5084 5097/5097
f 5090/5090 5067/5067 5072/5072
f 5091/5091 5067/5067 5090/5090
f 5091/5091 5073/5073 5067/5067
f 5079/5079 5114/5114 5116/5116
f 5083/5083 5079/5079 5116/5116
f 5083/5083 5084/5084 5082/5082
f 5066/5066 5067/5067 5073/5073
f 5066/5066 5073/5073 5115/5115
f 5080/5080 5079/5079 5083/5083
f 5080/5080 5082/5082 5081/5081
f 5083/5083 5082/5082 5080/5080
f 7640/7640 7665/7665 7641/7641
f 7640/7640 7624/7624 7688/7688
f 7623/7623 7624/7624 7638/7638
f 7618/7618 7621/7621 7657/7657
f 7618/7618 7657/7657 7629/7629
f 5190/5190 5187/5187 5189/5189
f 7641/7641 7639/7639 7640/7640
f 7637/7637 7623/7623 7638/7638
f 7619/7619 7623/7623 7637/7637
f 7620/7620 7617/7617 7619/7619
f 10396/10396 10381/10381 10389/10389
f 10396/10396 10389/10389 10391/10391
f 10398/10398 10396/10396 10391/10391
f 10690/10690 10694/10694 10693/10693
f 10691/10691 10696/10696 10692/10692
f 10690/10690 10691/10691 10692/10692
f 10690/10690 10695/10695 10697/10697
f 10692/10692 10695/10695 10690/10690
f 10697/10697 10695/10695 10698/10698
f 10652/10652 10651/10651 10654/10654
f 10655/10655 10652/10652 10654/10654
f 10655/10655 10656/10656 10657/10657
f 10655/10655 10654/10654 10656/10656
f 10656/10656 10670/10670 10657/10657
f 10703/10703 10704/10704 10705/10705
f 10703/10703 10706/10706 10704/10704
f 10734/10734 10735/10735 10736/10736
f 10693/10693 10696/10696 10691/10691
f 10690/10690 10693/10693 10691/10691
f 10697/10697 10694/10694 10690/10690
f 5910/5910 5964/5964 5965/5965
f 5910/5910 5965/5965 5913/5913
f 8959/8959 8960/8960 8958/8958
f 7913/7913 7910/7910 7909/7909
f 7917/7917 7910/7910 7913/7913
f 8491/8491 8488/8488 8484/8484
f 8521/8521 8491/8491 8520/8520
f 8487/8487 8489/8489 8493/8493
f 8489/8489 8487/8487 8488/8488
f 6363/6363 6358/6358 6359/6359
f 8116/8116 8117/8117 8118/8118
f 8118/8118 8119/8119 8116/8116
f 7906/7906 7909/7909 7910/7910
f 8961/8961 8962/8962 8958/8958
f 8963/8963 8962/8962 8961/8961
f 8960/8960 8961/8961 8958/8958
f 8960/8960 9018/9018 8961/8961
f 4934/4934 4935/4935 4936/4936
f 8970/8970 8963/8963 8961/8961
f 8961/8961 9018/9018 8970/8970
f 8969/8969 8971/8971 8965/8965
f 8968/8968 8969/8969 8965/8965
f 8968/8968 8965/8965 8963/8963
f 8968/8968 8963/8963 8970/8970
f 8483/8483 8526/8526 8492/8492
f 8483/8483 8492/8492 8484/8484
f 8522/8522 8526/8526 8569/8569
f 8492/8492 8526/8526 8522/8522
f 8491/8491 8484/8484 8492/8492
f 8491/8491 8492/8492 8520/8520
f 8492/8492 8522/8522 8520/8520
f 6336/6336 6338/6338 6335/6335
f 6336/6336 6337/6337 6338/6338
f 8487/8487 8490/8490 8486/8486
f 8487/8487 8484/8484 8488/8488
f 8487/8487 8486/8486 8484/8484
f 6339/6339 6335/6335 6338/6338
f 6339/6339 6338/6338 6337/6337
f 6333/6333 6334/6334 6335/6335
f 9025/9025 9021/9021 8972/8972
f 8966/8966 8964/8964 8972/8972
f 8966/8966 8962/8962 8964/8964
f 4979/4979 4980/4980 4981/4981
f 6360/6360 6358/6358 6363/6363
f 6360/6360 6351/6351 6358/6358
f 7908/7908 7909/7909 7906/7906
f 7905/7905 7908/7908 7906/7906
f 8967/8967 9028/9028 9025/9025
f 8972/8972 8967/8967 9025/9025
f 8967/8967 8972/8972 8964/8964
f 8963/8963 8964/8964 8962/8962
f 7306/7306 7307/7307 7308/7308
f 7303/7303 7304/7304 7305/7305
f 7309/7309 7307/7307 7306/7306
f 7908/7908 7912/7912 7909/7909
f 8481/8481 8482/8482 8526/8526
f 8481/8481 8526/8526 8483/8483
f 8967/8967 8965/8965 8971/8971
f 9028/9028 8967/8967 8971/8971
f 8965/8965 8967/8967 8964/8964
f 8965/8965 8964/8964 8963/8963
f 8481/8481 8483/8483 8480/8480
f 8475/8475 8508/8508 8547/8547
f 8508/8508 8475/8475 8480/8480
f 8485/8485 8508/8508 8480/8480
f 8484/8484 8480/8480 8483/8483
f 8485/8485 8480/8480 8484/8484
f 6335/6335 6340/6340 6336/6336
f 6341/6341 6340/6340 6335/6335
f 6340/6340 6337/6337 6336/6336
f 8547/8547 8508/8508 8490/8490
f 8490/8490 8485/8485 8486/8486
f 8490/8490 8508/8508 8485/8485
f 8486/8486 8485/8485 8484/8484
f 6343/6343 6342/6342 6335/6335
f 6343/6343 6335/6335 6334/6334
f 6341/6341 6335/6335 6342/6342
f 8478/8478 8476/8476 8477/8477
f 8495/8495 8503/8503 8478/8478
f 9030/9030 9021/9021 9025/9025
f 9019/9019 8972/8972 9021/9021
f 8972/8972 9019/9019 8966/8966
f 6700/6700 6696/6696 6701/6701
f 6703/6703 6704/6704 6705/6705
f 6706/6706 6705/6705 6704/6704
f 8482/8482 8476/8476 8478/8478
f 8482/8482 8478/8478 8503/8503
f 8474/8474 8473/8473 8475/8475
f 8476/8476 8475/8475 8473/8473
f 8480/8480 8475/8475 8476/8476
f 8481/8481 8476/8476 8482/8482
f 8480/8480 8476/8476 8481/8481
f 7362/7362 7363/7363 7364/7364
f 8410/8410 8409/8409 8405/8405
f 8411/8411 8409/8409 8410/8410
f 8411/8411 8412/8412 8409/8409
f 8640/8640 8641/8641 8642/8642
f 8412/8412 8411/8411 8547/8547
f 8547/8547 8474/8474 8475/8475
f 8405/8405 8409/8409 8407/8407
f 8405/8405 8407/8407 8406/8406
f 8407/8407 8409/8409 8412/8412
f 8407/8407 8408/8408 8406/8406
f 8519/8519 8407/8407 8412/8412
f 8467/8467 8433/8433 8468/8468
f 8404/8404 8433/8433 8467/8467
f 8467/8467 8468/8468 8469/8469
f 8469/8469 8468/8468 8501/8501
f 8473/8473 8501/8501 8479/8479
f 8476/8476 8473/8473 8477/8477
f 8473/8473 8479/8479 8477/8477
f 8402/8402 8404/8404 8467/8467
f 8470/8470 8467/8467 8469/8469
f 8470/8470 8469/8469 8501/8501
f 8470/8470 8501/8501 8473/8473
f 8518/8518 8402/8402 8467/8467
f 8471/8471 8467/8467 8470/8470
f 8518/8518 8467/8467 8471/8471
f 8471/8471 8470/8470 8472/8472
f 8474/8474 8472/8472 8473/8473
f 8472/8472 8470/8470 8473/8473
f 8413/8413 8400/8400 8402/8402
f 8618/8618 8623/8623 8621/8621
f 8624/8624 8623/8623 8618/8618
f 8618/8618 8621/8621 8619/8619
f 8618/8618 8620/8620 8622/8622
f 8618/8618 8619/8619 8620/8620
f 8405/8405 8400/8400 8413/8413
f 8405/8405 8413/8413 8410/8410
f 8549/8549 8501/8501 8468/8468
f 8501/8501 8549/8549 8479/8479
f 5051/5051 5052/5052 5053/5053
f 5048/5048 5049/5049 5050/5050
f 8984/8984 8987/8987 8941/8941
f 8984/8984 8941/8941 8947/8947
f 7510/7510 7512/7512 7504/7504
f 7930/7930 7931/7931 7927/7927
f 7904/7904 7933/7933 7931/7931
f 7934/7934 7933/7933 7904/7904
f 7931/7931 7930/7930 7904/7904
f 7935/7935 7934/7934 7904/7904
f 7922/7922 7904/7904 7915/7915
f 7922/7922 7935/7935 7904/7904
f 7907/7907 7922/7922 7915/7915
f 7484/7484 7481/7481 7483/7483
f 7487/7487 7486/7486 7483/7483
f 7490/7490 7488/7488 7487/7487
f 7494/7494 7488/7488 7490/7490
f 7503/7503 7494/7494 7490/7490
f 7490/7490 7492/7492 7503/7503
f 7501/7501 7503/7503 7492/7492
f 9034/9034 9033/9033 9035/9035
f 8985/8985 8986/8986 8984/8984
f 7504/7504 7503/7503 7501/7501
f 8947/8947 8985/8985 8984/8984
f 7504/7504 7501/7501 7505/7505
f 7505/7505 7501/7501 7508/7508
f 7505/7505 7510/7510 7504/7504
f 7923/7923 7927/7927 7926/7926
f 7923/7923 7930/7930 7927/7927
f 7932/7932 7904/7904 7930/7930
f 7932/7932 7930/7930 7923/7923
f 7902/7902 7903/7903 7904/7904
f 7932/7932 7902/7902 7904/7904
f 7902/7902 7923/7923 7920/7920
f 7932/7932 7923/7923 7902/7902
f 7904/7904 7903/7903 7915/7915
f 4982/4982 4983/4983 4984/4984
f 7915/7915 7914/7914 7907/7907
f 7902/7902 7914/7914 7915/7915
f 7905/7905 7907/7907 7914/7914
f 7483/7483 7482/7482 7511/7511
f 7481/7481 7482/7482 7483/7483
f 7482/7482 7495/7495 7511/7511
f 7495/7495 7482/7482 7479/7479
f 7495/7495 7479/7479 7497/7497
f 7497/7497 7479/7479 7474/7474
f 7497/7497 7474/7474 7498/7498
f 7511/7511 7489/7489 7483/7483
f 7495/7495 7489/7489 7511/7511
f 7489/7489 7495/7495 7506/7506
f 7506/7506 7495/7495 7497/7497
f 7506/7506 7497/7497 7507/7507
f 7507/7507 7497/7497 7498/7498
f 7489/7489 7487/7487 7483/7483
f 7499/7499 7489/7489 7506/7506
f 7487/7487 7489/7489 7499/7499
f 7507/7507 7534/7534 7499/7499
f 7507/7507 7499/7499 7506/7506
f 7535/7535 7534/7534 7507/7507
f 7490/7490 7487/7487 7491/7491
f 7491/7491 7487/7487 7499/7499
f 7532/7532 7534/7534 7535/7535
f 7493/7493 7491/7491 7499/7499
f 7493/7493 7499/7499 7500/7500
f 7513/7513 7499/7499 7534/7534
f 7500/7500 7499/7499 7513/7513
f 7534/7534 7532/7532 7513/7513
f 7492/7492 7490/7490 7491/7491
f 7492/7492 7491/7491 7493/7493
f 10662/10662 10663/10663 10659/10659
f 10664/10664 10663/10663 10662/10662
f 10662/10662 10665/10665 10664/10664
f 7492/7492 7493/7493 7501/7501
f 10665/10665 10666/10666 10664/10664
f 10666/10666 10665/10665 10667/10667
f 7501/7501 7493/7493 7502/7502
f 7513/7513 7530/7530 7502/7502
f 7529/7529 7530/7530 7513/7513
f 10752/10752 10753/10753 10754/10754
f 10402/10402 10401/10401 10400/10400
f 10400/10400 10401/10401 10399/10399
f 7508/7508 7501/7501 7509/7509
f 7501/7501 7502/7502 7509/7509
f 10399/10399 10386/10386 10400/10400
f 7451/7451 7453/7453 7454/7454
f 7199/7199 7200/7200 7201/7201
f 10386/10386 10399/10399 10397/10397
f 7509/7509 7502/7502 7530/7530
f 10386/10386 10397/10397 10387/10387
f 10382/10382 10386/10386 10387/10387
f 10381/10381 10385/10385 10382/10382
f 10382/10382 10385/10385 10386/10386
f 7929/7929 7928/7928 7926/7926
f 7451/7451 7452/7452 7453/7453
f 7928/7928 7929/7929 7936/7936
f 8026/8026 8020/8020 8024/8024
f 7509/7509 7530/7530 7558/7558
f 7531/7531 7530/7530 7529/7529
f 8020/8020 8021/8021 8022/8022
f 7529/7529 7524/7524 7531/7531
f 7925/7925 7926/7926 7928/7928
f 7923/7923 7926/7926 7925/7925
f 8025/8025 8024/8024 8023/8023
f 8020/8020 8023/8023 8024/8024
f 7924/7924 7923/7923 7925/7925
f 8014/8014 8023/8023 8020/8020
f 8014/8014 8020/8020 8022/8022
f 7543/7543 7533/7533 7520/7520
f 8009/8009 8023/8023 8013/8013
f 8009/8009 8025/8025 8023/8023
f 8023/8023 8014/8014 8013/8013
f 8014/8014 8022/8022 8016/8016
f 8022/8022 8017/8017 8016/8016
f 4985/4985 4986/4986 4987/4987
f 7544/7544 7533/7533 7543/7543
f 7920/7920 7923/7923 7924/7924
f 7775/7775 7776/7776 7777/7777
f 8010/8010 8009/8009 8013/8013
f 8014/8014 8010/8010 8013/8013
f 8014/8014 8012/8012 8010/8010
f 8015/8015 8014/8014 8016/8016
f 8015/8015 8012/8012 8014/8014
f 8017/8017 8015/8015 8016/8016
f 7920/7920 7918/7918 7902/7902
f 8047/8047 8048/8048 8049/8049
f 8012/8012 8011/8011 8010/8010
f 8012/8012 8015/8015 8011/8011
f 7916/7916 7914/7914 7902/7902
f 7902/7902 7918/7918 7916/7916
f 7893/7893 7897/7897 7894/7894
f 7893/7893 7898/7898 7897/7897
f 7916/7916 7921/7921 7914/7914
f 7553/7553 7498/7498 7474/7474
f 7498/7498 7535/7535 7507/7507
f 7551/7551 7535/7535 7498/7498
f 7553/7553 7551/7551 7498/7498
f 7551/7551 7525/7525 7535/7535
f 7526/7526 7532/7532 7525/7525
f 7525/7525 7532/7532 7535/7535
f 7515/7515 7532/7532 7526/7526
f 7514/7514 7493/7493 7500/7500
f 7514/7514 7500/7500 7513/7513
f 7532/7532 7528/7528 7513/7513
f 7532/7532 7515/7515 7528/7528
f 7517/7517 7528/7528 7515/7515
f 7517/7517 7516/7516 7518/7518
f 7514/7514 7502/7502 7493/7493
f 7502/7502 7514/7514 7513/7513
f 7529/7529 7513/7513 7528/7528
f 7528/7528 7517/7517 7529/7529
f 7595/7595 7596/7596 7597/7597
f 7517/7517 7524/7524 7529/7529
f 7519/7519 7518/7518 7521/7521
f 7517/7517 7518/7518 7519/7519
f 7520/7520 7524/7524 7517/7517
f 7527/7527 7524/7524 7520/7520
f 7520/7520 7519/7519 7542/7542
f 7517/7517 7519/7519 7520/7520
f 7527/7527 7531/7531 7524/7524
f 7542/7542 7543/7543 7520/7520
f 7527/7527 7533/7533 7531/7531
f 7533/7533 7527/7527 7520/7520
f 7542/7542 7545/7545 7543/7543
f 7543/7543 7545/7545 7559/7559
f 7543/7543 7559/7559 7544/7544
f 7563/7563 7567/7567 7559/7559
f 8015/8015 8017/8017 8018/8018
f 8007/8007 8008/8008 8009/8009
f 8010/8010 8006/8006 8009/8009
f 8006/8006 8007/8007 8009/8009
f 8006/8006 8010/8010 8011/8011
f 8015/8015 8019/8019 8011/8011
f 7567/7567 7565/7565 7568/7568
f 7565/7565 7567/7567 7563/7563
f 8002/8002 8006/8006 8005/8005
f 8007/8007 8006/8006 8002/8002
f 8005/8005 8011/8011 8019/8019
f 8011/8011 8005/8005 8006/8006
f 7891/7891 7893/7893 7894/7894
f 7891/7891 7892/7892 7893/7893
f 7895/7895 7891/7891 7894/7894
f 7919/7919 7916/7916 7918/7918
f 7891/7891 7895/7895 7896/7896
f 8004/8004 8007/8007 8002/8002
f 7899/7899 7900/7900 7901/7901
f 6229/6229 6243/6243 6246/6246
f 6652/6652 6650/6650 6651/6651
f 6631/6631 6630/6630 6629/6629
f 6629/6629 6641/6641 6631/6631
f 6935/6935 6934/6934 6937/6937
f 7553/7553 7554/7554 7552/7552
f 7553/7553 7552/7552 7551/7551
f 6229/6229 6246/6246 6250/6250
f 7537/7537 7538/7538 7539/7539
f 6142/6142 6144/6144 6143/6143
f 6142/6142 6145/6145 6144/6144
f 6630/6630 6646/6646 6647/6647
f 6630/6630 6631/6631 6646/6646
f 6631/6631 6641/6641 6646/6646
f 7552/7552 7525/7525 7551/7551
f 7552/7552 7538/7538 7523/7523
f 7552/7552 7523/7523 7525/7525
f 7523/7523 7538/7538 7537/7537
f 6141/6141 6142/6142 6143/6143
f 7397/7397 7394/7394 7396/7396
f 7394/7394 7395/7395 7396/7396
f 7394/7394 7423/7423 7395/7395
f 7522/7522 7526/7526 7525/7525
f 7523/7523 7522/7522 7525/7525
f 6147/6147 6142/6142 6141/6141
f 7394/7394 7409/7409 7423/7423
f 7526/7526 7516/7516 7515/7515
f 7522/7522 7516/7516 7526/7526
f 7518/7518 7522/7522 7523/7523
f 7516/7516 7522/7522 7518/7518
f 7523/7523 7537/7537 7536/7536
f 7523/7523 7536/7536 7518/7518
f 7515/7515 7516/7516 7517/7517
f 7540/7540 7521/7521 7518/7518
f 7536/7536 7540/7540 7518/7518
f 7521/7521 7540/7540 7519/7519
f 7540/7540 7546/7546 7519/7519
f 7546/7546 7548/7548 7549/7549
f 7540/7540 7548/7548 7546/7546
f 7542/7542 7519/7519 7546/7546
f 7555/7555 7546/7546 7549/7549
f 7556/7556 7555/7555 7549/7549
f 7547/7547 7546/7546 7555/7555
f 7542/7542 7546/7546 7547/7547
f 7557/7557 7555/7555 7556/7556
f 7547/7547 7555/7555 7557/7557
f 6983/6983 6984/6984 6985/6985
f 7756/7756 7754/7754 7752/7752
f 6983/6983 6985/6985 6986/6986
f 7560/7560 7563/7563 7559/7559
f 7559/7559 7545/7545 7560/7560
f 7560/7560 7565/7565 7563/7563
f 7569/7569 7570/7570 7568/7568
f 7569/7569 7568/7568 7565/7565
f 8004/8004 8002/8002 8001/8001
f 8003/8003 8002/8002 8005/8005
f 8001/8001 8002/8002 8003/8003
f 7727/7727 7728/7728 7729/7729
f 7571/7571 7570/7570 7569/7569
f 7572/7572 7571/7571 7569/7569
f 7413/7413 7411/7411 7412/7412
f 7412/7412 7422/7422 7413/7413
f 5514/5514 5517/5517 5516/5516
f 7989/7989 7990/7990 7991/7991
f 6230/6230 6229/6229 6250/6250
f 7411/7411 7396/7396 7412/7412
f 7407/7407 7396/7396 7411/7411
f 5515/5515 5514/5514 5516/5516
f 7397/7397 7396/7396 7407/7407
f 7397/7397 7409/7409 7394/7394
f 7408/7408 7409/7409 7397/7397
f 7401/7401 7399/7399 7402/7402
f 6148/6148 6142/6142 6147/6147
f 7409/7409 7408/7408 7401/7401
f 7541/7541 7540/7540 7536/7536
f 6809/6809 6813/6813 6819/6819
f 6813/6813 6809/6809 6811/6811
f 7549/7549 7548/7548 7550/7550
f 7549/7549 7550/7550 7556/7556
f 7755/7755 7748/7748 7751/7751
f 7754/7754 7755/7755 7751/7751
f 7751/7751 7752/7752 7754/7754
f 7545/7545 7564/7564 7562/7562
f 7561/7561 7560/7560 7545/7545
f 7561/7561 7545/7545 7562/7562
f 7566/7566 7565/7565 7560/7560
f 7991/7991 7990/7990 7992/7992
f 7414/7414 7411/7411 7413/7413
f 5517/5517 5514/5514 5518/5518
f 7397/7397 7407/7407 7403/7403
f 7403/7403 7408/7408 7397/7397
f 7403/7403 7400/7400 7401/7401
f 7401/7401 7408/7408 7403/7403
f 7400/7400 7399/7399 7401/7401
f 7398/7398 7399/7399 7400/7400
f 6818/6818 6817/6817 6809/6809
f 6809/6809 6817/6817 6810/6810
f 6809/6809 6810/6810 6811/6811
f 6811/6811 6810/6810 6812/6812
f 10815/10815 10816/10816 10817/10817
f 7748/7748 7746/7746 7745/7745
f 7748/7748 7749/7749 7746/7746
f 10802/10802 10801/10801 10804/10804
f 10800/10800 10801/10801 10802/10802
f 10805/10805 10807/10807 10808/10808
f 7748/7748 7745/7745 7751/7751
f 10801/10801 10800/10800 10803/10803
f 10805/10805 10806/10806 10807/10807
f 10809/10809 10810/10810 10811/10811
f 7745/7745 7750/7750 7751/7751
f 7750/7750 7752/7752 7751/7751
f 7753/7753 7752/7752 7750/7750
f 7415/7415 7411/7411 7414/7414
f 7415/7415 7407/7407 7411/7411
f 7407/7407 7406/7406 7403/7403
f 7415/7415 7406/7406 7407/7407
f 7405/7405 7403/7403 7406/7406
f 7404/7404 7400/7400 7403/7403
f 7405/7405 7404/7404 7403/7403
f 7398/7398 7400/7400 7404/7404
f 6817/6817 6815/6815 6810/6810
f 6814/6814 6810/6810 6815/6815
f 6814/6814 6812/6812 6810/6810
f 10812/10812 10813/10813 10814/10814
f 7745/7745 7746/7746 7747/7747
f 7747/7747 7746/7746 7749/7749
f 5474/5474 5499/5499 5489/5489
f 6149/6149 6152/6152 6150/6150
f 7416/7416 7415/7415 7414/7414
f 7417/7417 7415/7415 7416/7416
f 7415/7415 7417/7417 7420/7420
f 6788/6788 6789/6789 6784/6784
f 7420/7420 7406/7406 7415/7415
f 6792/6792 6789/6789 6788/6788
f 7410/7410 7404/7404 7405/7405
f 7404/7404 7410/7410 7419/7419
f 7398/7398 7404/7404 7419/7419
f 6816/6816 6814/6814 6815/6815
f 6820/6820 6814/6814 6816/6816
f 6820/6820 6812/6812 6814/6814
f 9474/9474 9467/9467 9475/9475
f 9473/9473 9467/9467 9474/9474
f 9474/9474 9477/9477 9473/9473
f 9479/9479 9477/9477 9474/9474
f 9483/9483 9479/9479 9452/9452
f 9477/9477 9479/9479 9483/9483
f 9452/9452 9435/9435 9483/9483
f 9452/9452 9451/9451 9435/9435
f 9431/9431 9435/9435 9451/9451
f 9456/9456 9431/9431 9451/9451
f 9431/9431 9456/9456 9429/9429
f 9429/9429 9430/9430 9431/9431
f 9430/9430 9429/9429 9432/9432
f 9432/9432 9442/9442 9440/9440
f 9430/9430 9432/9432 9440/9440
f 9440/9440 9442/9442 9443/9443
f 9443/9443 9444/9444 9440/9440
f 9447/9447 9444/9444 9443/9443
f 9843/9843 9840/9840 9842/9842
f 9840/9840 9841/9841 9842/9842
f 9443/9443 9448/9448 9447/9447
f 9137/9137 9138/9138 9139/9139
f 10143/10143 10144/10144 10145/10145
f 9843/9843 9842/9842 9844/9844
f 9476/9476 9474/9474 9475/9475
f 9785/9785 9786/9786 9787/9787
f 9476/9476 9479/9479 9474/9474
f 9479/9479 9480/9480 9452/9452
f 9476/9476 9480/9480 9479/9479
f 9452/9452 9480/9480 9451/9451
f 9455/9455 9456/9456 9451/9451
f 9455/9455 9429/9429 9456/9456
f 9455/9455 9446/9446 9429/9429
f 9429/9429 9446/9446 9432/9432
f 9446/9446 9442/9442 9432/9432
f 9445/9445 9442/9442 9446/9446
f 9445/9445 9443/9443 9442/9442
f 9450/9450 9443/9443 9445/9445
f 9449/9449 9448/9448 9443/9443
f 10129/10129 10130/10130 10131/10131
f 9460/9460 9463/9463 9449/9449
f 9460/9460 9462/9462 9463/9463
f 9844/9844 9842/9842 9845/9845
f 9107/9107 9108/9108 9109/9109
f 9455/9455 9458/9458 9446/9446
f 9454/9454 9445/9445 9458/9458
f 9458/9458 9445/9445 9446/9446
f 9454/9454 9450/9450 9445/9445
f 9454/9454 9453/9453 9450/9450
f 9453/9453 9443/9443 9450/9450
f 9459/9459 9449/9449 9453/9453
f 9449/9449 9443/9443 9453/9453
f 9459/9459 9460/9460 9449/9449
f 9461/9461 9460/9460 9459/9459
f 9461/9461 9462/9462 9460/9460
f 6505/6505 6497/6497 6498/6498
f 6505/6505 6498/6498 6506/6506
f 6498/6498 6507/6507 6506/6506
f 6499/6499 6494/6494 6501/6501
f 6493/6493 6490/6490 6491/6491
f 6513/6513 6512/6512 6532/6532
f 6532/6532 6512/6512 6533/6533
f 6533/6533 6512/6512 6496/6496
f 6533/6533 6496/6496 6495/6495
f 6529/6529 6533/6533 6495/6495
f 6529/6529 6495/6495 6499/6499
f 5372/5372 5366/5366 5368/5368
f 5371/5371 5364/5364 5372/5372
f 5372/5372 5364/5364 5366/5366
f 5371/5371 5362/5362 5364/5364
f 5409/5409 5362/5362 5371/5371
f 5409/5409 5365/5365 5362/5362
f 5365/5365 5409/5409 5374/5374
f 5376/5376 5374/5374 5377/5377
f 5378/5378 5377/5377 5383/5383
f 5378/5378 5376/5376 5377/5377
f 5367/5367 5369/5369 5368/5368
f 5367/5367 5368/5368 5366/5366
f 5364/5364 5363/5363 5366/5366
f 5366/5366 5363/5363 5367/5367
f 5362/5362 5363/5363 5364/5364
f 5365/5365 5363/5363 5362/5362
f 5365/5365 5373/5373 5363/5363
f 5374/5374 5373/5373 5365/5365
f 5375/5375 5373/5373 5374/5374
f 5376/5376 5375/5375 5374/5374
f 5376/5376 5382/5382 5375/5375
f 5376/5376 5379/5379 5382/5382
f 5376/5376 5378/5378 5379/5379
f 5379/5379 5378/5378 5380/5380
f 7660/7660 7661/7661 7648/7648
f 7647/7647 7648/7648 7661/7661
f 9908/9908 9903/9903 9907/9907
f 9738/9738 9735/9735 9739/9739
f 9837/9837 9838/9838 9839/9839
f 9739/9739 9740/9740 9738/9738
f 9414/9414 9409/9409 9413/9413
f 9734/9734 9736/9736 9737/9737
f 9735/9735 9738/9738 9736/9736
f 10169/10169 10170/10170 10171/10171
f 10155/10155 10170/10170 10169/10169
f 10155/10155 10169/10169 10156/10156
f 9916/9916 9914/9914 9913/9913
f 9471/9471 9470/9470 9469/9469
f 9469/9469 9481/9481 9482/9482
f 9913/9913 9914/9914 9915/9915
f 9910/9910 9911/9911 9912/9912
f 9482/9482 9481/9481 9437/9437
f 9408/9408 9413/9413 9409/9409
f 9409/9409 9404/9404 9408/9408
f 9409/9409 9410/9410 9404/9404
f 9411/9411 9402/9402 9410/9410
f 9410/9410 9402/9402 9404/9404
f 10172/10172 10173/10173 10171/10171
f 10171/10171 10170/10170 10172/10172
f 9438/9438 9457/9457 9465/9465
f 9695/9695 9696/9696 9697/9697
f 10173/10173 10174/10174 10175/10175
f 10173/10173 10172/10172 10174/10174
f 9698/9698 9697/9697 9696/9696
f 9470/9470 9468/9468 9469/9469
f 9469/9469 9478/9478 9481/9481
f 9437/9437 9478/9478 9436/9436
f 9481/9481 9478/9478 9437/9437
f 9434/9434 9441/9441 9437/9437
f 9434/9434 9437/9437 9436/9436
f 9433/9433 9441/9441 9434/9434
f 9441/9441 9433/9433 9464/9464
f 9433/9433 9439/9439 9464/9464
f 9439/9439 9433/9433 9438/9438
f 9405/9405 9402/9402 9427/9427
f 9438/9438 9440/9440 9457/9457
f 9405/9405 9427/9427 9412/9412
f 10180/10180 10174/10174 10172/10172
f 10184/10184 10180/10180 10172/10172
f 10202/10202 10203/10203 10204/10204
f 10175/10175 10174/10174 10176/10176
f 10180/10180 10181/10181 10174/10174
f 10180/10180 10184/10184 10181/10181
f 10177/10177 10174/10174 10181/10181
f 10176/10176 10174/10174 10177/10177
f 9469/9469 9468/9468 9467/9467
f 9473/9473 9469/9469 9467/9467
f 9473/9473 9478/9478 9469/9469
f 9477/9477 9478/9478 9473/9473
f 9478/9478 9483/9483 9436/9436
f 9477/9477 9483/9483 9478/9478
f 9435/9435 9436/9436 9483/9483
f 9435/9435 9434/9434 9436/9436
f 9434/9434 9435/9435 9431/9431
f 9431/9431 9433/9433 9434/9434
f 9430/9430 9438/9438 9433/9433
f 9430/9430 9433/9433 9431/9431
f 9440/9440 9438/9438 9430/9430
f 10182/10182 10177/10177 10184/10184
f 10184/10184 10177/10177 10181/10181
f 10177/10177 10178/10178 10176/10176
f 10176/10176 10178/10178 10179/10179
f 10182/10182 10178/10178 10177/10177
f 10182/10182 10183/10183 10178/10178
f 6300/6300 6302/6302 6301/6301
f 8465/8465 8523/8523 8562/8562
f 6303/6303 6302/6302 6300/6300
f 8465/8465 8452/8452 8523/8523
f 8465/8465 8448/8448 8452/8452
f 8454/8454 8452/8452 8453/8453
f 8454/8454 8453/8453 8456/8456
f 8451/8451 8452/8452 8448/8448
f 8453/8453 8452/8452 8451/8451
f 8450/8450 8451/8451 8448/8448
f 8455/8455 8451/8451 8450/8450
f 8455/8455 8450/8450 8449/8449
f 8565/8565 8449/8449 8466/8466
f 8752/8752 8767/8767 8741/8741
f 8457/8457 8456/8456 8453/8453
f 8458/8458 8453/8453 8451/8451
f 8457/8457 8453/8453 8458/8458
f 8543/8543 8451/8451 8455/8455
f 8458/8458 8451/8451 8543/8543
f 8525/8525 8455/8455 8449/8449
f 8543/8543 8455/8455 8525/8525
f 8601/8601 8599/8599 8598/8598
f 8598/8598 8599/8599 8600/8600
f 8428/8428 8565/8565 8326/8326
f 8767/8767 8744/8744 8741/8741
f 8772/8772 8744/8744 8767/8767
f 8772/8772 8767/8767 8774/8774
f 8566/8566 8457/8457 8458/8458
f 8567/8567 8457/8457 8566/8566
f 8566/8566 8458/8458 8543/8543
f 8602/8602 8601/8601 8598/8598
f 8747/8747 8746/8746 8745/8745
f 8744/8744 8772/8772 8773/8773
f 8567/8567 8566/8566 8568/8568
f 8566/8566 8573/8573 8568/8568
f 8543/8543 8573/8573 8566/8566
f 8573/8573 8543/8543 8525/8525
f 8427/8427 8561/8561 8428/8428
f 8427/8427 8428/8428 8426/8426
f 8423/8423 8428/8428 8326/8326
f 8426/8426 8428/8428 8423/8423
f 8423/8423 8326/8326 8422/8422
f 8427/8427 8426/8426 8425/8425
f 8425/8425 8426/8426 8423/8423
f 8424/8424 8423/8423 8422/8422
f 8425/8425 8423/8423 8424/8424
f 8424/8424 8422/8422 8431/8431
f 8769/8769 8753/8753 8755/8755
f 8754/8754 8769/8769 8770/8770
f 8753/8753 8769/8769 8754/8754
f 8447/8447 8446/8446 8443/8443
f 8466/8466 8447/8447 8443/8443
f 8466/8466 8443/8443 8310/8310
f 8446/8446 8448/8448 8465/8465
f 8448/8448 8446/8446 8447/8447
f 8448/8448 8447/8447 8449/8449
f 8449/8449 8447/8447 8466/8466
f 8308/8308 8310/8310 8309/8309
f 8325/8325 8308/8308 8307/8307
f 8740/8740 8733/8733 8739/8739
f 8739/8739 8753/8753 8752/8752
f 8752/8752 8753/8753 8754/8754
f 8450/8450 8448/8448 8449/8449
f 8565/8565 8310/8310 8308/8308
f 8466/8466 8310/8310 8565/8565
f 8741/8741 8740/8740 8739/8739
f 8741/8741 8739/8739 8752/8752
f 8326/8326 8565/8565 8308/8308
f 8308/8308 8325/8325 8326/8326
f 8742/8742 8775/8775 8740/8740
f 8746/8746 8775/8775 8742/8742
f 8742/8742 8740/8740 8741/8741
f 9909/9909 9907/9907 9904/9904
f 9904/9904 9907/9907 9903/9903
f 8746/8746 8742/8742 8745/8745
f 8745/8745 8742/8742 8744/8744
f 8744/8744 8742/8742 8741/8741
f 10125/10125 10126/10126 10127/10127
f 10152/10152 10150/10150 10149/10149
f 10126/10126 10128/10128 10127/10127
f 10149/10149 10150/10150 10151/10151
f 7757/7757 7758/7758 7759/7759
f 7760/7760 7757/7757 7759/7759
f 7263/7263 7264/7264 7265/7265
f 10150/10150 10153/10153 10151/10151
f 7264/7264 7263/7263 7266/7266
f 10151/10151 10153/10153 10154/10154
f 9903/9903 9902/9902 9904/9904
f 9904/9904 9902/9902 9905/9905
f 8739/8739 8755/8755 8753/8753
f 8739/8739 8766/8766 8755/8755
f 9901/9901 9902/9902 9903/9903
f 9898/9898 9905/9905 9902/9902
f 9906/9906 9902/9902 9901/9901
f 9902/9902 9906/9906 9897/9897
f 9898/9898 9902/9902 9897/9897
f 10155/10155 10156/10156 10157/10157
f 10168/10168 10164/10164 10157/10157
f 10167/10167 10164/10164 10168/10168
f 10167/10167 10163/10163 10164/10164
f 10167/10167 10185/10185 10163/10163
f 9897/9897 9894/9894 9896/9896
f 9897/9897 9896/9896 9898/9898
f 9894/9894 9897/9897 9900/9900
f 10049/10049 10050/10050 10051/10051
f 10042/10042 10043/10043 10044/10044
f 9333/9333 9377/9377 9344/9344
f 9333/9333 9332/9332 9377/9377
f 9806/9806 9809/9809 9808/9808
f 9805/9805 9806/9806 9808/9808
f 9973/9973 9974/9974 9972/9972
f 9344/9344 9310/9310 9333/9333
f 9344/9344 9311/9311 9310/9310
f 9805/9805 9808/9808 9810/9810
f 9973/9973 9972/9972 9940/9940
f 9805/9805 9810/9810 9807/9807
f 9308/9308 9310/9310 9311/9311
f 9367/9367 9366/9366 9308/9308
f 9940/9940 9942/9942 9978/9978
f 9978/9978 9942/9942 9941/9941
f 10829/10829 10830/10830 10831/10831
f 10822/10822 10823/10823 10824/10824
f 10818/10818 10819/10819 10820/10820
f 10158/10158 10155/10155 10157/10157
f 9412/9412 9418/9418 9424/9424
f 10164/10164 10159/10159 10157/10157
f 10159/10159 10158/10158 10157/10157
f 9415/9415 9424/9424 9418/9418
f 10164/10164 10163/10163 10159/10159
f 10825/10825 10823/10823 10822/10822
f 10163/10163 10162/10162 10159/10159
f 10185/10185 10162/10162 10163/10163
f 10821/10821 10820/10820 10819/10819
f 9896/9896 9892/9892 9891/9891
f 9896/9896 9894/9894 9892/9892
f 9893/9893 9892/9892 9894/9894
f 9893/9893 9894/9894 9895/9895
f 9899/9899 9872/9872 9894/9894
f 9872/9872 9895/9895 9894/9894
f 9470/9470 9472/9472 9468/9468
f 9806/9806 9792/9792 9794/9794
f 9972/9972 9944/9944 9940/9940
f 9972/9972 9974/9974 9944/9944
f 9333/9333 9329/9329 9332/9332
f 9333/9333 9326/9326 9329/9329
f 9805/9805 9792/9792 9806/9806
f 9805/9805 9804/9804 9792/9792
f 9326/9326 9333/9333 9309/9309
f 9333/9333 9310/9310 9309/9309
f 9804/9804 9805/9805 9801/9801
f 9801/9801 9805/9805 9807/9807
f 9745/9745 9746/9746 9747/9747
f 9746/9746 9748/9748 9747/9747
f 9308/9308 9309/9309 9310/9310
f 9801/9801 9807/9807 9802/9802
f 9408/9408 9404/9404 9407/9407
f 9937/9937 9942/9942 9940/9940
f 10011/10011 10012/10012 10013/10013
f 9291/9291 9309/9309 9308/9308
f 9937/9937 9941/9941 9942/9942
f 9936/9936 9941/9941 9937/9937
f 9365/9365 9364/9364 9366/9366
f 9364/9364 9308/9308 9366/9366
f 9306/9306 9308/9308 9364/9364
f 9291/9291 9308/9308 9306/9306
f 9402/9402 9403/9403 9404/9404
f 9404/9404 9406/9406 9407/9407
f 9404/9404 9403/9403 9406/9406
f 9936/9936 9946/9946 9941/9941
f 9963/9963 9946/9946 9936/9936
f 9363/9363 9362/9362 9364/9364
f 9363/9363 9364/9364 9365/9365
f 9364/9364 9362/9362 9306/9306
f 9405/9405 9403/9403 9402/9402
f 9406/9406 9403/9403 9415/9415
f 9416/9416 9406/9406 9415/9415
f 9946/9946 9963/9963 9964/9964
f 9361/9361 9362/9362 9363/9363
f 9403/9403 9412/9412 9424/9424
f 9405/9405 9412/9412 9403/9403
f 9403/9403 9424/9424 9415/9415
f 9361/9361 9354/9354 9362/9362
f 9412/9412 9428/9428 9418/9418
f 10161/10161 10155/10155 10158/10158
f 9417/9417 9415/9415 9418/9418
f 9415/9415 9417/9417 9416/9416
f 10826/10826 10827/10827 10828/10828
f 9966/9966 9968/9968 9964/9964
f 10160/10160 10158/10158 10159/10159
f 9419/9419 9417/9417 9418/9418
f 9420/9420 9417/9417 9419/9419
f 10162/10162 10160/10160 10159/10159
f 9360/9360 9354/9354 9361/9361
f 9360/9360 9358/9358 9354/9354
f 10165/10165 10160/10160 10162/10162
f 9890/9890 9891/9891 9892/9892
f 10166/10166 10165/10165 10162/10162
f 9968/9968 9966/9966 9969/9969
f 9893/9893 9890/9890 9892/9892
f 10136/10136 10140/10140 10137/10137
f 9928/9928 9929/9929 9925/9925
f 10141/10141 10137/10137 10140/10140
f 9466/9466 9467/9467 9468/9468
f 9791/9791 9790/9790 9792/9792
f 9943/9943 9940/9940 9944/9944
f 9325/9325 9329/9329 9326/9326
f 9327/9327 9329/9329 9325/9325
f 9792/9792 9804/9804 9791/9791
f 9939/9939 9940/9940 9943/9943
f 9325/9325 9326/9326 9309/9309
f 9309/9309 9323/9323 9325/9325
f 9937/9937 9940/9940 9939/9939
f 9309/9309 9314/9314 9323/9323
f 9801/9801 9791/9791 9804/9804
f 9797/9797 9791/9791 9801/9801
f 9295/9295 9314/9314 9309/9309
f 9802/9802 9800/9800 9801/9801
f 9800/9800 9797/9797 9801/9801
f 9291/9291 9295/9295 9309/9309
f 9800/9800 9803/9803 9797/9797
f 9962/9962 9936/9936 9947/9947
f 9962/9962 9963/9963 9936/9936
f 9291/9291 9293/9293 9295/9295
f 9811/9811 9803/9803 9800/9800
f 9964/9964 9963/9963 9962/9962
f 9306/9306 9294/9294 9291/9291
f 9291/9291 9292/9292 9293/9293
f 9291/9291 9294/9294 9292/9292
f 9417/9417 9425/9425 9416/9416
f 9417/9417 9426/9426 9425/9425
f 9965/9965 9964/9964 9962/9962
f 9354/9354 9306/9306 9362/9362
f 9417/9417 9423/9423 9426/9426
f 9965/9965 9966/9966 9964/9964
f 9967/9967 9966/9966 9965/9965
f 9354/9354 9305/9305 9306/9306
f 9354/9354 9359/9359 9305/9305
f 9294/9294 9306/9306 9305/9305
f 9417/9417 9420/9420 9423/9423
f 9358/9358 9359/9359 9354/9354
f 9419/9419 9421/9421 9420/9420
f 10138/10138 10139/10139 10136/10136
f 9422/9422 9420/9420 9421/9421
f 9422/9422 9423/9423 9420/9420
f 9966/9966 9967/9967 9969/9969
f 9967/9967 9970/9970 9969/9969
f 9999/9999 10000/10000 10001/10001
f 10136/10136 10137/10137 10138/10138
f 9140/9140 9141/9141 9142/9142
f 9970/9970 9971/9971 9969/9969
f 10105/10105 10106/10106 10107/10107
f 10192/10192 10193/10193 10194/10194
f 9149/9149 9150/9150 9151/9151
f 9143/9143 9144/9144 9145/9145
f 9146/9146 9147/9147 9148/9148
f 10141/10141 10142/10142 10137/10137
f 9384/9384 9383/9383 9357/9357
f 9872/9872 9871/9871 9895/9895
f 9928/9928 9925/9925 9927/9927
f 9925/9925 9926/9926 9927/9927
f 9385/9385 9383/9383 9384/9384
f 9872/9872 9869/9869 9871/9871
f 5359/5359 5360/5360 5357/5357
f 7870/7870 7875/7875 7878/7878
f 7875/7875 7871/7871 7877/7877
f 7872/7872 7877/7877 7871/7871
f 7880/7880 7869/7869 7874/7874
f 6516/6516 6545/6545 6546/6546
f 7874/7874 7873/7873 7880/7880
f 7247/7247 7233/7233 7245/7245
f 7231/7231 7245/7245 7233/7233
f 5170/5170 5168/5168 5169/5169
f 5168/5168 5170/5170 5171/5171
f 5169/5169 5168/5168 5167/5167
f 7225/7225 7231/7231 7233/7233
f 5167/5167 5168/5168 5166/5166
f 5166/5166 5168/5168 5171/5171
f 6256/6256 6262/6262 6265/6265
f 6256/6256 6254/6254 6262/6262
f 5621/5621 5622/5622 5627/5627
f 5558/5558 5549/5549 5559/5559
f 5558/5558 5559/5559 5563/5563
f 5557/5557 5558/5558 5564/5564
f 5564/5564 5558/5558 5563/5563
f 6270/6270 6271/6271 6267/6267
f 5625/5625 5618/5618 5624/5624
f 5565/5565 5564/5564 5563/5563
f 5618/5618 5621/5621 5624/5624
f 5621/5621 5620/5620 5622/5622
f 5621/5621 5618/5618 5620/5620
f 7704/7704 7705/7705 7706/7706
f 6987/6987 6989/6989 6990/6990
f 5622/5622 5620/5620 5615/5615
f 5615/5615 5614/5614 5628/5628
f 5614/5614 5609/5609 5623/5623
f 10832/10832 10833/10833 10834/10834
f 5606/5606 5638/5638 5609/5609
f 5606/5606 5605/5605 5638/5638
f 5633/5633 5634/5634 5635/5635
f 7333/7333 7345/7345 7336/7336
f 6266/6266 6267/6267 6268/6268
f 6987/6987 6988/6988 6989/6989
f 7030/7030 7029/7029 7031/7031
f 5628/5628 5627/5627 5622/5622
f 7471/7471 7472/7472 7473/7473
f 4955/4955 4956/4956 4957/4957
f 6272/6272 6268/6268 6273/6273
f 6272/6272 6266/6266 6268/6268
f 5626/5626 5625/5625 5636/5636
f 5625/5625 5626/5626 5618/5618
f 7342/7342 7340/7340 7343/7343
f 5615/5615 5620/5620 5618/5618
f 5615/5615 5613/5613 5614/5614
f 5614/5614 5613/5613 5609/5609
f 5606/5606 5609/5609 5603/5603
f 5606/5606 5603/5603 5605/5605
f 5603/5603 5604/5604 5605/5605
f 5629/5629 5604/5604 5608/5608
f 5605/5605 5604/5604 5629/5629
f 10835/10835 10836/10836 10837/10837
f 7336/7336 7337/7337 7335/7335
f 7340/7340 7337/7337 7338/7338
f 7337/7337 7336/7336 7338/7338
f 8184/8184 8185/8185 8186/8186
f 7343/7343 7340/7340 7338/7338
f 6990/6990 6991/6991 6987/6987
f 8184/8184 8186/8186 8187/8187
f 7707/7707 7706/7706 7705/7705
f 7707/7707 7708/7708 7706/7706
f 7702/7702 7705/7705 7703/7703
f 7702/7702 7707/7707 7705/7705
f 7699/7699 7702/7702 7703/7703
f 7699/7699 7701/7701 7702/7702
f 6309/6309 6322/6322 6321/6321
f 7699/7699 7700/7700 7701/7701
f 6323/6323 6321/6321 6322/6322
f 7968/7968 7969/7969 7970/7970
f 6314/6314 6321/6321 6323/6323
f 5633/5633 5605/5605 5629/5629
f 5634/5634 5633/5633 5629/5629
f 7888/7888 7889/7889 7890/7890
f 8918/8918 8919/8919 8849/8849
f 6317/6317 6315/6315 6314/6314
f 4964/4964 4965/4965 4966/4966
f 4967/4967 4968/4968 4969/4969
f 6267/6267 6269/6269 6270/6270
f 6266/6266 6269/6269 6267/6267
f 7028/7028 7029/7029 7030/7030
f 4952/4952 4953/4953 4954/4954
f 7347/7347 7349/7349 7350/7350
f 7350/7350 7349/7349 7351/7351
f 7341/7341 7337/7337 7340/7340
f 8852/8852 8850/8850 9032/9032
f 7351/7351 7349/7349 7352/7352
f 7341/7341 7340/7340 7342/7342
f 8851/8851 8850/8850 8852/8852
f 8851/8851 8848/8848 8850/8850
f 6015/6015 6017/6017 6016/6016
f 6304/6304 6305/6305 6306/6306
f 6306/6306 6305/6305 6307/6307
f 6307/6307 6305/6305 6309/6309
f 6311/6311 6309/6309 6321/6321
f 6307/6307 6309/6309 6311/6311
f 6311/6311 6321/6321 6314/6314
f 6313/6313 6311/6311 6314/6314
f 6313/6313 6315/6315 6316/6316
f 6313/6313 6314/6314 6315/6315
f 7347/7347 7348/7348 7349/7349
f 7335/7335 7337/7337 7346/7346
f 6305/6305 6310/6310 6309/6309
f 6768/6768 6771/6771 6769/6769
f 6768/6768 6769/6769 6770/6770
f 5592/5592 5597/5597 5594/5594
f 5593/5593 5592/5592 5594/5594
f 5590/5590 5593/5593 5584/5584
f 5592/5592 5593/5593 5590/5590
f 5580/5580 5584/5584 5575/5575
f 5590/5590 5584/5584 5580/5580
f 5574/5574 5575/5575 5576/5576
f 5574/5574 5582/5582 5583/5583
f 5576/5576 5582/5582 5574/5574
f 5583/5583 5582/5582 5589/5589
f 5583/5583 5589/5589 5600/5600
f 5583/5583 5600/5600 5601/5601
f 5592/5592 5598/5598 5597/5597
f 7712/7712 7713/7713 7714/7714
f 6774/6774 6773/6773 6769/6769
f 4949/4949 4950/4950 4951/4951
f 5592/5592 5590/5590 5591/5591
f 5575/5575 5577/5577 5580/5580
f 5575/5575 5574/5574 5577/5577
f 5574/5574 5583/5583 5581/5581
f 6773/6773 6770/6770 6769/6769
f 5578/5578 5577/5577 5574/5574
f 5579/5579 5577/5577 5578/5578
f 5581/5581 5578/5578 5574/5574
f 8862/8862 8861/8861 8864/8864
f 8859/8859 8861/8861 8862/8862
f 8860/8860 8859/8859 8858/8858
f 8858/8858 8859/8859 8856/8856
f 8858/8858 8856/8856 8857/8857
f 8855/8855 8857/8857 8856/8856
f 8855/8855 9032/9032 8857/8857
f 8852/8852 9032/9032 8855/8855
f 5590/5590 5580/5580 5591/5591
f 5596/5596 5581/5581 5583/5583
f 5580/5580 5577/5577 5588/5588
f 5577/5577 5579/5579 5588/5588
f 7259/7259 7260/7260 7261/7261
f 7261/7261 7262/7262 7259/7259
f 8570/8570 8572/8572 8571/8571
f 8276/8276 8275/8275 8274/8274
f 8324/8324 8275/8275 8276/8276
f 8324/8324 8570/8570 8280/8280
f 8570/8570 8366/8366 8280/8280
f 8273/8273 8324/8324 8280/8280
f 8420/8420 8419/8419 8272/8272
f 8271/8271 8272/8272 8419/8419
f 8863/8863 8865/8865 8917/8917
f 8853/8853 8854/8854 8917/8917
f 6014/6014 6009/6009 6008/6008
f 9819/9819 9820/9820 9821/9821
f 9819/9819 9818/9818 9820/9820
f 10132/10132 10133/10133 10134/10134
f 9706/9706 9708/9708 9710/9710
f 9706/9706 9707/9707 9708/9708
f 9822/9822 9819/9819 9821/9821
f 9706/9706 9709/9709 9707/9707
f 9823/9823 9819/9819 9822/9822
f 10325/10325 10326/10326 10324/10324
f 9665/9665 9664/9664 9666/9666
f 10324/10324 10323/10323 10325/10325
f 10324/10324 10322/10322 10323/10323
f 10208/10208 10209/10209 10210/10210
f 9821/9821 9824/9824 9822/9822
f 10317/10317 10323/10323 10322/10322
f 10317/10317 10322/10322 10321/10321
f 9823/9823 9822/9822 9824/9824
f 9667/9667 9668/9668 9669/9669
f 9716/9716 9714/9714 9717/9717
f 9720/9720 9717/9717 9719/9719
f 9717/9717 9714/9714 9719/9719
f 9663/9663 9664/9664 9665/9665
f 10323/10323 10317/10317 10325/10325
f 9714/9714 9716/9716 9712/9712
f 9830/9830 9828/9828 9824/9824
f 9721/9721 9722/9722 9723/9723
f 9823/9823 9828/9828 9826/9826
f 9824/9824 9828/9828 9823/9823
f 9825/9825 9826/9826 9831/9831
f 9825/9825 9823/9823 9826/9826
f 9273/9273 9275/9275 9276/9276
f 9714/9714 9715/9715 9719/9719
f 9712/9712 9713/9713 9714/9714
f 10037/10037 10035/10035 10034/10034
f 9714/9714 9713/9713 9715/9715
f 10319/10319 10320/10320 10317/10317
f 9827/9827 9825/9825 9831/9831
f 9273/9273 9274/9274 9275/9275
f 9713/9713 9718/9718 9715/9715
f 10034/10034 10035/10035 10036/10036
f 10313/10313 10314/10314 10317/10317
f 10317/10317 10314/10314 10319/10319
f 9277/9277 9275/9275 9274/9274
f 9269/9269 9277/9277 9274/9274
f 9273/9273 9269/9269 9274/9274
f 10316/10316 10318/10318 10314/10314
f 9866/9866 9867/9867 9868/9868
f 9269/9269 9270/9270 9271/9271
f 10316/10316 10314/10314 10315/10315
f 7428/7428 7431/7431 7432/7432
f 7426/7426 7428/7428 7427/7427
f 8053/8053 8054/8054 8055/8055
f 8180/8180 8181/8181 8182/8182
f 5662/5662 5659/5659 5677/5677
f 7427/7427 7440/7440 7435/7435
f 5012/5012 5013/5013 5014/5014
f 5015/5015 5016/5016 5017/5017
f 5658/5658 5675/5675 5659/5659
f 8314/8314 8317/8317 8330/8330
f 8330/8330 8315/8315 8314/8314
f 5666/5666 5676/5676 5675/5675
f 5658/5658 5666/5666 5675/5675
f 8314/8314 8316/8316 8317/8317
f 6290/6290 6289/6289 6288/6288
f 8554/8554 8553/8553 8552/8552
f 8555/8555 8554/8554 8552/8552
f 7393/7393 7386/7386 7391/7391
f 6289/6289 6285/6285 6288/6288
f 8556/8556 8554/8554 8555/8555
f 8557/8557 8554/8554 8556/8556
f 8556/8556 8555/8555 8558/8558
f 6280/6280 6285/6285 6286/6286
f 8559/8559 8557/8557 8556/8556
f 6280/6280 6286/6286 6281/6281
f 8562/8562 8559/8559 8556/8556
f 6281/6281 6286/6286 6287/6287
f 8628/8628 8629/8629 8630/8630
f 8630/8630 8631/8631 8628/8628
f 5660/5660 5659/5659 5662/5662
f 8330/8330 8513/8513 8512/8512
f 5660/5660 5662/5662 5678/5678
f 8330/8330 8512/8512 8315/8315
f 8315/8315 8512/8512 8528/8528
f 5658/5658 5659/5659 5660/5660
f 8142/8142 8157/8157 8156/8156
f 8302/8302 8315/8315 8528/8528
f 8314/8314 8315/8315 8302/8302
f 8305/8305 8528/8528 8515/8515
f 8302/8302 8528/8528 8305/8305
f 5666/5666 5658/5658 5664/5664
f 8142/8142 8156/8156 8155/8155
f 8314/8314 8313/8313 8316/8316
f 8313/8313 8314/8314 8302/8302
f 8318/8318 8319/8319 8317/8317
f 8316/8316 8318/8318 8317/8317
f 8312/8312 8313/8313 8302/8302
f 5664/5664 5672/5672 5667/5667
f 8320/8320 8319/8319 8318/8318
f 8322/8322 8318/8318 8316/8316
f 8374/8374 8316/8316 8313/8313
f 8322/8322 8316/8316 8374/8374
f 8313/8313 8312/8312 8374/8374
f 8321/8321 8320/8320 8318/8318
f 8322/8322 8374/8374 8323/8323
f 8335/8335 8321/8321 8318/8318
f 8323/8323 8318/8318 8322/8322
f 8335/8335 8318/8318 8323/8323
f 6292/6292 6293/6293 6290/6290
f 8560/8560 8321/8321 8335/8335
f 8553/8553 8335/8335 8552/8552
f 8335/8335 8323/8323 8552/8552
f 7392/7392 7382/7382 7393/7393
f 6292/6292 6290/6290 6291/6291
f 6290/6290 6288/6288 6291/6291
f 7382/7382 7386/7386 7393/7393
f 6283/6283 6291/6291 6288/6288
f 6288/6288 6285/6285 6283/6283
f 7390/7390 7391/7391 7386/7386
f 7386/7386 7382/7382 7385/7385
f 7386/7386 7385/7385 7390/7390
f 6280/6280 6283/6283 6285/6285
f 6280/6280 6282/6282 6283/6283
f 8643/8643 8645/8645 8646/8646
f 7390/7390 7385/7385 7388/7388
f 6280/6280 6281/6281 6282/6282
f 8643/8643 8644/8644 8645/8645
f 6281/6281 6287/6287 6299/6299
f 6287/6287 6300/6300 6299/6299
f 6299/6299 6300/6300 6301/6301
f 8465/8465 8562/8562 8463/8463
f 8297/8297 8515/8515 8510/8510
f 8510/8510 8434/8434 8297/8297
f 8305/8305 8515/8515 8297/8297
f 5658/5658 5663/5663 5664/5664
f 5661/5661 5663/5663 5658/5658
f 5660/5660 5661/5661 5658/5658
f 8298/8298 8302/8302 8305/8305
f 8305/8305 8297/8297 8298/8298
f 7256/7256 7257/7257 7258/7258
f 5664/5664 5663/5663 5665/5665
f 8027/8027 8028/8028 8029/8029
f 7764/7764 7765/7765 7766/7766
f 7795/7795 7796/7796 7797/7797
f 8155/8155 8143/8143 8142/8142
f 8142/8142 8143/8143 8144/8144
f 8300/8300 8312/8312 8302/8302
f 8298/8298 8300/8300 8302/8302
f 6876/6876 6878/6878 6879/6879
f 6876/6876 6873/6873 6878/6878
f 5018/5018 5019/5019 5020/5020
f 5021/5021 5022/5022 5023/5023
f 8154/8154 8151/8151 8155/8155
f 8155/8155 8151/8151 8143/8143
f 8300/8300 8374/8374 8312/8312
f 6873/6873 6872/6872 6878/6878
f 6871/6871 6872/6872 6873/6873
f 8154/8154 8150/8150 8151/8151
f 8636/8636 8637/8637 8638/8638
f 6874/6874 6872/6872 6871/6871
f 8150/8150 8149/8149 8151/8151
f 8637/8637 8636/8636 8639/8639
f 8149/8149 8147/8147 8146/8146
f 8150/8150 8147/8147 8149/8149
f 7392/7392 7380/7380 7382/7382
f 8145/8145 8146/8146 8147/8147
f 8145/8145 8148/8148 8146/8146
f 7381/7381 7382/7382 7380/7380
f 7383/7383 7382/7382 7381/7381
f 8159/8159 8148/8148 8145/8145
f 7383/7383 7385/7385 7382/7382
f 6282/6282 6295/6295 6283/6283
f 7387/7387 7385/7385 7383/7383
f 6294/6294 6295/6295 6282/6282
f 6294/6294 6282/6282 6284/6284
f 6282/6282 6281/6281 6284/6284
f 7387/7387 7388/7388 7385/7385
f 7389/7389 7388/7388 7387/7387
f 6284/6284 6281/6281 6299/6299
f 8459/8459 8463/8463 8460/8460
f 8776/8776 8769/8769 8755/8755
f 8770/8770 8769/8769 8776/8776
f 8446/8446 8465/8465 8459/8459
f 8465/8465 8463/8463 8459/8459
f 8446/8446 8459/8459 8445/8445
f 8443/8443 8446/8446 8445/8445
f 8309/8309 8310/8310 8295/8295
f 8308/8308 8309/8309 8295/8295
f 8434/8434 8283/8283 8297/8297
f 8283/8283 8434/8434 8304/8304
f 8286/8286 8298/8298 8297/8297
f 8286/8286 8297/8297 8283/8283
f 7581/7581 7583/7583 7584/7584
f 6875/6875 6873/6873 6876/6876
f 7581/7581 7582/7582 7583/7583
f 7023/7023 7025/7025 7027/7027
f 7023/7023 7024/7024 7025/7025
f 8298/8298 8299/8299 8300/8300
f 8299/8299 8286/8286 8311/8311
f 8298/8298 8286/8286 8299/8299
f 6875/6875 6871/6871 6873/6873
f 6877/6877 6871/6871 6875/6875
f 7024/7024 7023/7023 7026/7026
f 7376/7376 7378/7378 7379/7379
f 8299/8299 8301/8301 8300/8300
f 8635/8635 8633/8633 8632/8632
f 8632/8632 8633/8633 8634/8634
f 7002/7002 7003/7003 6994/6994
f 6993/6993 7002/7002 6994/6994
f 8152/8152 8149/8149 8158/8158
f 8152/8152 8151/8151 8149/8149
f 7741/7741 7742/7742 7743/7743
f 7741/7741 7744/7744 7742/7742
f 7378/7378 7380/7380 7379/7379
f 6992/6992 6993/6993 6994/6994
f 6995/6995 6992/6992 6994/6994
f 7092/7092 7097/7097 7098/7098
f 7094/7094 7092/7092 7098/7098
f 7093/7093 7092/7092 7094/7094
f 7381/7381 7380/7380 7378/7378
f 6996/6996 6992/6992 6995/6995
f 7095/7095 7097/7097 7092/7092
f 7091/7091 7092/7092 7093/7093
f 7095/7095 7092/7092 7091/7091
f 8148/8148 8153/8153 8146/8146
f 6998/6998 6996/6996 6995/6995
f 6998/6998 6999/6999 6996/6996
f 7097/7097 7095/7095 7096/7096
f 7096/7096 7095/7095 7091/7091
f 6925/6925 6920/6920 6924/6924
f 6974/6974 6973/6973 6969/6969
f 6298/6298 6283/6283 6297/6297
f 7006/7006 7007/7007 7008/7008
f 7009/7009 7007/7007 7006/7006
f 6296/6296 6297/6297 6295/6295
f 6967/6967 6969/6969 6973/6973
f 6295/6295 6297/6297 6283/6283
f 8306/8306 8438/8438 8291/8291
f 8292/8292 8306/8306 8291/8291
f 8292/8292 8291/8291 8290/8290
f 8120/8120 8121/8121 8122/8122
f 8787/8787 8765/8765 8788/8788
f 6295/6295 6294/6294 6296/6296
f 8462/8462 8464/8464 8461/8461
f 8462/8462 8461/8461 8460/8460
f 8293/8293 8292/8292 8290/8290
f 8294/8294 8293/8293 8290/8290
f 8388/8388 8293/8293 8294/8294
f 8786/8786 8765/8765 8787/8787
f 8445/8445 8460/8460 8461/8461
f 8459/8459 8460/8460 8445/8445
f 8542/8542 8444/8444 8445/8445
f 8542/8542 8445/8445 8461/8461
f 8306/8306 8444/8444 8542/8542
f 8295/8295 8306/8306 8292/8292
f 8295/8295 8292/8292 8293/8293
f 4970/4970 4971/4971 4972/4972
f 8786/8786 8787/8787 8776/8776
f 8443/8443 8444/8444 8306/8306
f 8443/8443 8295/8295 8310/8310
f 8443/8443 8306/8306 8295/8295
f 8295/8295 8293/8293 8296/8296
f 8296/8296 8293/8293 8388/8388
f 8755/8755 8786/8786 8776/8776
f 8766/8766 8786/8786 8755/8755
f 8444/8444 8443/8443 8445/8445
f 8295/8295 8307/8307 8308/8308
f 8295/8295 8296/8296 8307/8307
f 8307/8307 8296/8296 8328/8328
f 8284/8284 8286/8286 8283/8283
f 8311/8311 8286/8286 8284/8284
f 8282/8282 8283/8283 8281/8281
f 8284/8284 8283/8283 8282/8282
f 6859/6859 6854/6854 6860/6860
f 6854/6854 6859/6859 6855/6855
f 6857/6857 6854/6854 6853/6853
f 6853/6853 6854/6854 6855/6855
f 7376/7376 7377/7377 7378/7378
f 8040/8040 8041/8041 8042/8042
f 8289/8289 8311/8311 8285/8285
f 8285/8285 8311/8311 8284/8284
f 8285/8285 8284/8284 8282/8282
f 6858/6858 6857/6857 6853/6853
f 6853/6853 6855/6855 6856/6856
f 8129/8129 8130/8130 8131/8131
f 8436/8436 8289/8289 8435/8435
f 8435/8435 8289/8289 8303/8303
f 8288/8288 8289/8289 8285/8285
f 8303/8303 8289/8289 8288/8288
f 8288/8288 8285/8285 8287/8287
f 7378/7378 7384/7384 7381/7381
f 7377/7377 7384/7384 7378/7378
f 8438/8438 8437/8437 8435/8435
f 8438/8438 8435/8435 8303/8303
f 8291/8291 8303/8303 8288/8288
f 6975/6975 6974/6974 6969/6969
f 8564/8564 8576/8576 8437/8437
f 8464/8464 8576/8576 8564/8564
f 8564/8564 8437/8437 8438/8438
f 8438/8438 8303/8303 8291/8291
f 6967/6967 6968/6968 6969/6969
f 8290/8290 8291/8291 8288/8288
f 8290/8290 8288/8288 8287/8287
f 8294/8294 8287/8287 8389/8389
f 8290/8290 8287/8287 8294/8294
f 8464/8464 8564/8564 8461/8461
f 8542/8542 8564/8564 8438/8438
f 8461/8461 8564/8564 8542/8542
f 8306/8306 8542/8542 8438/8438
f 8435/8435 8437/8437 8436/8436
f 7233/7233 7247/7247 7236/7236
f 10492/10492 10493/10493 10494/10494
f 10497/10497 10500/10500 10501/10501
f 10501/10501 10500/10500 10488/10488
f 10522/10522 10507/10507 10528/10528
f 10502/10502 10497/10497 10501/10501
f 10501/10501 10507/10507 10503/10503
f 10503/10503 10507/10507 10522/10522
f 10495/10495 10492/10492 10494/10494
f 10496/10496 10497/10497 10502/10502
f 10502/10502 10501/10501 10503/10503
f 10496/10496 10495/10495 10494/10494
f 10496/10496 10494/10494 10497/10497
f 10502/10502 10503/10503 10504/10504
f 6162/6162 6163/6163 6161/6161
f 5780/5780 5770/5770 5769/5769
f 6163/6163 6164/6164 6167/6167
f 6164/6164 6163/6163 6162/6162
f 5770/5770 5762/5762 5769/5769
f 5772/5772 5770/5770 5773/5773
f 5771/5771 5762/5762 5770/5770
f 5771/5771 5770/5770 5772/5772
f 5763/5763 5762/5762 5771/5771
f 5761/5761 5762/5762 5763/5763
f 5761/5761 5763/5763 5764/5764
f 5787/5787 5764/5764 5763/5763
f 5787/5787 5763/5763 5788/5788
f 5777/5777 5768/5768 5764/5764
f 5778/5778 5764/5764 5787/5787
f 5777/5777 5764/5764 5778/5778
f 5681/5681 5768/5768 5777/5777
f 5681/5681 5683/5683 5679/5679
f 5683/5683 5681/5681 5685/5685
f 5747/5747 5781/5781 5769/5769
f 5769/5769 5781/5781 5780/5780
f 5705/5705 5747/5747 5760/5760
f 5769/5769 5760/5760 5747/5747
f 5754/5754 5705/5705 5760/5760
f 5762/5762 5760/5760 5769/5769
f 5760/5760 5761/5761 5754/5754
f 5761/5761 5760/5760 5762/5762
f 5754/5754 5761/5761 5765/5765
f 5766/5766 5767/5767 5784/5784
f 5765/5765 5767/5767 5766/5766
f 5764/5764 5765/5765 5761/5761
f 5779/5779 5784/5784 5767/5767
f 5767/5767 5765/5765 5764/5764
f 5768/5768 5767/5767 5764/5764
f 5873/5873 5779/5779 5871/5871
f 5871/5871 5779/5779 5789/5789
f 5779/5779 5681/5681 5789/5789
f 5767/5767 5681/5681 5779/5779
f 5768/5768 5681/5681 5767/5767
f 5871/5871 5872/5872 5873/5873
f 5870/5870 5872/5872 5871/5871
f 5871/5871 5789/5789 5870/5870
f 5684/5684 5789/5789 5681/5681
f 5680/5680 5684/5684 5681/5681
f 5679/5679 5680/5680 5681/5681
f 5680/5680 5679/5679 5682/5682
f 5703/5703 5705/5705 5704/5704
f 5747/5747 5705/5705 5703/5703
f 5705/5705 5707/5707 5704/5704
f 5754/5754 5707/5707 5705/5705
f 5755/5755 5707/5707 5754/5754
f 5766/5766 5755/5755 5754/5754
f 5754/5754 5765/5765 5766/5766
f 6962/6962 6965/6965 6964/6964
f 5822/5822 5818/5818 5755/5755
f 5784/5784 5755/5755 5766/5766
f 6964/6964 6963/6963 6962/6962
f 5835/5835 5834/5834 5795/5795
f 6966/6966 6961/6961 6963/6963
f 6961/6961 6962/6962 6963/6963
f 5873/5873 5810/5810 5815/5815
f 5872/5872 5810/5810 5873/5873
f 5811/5811 5810/5810 5872/5872
f 5796/5796 5794/5794 5795/5795
f 5796/5796 5795/5795 5804/5804
f 5811/5811 5870/5870 5807/5807
f 5811/5811 5872/5872 5870/5870
f 5789/5789 5826/5826 5870/5870
f 5789/5789 5684/5684 5826/5826
f 5796/5796 5797/5797 5794/5794
f 5803/5803 5796/5796 5804/5804
f 5803/5803 5804/5804 5806/5806
f 5806/5806 5804/5804 5807/5807
f 5827/5827 5807/5807 5870/5870
f 5806/5806 5807/5807 5827/5827
f 5826/5826 5827/5827 5870/5870
f 5680/5680 5826/5826 5684/5684
f 5801/5801 5797/5797 5796/5796
f 5806/5806 5827/5827 5826/5826
f 5802/5802 5801/5801 5796/5796
f 5802/5802 5796/5796 5803/5803
f 5682/5682 5803/5803 5806/5806
f 5682/5682 5806/5806 5826/5826
f 5680/5680 5682/5682 5826/5826
f 5715/5715 5704/5704 5707/5707
f 5829/5829 5828/5828 5823/5823
f 5715/5715 5707/5707 5756/5756
f 5814/5814 5829/5829 5823/5823
f 5756/5756 5755/5755 5819/5819
f 5756/5756 5707/5707 5755/5755
f 5834/5834 5832/5832 5829/5829
f 5825/5825 5829/5829 5814/5814
f 5834/5834 5829/5829 5825/5825
f 5818/5818 5813/5813 5819/5819
f 5818/5818 5819/5819 5755/5755
f 5808/5808 5814/5814 5813/5813
f 5812/5812 5813/5813 5818/5818
f 5834/5834 5825/5825 5805/5805
f 5808/5808 5825/5825 5814/5814
f 5805/5805 5825/5825 5808/5808
f 5822/5822 5812/5812 5818/5818
f 5805/5805 5795/5795 5834/5834
f 5808/5808 5813/5813 5812/5812
f 5812/5812 5822/5822 5815/5815
f 5835/5835 5795/5795 5798/5798
f 5804/5804 5805/5805 5808/5808
f 5795/5795 5805/5805 5804/5804
f 5804/5804 5808/5808 5809/5809
f 5810/5810 5808/5808 5812/5812
f 5809/5809 5808/5808 5810/5810
f 5810/5810 5812/5812 5815/5815
f 5793/5793 5798/5798 5795/5795
f 5811/5811 5809/5809 5810/5810
f 5794/5794 5793/5793 5795/5795
f 5807/5807 5804/5804 5809/5809
f 5807/5807 5809/5809 5811/5811
f 5828/5828 5824/5824 5823/5823
f 5719/5719 5817/5817 5820/5820
f 5816/5816 5824/5824 5817/5817
f 5816/5816 5817/5817 5715/5715
f 5715/5715 5817/5817 5719/5719
f 5704/5704 5715/5715 5719/5719
f 5816/5816 5823/5823 5824/5824
f 5814/5814 5823/5823 5816/5816
f 5756/5756 5813/5813 5715/5715
f 5814/5814 5816/5816 5813/5813
f 5813/5813 5816/5816 5715/5715
f 5819/5819 5813/5813 5756/5756
f 5423/5423 5425/5425 5424/5424
f 5415/5415 5413/5413 5416/5416
f 5415/5415 5414/5414 5413/5413
f 5414/5414 5411/5411 5413/5413
f 5423/5423 5424/5424 5422/5422
f 5410/5410 5421/5421 5413/5413
f 5420/5420 5419/5419 5418/5418
f 5418/5418 5419/5419 5417/5417
f 5418/5418 5417/5417 5416/5416
f 5418/5418 5416/5416 5421/5421
f 5421/5421 5416/5416 5413/5413
f 7598/7598 7599/7599 7600/7600
f 7649/7649 7599/7599 7598/7598
f 5408/5408 5406/5406 5407/5407
f 5407/5407 5406/5406 5405/5405
f 5405/5405 5406/5406 5403/5403
f 5405/5405 5403/5403 5404/5404
f 5370/5370 5404/5404 5403/5403
f 5370/5370 5403/5403 5402/5402
f 5369/5369 5370/5370 5402/5402
f 5370/5370 5369/5369 5367/5367
f 7687/7687 7686/7686 7663/7663
f 7662/7662 7663/7663 7686/7686
f 8030/8030 8031/8031 8032/8032
f 7573/7573 7574/7574 7571/7571
f 7573/7573 7571/7571 7572/7572
f 4937/4937 4938/4938 4939/4939
f 10775/10775 10774/10774 10773/10773
f 10773/10773 10774/10774 10771/10771
f 10773/10773 10771/10771 10772/10772
f 10772/10772 10771/10771 10770/10770
f 10771/10771 10766/10766 10770/10770
f 10766/10766 10762/10762 10770/10770
f 10766/10766 10763/10763 10762/10762
f 10763/10763 10767/10767 10765/10765
f 10758/10758 10765/10765 10767/10767
f 7867/7867 7866/7866 7868/7868
f 6483/6483 6485/6485 6484/6484
f 6488/6488 6486/6486 6487/6487
f 6489/6489 6514/6514 6488/6488
f 6488/6488 6514/6514 6486/6486
f 6489/6489 6515/6515 6514/6514
f 5233/5233 5229/5229 5243/5243
f 5243/5243 5256/5256 5246/5246
f 5229/5229 5233/5233 5231/5231
f 5243/5243 5246/5246 5233/5233
f 8236/8236 8223/8223 8225/8225
f 8225/8225 8228/8228 8236/8236
f 10222/10222 10262/10262 10229/10229
f 10061/10061 10052/10052 10059/10059
f 10061/10061 10059/10059 10060/10060
f 10061/10061 10062/10062 10052/10052
f 10061/10061 10063/10063 10062/10062
f 9630/9630 9638/9638 9605/9605
f 10094/10094 10093/10093 10091/10091
f 9619/9619 9620/9620 9622/9622
f 9945/9945 9955/9955 9954/9954
f 9343/9343 9340/9340 9342/9342
f 9945/9945 9954/9954 9953/9953
f 9328/9328 9342/9342 9340/9340
f 9335/9335 9328/9328 9334/9334
f 9335/9335 9342/9342 9328/9328
f 9950/9950 9945/9945 9953/9953
f 9950/9950 9943/9943 9945/9945
f 9327/9327 9324/9324 9328/9328
f 9334/9334 9328/9328 9322/9322
f 9322/9322 9328/9328 9324/9324
f 9949/9949 9943/9943 9950/9950
f 9322/9322 9324/9324 9321/9321
f 10225/10225 10226/10226 10223/10223
f 10222/10222 10225/10225 10223/10223
f 10222/10222 10228/10228 10225/10225
f 10024/10024 10017/10017 10023/10023
f 10223/10223 10226/10226 10224/10224
f 10020/10020 10023/10023 10017/10017
f 10222/10222 10223/10223 10224/10224
f 10017/10017 10018/10018 10019/10019
f 10017/10017 10024/10024 10018/10018
f 10017/10017 10019/10019 10020/10020
f 10222/10222 10224/10224 10227/10227
f 10064/10064 10063/10063 10061/10061
f 10227/10227 10262/10262 10222/10222
f 10064/10064 10066/10066 10065/10065
f 10064/10064 10065/10065 10063/10063
f 10066/10066 10067/10067 10065/10065
f 9954/9954 9955/9955 9956/9956
f 9957/9957 9954/9954 9956/9956
f 9957/9957 9953/9953 9954/9954
f 9816/9816 9813/9813 9815/9815
f 9953/9953 9957/9957 9950/9950
f 9813/9813 9817/9817 9814/9814
f 9813/9813 9816/9816 9817/9817
f 9950/9950 9951/9951 9949/9949
f 9950/9950 9957/9957 9951/9951
f 9336/9336 9334/9334 9322/9322
f 9566/9566 9565/9565 9564/9564
f 9565/9565 9566/9566 9577/9577
f 9603/9603 9601/9601 9598/9598
f 10038/10038 10040/10040 10041/10041
f 10038/10038 10039/10039 10040/10040
f 10021/10021 10020/10020 10019/10019
f 10264/10264 10227/10227 10224/10224
f 9603/9603 9598/9598 9604/9604
f 9604/9604 9598/9598 9600/9600
f 10019/10019 10022/10022 10021/10021
f 9959/9959 9955/9955 9960/9960
f 9959/9959 9956/9956 9955/9955
f 9956/9956 9959/9959 9957/9957
f 9508/9508 9509/9509 9507/9507
f 9958/9958 9957/9957 9959/9959
f 9510/9510 9508/9508 9511/9511
f 9510/9510 9509/9509 9508/9508
f 9285/9285 9286/9286 9284/9284
f 9957/9957 9958/9958 9951/9951
f 9512/9512 9510/9510 9511/9511
f 9345/9345 9347/9347 9322/9322
f 9285/9285 9287/9287 9286/9286
f 9599/9599 9598/9598 9601/9601
f 9600/9600 9599/9599 9602/9602
f 9598/9598 9599/9599 9600/9600
f 9287/9287 9285/9285 9290/9290
f 6440/6440 6442/6442 6463/6463
f 6462/6462 6440/6440 6463/6463
f 6461/6461 6438/6438 6462/6462
f 6462/6462 6438/6438 6440/6440
f 6460/6460 6438/6438 6461/6461
f 6438/6438 6460/6460 6433/6433
f 6460/6460 6474/6474 6433/6433
f 6433/6433 6474/6474 6443/6443
f 6433/6433 6443/6443 6432/6432
f 6441/6441 6442/6442 6440/6440
f 6438/6438 6439/6439 6440/6440
f 6438/6438 6436/6436 6439/6439
f 6433/6433 6436/6436 6438/6438
f 9053/9053 9069/9069 9054/9054
f 9069/9069 9053/9053 9106/9106
f 9081/9081 9069/9069 9106/9106
f 6475/6475 6439/6439 6436/6436
f 9082/9082 9081/9081 9083/9083
f 9084/9084 9083/9083 9085/9085
f 9084/9084 9082/9082 9083/9083
f 9084/9084 9085/9085 9086/9086
f 9065/9065 9068/9068 9067/9067
f 9059/9059 9058/9058 9057/9057
f 9059/9059 9057/9057 9060/9060
f 9061/9061 9060/9060 9057/9057
f 9061/9061 9057/9057 9062/9062
f 9063/9063 9061/9061 9062/9062
f 9063/9063 9062/9062 9064/9064
f 9616/9616 9618/9618 9614/9614
f 9617/9617 9616/9616 9615/9615
f 9617/9617 9618/9618 9616/9616
f 9585/9585 9591/9591 9590/9590
f 9585/9585 9613/9613 9591/9591
f 9119/9119 9120/9120 9121/9121
f 9656/9656 9653/9653 9655/9655
f 9613/9613 9614/9614 9591/9591
f 10014/10014 10015/10015 10016/10016
f 9657/9657 9653/9653 9656/9656
f 9657/9657 9643/9643 9653/9653
f 9125/9125 9126/9126 9127/9127
f 9657/9657 9660/9660 9643/9643
f 9614/9614 9611/9611 9616/9616
f 9606/9606 9611/9611 9614/9614
f 9652/9652 9660/9660 9657/9657
f 9652/9652 9648/9648 9660/9660
f 9611/9611 9615/9615 9616/9616
f 9612/9612 9615/9615 9611/9611
f 9650/9650 9648/9648 9652/9652
f 9650/9650 9649/9649 9648/9648
f 9741/9741 9742/9742 9743/9743
f 9613/9613 9586/9586 9634/9634
f 9585/9585 9586/9586 9613/9613
f 9653/9653 9654/9654 9655/9655
f 9653/9653 9645/9645 9654/9654
f 9653/9653 9644/9644 9645/9645
f 9608/9608 9613/9613 9634/9634
f 9608/9608 9607/9607 9613/9613
f 9643/9643 9644/9644 9653/9653
f 9606/9606 9608/9608 9609/9609
f 9606/9606 9607/9607 9608/9608
f 9660/9660 9641/9641 9643/9643
f 9610/9610 9606/9606 9609/9609
f 9610/9610 9611/9611 9606/9606
f 9648/9648 9641/9641 9660/9660
f 9648/9648 9647/9647 9641/9641
f 9612/9612 9611/9611 9610/9610
f 9649/9649 9647/9647 9648/9648
f 9744/9744 9742/9742 9741/9741
f 9128/9128 9129/9129 9130/9130
f 10079/10079 10080/10080 10081/10081
f 9171/9171 9170/9170 9167/9167
f 9171/9171 9172/9172 9170/9170
f 9167/9167 9169/9169 9168/9168
f 9167/9167 9170/9170 9169/9169
f 9182/9182 9169/9169 9233/9233
f 9182/9182 9168/9168 9169/9169
f 9644/9644 9642/9642 9645/9645
f 9170/9170 9172/9172 9173/9173
f 9633/9633 9629/9629 9608/9608
f 9633/9633 9608/9608 9634/9634
f 9643/9643 9642/9642 9644/9644
f 9608/9608 9629/9629 9609/9609
f 9641/9641 9642/9642 9643/9643
f 9609/9609 9624/9624 9610/9610
f 9610/9610 9624/9624 9612/9612
f 10081/10081 10082/10082 10079/10079
f 9635/9635 9633/9633 9634/9634
f 9637/9637 9633/9633 9635/9635
f 9668/9668 9667/9667 9670/9670
f 9637/9637 9632/9632 9633/9633
f 9173/9173 9174/9174 9170/9170
f 9169/9169 9170/9170 9174/9174
f 9180/9180 9233/9233 9169/9169
f 9235/9235 9233/9233 9180/9180
f 9673/9673 9677/9677 9676/9676
f 10097/10097 10104/10104 10098/10098
f 9670/9670 9673/9673 9676/9676
f 9671/9671 9668/9668 9670/9670
f 9671/9671 9675/9675 9668/9668
f 9633/9633 9632/9632 9629/9629
f 9175/9175 9174/9174 9173/9173
f 9174/9174 9178/9178 9169/9169
f 9174/9174 9175/9175 9178/9178
f 9169/9169 9179/9179 9180/9180
f 9169/9169 9178/9178 9179/9179
f 9235/9235 9180/9180 9181/9181
f 9180/9180 9179/9179 9181/9181
f 9236/9236 9235/9235 9181/9181
f 9676/9676 9677/9677 9680/9680
f 10098/10098 10095/10095 10097/10097
f 9609/9609 9629/9629 9626/9626
f 9641/9641 9646/9646 9642/9642
f 9173/9173 9176/9176 9175/9175
f 9173/9173 9177/9177 9176/9176
f 9178/9178 9175/9175 9176/9176
f 9755/9755 9756/9756 9757/9757
f 9186/9186 9179/9179 9178/9178
f 9179/9179 9186/9186 9181/9181
f 10089/10089 10085/10085 10088/10088
f 9609/9609 9626/9626 9624/9624
f 9647/9647 9646/9646 9641/9641
f 9184/9184 9176/9176 9177/9177
f 9176/9176 9184/9184 9185/9185
f 9752/9752 9753/9753 9754/9754
f 10101/10101 10099/10099 10089/10089
f 10085/10085 10089/10089 10099/10099
f 9647/9647 9651/9651 9646/9646
f 9191/9191 9184/9184 9177/9177
f 10082/10082 10083/10083 10102/10102
f 10102/10102 10100/10100 10101/10101
f 10102/10102 10083/10083 10100/10100
f 10481/10481 10482/10482 10483/10483
f 10099/10099 10101/10101 10100/10100
f 10481/10481 10483/10483 10484/10484
f 10081/10081 10078/10078 10082/10082
f 10083/10083 10082/10082 10078/10078
f 10559/10559 10491/10491 10563/10563
f 9637/9637 9635/9635 9636/9636
f 9234/9234 9228/9228 9233/9233
f 9673/9673 9670/9670 9667/9667
f 9235/9235 9234/9234 9233/9233
f 9629/9629 9632/9632 9628/9628
f 10097/10097 10095/10095 10096/10096
f 9836/9836 9834/9834 9826/9826
f 9629/9629 9628/9628 9626/9626
f 9176/9176 9192/9192 9178/9178
f 10088/10088 10087/10087 10095/10095
f 10087/10087 10096/10096 10095/10095
f 9834/9834 9831/9831 9826/9826
f 9626/9626 9625/9625 9624/9624
f 9185/9185 9192/9192 9176/9176
f 10085/10085 10087/10087 10088/10088
f 9831/9831 9834/9834 9827/9827
f 10084/10084 10085/10085 10099/10099
f 10084/10084 10099/10099 10100/10100
f 10083/10083 10084/10084 10100/10100
f 9952/9952 9975/9975 9977/9977
f 9349/9349 9378/9378 9331/9331
f 9975/9975 9976/9976 9977/9977
f 9974/9974 9976/9976 9975/9975
f 9377/9377 9331/9331 9378/9378
f 9377/9377 9332/9332 9331/9331
f 10074/10074 10059/10059 10068/10068
f 9637/9637 9631/9631 9632/9632
f 9637/9637 9640/9640 9631/9631
f 9631/9631 9628/9628 9632/9632
f 9627/9627 9626/9626 9628/9628
f 10092/10092 10096/10096 10087/10087
f 9833/9833 9834/9834 9835/9835
f 9627/9627 9625/9625 9626/9626
f 9833/9833 9827/9827 9834/9834
f 9832/9832 9827/9827 9833/9833
f 9621/9621 9623/9623 9639/9639
f 9621/9621 9622/9622 9623/9623
f 9350/9350 9348/9348 9351/9351
f 9350/9350 9349/9349 9348/9348
f 10008/10008 10010/10010 10009/10009
f 9944/9944 9975/9975 9952/9952
f 9945/9945 9944/9944 9952/9952
f 9348/9348 9349/9349 9331/9331
f 9348/9348 9330/9330 9341/9341
f 9348/9348 9331/9331 9330/9330
f 9339/9339 9341/9341 9330/9330
f 9792/9792 9793/9793 9794/9794
f 9944/9944 9974/9974 9975/9975
f 9332/9332 9329/9329 9331/9331
f 9331/9331 9329/9329 9330/9330
f 10052/10052 10068/10068 10059/10059
f 10052/10052 10053/10053 10054/10054
f 10108/10108 10109/10109 10110/10110
f 10062/10062 10053/10053 10052/10052
f 9630/9630 9628/9628 9631/9631
f 9630/9630 9627/9627 9628/9628
f 10087/10087 10091/10091 10092/10092
f 10025/10025 10026/10026 10027/10027
f 10091/10091 10093/10093 10092/10092
f 10087/10087 10090/10090 10091/10091
f 10086/10086 10087/10087 10085/10085
f 10090/10090 10087/10087 10086/10086
f 9622/9622 9621/9621 9619/9619
f 9339/9339 9340/9340 9341/9341
f 9328/9328 9340/9340 9339/9339
f 9943/9943 9944/9944 9945/9945
f 9330/9330 9327/9327 9339/9339
f 9328/9328 9339/9339 9327/9327
f 9793/9793 9792/9792 9790/9790
f 9329/9329 9327/9327 9330/9330
f 7080/7080 7076/7076 7077/7077
f 7077/7077 7076/7076 7072/7072
f 6786/6786 6780/6780 6779/6779
f 7072/7072 7071/7071 7074/7074
f 7071/7071 7072/7072 7073/7073
f 6785/6785 6786/6786 6779/6779
f 6785/6785 6779/6779 6778/6778
f 7081/7081 7080/7080 7077/7077
f 6780/6780 6781/6781 6777/6777
f 6780/6780 6777/6777 6779/6779
f 6779/6779 6777/6777 6776/6776
f 6775/6775 6776/6776 6777/6777
f 7077/7077 7072/7072 7078/7078
f 6779/6779 6776/6776 6778/6778
f 6776/6776 6775/6775 6778/6778
f 6796/6796 6787/6787 6781/6781
f 6790/6790 6787/6787 6796/6796
f 6781/6781 6787/6787 6777/6777
f 6790/6790 6777/6777 6787/6787
f 6777/6777 6790/6790 6775/6775
f 10510/10510 10517/10517 10516/10516
f 10510/10510 10513/10513 10509/10509
f 10516/10516 10513/10513 10510/10510
f 10510/10510 10509/10509 10506/10506
f 10499/10499 10505/10505 10492/10492
f 10506/10506 10505/10505 10499/10499
f 10495/10495 10499/10499 10492/10492
f 9727/9727 9724/9724 9726/9726
f 5443/5443 5492/5492 5438/5438
f 5438/5438 5437/5437 5443/5443
f 5438/5438 5429/5429 5437/5437
f 6218/6218 6224/6224 6221/6221
f 5429/5429 5426/5426 5428/5428
f 5426/5426 5427/5427 5428/5428
f 5455/5455 5427/5427 5426/5426
f 5455/5455 5456/5456 5427/5427
f 5427/5427 5456/5456 5460/5460
f 6207/6207 6208/6208 6209/6209
f 5460/5460 5456/5456 5461/5461
f 6210/6210 6209/6209 6208/6208
f 5461/5461 5490/5490 5460/5460
f 6211/6211 6210/6210 6208/6208
f 5461/5461 5474/5474 5490/5490
f 5472/5472 5474/5474 5461/5461
f 6210/6210 6213/6213 6214/6214
f 6210/6210 6211/6211 6213/6213
f 5475/5475 5474/5474 5472/5472
f 6204/6204 6214/6214 6215/6215
f 6215/6215 6214/6214 6213/6213
f 7418/7418 7416/7416 7421/7421
f 5438/5438 5492/5492 5449/5449
f 5449/5449 5429/5429 5438/5438
f 5429/5429 5449/5449 5450/5450
f 5450/5450 5426/5426 5429/5429
f 5455/5455 5426/5426 5450/5450
f 6207/6207 6220/6220 6216/6216
f 6207/6207 6201/6201 6220/6220
f 6201/6201 6207/6207 6209/6209
f 5461/5461 5456/5456 5458/5458
f 6210/6210 6199/6199 6209/6209
f 6201/6201 6209/6209 6199/6199
f 6210/6210 6198/6198 6199/6199
f 5472/5472 5471/5471 5473/5473
f 5461/5461 5471/5471 5472/5472
f 6214/6214 6203/6203 6210/6210
f 6203/6203 6198/6198 6210/6210
f 5478/5478 5472/5472 5473/5473
f 5475/5475 5472/5472 5478/5478
f 6214/6214 6204/6204 6203/6203
f 7085/7085 7088/7088 7087/7087
f 7089/7089 7088/7088 7085/7085
f 5449/5449 5492/5492 5491/5491
f 6218/6218 6223/6223 6224/6224
f 6218/6218 6219/6219 6223/6223
f 5454/5454 5455/5455 5450/5450
f 6216/6216 6219/6219 6218/6218
f 6220/6220 6219/6219 6216/6216
f 6220/6220 6200/6200 6219/6219
f 5454/5454 5456/5456 5455/5455
f 5457/5457 5456/5456 5454/5454
f 6914/6914 6915/6915 6916/6916
f 6915/6915 6914/6914 6917/6917
f 6201/6201 6200/6200 6220/6220
f 6201/6201 6190/6190 6200/6200
f 6914/6914 6918/6918 6917/6917
f 5457/5457 5458/5458 5456/5456
f 6201/6201 6188/6188 6190/6190
f 5470/5470 5461/5461 5458/5458
f 6188/6188 6201/6201 6199/6199
f 5471/5471 5461/5461 5470/5470
f 6188/6188 6198/6198 6197/6197
f 6199/6199 6198/6198 6188/6188
f 5471/5471 5487/5487 5473/5473
f 5470/5470 5487/5487 5471/5471
f 6203/6203 6197/6197 6198/6198
f 5487/5487 5478/5478 5473/5473
f 6202/6202 6197/6197 6203/6203
f 6204/6204 6202/6202 6203/6203
f 5491/5491 5451/5451 5449/5449
f 5451/5451 5450/5450 5449/5449
f 6219/6219 6232/6232 6223/6223
f 5453/5453 5454/5454 5450/5450
f 6232/6232 6219/6219 6182/6182
f 5457/5457 5454/5454 5453/5453
f 6200/6200 6184/6184 6182/6182
f 6200/6200 6182/6182 6219/6219
f 6200/6200 6185/6185 6184/6184
f 6916/6916 6915/6915 6919/6919
f 6804/6804 6805/6805 6806/6806
f 7252/7252 7253/7253 7254/7254
f 6185/6185 6200/6200 6190/6190
f 6804/6804 6807/6807 6805/6805
f 7255/7255 7252/7252 7254/7254
f 6807/6807 6804/6804 6808/6808
f 5459/5459 5458/5458 5457/5457
f 6185/6185 6188/6188 6187/6187
f 6190/6190 6188/6188 6185/6185
f 5459/5459 5470/5470 5458/5458
f 6189/6189 6187/6187 6188/6188
f 6189/6189 6188/6188 6197/6197
f 5487/5487 5470/5470 5496/5496
f 6195/6195 6189/6189 6197/6197
f 6197/6197 6202/6202 6195/6195
f 6232/6232 6233/6233 6223/6223
f 5452/5452 5450/5450 5451/5451
f 6232/6232 6234/6234 6233/6233
f 5452/5452 5453/5453 5450/5450
f 6234/6234 6232/6232 6182/6182
f 5469/5469 5457/5457 5453/5453
f 6184/6184 6183/6183 6182/6182
f 6183/6183 6185/6185 6186/6186
f 6185/6185 6183/6183 6184/6184
f 6187/6187 6186/6186 6185/6185
f 5476/5476 5459/5459 5457/5457
f 5469/5469 5476/5476 5457/5457
f 5476/5476 5470/5470 5459/5459
f 6192/6192 6187/6187 6189/6189
f 5477/5477 5470/5470 5476/5476
f 6189/6189 6194/6194 6192/6192
f 6196/6196 6194/6194 6195/6195
f 5470/5470 5477/5477 5496/5496
f 6189/6189 6195/6195 6194/6194
f 5451/5451 5491/5491 5500/5500
f 6233/6233 6235/6235 6244/6244
f 6234/6234 6235/6235 6233/6233
f 6234/6234 6181/6181 6235/6235
f 6181/6181 6182/6182 6179/6179
f 6181/6181 6234/6234 6182/6182
f 5497/5497 5469/5469 5453/5453
f 6186/6186 6206/6206 6179/6179
f 6186/6186 6179/6179 6183/6183
f 6183/6183 6179/6179 6182/6182
f 5493/5493 5469/5469 5497/5497
f 6191/6191 6206/6206 6186/6186
f 6187/6187 6191/6191 6186/6186
f 7310/7310 7312/7312 7315/7315
f 5493/5493 5476/5476 5469/5469
f 6192/6192 6191/6191 6187/6187
f 6193/6193 6191/6191 6192/6192
f 7310/7310 7311/7311 7312/7312
f 7311/7311 7310/7310 7314/7314
f 7313/7313 7312/7312 7311/7311
f 5488/5488 5452/5452 5451/5451
f 5501/5501 5488/5488 5451/5451
f 5500/5500 5501/5501 5451/5451
f 5453/5453 5452/5452 5488/5488
f 6235/6235 6181/6181 6239/6239
f 5488/5488 5502/5502 5453/5453
f 6179/6179 6180/6180 6181/6181
f 5835/5835 5836/5836 5834/5834
f 5833/5833 5860/5860 5842/5842
f 5832/5832 5831/5831 5830/5830
f 5833/5833 5831/5831 5832/5832
f 5832/5832 5830/5830 5841/5841
f 5832/5832 5841/5841 5829/5829
f 5837/5837 5833/5833 5832/5832
f 5846/5846 5833/5833 5837/5837
f 5837/5837 5845/5845 5846/5846
f 5837/5837 5844/5844 5845/5845
f 5834/5834 5837/5837 5832/5832
f 5844/5844 5837/5837 5834/5834
f 8107/8107 8108/8108 8109/8109
f 5836/5836 5845/5845 5844/5844
f 5836/5836 5844/5844 5834/5834
f 8113/8113 8114/8114 8115/8115
f 5876/5876 5845/5845 5800/5800
f 5835/5835 5800/5800 5836/5836
f 5836/5836 5800/5800 5845/5845
f 5798/5798 5800/5800 5835/5835
f 5798/5798 5799/5799 5800/5800
f 5793/5793 5799/5799 5798/5798
f 5790/5790 5799/5799 5793/5793
f 5791/5791 5790/5790 5793/5793
f 5791/5791 5793/5793 5794/5794
f 5792/5792 5791/5791 5875/5875
f 5790/5790 5791/5791 5792/5792
f 5797/5797 5875/5875 5794/5794
f 5875/5875 5791/5791 5794/5794
f 5869/5869 5842/5842 5861/5861
f 5857/5857 5858/5858 5862/5862
f 5856/5856 5858/5858 5857/5857
f 5857/5857 5862/5862 5861/5861
f 5857/5857 5861/5861 5860/5860
f 5860/5860 5861/5861 5842/5842
f 5849/5849 5857/5857 5860/5860
f 5849/5849 5856/5856 5857/5857
f 5833/5833 5846/5846 5860/5860
f 5860/5860 5846/5846 5849/5849
f 5859/5859 5856/5856 5850/5850
f 5850/5850 5856/5856 5849/5849
f 5859/5859 5850/5850 5853/5853
f 5848/5848 5850/5850 5849/5849
f 5848/5848 5849/5849 5846/5846
f 5854/5854 5853/5853 5852/5852
f 5850/5850 5852/5852 5853/5853
f 5851/5851 5852/5852 5850/5850
f 5851/5851 5850/5850 5848/5848
f 5847/5847 5848/5848 5846/5846
f 5847/5847 5846/5846 5845/5845
f 5851/5851 5848/5848 5855/5855
f 5800/5800 5848/5848 5847/5847
f 5855/5855 5848/5848 5800/5800
f 8188/8188 8189/8189 8190/8190
f 8188/8188 8191/8191 8192/8192
f 8188/8188 8190/8190 8191/8191
f 10546/10546 10545/10545 10520/10520
f 10520/10520 10521/10521 10519/10519
f 10518/10518 10520/10520 10519/10519
f 10518/10518 10519/10519 10517/10517
f 10518/10518 10517/10517 10510/10510
f 5963/5963 5966/5966 5901/5901
f 5901/5901 5966/5966 5902/5902
f 5960/5960 5912/5912 5963/5963
f 5962/5962 5911/5911 5961/5961
f 10288/10288 10289/10289 10290/10290
f 10250/10250 10256/10256 10292/10292
f 10256/10256 10285/10285 10286/10286
f 10045/10045 10046/10046 10047/10047
f 9761/9761 9764/9764 9762/9762
f 10285/10285 10288/10288 10290/10290
f 9681/9681 9682/9682 9683/9683
f 9699/9699 9700/9700 9701/9701
f 9863/9863 9865/9865 9864/9864
f 9542/9542 9541/9541 9543/9543
f 9758/9758 9759/9759 9760/9760
f 9240/9240 9165/9165 9183/9183
f 9542/9542 9543/9543 9544/9544
f 10189/10189 10190/10190 10191/10191
f 9584/9584 9585/9585 9590/9590
f 10111/10111 10112/10112 10113/10113
f 9662/9662 9655/9655 9661/9661
f 10250/10250 10249/10249 10247/10247
f 10254/10254 10249/10249 10250/10250
f 10254/10254 10255/10255 10249/10249
f 9198/9198 9237/9237 9199/9199
f 9594/9594 9595/9595 9596/9596
f 10200/10200 10198/10198 10201/10201
f 10244/10244 10256/10256 10247/10247
f 10247/10247 10256/10256 10250/10250
f 10219/10219 10220/10220 10221/10221
f 9201/9201 9200/9200 9196/9196
f 9198/9198 9199/9199 9196/9196
f 9594/9594 9593/9593 9595/9595
f 9592/9592 9593/9593 9594/9594
f 10197/10197 10198/10198 10200/10200
f 10197/10197 10196/10196 10198/10198
f 10244/10244 10285/10285 10256/10256
f 10048/10048 10046/10046 10045/10045
f 9196/9196 9200/9200 9189/9189
f 9761/9761 9762/9762 9763/9763
f 9592/9592 9589/9589 9593/9593
f 9579/9579 9589/9589 9592/9592
f 10195/10195 10196/10196 10197/10197
f 9541/9541 9538/9538 9540/9540
f 10287/10287 10288/10288 10285/10285
f 10244/10244 10287/10287 10285/10285
f 9862/9862 9863/9863 9864/9864
f 9161/9161 9188/9188 9183/9183
f 9188/9188 9163/9163 9189/9189
f 9188/9188 9161/9161 9163/9163
f 9579/9579 9583/9583 9589/9589
f 9581/9581 9583/9583 9579/9579
f 9542/9542 9538/9538 9541/9541
f 10306/10306 10307/10307 10308/10308
f 10289/10289 10288/10288 10287/10287
f 9160/9160 9183/9183 9165/9165
f 9161/9161 9160/9160 9156/9156
f 9161/9161 9183/9183 9160/9160
f 9162/9162 9161/9161 9156/9156
f 9162/9162 9163/9163 9161/9161
f 9581/9581 9584/9584 9583/9583
f 9545/9545 9542/9542 9544/9544
f 10308/10308 10307/10307 10309/10309
f 9239/9239 9164/9164 9165/9165
f 9164/9164 9159/9159 9165/9165
f 9160/9160 9159/9159 9156/9156
f 9160/9160 9165/9165 9159/9159
f 9162/9162 9156/9156 9193/9193
f 9193/9193 9156/9156 9158/9158
f 9581/9581 9585/9585 9584/9584
f 9586/9586 9585/9585 9581/9581
f 9658/9658 9661/9661 9655/9655
f 9157/9157 9159/9159 9164/9164
f 9166/9166 9157/9157 9164/9164
f 9159/9159 9157/9157 9156/9156
f 9194/9194 9193/9193 9158/9158
f 9655/9655 9654/9654 9658/9658
f 9979/9979 9980/9980 9981/9981
f 9982/9982 9980/9980 9979/9979
f 9110/9110 9111/9111 9112/9112
f 9237/9237 9198/9198 9195/9195
f 9215/9215 9238/9238 9195/9195
f 9702/9702 9703/9703 9704/9704
f 9198/9198 9196/9196 9195/9195
f 9195/9195 9196/9196 9197/9197
f 9597/9597 9592/9592 9594/9594
f 9731/9731 9732/9732 9733/9733
f 10075/10075 10076/10076 10077/10077
f 9551/9551 9539/9539 9550/9550
f 9122/9122 9123/9123 9124/9124
f 10201/10201 10198/10198 10199/10199
f 10198/10198 10196/10196 10199/10199
f 10243/10243 10246/10246 10244/10244
f 9197/9197 9196/9196 9189/9189
f 9197/9197 9189/9189 9202/9202
f 9579/9579 9580/9580 9581/9581
f 9579/9579 9592/9592 9580/9580
f 9538/9538 9539/9539 9540/9540
f 9538/9538 9547/9547 9539/9539
f 10244/10244 10296/10296 10287/10287
f 10244/10244 10246/10246 10296/10296
f 9163/9163 9202/9202 9189/9189
f 9163/9163 9203/9203 9202/9202
f 9542/9542 9547/9547 9538/9538
f 9542/9542 9546/9546 9547/9547
f 10296/10296 10300/10300 10287/10287
f 9203/9203 9162/9162 9204/9204
f 9163/9163 9162/9162 9203/9203
f 9546/9546 9542/9542 9545/9545
f 9162/9162 9212/9212 9204/9204
f 9193/9193 9212/9212 9162/9162
f 9587/9587 9581/9581 9588/9588
f 9586/9586 9581/9581 9587/9587
f 9164/9164 9187/9187 9166/9166
f 9155/9155 9156/9156 9157/9157
f 9158/9158 9155/9155 9190/9190
f 9156/9156 9155/9155 9158/9158
f 9158/9158 9190/9190 9194/9194
f 9193/9193 9194/9194 9212/9212
f 9586/9586 9587/9587 9634/9634
f 9654/9654 9659/9659 9658/9658
f 9187/9187 9167/9167 9166/9166
f 9171/9171 9167/9167 9187/9187
f 9167/9167 9157/9157 9166/9166
f 9168/9168 9157/9157 9167/9167
f 9157/9157 9182/9182 9155/9155
f 9157/9157 9168/9168 9182/9182
f 9155/9155 9182/9182 9190/9190
f 9182/9182 9233/9233 9190/9190
f 9194/9194 9190/9190 9233/9233
f 10251/10251 10252/10252 10248/10248
f 9983/9983 9984/9984 9986/9986
f 10248/10248 10245/10245 10247/10247
f 10247/10247 10249/10249 10248/10248
f 10248/10248 10249/10249 10251/10251
f 9983/9983 9981/9981 9980/9980
f 9983/9983 9980/9980 9984/9984
f 9984/9984 9980/9980 9985/9985
f 9215/9215 9213/9213 9216/9216
f 10245/10245 10242/10242 10244/10244
f 10244/10244 10247/10247 10245/10245
f 9213/9213 9215/9215 9211/9211
f 9215/9215 9195/9195 9211/9211
f 9703/9703 9702/9702 9705/9705
f 10244/10244 10242/10242 10243/10243
f 9206/9206 9195/9195 9197/9197
f 9195/9195 9207/9207 9211/9211
f 9195/9195 9206/9206 9207/9207
f 10005/10005 10006/10006 10007/10007
f 9134/9134 9135/9135 9136/9136
f 9549/9549 9550/9550 9539/9539
f 10243/10243 10257/10257 10246/10246
f 9206/9206 9197/9197 9202/9202
f 9206/9206 9205/9205 9207/9207
f 9206/9206 9202/9202 9205/9205
f 9581/9581 9580/9580 9582/9582
f 9549/9549 9539/9539 9547/9547
f 9549/9549 9547/9547 9548/9548
f 10296/10296 10246/10246 10257/10257
f 9205/9205 9202/9202 9203/9203
f 9588/9588 9581/9581 9582/9582
f 9548/9548 9547/9547 9546/9546
f 10070/10070 10071/10071 10072/10072
f 9204/9204 9205/9205 9203/9203
f 10071/10071 10070/10070 10069/10069
f 9227/9227 9204/9204 9212/9212
f 9228/9228 9212/9212 9194/9194
f 9228/9228 9227/9227 9212/9212
f 9587/9587 9635/9635 9634/9634
f 9233/9233 9228/9228 9194/9194
f 9986/9986 9984/9984 9988/9988
f 9988/9988 9984/9984 9989/9989
f 9989/9989 9984/9984 9987/9987
f 9984/9984 9985/9985 9987/9987
f 10253/10253 10242/10242 10245/10245
f 10242/10242 10240/10240 10243/10243
f 9131/9131 9132/9132 9133/9133
f 10243/10243 10240/10240 10257/10257
f 9917/9917 9920/9920 9918/9918
f 9924/9924 9918/9918 9920/9920
f 10296/10296 10257/10257 10239/10239
f 9917/9917 9918/9918 9919/9919
f 9922/9922 9919/9919 9924/9924
f 9924/9924 9919/9919 9918/9918
f 10239/10239 10291/10291 10296/10296
f 9204/9204 9222/9222 9205/9205
f 9921/9921 9919/9919 9922/9922
f 9224/9224 9204/9204 9227/9227
f 9224/9224 9222/9222 9204/9204
f 9923/9923 9919/9919 9921/9921
f 10057/10057 10073/10073 10069/10069
f 9224/9224 9227/9227 9231/9231
f 9227/9227 9228/9228 9231/9231
f 9636/9636 9635/9635 9587/9587
f 9667/9667 9674/9674 9673/9673
f 9674/9674 9667/9667 9678/9678
f 9726/9726 9724/9724 9725/9725
f 9993/9993 9997/9997 9990/9990
f 9997/9997 9993/9993 9998/9998
f 10284/10284 10299/10299 10282/10282
f 9990/9990 9988/9988 9989/9989
f 9990/9990 9989/9989 9993/9993
f 10302/10302 10303/10303 10304/10304
f 10304/10304 10303/10303 10305/10305
f 10297/10297 10248/10248 10252/10252
f 10253/10253 10245/10245 10297/10297
f 10297/10297 10245/10245 10248/10248
f 10257/10257 10240/10240 10239/10239
f 10259/10259 10291/10291 10239/10239
f 10055/10055 10069/10069 10070/10070
f 10055/10055 10056/10056 10057/10057
f 10055/10055 10057/10057 10069/10069
f 10002/10002 10003/10003 10004/10004
f 10073/10073 10057/10057 10056/10056
f 10073/10073 10056/10056 10059/10059
f 10280/10280 10282/10282 10281/10281
f 10284/10284 10282/10282 10280/10280
f 10253/10253 10297/10297 10267/10267
f 10242/10242 10253/10253 10241/10241
f 10240/10240 10241/10241 10236/10236
f 10242/10242 10241/10241 10240/10240
f 10240/10240 10236/10236 10239/10239
f 10239/10239 10236/10236 10233/10233
f 10233/10233 10259/10259 10239/10239
f 10232/10232 10259/10259 10233/10233
f 10056/10056 10055/10055 10058/10058
f 10059/10059 10056/10056 10058/10058
f 5881/5881 5883/5883 5886/5886
f 5883/5883 5891/5891 5887/5887
f 5886/5886 5885/5885 5881/5881
f 5940/5940 5894/5894 5891/5891
f 5940/5940 5938/5938 5894/5894
f 5938/5938 5941/5941 5957/5957
f 5888/5888 5889/5889 5895/5895
f 5954/5954 5956/5956 5953/5953
f 5941/5941 5953/5953 5957/5957
f 6547/6547 6540/6540 6541/6541
f 5889/5889 5892/5892 5895/5895
f 5942/5942 5952/5952 5926/5926
f 6429/6429 6434/6434 6450/6450
f 6430/6430 6450/6450 6459/6459
f 6430/6430 6429/6429 6450/6450
f 5948/5948 5949/5949 5893/5893
f 5904/5904 5959/5959 5903/5903
f 6435/6435 6431/6431 6437/6437
f 5274/5274 5272/5272 5276/5276
f 5271/5271 5276/5276 5272/5272
f 8264/8264 8265/8265 8266/8266
f 8265/8265 8267/8267 8266/8266
f 5969/5969 5971/5971 5970/5970
f 6643/6643 6669/6669 6644/6644
f 8267/8267 8268/8268 8266/8266
f 8267/8267 8265/8265 8268/8268
f 5969/5969 5972/5972 5971/5971
f 6637/6637 6642/6642 6638/6638
f 6648/6648 6639/6639 6640/6640
f 6162/6162 6161/6161 6160/6160
f 5774/5774 5773/5773 5775/5775
f 5774/5774 5775/5775 5776/5776
f 5772/5772 5773/5773 5774/5774
f 10758/10758 10769/10769 10768/10768
f 10758/10758 10759/10759 10769/10769
f 10755/10755 10757/10757 10758/10758
f 10758/10758 10757/10757 10759/10759
f 10755/10755 10756/10756 10757/10757
f 10760/10760 10756/10756 10755/10755
f 10660/10660 10671/10671 10661/10661
f 10726/10726 10729/10729 10727/10727
f 10647/10647 10648/10648 10649/10649
f 10725/10725 10727/10727 10728/10728
f 10725/10725 10726/10726 10727/10727
f 10699/10699 10700/10700 10701/10701
f 10702/10702 10699/10699 10701/10701
f 10744/10744 10745/10745 10742/10742
f 10683/10683 10684/10684 10685/10685
f 10650/10650 10651/10651 10652/10652
f 10650/10650 10653/10653 10651/10651
f 10650/10650 10652/10652 10655/10655
f 10658/10658 10657/10657 10670/10670
f 10671/10671 10669/10669 10670/10670
f 10670/10670 10669/10669 10658/10658
f 10660/10660 10669/10669 10671/10671
f 10660/10660 10668/10668 10669/10669
f 10659/10659 10660/10660 10661/10661
f 10668/10668 10660/10660 10659/10659
f 10659/10659 10661/10661 10662/10662
f 10732/10732 10731/10731 10733/10733
f 10730/10730 10731/10731 10732/10732
f 10722/10722 10723/10723 10724/10724
f 10719/10719 10720/10720 10721/10721
f 10737/10737 10738/10738 10739/10739
f 10737/10737 10739/10739 10743/10743
f 10737/10737 10743/10743 10740/10740
f 10740/10740 10743/10743 10741/10741
f 10740/10740 10741/10741 10742/10742
f 10742/10742 10741/10741 10744/10744
f 10650/10650 10655/10655 10657/10657
f 10650/10650 10657/10657 10658/10658
f 10658/10658 10669/10669 10668/10668
f 10658/10658 10668/10668 10659/10659
f 10749/10749 10750/10750 10751/10751
f 10454/10454 10458/10458 10439/10439
f 10454/10454 10439/10439 10448/10448
f 10454/10454 10448/10448 10455/10455
f 10448/10448 10450/10450 10455/10455
f 10592/10592 10593/10593 10591/10591
f 10591/10591 10580/10580 10592/10592
f 10581/10581 10580/10580 10591/10591
f 10579/10579 10581/10581 10582/10582
f 10579/10579 10580/10580 10581/10581
f 10583/10583 10579/10579 10582/10582
f 10583/10583 10582/10582 10573/10573
f 10583/10583 10573/10573 10572/10572
f 10584/10584 10583/10583 10572/10572
f 10584/10584 10572/10572 10585/10585
f 10590/10590 10585/10585 10586/10586
f 10590/10590 10584/10584 10585/10585
f 10537/10537 10538/10538 10539/10539
f 10555/10555 10541/10541 10538/10538
f 10556/10556 10541/10541 10555/10555
f 10553/10553 10538/10538 10537/10537
f 10555/10555 10538/10538 10553/10553
f 10546/10546 10553/10553 10537/10537
f 10545/10545 10537/10537 10515/10515
f 10546/10546 10537/10537 10545/10545
f 10545/10545 10515/10515 10520/10520
f 10520/10520 10515/10515 10521/10521
f 10514/10514 10519/10519 10521/10521
f 10514/10514 10517/10517 10519/10519
f 10552/10552 10533/10533 10544/10544
f 10622/10622 10623/10623 10624/10624
f 10515/10515 10536/10536 10535/10535
f 10515/10515 10535/10535 10534/10534
f 10515/10515 10534/10534 10512/10512
f 10512/10512 10534/10534 10544/10544
f 10512/10512 10544/10544 10533/10533
f 10541/10541 10540/10540 10538/10538
f 10540/10540 10539/10539 10538/10538
f 10537/10537 10539/10539 10536/10536
f 10537/10537 10536/10536 10515/10515
f 10514/10514 10515/10515 10512/10512
f 10521/10521 10515/10515 10514/10514
f 9116/9116 9117/9117 9118/9118
f 8980/8980 8934/8934 8933/8933
f 8844/8844 8978/8978 8977/8977
f 8977/8977 8978/8978 8979/8979
f 8979/8979 8978/8978 8994/8994
f 8932/8932 8843/8843 8845/8845
f 8845/8845 8843/8843 8841/8841
f 6015/6015 6007/6007 6017/6017
f 8846/8846 8848/8848 8847/8847
f 5985/5985 5987/5987 5986/5986
f 8930/8930 8931/8931 8981/8981
f 5979/5979 5978/5978 5980/5980
f 5989/5989 5999/5999 5988/5988
f 5988/5988 5987/5987 5989/5989
f 5986/5986 5987/5987 5988/5988
f 5982/5982 5985/5985 5986/5986
f 5982/5982 5984/5984 5985/5985
f 5984/5984 5982/5982 5983/5983
f 5983/5983 5982/5982 5981/5981
f 5981/5981 5975/5975 5979/5979
f 5982/5982 5975/5975 5981/5981
f 5979/5979 5975/5975 5978/5978
f 5973/5973 5974/5974 5975/5975
f 5974/5974 5978/5978 5975/5975
f 6008/6008 6007/6007 6014/6014
f 6006/6006 6007/6007 6008/6008
f 5990/5990 5996/5996 5997/5997
f 5996/5996 5990/5990 5988/5988
