mtllib visual.mtl
usemtl material_0
v 23.10343 20.33592 3.07563
v 23.16449 20.32648 3.17411
v 23.12072 20.32066 3.14006
v 23.03911 20.32317 3.39912
v 23.02000 20.32493 3.40977
v 22.96000 20.33494 3.41968
v 21.79087 20.29168 3.41291
v 21.83490 20.28091 3.37092
v 21.97522 20.27632 3.26915
v 23.10038 20.31939 3.80011
v 23.10000 20.31339 3.76991
v 23.10572 20.34356 3.68775
v 23.10000 20.31881 3.84997
v 23.07291 20.32053 3.85612
v 23.15937 20.31731 3.83390
v 23.07291 20.32053 3.85612
v 23.15499 20.29892 3.87480
v 23.10000 20.30989 3.86988
v 23.02000 20.32767 3.84980
v 23.03995 20.32232 3.85966
v 22.95250 20.33372 3.83714
v 23.84710 20.34266 4.93547
v 23.84043 20.32022 4.94317
v 23.79500 20.34104 4.89338
v 23.08500 20.33763 4.77695
v 23.08438 20.34517 4.93270
v 23.07997 20.34186 4.73949
v 23.02000 20.34943 4.77003
v 23.04000 20.34532 4.77005
v 22.93742 20.33803 4.78097
v 23.06000 20.34033 4.83007
v 23.08438 20.34517 4.93270
v 23.05091 20.34181 4.81005
v 23.04000 20.33860 4.86998
v 23.04737 20.33661 4.93283
v 23.03048 20.34152 4.84998
v 23.08438 20.34517 4.93270
v 23.15500 20.35828 5.04189
v 23.12000 20.33133 5.00017
v 19.69969 20.24241 4.71486
v 19.72000 20.24046 4.72084
v 19.72000 20.25906 4.73800
v 19.70000 20.25903 4.73814
v 19.69969 20.24241 4.71486
v 19.72000 20.25906 4.73800
v 24.61131 20.32983 4.61814
v 24.67834 20.35770 4.61688
v 24.68519 20.32065 4.63594
v 21.47759 20.29191 4.02618
v 21.38000 20.26000 3.99769
v 21.29877 20.23527 3.94707
v 23.04192 20.30783 4.25001
v 23.03415 20.31591 4.28472
v 23.01455 20.31548 4.26227
v 23.02059 20.30097 4.30952
v 23.03666 20.30954 4.34949
v 23.02795 20.30255 4.32956
v 23.04006 20.31761 4.15971
v 23.03733 20.30981 4.19540
v 23.02641 20.31713 4.17736
v 23.03733 20.30981 4.19540
v 23.06000 20.31826 4.19583
v 23.04617 20.30917 4.21072
v 23.06000 20.32380 4.46989
v 23.08000 20.32097 4.48148
v 23.01872 20.33621 4.46364
v 23.02036 20.31602 4.39368
v 23.06875 20.32298 4.50991
v 23.06009 20.32194 4.48987
v 23.02795 20.30255 4.32956
v 23.03666 20.30954 4.34949
v 23.02059 20.30097 4.30952
v 22.50442 20.27736 4.26080
v 22.52250 20.29097 4.30727
v 22.45967 20.30457 4.17992
v 20.65039 20.26201 4.04404
v 20.66000 20.28051 4.04375
v 20.64000 20.28041 4.04342
v 21.48000 20.29070 4.38502
v 21.50029 20.28020 4.38486
v 21.50000 20.30062 4.38548
v 21.50029 20.28020 4.38486
v 21.48000 20.29070 4.38502
v 21.50000 20.30062 4.38548
v 22.30429 20.26084 4.55409
v 22.39095 20.26972 4.55368
v 22.26274 20.26206 4.60779
v 23.08000 20.35653 5.22833
v 23.02000 20.37382 5.26944
v 23.06000 20.35409 5.23021
v 23.04000 20.56000 5.26692
v 23.06079 20.55921 5.27090
v 23.01500 20.60688 5.30934
v 23.14202 20.36439 5.26690
v 23.12000 20.42000 5.27769
v 23.12000 20.40000 5.28118
v 23.10058 20.56356 5.52147
v 23.07849 20.57767 5.55720
v 23.07968 20.55972 5.53068
v 23.01299 20.56947 5.50182
v 23.03092 20.58055 5.53261
v 23.05475 20.55744 5.54391
v 22.79878 20.59963 5.27138
v 22.80000 20.58214 5.25324
v 22.78000 20.58383 5.25426
v 22.83375 20.54000 5.27180
v 22.84225 20.58061 5.25230
v 22.79125 20.60034 5.24474
v 22.82000 20.59988 5.27182
v 22.82000 20.58066 5.25222
v 22.84000 20.59899 5.27062
v 22.84225 20.58061 5.25230
v 22.86000 20.59865 5.26993
v 22.84000 20.59899 5.27062
v 22.84225 20.58061 5.25230
v 22.84000 20.59899 5.27062
v 22.86000 20.59865 5.26993
v 22.60000 20.59698 5.26758
v 22.59074 20.58069 5.25162
v 22.62809 20.59969 5.27083
v 22.60000 20.59698 5.26758
v 22.62809 20.59969 5.27083
v 22.59074 20.58069 5.25162
v 22.15745 20.60008 5.27087
v 22.14000 20.59860 5.25777
v 22.16000 20.58512 5.25197
v 22.28260 20.58038 5.56592
v 22.26000 20.58058 5.56741
v 22.26640 20.57990 5.59007
v 22.26640 20.57990 5.59007
v 22.26000 20.58058 5.56741
v 22.28260 20.58038 5.56592
v 21.48789 20.58319 5.53541
v 21.50823 20.57006 5.46631
v 21.46037 20.55192 5.51075
v 21.46037 20.55192 5.51075
v 21.40941 20.60000 5.59789
v 21.46000 20.57988 5.52648
v 19.98000 20.25079 4.08138
v 20.00000 20.24018 4.08119
v 20.00589 20.26028 4.08110
v 20.00000 20.24018 4.08119
v 19.98000 20.25079 4.08138
v 20.00589 20.26028 4.08110
v 20.42989 20.26984 4.71326
v 20.47669 20.24397 4.63483
v 20.52000 20.23050 4.58220
v 19.94954 20.22282 4.60829
v 19.95154 20.19890 4.56024
v 19.98131 20.22050 4.53342
v 20.10002 20.26022 2.74158
v 20.09957 20.26010 2.76158
v 20.09000 20.22969 2.76008
v 23.10183 20.59238 5.31149
v 23.11465 20.58618 5.42338
v 23.12005 20.62753 5.32271
v 23.10000 20.57997 5.57628
v 23.09000 20.60090 5.58856
v 23.09970 20.56000 5.57225
v 23.08000 20.58000 5.58324
v 23.06171 20.59825 5.59459
v 23.06938 20.59281 5.57279
v 23.08000 20.58000 5.58324
v 23.06938 20.59281 5.57279
v 23.06171 20.59825 5.59459
v 20.66000 20.28051 4.04375
v 20.65039 20.26201 4.04404
v 20.68000 20.27857 4.04354
v 30.93103 20.50086 3.94266
v 30.95693 20.51505 3.86972
v 30.98000 20.50177 3.84892
v 26.73000 20.39528 1.23329
v 26.92557 20.42125 1.32156
v 26.82750 20.40527 1.28629
v 28.19313 20.42761 3.09808
v 28.08685 20.41179 3.14340
v 28.12000 20.43115 3.12426
v 29.84342 20.48673 3.61137
v 29.89993 20.50907 3.61521
v 29.92000 20.49254 3.66538
v 31.10337 20.51895 5.02510
v 31.12362 20.49826 5.00496
v 31.16250 20.55152 4.96939
v 30.10000 20.51588 5.06770
v 30.23884 20.53404 5.20367
v 30.12983 20.49434 5.13827
v 23.12000 20.33998 1.35026
v 23.22944 20.34198 1.53410
v 23.08500 20.34434 1.30019
v 22.59485 20.30000 0.68817
v 22.57357 20.30079 0.72436
v 22.60000 20.32094 0.68705
v 22.59485 20.30000 0.68817
v 22.60000 20.32094 0.68705
v 22.58040 20.32893 0.65612
v 22.61845 20.30037 0.68819
v 22.64000 20.31149 0.68766
v 22.62000 20.32090 0.68739
v 22.61845 20.30037 0.68819
v 22.62000 20.32090 0.68739
v 22.64000 20.31149 0.68766
v 29.34217 20.47371 0.65277
v 29.35940 20.47109 0.69366
v 29.25500 20.48449 0.68004
v 24.97859 20.38442 1.74448
v 25.12609 20.39913 1.64900
v 25.04567 20.38351 1.70613
v 27.15000 20.45255 5.24505
v 27.17858 20.47456 5.29752
v 27.09198 20.46409 5.18149
v 24.09747 20.36537 1.66428
v 24.11623 20.36264 1.86077
v 24.08285 20.35866 1.54770
v 23.12000 20.31597 0.36909
v 23.15000 20.33098 0.36280
v 23.09080 20.32411 0.38374
v 23.09080 20.32411 0.38374
v 23.16772 20.34061 0.46551
v 23.12000 20.31617 0.43138
v 23.32081 20.33948 0.39818
v 23.22016 20.31967 0.38138
v 23.26000 20.34000 0.39255
v 23.10000 20.34138 1.67021
v 23.09687 20.35093 1.71968
v 23.10000 20.34026 1.65020
v 23.04798 20.34024 0.64453
v 23.12000 20.32098 0.68006
v 23.02839 20.32314 0.64462
v 23.04688 20.31614 0.57539
v 22.97397 20.31422 0.62534
v 23.02000 20.32214 0.58800
v 23.06000 20.32246 0.60988
v 23.02839 20.32314 0.64462
v 23.04688 20.31614 0.57539
v 23.02126 20.32612 0.48237
v 23.07000 20.32471 0.57993
v 23.04688 20.31614 0.57539
v 23.12000 20.31451 0.58999
v 23.20000 20.33734 0.61407
v 23.07000 20.32471 0.57993
v 23.07500 20.33359 0.00004
v 23.12000 20.32474 0.04010
v 23.05112 20.32531 0.00733
v 23.05112 20.32531 0.00733
v 23.04000 20.34242 0.07002
v 23.04000 20.33780 0.04997
v 23.82000 20.36017 0.63375
v 23.85500 20.37425 0.58335
v 23.90949 20.35923 0.52499
v 26.82071 20.39977 4.75163
v 26.68068 20.39470 4.76041
v 26.76000 20.39828 4.75069
v 26.76125 20.37998 4.77070
v 26.76000 20.39828 4.75069
v 26.78000 20.39893 4.75122
v 26.76125 20.37998 4.77070
v 26.74000 20.37613 4.77032
v 26.76000 20.39828 4.75069
v 26.63797 20.32705 4.78743
v 26.66000 20.34000 4.81799
v 26.67967 20.35952 4.80997
v 26.68003 20.35143 4.77575
v 26.69394 20.32242 4.81814
v 26.69008 20.30132 4.78711
v 26.75989 20.34005 4.79042
v 26.76000 20.31860 4.81010
v 26.74000 20.32241 4.80693
v 26.42000 20.26299 4.82397
v 26.40000 20.26123 4.82602
v 26.42000 20.28106 4.80737
v 26.39834 20.28048 4.80700
v 26.40000 20.26123 4.82602
v 26.38000 20.26134 4.82621
v 26.40000 20.26123 4.82602
v 26.39834 20.28048 4.80700
v 26.42000 20.28106 4.80737
v 26.75989 20.34005 4.79042
v 26.78000 20.31702 4.81112
v 26.76000 20.31860 4.81010
v 26.75989 20.34005 4.79042
v 26.74000 20.32241 4.80693
v 26.76000 20.31860 4.81010
v 26.78000 20.31702 4.81112
v 26.75789 20.38110 5.21005
v 26.78033 20.38028 5.21087
v 26.74000 20.36092 5.21074
v 26.75789 20.38110 5.21005
v 26.74000 20.36092 5.21074
v 26.78033 20.38028 5.21087
v 28.30234 20.44023 5.22642
v 28.30000 20.45757 5.24268
v 28.32000 20.45767 5.24329
v 32.80101 20.59939 2.69754
v 32.80000 20.58061 2.67924
v 32.86141 20.57968 2.67990
v 30.01128 20.49938 0.22224
v 29.96750 20.48132 0.29289
v 29.88784 20.48902 0.37864
v 32.35219 20.51490 1.28680
v 32.26500 20.52389 1.24318
v 32.23000 20.51545 1.13061
v 32.92988 20.60000 2.28016
v 32.92000 20.58139 2.29955
v 32.94500 20.58609 2.29922
v 32.94500 20.58609 2.29922
v 32.92000 20.58139 2.29955
v 32.93011 20.58052 2.32106
v 32.56863 20.52121 1.61432
v 32.58603 20.53992 1.65409
v 32.45504 20.51828 1.54876
v 32.63000 20.53757 2.11128
v 32.65113 20.56090 2.06998
v 32.63459 20.56078 2.14025
v 32.59931 20.56175 2.08599
v 32.63000 20.53757 2.11128
v 32.63459 20.56078 2.14025
v 30.20054 20.49000 0.62875
v 30.19028 20.51340 0.67876
v 30.20743 20.50066 0.50166
v 31.72000 20.56054 0.70706
v 31.76706 20.53921 0.72801
v 31.71938 20.54043 0.70700
v 31.71938 20.54043 0.70700
v 31.63358 20.56052 0.70586
v 31.72000 20.56054 0.70706
v 31.74065 20.55075 0.70728
v 31.71938 20.54043 0.70700
v 31.76875 20.55203 0.69578
v 31.63358 20.56052 0.70586
v 31.71938 20.54043 0.70700
v 31.74065 20.55075 0.70728
v 31.72000 20.56054 0.70706
v 32.57866 20.51192 0.23840
v 32.59578 20.50753 0.28187
v 32.62000 20.50395 0.35698
v 30.83749 20.52884 2.25136
v 30.95510 20.54089 2.30313
v 30.94000 20.51293 2.29782
v 31.73862 20.52050 2.36726
v 31.72000 20.50212 2.38678
v 31.74226 20.50045 2.38722
v 31.72000 20.50212 2.38678
v 31.69873 20.49979 2.38656
v 31.71986 20.47995 2.38693
v 31.74226 20.50045 2.38722
v 31.71986 20.47995 2.38693
v 31.74182 20.47956 2.38720
v 32.76791 20.55907 2.79422
v 32.65508 20.55393 2.82525
v 32.76301 20.58750 2.77829
v 32.74171 20.52269 3.37371
v 32.71970 20.55232 3.44803
v 32.71907 20.55033 3.29227
v 31.28474 20.55488 3.05840
v 31.30072 20.55216 3.11804
v 31.30778 20.56935 3.16253
v 32.86000 20.58003 3.03947
v 32.86079 20.57971 3.01901
v 32.88062 20.57984 3.03913
v 32.88554 20.57990 3.06314
v 31.91750 20.54153 4.15176
v 32.05000 20.55865 4.21086
v 32.26750 20.53650 4.32921
v 22.59485 20.30000 0.68817
v 22.60000 20.32094 0.68705
v 22.49250 20.29776 0.68702
v 22.59485 20.30000 0.68817
v 22.49250 20.29776 0.68702
v 22.60000 20.32094 0.68705
v 23.00125 20.33027 1.69914
v 23.06000 20.33622 1.65002
v 23.08002 20.34162 1.63995
v 23.12000 20.33817 2.13024
v 23.09938 20.33800 2.13951
v 23.19017 20.35932 2.09167
v 23.06000 20.33904 2.17866
v 23.19734 20.33239 2.22162
v 23.08000 20.33342 2.19006
v 23.10000 20.34105 2.32551
v 23.18500 20.34585 2.32123
v 23.12000 20.34163 2.32519
v 22.97929 20.33452 2.30156
v 22.97125 20.33022 2.43061
v 22.96239 20.33941 2.34974
v 22.50658 20.29734 2.85401
v 22.60500 20.31497 2.84835
v 22.81969 20.30733 2.84331
v 19.26673 20.21323 4.78497
v 19.32179 20.25849 4.78507
v 19.28223 20.17183 4.82209
v 19.50502 20.23572 4.70791
v 19.68000 20.24115 4.72115
v 19.68000 20.25975 4.72772
v 19.68000 20.25975 4.72772
v 19.68000 20.24115 4.72115
v 19.50502 20.23572 4.70791
v 19.70883 20.49662 5.52168
v 19.63350 20.49453 5.48158
v 19.66000 20.53466 5.54867
v 19.66000 20.53466 5.54867
v 19.63350 20.49453 5.48158
v 19.70883 20.49662 5.52168
v 19.10794 20.49922 5.46697
v 19.11535 20.47690 5.44172
v 19.14619 20.49663 5.39808
v 21.30687 20.31127 5.17935
v 21.35326 20.29223 5.12376
v 21.36338 20.28710 5.17230
v 27.16177 20.73685 4.82119
v 27.11566 20.60000 4.91638
v 27.05364 20.61800 5.02649
v 27.22418 20.63625 4.75465
v 27.06338 20.53941 4.98423
v 27.13988 20.54070 4.81580
v 27.25647 20.51988 4.73864
v 27.26504 20.70202 4.72878
v 27.18709 20.48010 4.83121
v 27.09234 20.49294 5.00304
v 27.11990 20.46080 4.93462
v 27.10552 20.45379 5.01474
v 24.80375 20.34745 0.13490
v 24.89516 20.35752 0.08799
v 24.75270 20.36848 0.03822
v 25.07429 20.38396 0.01666
v 24.63432 20.39336 -0.05732
v 24.54125 20.37320 0.00138
v 24.38000 20.37215 -0.00440
v 24.33738 20.39466 -0.04427
v 24.44250 20.40195 -0.08770
v 24.19725 20.36615 0.00485
v 23.26839 20.30256 0.16553
v 23.34254 20.29833 0.27167
v 23.34063 20.30035 0.18132
v 23.30970 20.34002 0.11896
v 23.09687 20.35093 1.71968
v 23.08000 20.34380 1.69017
v 23.02000 20.34270 1.64996
v 23.08000 20.34169 1.66433
v 23.10000 20.34138 1.67021
v 24.21920 20.35905 1.35950
v 24.28948 20.37653 1.46666
v 24.29375 20.37075 1.29457
v 24.40731 20.38184 1.36651
v 24.46243 20.38695 1.50360
v 24.40000 20.39330 1.61594
v 24.22688 20.37326 1.59493
v 24.08285 20.35866 1.54770
v 24.23585 20.37209 1.79433
v 24.11623 20.36264 1.86077
v 24.29961 20.37723 1.71616
v 24.41000 20.39431 1.91600
v 24.44000 20.39424 1.71614
v 24.21288 20.36183 1.26428
v 24.21685 20.36319 1.04938
v 24.33437 20.37569 1.05458
v 24.29907 20.37744 1.94295
v 24.41622 20.37775 1.65665
v 24.19187 20.35963 1.94820
v 24.21247 20.36849 2.04901
v 24.10966 20.36268 2.04629
v 24.13862 20.36433 2.18275
v 24.00127 20.35549 2.25133
v 24.04125 20.35954 1.96146
v 24.39125 20.37604 1.99553
v 24.12793 20.36348 1.14875
v 24.01750 20.36704 0.97299
v 24.02707 20.36073 1.06018
v 23.95969 20.36098 1.14971
v 23.81927 20.35219 1.03797
v 23.76875 20.36034 1.15036
v 24.06250 20.37144 1.25543
v 24.00221 20.36327 1.35210
v 23.51451 20.34671 1.08616
v 23.61246 20.35113 1.00714
v 23.45209 20.35272 0.99059
v 23.50093 20.35538 0.86132
v 23.36075 20.35446 0.94012
v 23.38875 20.35103 0.74507
v 23.49916 20.35660 0.63652
v 23.57902 20.35521 0.68207
v 23.32501 20.35437 0.66113
v 23.36281 20.35270 1.14093
v 23.19479 20.34372 1.03983
v 23.26562 20.35156 1.21027
v 23.33637 20.34884 1.32794
v 23.21303 20.34778 1.33082
v 23.18750 20.34494 1.17930
v 23.08500 20.34434 1.30019
v 23.43499 20.35052 1.33898
v 23.02000 20.34338 1.08497
v 23.33693 20.34741 1.48676
v 23.22944 20.34198 1.53410
v 23.40187 20.34576 1.59549
v 23.52462 20.34988 1.48884
v 23.51769 20.34919 1.23424
v 23.33671 20.34730 1.64109
v 23.26252 20.34208 1.69116
v 23.56986 20.35586 1.57746
v 23.67275 20.34153 1.18892
v 23.48219 20.34892 1.69289
v 23.70437 20.36429 1.44953
v 23.76812 20.36897 1.55170
v 23.66122 20.35889 1.67422
v 23.80956 20.36366 1.68586
v 23.86750 20.36900 1.56366
v 23.96750 20.36634 1.61623
v 24.01875 20.36979 1.45711
v 23.86330 20.36006 1.36390
v 23.71947 20.36057 1.36506
v 24.07381 20.35843 1.32308
v 24.53064 20.37528 1.36635
v 24.58000 20.38979 1.56675
v 23.83094 20.37363 1.77856
v 23.94187 20.37173 1.78587
v 23.86585 20.36427 1.98919
v 23.95500 20.36597 1.91618
v 23.79420 20.36473 1.99688
v 23.97016 20.36645 2.01249
v 23.88402 20.36171 2.14704
v 23.75997 20.36761 1.85435
v 23.64703 20.36715 1.72683
v 23.69467 20.36228 1.96012
v 23.68188 20.36096 2.05815
v 23.51750 20.36503 1.74195
v 23.76992 20.35968 2.14911
v 23.57000 20.36744 1.98717
v 23.58431 20.36520 2.04212
v 23.39375 20.36252 2.00813
v 23.83525 20.36688 2.28465
v 23.90500 20.36555 2.25346
v 23.79625 20.36275 2.29922
v 23.65972 20.36988 2.20816
v 23.74108 20.36386 2.39211
v 23.69427 20.36012 2.42531
v 23.72000 20.35228 2.53226
v 23.58656 20.34983 0.83407
v 23.66545 20.35720 0.71812
v 23.57187 20.36635 0.52841
v 23.70989 20.35902 0.49309
v 23.71655 20.35749 0.64349
v 23.92750 20.36929 1.28610
v 23.74576 20.36174 1.31275
v 23.61500 20.37165 0.38738
v 23.52247 20.34531 1.30828
v 24.38015 20.36646 1.20985
v 24.39702 20.36464 1.30906
v 23.13250 20.35311 1.06545
v 23.80045 20.34555 1.28032
v 23.64750 20.33454 1.29266
v 23.08000 20.34215 1.01075
v 23.06000 20.34272 1.00901
v 23.04000 20.34319 1.01003
v 23.02000 20.34174 1.00995
v 24.09000 20.35045 2.29407
v 23.50949 20.35614 0.44739
v 23.40181 20.36251 0.44642
v 23.46000 20.35745 0.30077
v 23.37084 20.34138 0.60759
v 23.91976 20.34468 2.30828
v 23.44250 20.33090 1.38598
v 23.57659 20.34249 1.38515
v 23.39148 20.33352 1.95432
v 23.32634 20.34663 1.78624
v 23.24000 20.34392 1.87072
v 23.15500 20.35324 1.79678
v 23.16010 20.34668 1.64891
v 23.12000 20.34788 1.73035
v 23.12000 20.34698 1.71034
v 23.20359 20.33235 1.96324
v 23.16130 20.35399 1.90556
v 23.11000 20.35598 1.88915
v 23.02000 20.34162 1.97995
v 23.74207 20.34339 0.77015
v 23.67402 20.34518 0.90964
v 23.79402 20.35712 0.88328
v 23.79750 20.33288 0.69696
v 23.99088 20.36009 0.85999
v 24.04558 20.35370 0.92992
v 24.08836 20.36187 0.81077
v 23.95000 20.35155 0.69350
v 24.08107 20.35930 0.69893
v 24.22000 20.36860 0.81484
v 24.18219 20.36105 0.97017
v 24.05935 20.36297 0.62435
v 24.23048 20.36961 0.64455
v 24.19375 20.37020 0.52162
v 24.28375 20.36830 0.57762
v 24.10013 20.36313 0.45472
v 24.20375 20.36713 0.38038
v 24.45604 20.37892 0.64536
v 24.40988 20.37358 0.69657
v 24.69250 20.38233 0.71384
v 24.61441 20.38314 0.56063
v 24.69281 20.38621 0.47572
v 24.56816 20.38659 0.37322
v 24.81375 20.38275 0.63910
v 24.67789 20.38069 0.28776
v 24.79000 20.38877 0.43124
v 24.85875 20.38315 0.33119
v 24.57793 20.38044 0.06677
v 24.69499 20.37969 0.14481
v 24.45981 20.37533 0.12102
v 24.41750 20.38764 0.35846
v 24.45002 20.37631 0.55104
v 24.88750 20.39070 0.62271
v 24.39750 20.38758 0.42086
v 24.32237 20.37729 0.04864
v 24.12630 20.35662 0.32463
v 23.93500 20.36498 0.43608
v 24.77750 20.39147 0.74777
v 24.78812 20.39350 0.90216
v 24.70372 20.39024 0.98863
v 24.81125 20.39219 1.03366
v 24.62798 20.38703 0.83696
v 24.87187 20.39081 0.92887
v 24.92963 20.39432 0.75436
v 24.96000 20.39348 0.88064
v 25.03562 20.39241 0.83478
v 25.02797 20.39403 0.67797
v 25.05874 20.39569 0.98456
v 24.98000 20.38200 0.99873
v 24.57731 20.37784 0.89573
v 24.52288 20.38357 1.00225
v 24.41426 20.35553 0.73219
v 24.25750 20.34419 0.73041
v 24.36967 20.35143 0.80209
v 24.26500 20.34633 0.91104
v 24.49081 20.36150 0.95899
v 24.77059 20.39973 0.54318
v 23.90500 20.35224 0.34467
v 24.42000 20.39671 0.30107
v 24.32132 20.37909 0.21507
v 24.24017 20.37961 0.25072
v 23.82503 20.36656 0.40801
v 23.90949 20.35923 0.52499
v 23.82000 20.36017 0.63375
v 23.73000 20.37489 0.45662
v 23.66695 20.37612 0.23467
v 23.76949 20.37272 0.24304
v 23.88621 20.36931 0.28945
v 23.82750 20.37242 0.17510
v 23.77687 20.37313 0.07959
v 23.57969 20.35258 -0.00244
v 23.54678 20.36016 0.08592
v 23.46505 20.35853 0.16442
v 23.34610 20.34217 0.04015
v 23.53875 20.36761 0.27580
v 23.27336 20.34640 -0.02699
v 23.22000 20.33632 0.05057
v 23.07500 20.33359 0.00004
v 23.02500 20.33338 -0.03479
v 23.90625 20.36549 0.20534
v 23.99979 20.36196 0.23765
v 23.96875 20.37763 0.08005
v 23.34183 20.33990 0.19312
v 23.66000 20.35142 0.37234
v 23.96902 20.33886 2.07149
v 23.32250 20.32916 1.72028
v 23.15758 20.36189 2.00469
v 23.54126 20.33811 1.63210
v 23.34298 20.32660 0.46713
v 23.32000 20.35781 0.58115
v 23.32081 20.33948 0.39818
v 23.31306 20.35473 0.31085
v 23.15000 20.33098 0.36280
v 23.14746 20.34261 0.26570
v 23.09080 20.32411 0.38374
v 23.02258 20.32940 0.28721
v 23.31601 20.34172 0.44691
v 23.20000 20.33734 0.61407
v 23.89026 20.37767 0.64354
v 23.29004 20.31454 0.08065
v 23.17349 20.34151 0.13856
v 23.09000 20.33938 0.03016
v 23.10000 20.33144 0.07010
v 23.10000 20.33062 0.09009
v 23.07103 20.33550 0.07005
v 23.06000 20.33676 0.05003
v 23.06000 20.33693 0.03003
v 23.04000 20.33780 0.04997
v 23.08000 20.33237 0.09005
v 23.08000 20.33209 0.11004
v 23.23768 20.33133 0.18796
v 23.06000 20.33426 0.11000
v 23.22740 20.31416 0.26604
v 23.08000 20.33061 0.27003
v 23.08000 20.32983 0.25002
v 23.08000 20.33016 0.23002
v 23.06000 20.32745 0.20993
v 23.02071 20.33637 0.16490
v 23.04000 20.34242 0.07002
v 23.02000 20.33918 0.06992
v 23.05112 20.32531 0.00733
v 23.31007 20.31937 0.39962
v 23.24842 20.32187 0.39051
v 23.35791 20.33225 0.28998
v 24.40000 20.39634 0.56597
v 23.85500 20.37425 0.58335
v 23.93875 20.35483 0.60446
v 24.02875 20.34487 0.51625
v 23.81711 20.37856 2.35325
v 32.74307 20.61253 0.46859
v 32.74406 20.62784 0.65143
v 32.72049 20.56409 0.32899
v 32.75795 20.67500 0.74845
v 32.72202 20.55261 0.71681
v 32.73256 20.56000 0.79317
v 32.75471 20.68291 0.33466
v 32.73192 20.56889 0.27441
v 32.75574 20.67024 0.20340
v 32.72897 20.55804 0.12188
v 32.63865 20.53951 0.25694
v 32.62000 20.50395 0.35698
v 32.57866 20.51192 0.23840
v 32.69057 20.54616 0.51457
v 32.54757 20.46720 0.64618
v 32.67724 20.52871 0.65764
v 32.72970 20.56000 -0.24186
v 32.75953 20.70583 -0.07641
v 32.75147 20.61563 -0.05975
v 32.73087 20.56132 -0.18063
v 32.73855 20.71523 0.18127
v 32.74941 20.61836 0.05384
v 32.75884 20.66875 -0.02830
v 32.74216 20.55905 -0.02174
v 32.72364 20.56212 -0.09901
v 32.74477 20.62980 1.28128
v 32.77360 20.66000 1.22360
v 32.74853 20.60506 1.17942
v 32.75041 20.66876 1.36511
v 32.75300 20.58544 1.32740
v 32.72734 20.53894 1.19436
v 32.73565 20.57294 1.43889
v 32.74664 20.68299 1.43818
v 32.75219 20.66025 1.51714
v 32.75891 20.59950 1.45594
v 32.76134 20.60002 1.65680
v 32.73895 20.63244 1.74376
v 32.72827 20.58185 1.04813
v 32.75190 20.61772 1.09840
v 32.74953 20.69016 0.95814
v 32.74027 20.59260 0.97326
v 32.71758 20.56128 0.95801
v 32.73853 20.69622 0.87192
v 32.74557 20.65498 1.83773
v 32.74408 20.58025 1.80320
v 28.16750 20.44548 0.69559
v 28.49698 20.45821 0.70857
v 28.61875 20.45705 0.68869
v 28.93563 20.45874 0.70636
v 28.02000 20.42844 0.72320
v 27.95372 20.44355 0.69308
v 27.96768 20.46441 0.66298
v 27.83500 20.43818 0.67295
v 28.20243 20.47496 0.66565
v 28.39739 20.48021 0.66774
v 28.80000 20.48365 0.67215
v 28.49330 20.43285 0.73334
v 28.71781 20.45072 0.76783
v 28.60500 20.48838 0.67018
v 27.77204 20.42707 0.23314
v 27.77597 20.43375 0.13887
v 27.70268 20.44847 0.16350
v 27.78081 20.44431 0.08093
v 27.72000 20.45096 0.26540
v 27.75289 20.43780 0.50349
v 28.29514 20.45192 -0.14303
v 28.26209 20.45642 -0.03679
v 28.30238 20.44486 -0.10739
v 29.40528 20.46070 0.58677
v 29.34217 20.47371 0.65277
v 29.49252 20.47172 0.62333
v 29.19375 20.46630 0.52029
v 29.27687 20.45973 0.45052
v 29.18000 20.44598 0.35621
v 29.07779 20.46435 0.47924
v 29.13375 20.46115 0.66046
v 29.03875 20.47013 0.65728
v 29.22469 20.45905 0.65227
v 29.26845 20.46005 0.72815
v 29.08500 20.46764 0.73528
v 29.16960 20.45937 0.81714
v 29.20000 20.44849 0.93646
v 28.99945 20.45702 0.52200
v 28.86250 20.44824 0.51846
v 28.85000 20.43874 0.63395
v 28.71500 20.44675 0.59089
v 28.74885 20.44746 0.41407
v 28.60506 20.43822 0.50549
v 28.54500 20.43298 0.37136
v 28.48630 20.43310 0.50076
v 28.27755 20.43469 0.37495
v 28.30528 20.43760 0.51858
v 28.12187 20.43233 0.46461
v 28.18625 20.44171 0.61928
v 28.05269 20.43431 0.56123
v 27.96500 20.43517 0.62244
v 28.40355 20.43501 0.61236
v 28.00470 20.44183 0.28132
v 28.36875 20.45068 0.12460
v 28.58156 20.44484 0.23955
v 28.03250 20.43913 0.12413
v 28.84840 20.45200 0.28243
v 28.82049 20.45376 0.14658
v 28.98458 20.45946 0.12238
v 27.91529 20.43187 0.08466
v 28.69781 20.45378 0.07232
v 28.39250 20.44840 0.01234
v 28.96078 20.45552 0.05119
v 28.16388 20.43955 0.05981
v 28.00937 20.44465 -0.01082
v 27.78926 20.43092 0.02312
v 28.93500 20.45982 0.27572
v 27.88443 20.44554 0.29779
v 27.95298 20.44367 0.53478
v 28.05016 20.43876 0.44435
v 27.72500 20.44174 0.64002
v 28.62686 20.46048 -0.01122
v 28.77000 20.46754 -0.02607
v 29.01666 20.46432 -0.01563
v 29.10544 20.46157 0.05336
v 29.03949 20.46042 0.15181
v 29.09702 20.45781 0.26034
v 29.15334 20.46066 0.19691
v 29.20596 20.47422 0.00010
v 29.18764 20.47106 0.09468
v 29.26017 20.46563 0.08308
v 29.23000 20.47074 0.17950
v 29.33251 20.46105 0.17740
v 29.47892 20.45533 0.09199
v 29.49812 20.48248 0.00550
v 29.32257 20.48266 -0.05012
v 28.88830 20.46591 0.39186
v 28.97000 20.47299 0.29402
v 29.45834 20.47027 0.54907
v 29.46388 20.46876 0.20534
v 28.54750 20.45359 0.57408
v 29.59995 20.46455 0.10356
v 28.08611 20.45569 -0.04072
v 28.47127 20.46048 -0.02656
v 29.76641 20.47982 0.02210
v 29.26202 20.48082 0.88667
v 27.88000 20.44836 0.14072
v 28.62835 20.44032 0.63060
v 27.85454 20.45278 -0.07077
v 27.93423 20.45732 -0.10863
v 27.83006 20.45341 -0.19819
v 27.94656 20.44611 -0.22237
v 28.10904 20.44800 -0.08666
v 28.01358 20.44324 -0.13403
v 28.13435 20.44548 -0.15105
v 28.26875 20.44565 -0.27401
v 28.51196 20.46221 -0.21035
v 28.50274 20.45571 -0.15225
v 28.72321 20.46869 -0.18450
v 28.58500 20.46005 -0.10079
v 28.69534 20.46251 -0.26056
v 28.81737 20.47118 -0.26781
v 28.91547 20.46732 -0.17166
v 29.09125 20.48016 -0.24287
v 29.05356 20.47971 -0.13847
v 29.11006 20.48320 -0.06482
v 28.54000 20.45705 -0.27475
v 28.96095 20.49207 -0.06223
v 28.82885 20.45461 -0.11745
v 28.44000 20.44837 -0.27214
v 28.93946 20.48453 -0.12392
v 28.71302 20.48394 -0.04737
v 28.45000 20.46955 -0.06133
v 29.26000 20.45551 -0.10278
v 29.28722 20.47927 -0.23080
v 29.45437 20.47262 -0.15893
v 29.50945 20.48718 -0.24991
v 29.61181 20.47415 -0.15799
v 29.81374 20.48681 -0.24326
v 29.69225 20.48233 -0.11144
v 29.90939 20.48771 -0.11797
v 30.03325 20.49735 -0.25289
v 30.10767 20.48910 -0.17221
v 30.26000 20.49323 -0.23051
v 30.25960 20.51082 -0.04237
v 30.12763 20.50007 -0.08739
v 29.21763 20.47561 -0.26321
v 29.46500 20.46003 -0.10032
v 27.77870 20.44280 -0.02745
v 27.53256 20.43366 0.00851
v 29.08000 20.47286 0.99527
v 29.68010 20.48564 -0.25253
v 27.81500 20.43650 -0.28117
v 28.02000 20.43364 -0.27752
v 27.59795 20.43720 -0.24326
v 27.67500 20.44000 -0.27897
v 27.52515 20.42381 -0.29183
v 27.73043 20.44154 -0.18950
v 27.58845 20.43066 -0.12300
v 27.20203 20.42881 -0.21443
v 27.37443 20.43315 -0.27927
v 27.34750 20.42713 -0.10344
v 27.01687 20.44117 -0.27417
v 27.70313 20.45115 -0.07118
v 28.75533 20.45825 0.62144
v 27.60362 20.42455 -0.04968
v 27.45021 20.43728 -0.08207
v 29.51774 20.50414 -0.03905
v 29.42239 20.48613 0.49209
v 29.54033 20.47778 0.49392
v 29.01985 20.44528 0.22260
v 28.18777 20.42962 -0.10003
v 28.30250 20.44566 0.64548
v 27.76296 20.47159 -0.09020
v 30.04628 20.52090 -0.02424
v 29.52884 20.49235 0.56960
v 30.26500 20.48281 0.02949
v 29.71839 20.51893 -0.04021
v 27.81537 20.44096 -0.15248
v 28.51000 20.42548 0.62840
v 30.37570 20.53566 -0.01884
v 29.22543 20.47106 0.34195
v 27.70630 20.45812 0.66274
v 29.18826 20.43894 0.16757
v 30.06317 20.49008 0.01290
v 26.93964 20.42068 -0.26816
v 29.32812 20.49037 0.67300
v 29.25500 20.48449 0.68004
v 29.35940 20.47109 0.69366
v 30.46250 20.48452 0.03138
v 30.73875 20.52000 0.00127
v 29.52227 20.50112 0.68043
v 29.01751 20.49275 -0.26496
v 29.31443 20.49976 -0.25957
v 25.45995 20.64524 5.42826
v 25.74181 20.65458 5.43362
v 25.74625 20.63440 5.52231
v 25.57964 20.60217 5.50020
v 25.67196 20.62113 5.57803
v 25.55493 20.59658 5.55958
v 25.45281 20.61060 5.51047
v 25.63432 20.61964 5.61542
v 26.67487 20.66372 5.45147
v 25.35182 20.65500 5.46251
v 26.74942 20.61874 5.52807
v 26.82384 20.64449 5.57387
v 26.72282 20.63562 5.58023
v 25.31686 20.62933 5.49771
v 25.37000 20.62000 5.53519
v 26.69599 20.58890 5.52154
v 26.71096 20.60519 5.58331
v 26.65337 20.56131 5.61085
v 27.35978 20.72775 4.82054
v 27.38334 20.65875 4.90874
v 27.26504 20.70202 4.72878
v 27.33748 20.53942 4.78471
v 27.41082 20.55500 4.87322
v 27.44829 20.53926 4.94223
v 27.46708 20.71500 4.97718
v 27.48032 20.58495 4.96793
v 27.25647 20.51988 4.73864
v 27.47091 20.52845 5.00193
v 27.32685 20.48060 4.84328
v 27.38368 20.48719 4.92959
v 27.37972 20.44104 4.88724
v 27.29864 20.43729 4.80691
v 27.45383 20.50000 5.07836
v 27.42962 20.45909 5.03028
v 21.53063 20.51990 -0.27259
v 21.67562 20.57312 -0.27566
v 21.49092 20.66235 -0.28090
v 21.67250 20.66250 -0.29202
v 21.64045 20.67043 -0.27050
v 21.53705 20.58126 -0.29435
v 27.43919 20.73506 5.07928
v 27.39439 20.59500 5.11751
v 27.45383 20.50000 5.07836
v 27.29787 20.68185 5.15323
v 27.41638 20.50963 5.09748
v 27.34684 20.49352 5.14909
v 27.40174 20.44110 5.10353
v 27.30804 20.60333 5.18939
v 27.35512 20.43771 5.14695
v 27.26662 20.64908 5.18279
v 27.27066 20.58334 5.22351
v 27.29000 20.49978 5.26263
v 27.24090 20.52644 5.26924
v 27.31265 20.46148 5.23462
v 27.46708 20.71500 4.97718
v 27.42962 20.45909 5.03028
v 27.47091 20.52845 5.00193
v 27.48032 20.58495 4.96793
v 27.32000 20.45752 5.28105
v 27.32949 20.41987 5.29095
v 23.10991 20.32209 3.24890
v 23.25450 20.34124 3.28449
v 23.12000 20.32368 3.23009
v 23.16449 20.32648 3.17411
v 23.26801 20.34563 3.10021
v 23.12000 20.31255 3.06997
v 23.17402 20.31437 3.10916
v 23.12072 20.32066 3.14006
v 23.10000 20.32811 3.27007
v 23.16000 20.33184 3.02531
v 23.12019 20.32147 3.29007
v 23.10092 20.31233 3.33615
v 23.12000 20.32153 3.31007
v 22.47625 20.33103 4.68814
v 22.64062 20.31781 4.72830
v 22.78543 20.34002 4.68856
v 22.24000 20.30787 4.72722
v 22.16245 20.31994 4.68385
v 22.89791 20.33132 4.73968
v 22.08875 20.31370 4.73714
v 21.89937 20.29770 4.73223
v 21.86000 20.30364 4.68331
v 21.73000 20.31495 4.68090
v 21.76797 20.30011 4.73489
v 22.68750 20.36000 5.32225
v 22.55750 20.32639 5.25696
v 22.36500 20.33336 5.27663
v 22.86500 20.33268 5.27935
v 22.44375 20.36102 5.30237
v 22.19625 20.33823 5.29607
v 22.11152 20.31920 5.28906
v 22.81500 20.37130 5.31112
v 23.01559 20.34958 5.30666
v 23.08000 20.36084 5.13035
v 23.10000 20.36041 5.13041
v 22.96527 20.31474 5.06000
v 23.10000 20.35785 5.11038
v 23.10000 20.35674 5.09539
v 23.08000 20.35002 5.07023
v 22.24500 20.33582 4.74751
v 22.49500 20.33763 4.74726
v 21.96375 20.32423 4.77161
v 23.05467 20.34147 5.25006
v 23.08000 20.35287 5.25027
v 23.06000 20.35409 5.23021
v 23.06000 20.36013 5.21028
v 23.11939 20.38000 5.29053
v 23.10085 20.35789 5.25103
v 23.12133 20.36115 5.25142
v 23.02000 20.36034 5.19015
v 23.04000 20.36230 5.19023
v 23.02000 20.36633 5.17021
v 22.96750 20.34928 5.18486
v 22.84000 20.35166 5.18947
v 22.51339 20.34096 5.17931
v 22.26260 20.33753 5.19379
v 21.85875 20.32131 5.19928
v 21.80607 20.31083 5.28590
v 21.67752 20.30510 5.24179
v 21.63201 20.32055 5.18924
v 21.44568 20.31866 5.19568
v 21.79021 20.30874 5.17274
v 21.89475 20.31444 5.15067
v 22.09065 20.31558 5.14162
v 21.98759 20.29990 5.06945
v 22.30250 20.33094 5.14306
v 21.73883 20.30518 5.00487
v 22.06000 20.29675 4.94660
v 22.29500 20.30868 5.08738
v 22.52062 20.31001 4.95760
v 21.69919 20.31133 5.12175
v 22.27625 20.30935 4.92438
v 21.81683 20.30385 4.92219
v 21.72893 20.30969 4.75959
v 22.61500 20.34156 4.76936
v 22.78000 20.30942 4.92884
v 22.72313 20.30938 5.02427
v 22.89394 20.33360 5.12072
v 22.70659 20.33452 5.13079
v 22.55256 20.31823 5.15201
v 22.88000 20.34879 4.78957
v 23.02576 20.35142 5.14246
v 23.08000 20.36142 5.15036
v 21.70000 20.28725 4.79305
v 21.67698 20.30911 4.93806
v 21.66000 20.31496 4.76572
v 23.02000 20.34270 1.64996
v 23.08000 20.34380 1.69017
v 23.08000 20.34169 1.66433
v 23.11500 20.34122 1.77463
v 23.06000 20.33622 1.65002
v 19.06882 20.22167 5.01588
v 19.17463 20.23298 5.12477
v 19.14349 20.21047 4.93028
v 19.08367 20.19027 4.94795
v 19.05410 20.19958 5.19904
v 19.08000 20.19919 5.19927
v 19.06992 20.18004 5.21887
v 20.10000 20.22964 2.81130
v 20.09000 20.22969 2.76008
v 19.98981 20.22238 2.76125
v 20.12000 20.24006 2.76145
v 20.08388 20.25062 2.73032
v 19.07013 20.21941 3.19467
v 19.12314 20.21279 3.11384
v 19.17115 20.26044 3.25983
v 19.12918 20.22482 2.87567
v 19.06000 20.21123 2.93920
v 19.13000 20.22550 2.73944
v 18.97125 20.24552 2.72207
v 19.02592 20.24124 2.66766
v 19.19166 20.25477 2.72037
v 19.18792 20.24678 2.65751
v 19.30170 20.25554 2.70752
v 19.40265 20.25968 2.72132
v 19.30187 20.24615 2.49118
v 19.19932 20.24179 2.81971
v 19.14000 20.22604 2.55947
v 19.25102 20.22115 2.83192
v 19.02179 20.19992 2.59196
v 19.09690 20.21460 2.42929
v 19.14786 20.24515 3.03008
v 19.21146 20.24751 2.93839
v 19.23687 20.25102 3.02423
v 19.18567 20.25562 3.10260
v 19.19500 20.24911 2.51102
v 19.44418 20.23417 2.60792
v 19.54562 20.26278 2.69357
v 19.76875 20.26575 2.71983
v 19.79382 20.26128 2.67795
v 19.96480 20.26203 2.67332
v 19.25951 20.22939 2.90121
v 19.43516 20.23708 3.00989
v 19.32233 20.24843 2.89471
v 19.42056 20.24042 2.76815
v 19.47111 20.22212 2.92001
v 19.61673 20.23681 2.80521
v 19.64812 20.22896 2.88096
v 19.77000 20.25435 2.86087
v 19.83500 20.22397 2.76072
v 19.56000 20.21162 2.94008
v 19.89875 20.25687 2.83615
v 19.94265 20.24345 2.76111
v 19.88875 20.23304 2.90120
v 19.48641 20.22780 2.74951
v 19.68250 20.21801 2.76050
v 19.13511 20.24093 2.39349
v 19.24000 20.22813 3.08966
v 19.24939 20.24220 3.30980
v 19.30001 20.25378 3.09511
v 28.06099 20.44735 5.26667
v 28.23500 20.46134 5.22016
v 27.94362 20.45280 5.21980
v 28.34125 20.45646 5.26282
v 28.28000 20.46000 5.23668
v 28.30234 20.44023 5.22642
v 27.05364 20.61800 5.02649
v 27.13124 20.50878 5.10654
v 27.16564 20.61256 5.14701
v 27.17608 20.48046 5.16766
v 27.10079 20.43991 5.12471
v 27.20500 20.72500 5.15442
v 27.22499 20.51737 5.16470
v 27.09234 20.49294 5.00304
v 27.10552 20.45379 5.01474
v 27.06338 20.53941 4.98423
v 24.86247 20.40798 5.29334
v 25.12822 20.41953 5.30802
v 25.02855 20.40312 5.25897
v 25.36707 20.42341 5.29945
v 25.29875 20.40835 5.22208
v 25.57000 20.40210 5.28241
v 24.53241 20.38276 5.26152
v 24.62500 20.41012 5.30781
v 24.48257 20.40557 5.29634
v 24.39250 20.40143 5.21705
v 24.76000 20.42000 5.31192
v 25.53000 20.44000 5.31485
v 25.74896 20.42991 5.29762
v 26.92746 20.40132 2.96263
v 27.25750 20.43141 3.01079
v 27.16813 20.41123 2.96476
v 27.41876 20.41498 2.96472
v 27.46762 20.43845 3.01776
v 26.86932 20.42069 3.00219
v 26.79353 20.39792 2.95670
v 26.66853 20.41944 3.02461
v 27.63000 20.43646 3.01936
v 27.64617 20.42013 2.97985
v 27.78000 20.44471 2.98593
v 24.35842 20.38521 4.59449
v 24.32000 20.39185 4.40805
v 24.31767 20.38044 4.83291
v 24.37250 20.39396 4.37081
v 24.38769 20.36848 4.75841
v 24.39000 20.37714 4.50321
v 24.80000 20.39402 3.31813
v 24.75000 20.40957 3.37033
v 24.93259 20.39179 3.30743
v 25.02500 20.41313 3.35933
v 24.66000 20.36314 3.25685
v 24.55782 20.38135 3.35560
v 24.82000 20.36158 3.27764
v 24.17961 20.37636 4.35358
v 24.23542 20.37638 4.52724
v 24.30653 20.37849 4.35660
v 24.21726 20.37659 4.78263
v 24.28505 20.36666 4.57517
v 24.34757 20.38723 4.99383
v 24.22925 20.37717 5.03656
v 24.34522 20.37527 5.14456
v 24.25500 20.36828 5.15499
v 24.53489 20.37813 4.91130
v 24.38000 20.39419 5.07085
v 24.53055 20.39679 5.11805
v 24.24994 20.36126 4.27484
v 24.38000 20.36606 4.25553
v 24.33861 20.37847 4.06289
v 24.45189 20.37582 4.08986
v 24.53685 20.37787 4.07243
v 24.17988 20.38310 4.04233
v 24.26250 20.37959 3.95515
v 24.19930 20.37742 3.83735
v 24.36628 20.38367 3.92633
v 24.33000 20.37556 3.75541
v 24.50500 20.39620 3.99900
v 24.48996 20.39709 3.71137
v 24.23000 20.38622 3.73758
v 24.18500 20.37741 3.68895
v 24.10822 20.37642 3.71890
v 24.13500 20.36905 3.56822
v 24.14393 20.36002 3.32162
v 24.16000 20.36679 3.91956
v 24.18506 20.36633 3.32707
v 24.32438 20.37613 3.54227
v 24.28500 20.37240 3.64763
v 24.13875 20.36967 3.05285
v 24.22250 20.37291 3.31615
v 24.30437 20.37207 3.30869
v 24.35250 20.37387 3.41046
v 24.32999 20.37000 3.10973
v 24.29000 20.37249 3.07196
v 24.26500 20.37279 2.93719
v 24.34245 20.37100 2.90734
v 24.28500 20.38593 2.69533
v 24.36940 20.38217 2.73531
v 24.52289 20.38494 2.66802
v 24.37125 20.39010 3.70826
v 24.40523 20.38037 3.54357
v 24.38000 20.36942 3.30995
v 24.47519 20.38333 3.49806
v 24.57183 20.39853 3.62702
v 24.48751 20.39006 3.29631
v 24.39500 20.38020 3.10382
v 24.50727 20.38154 3.12319
v 24.53956 20.38324 3.87030
v 24.24000 20.37587 2.75501
v 24.15906 20.37483 2.91745
v 24.10875 20.36489 2.74963
v 24.17018 20.37208 2.69841
v 24.10314 20.36505 2.63177
v 23.99629 20.36612 2.68399
v 24.15463 20.36271 2.56076
v 24.05270 20.36084 2.43888
v 24.14447 20.36460 2.36336
v 23.94173 20.34901 2.61614
v 24.23688 20.37010 2.59125
v 24.19007 20.35747 2.46457
v 24.36536 20.37569 2.52273
v 24.01798 20.35967 3.05871
v 24.11750 20.37290 3.28069
v 24.02000 20.35630 2.74718
v 24.18992 20.35999 3.13813
v 23.88000 20.33466 2.43302
v 24.35172 20.38002 2.46099
v 24.00500 20.37077 2.36394
v 24.39125 20.36200 2.62611
v 24.47812 20.36579 2.52662
v 24.59358 20.37757 2.61876
v 24.62830 20.37984 2.53473
v 24.53250 20.38782 2.36650
v 24.63721 20.38377 2.24839
v 24.42748 20.36261 2.40574
v 24.63049 20.37296 2.73728
v 23.81365 20.35342 2.56683
v 23.72000 20.35228 2.53226
v 23.75945 20.33980 2.65287
v 24.67739 20.39709 2.68227
v 24.70000 20.39482 2.54366
v 24.71500 20.38818 2.25741
v 24.64500 20.38995 2.11145
v 24.54648 20.38453 2.08122
v 24.53411 20.37981 2.31559
v 24.46604 20.38008 2.08151
v 24.48444 20.38434 2.00147
v 24.55749 20.38402 1.82350
v 24.46346 20.38389 1.88828
v 24.49915 20.38256 1.72221
v 24.39125 20.37604 1.99553
v 24.27164 20.36010 2.05487
v 24.76598 20.38377 2.04700
v 24.82750 20.38586 2.19546
v 24.81395 20.38390 2.29740
v 24.72376 20.38330 2.40678
v 24.87811 20.38863 2.38692
v 24.56116 20.37570 1.62581
v 24.68544 20.38553 1.67598
v 24.70501 20.38462 1.82451
v 24.76000 20.38860 1.74237
v 24.41622 20.37775 1.65665
v 24.67217 20.37938 1.99811
v 24.76222 20.39147 2.65394
v 24.38904 20.38343 2.17184
v 24.44940 20.38475 2.23883
v 24.39722 20.37390 2.30898
v 24.29750 20.36847 2.32082
v 24.20598 20.36420 2.28879
v 24.13862 20.36433 2.18275
v 24.82030 20.40047 2.74165
v 24.83625 20.39143 2.53744
v 24.62396 20.36447 2.87041
v 24.72508 20.38006 2.57625
v 24.63992 20.35808 2.96678
v 24.54000 20.36208 2.95625
v 24.60000 20.39453 1.89690
v 24.75625 20.38597 1.92586
v 24.23055 20.37630 2.36031
v 24.81016 20.39230 2.95044
v 24.60000 20.35064 2.79640
v 24.39511 20.36228 2.86556
v 24.37438 20.36030 3.00655
v 24.51860 20.35594 2.76864
v 24.82099 20.37057 1.83837
v 24.75004 20.39507 1.97766
v 24.81500 20.39699 2.50302
v 24.80057 20.39828 2.39182
v 24.88750 20.38939 2.53144
v 25.00625 20.39565 2.47919
v 24.99596 20.39705 2.62833
v 24.88135 20.38748 2.71701
v 25.02125 20.39829 2.87477
v 24.87926 20.38138 2.85287
v 24.97114 20.38372 2.92726
v 24.85703 20.40157 3.02339
v 24.66500 20.39196 3.00766
v 24.59871 20.39078 3.05180
v 25.00624 20.39888 3.15565
v 24.96500 20.40345 2.35897
v 25.03421 20.39829 2.37427
v 25.04003 20.39058 2.60919
v 25.06375 20.39024 2.68486
v 25.06995 20.39041 3.12155
v 24.21247 20.36849 2.04901
v 24.89802 20.37710 2.24823
v 24.82898 20.39571 2.10965
v 23.64331 20.36603 2.53148
v 23.69427 20.36012 2.42531
v 25.27750 20.39997 2.33322
v 24.89631 20.36797 1.96848
v 24.97859 20.38442 1.74448
v 24.77750 20.36573 1.72997
v 24.90187 20.38218 1.68281
v 25.04567 20.38351 1.70613
v 25.16000 20.41315 1.77759
v 25.13000 20.40798 1.91985
v 24.44000 20.39424 1.71614
v 24.09000 20.35045 2.29407
v 24.80125 20.38388 3.06758
v 24.44750 20.39669 4.36370
v 23.74108 20.36386 2.39211
v 24.39070 20.37075 5.17053
v 24.41000 20.39431 1.91600
v 23.74861 20.36267 2.66976
v 24.64827 20.37193 1.61918
v 24.08825 20.38000 3.61386
v 24.48000 20.39778 3.05637
v 24.58000 20.38979 1.56675
v 24.46243 20.38695 1.50360
v 24.40000 20.39330 1.61594
v 24.51883 20.38077 3.01605
v 25.18806 20.40063 1.73081
v 24.55000 20.37685 5.17664
v 23.91976 20.34468 2.30828
v 24.18961 20.33632 2.41463
v 23.81711 20.37856 2.35325
v 23.79625 20.36275 2.29922
v 23.83525 20.36688 2.28465
v 24.94705 20.40653 1.64915
v 25.00130 20.40409 1.58412
v 25.06559 20.39653 1.42061
v 25.13543 20.40768 1.50828
v 25.12609 20.39913 1.64900
v 24.95107 20.36145 2.29834
v 25.13984 20.37572 2.30766
v 24.20618 20.39203 5.18915
v 24.17717 20.33914 5.13396
v 24.10807 20.36246 5.13155
v 24.37960 20.32497 5.19523
v 29.60000 20.46005 1.40129
v 29.54460 20.47758 1.47304
v 29.74739 20.48388 1.43314
v 29.87061 20.45757 1.40381
v 29.84940 20.49287 1.46916
v 28.38375 20.43931 4.01791
v 28.57500 20.43064 3.98917
v 28.25000 20.43020 3.98563
v 28.20437 20.45391 4.04789
v 28.11465 20.43714 3.98543
v 28.03250 20.44983 4.05855
v 28.31827 20.45197 4.06676
v 27.99326 20.44360 3.96165
v 28.05500 20.42255 3.93350
v 28.53500 20.46093 4.02556
v 28.41461 20.46000 4.01898
v 24.60874 20.36252 1.52686
v 24.73000 20.36144 1.61718
v 24.72809 20.36276 1.51719
v 24.66250 20.35694 1.37591
v 24.53064 20.37528 1.36635
v 25.20000 20.36724 2.77979
v 25.30045 20.38048 2.81195
v 25.25299 20.39075 2.71749
v 25.37137 20.39771 2.77185
v 25.17004 20.39766 2.71488
v 29.06213 20.45450 2.39991
v 29.20511 20.45118 2.32114
v 29.08000 20.47618 2.27530
v 27.78500 20.44884 3.45946
v 27.83000 20.42526 3.42122
v 27.81918 20.43286 3.29619
v 27.78000 20.44843 3.22097
v 27.84098 20.43472 3.56643
v 27.83050 20.43639 3.17509
v 27.82500 20.43844 3.69386
v 27.79112 20.44111 3.08622
v 28.23875 20.44628 2.67240
v 28.32279 20.45640 2.71917
v 28.45500 20.45291 2.67770
v 28.15000 20.45326 2.73480
v 28.55628 20.46034 2.74880
v 28.69219 20.46109 2.69211
v 28.15937 20.42844 2.63215
v 27.94378 20.44181 2.66500
v 27.90392 20.44543 2.79906
v 27.81509 20.43602 2.68592
v 27.84457 20.44451 2.88752
v 27.76000 20.43674 2.74065
v 27.89688 20.44894 3.04027
v 27.89891 20.44519 2.55463
v 27.81353 20.43938 3.04587
v 28.06042 20.42705 2.92892
v 28.10256 20.43350 2.84848
v 28.22000 20.43283 2.92097
v 28.33000 20.43163 2.87650
v 28.31000 20.42631 2.96623
v 28.45750 20.42885 2.91786
v 28.51496 20.43880 3.00170
v 28.03250 20.42815 2.53707
v 28.64537 20.43775 2.98012
v 28.61905 20.43691 2.85384
v 28.84181 20.43808 2.87425
v 28.51462 20.44101 2.77373
v 28.72947 20.43496 2.82705
v 28.33613 20.44687 2.78122
v 28.91250 20.45389 3.00755
v 28.74562 20.44877 2.75877
v 28.06125 20.42920 2.42988
v 28.18875 20.43290 2.42019
v 28.22989 20.43731 2.57069
v 28.35500 20.43179 2.49177
v 27.90126 20.44138 2.38625
v 28.49063 20.44279 2.57724
v 28.63670 20.44179 2.52432
v 28.58901 20.44333 2.65507
v 28.79548 20.43985 2.64504
v 28.92619 20.44753 2.60714
v 29.00186 20.46054 2.93776
v 29.05085 20.45668 3.07277
v 28.95624 20.45568 3.12420
v 28.99053 20.46363 3.26104
v 28.84378 20.45904 3.02016
v 28.85500 20.44601 3.20495
v 28.92017 20.45750 3.40831
v 28.66761 20.43708 3.19036
v 28.76125 20.44955 3.37799
v 28.85204 20.45859 3.47300
v 28.68125 20.44944 3.47803
v 28.86500 20.45478 3.72984
v 28.86250 20.44671 3.11755
v 28.70125 20.45827 3.10206
v 28.55334 20.44412 3.11682
v 28.48036 20.45054 3.17584
v 28.66225 20.45743 3.02967
v 29.01375 20.47219 3.71217
v 29.00219 20.47142 3.47874
v 29.11136 20.47678 3.68331
v 29.12500 20.47293 3.51455
v 29.08500 20.46759 3.28153
v 29.24518 20.48246 3.71209
v 29.08000 20.46263 3.83038
v 28.99500 20.47622 3.92183
v 29.18501 20.46140 3.40671
v 29.10238 20.47740 3.05178
v 29.23628 20.47406 3.20139
v 29.23020 20.47443 2.99625
v 29.12729 20.47743 2.94838
v 29.24580 20.47978 2.72389
v 29.12131 20.47140 2.76517
v 29.02926 20.46703 2.73127
v 29.12000 20.47651 2.67077
v 29.00750 20.46605 2.58251
v 29.10000 20.47914 2.53056
v 29.04000 20.44986 3.23461
v 28.88000 20.46445 2.83291
v 28.81562 20.45995 2.77526
v 28.87375 20.46118 2.68396
v 28.63385 20.43431 3.62611
v 28.60000 20.42668 3.69940
v 28.42219 20.43407 3.42628
v 28.25018 20.44033 3.50533
v 28.22641 20.43087 3.75101
v 28.48456 20.43571 3.84074
v 28.10687 20.42582 3.53251
v 28.08750 20.42496 3.36761
v 28.34635 20.44338 3.30346
v 28.72312 20.45263 3.87353
v 28.69623 20.44235 3.99063
v 29.19000 20.47151 3.91654
v 29.31500 20.48758 2.96313
v 29.28809 20.48335 3.14652
v 29.42500 20.48980 3.10510
v 29.39850 20.49081 3.25883
v 29.39000 20.49561 2.86471
v 29.26754 20.46499 3.36486
v 29.41579 20.49787 3.38941
v 28.83451 20.44111 3.91218
v 28.92010 20.44876 3.97474
v 28.45625 20.45324 3.04809
v 29.09000 20.44427 3.97514
v 29.20995 20.47417 3.49184
v 28.63000 20.45928 3.41005
v 28.55125 20.43833 3.30635
v 28.56000 20.44907 3.19918
v 29.16854 20.48096 3.98518
v 28.11381 20.42248 3.83198
v 28.07483 20.44187 3.70120
v 27.97000 20.42503 3.60015
v 27.95897 20.43011 3.69244
v 27.99849 20.43842 3.42297
v 27.92999 20.41901 3.76677
v 27.99873 20.44118 2.36059
v 27.90928 20.43694 2.10934
v 27.85380 20.43016 2.16002
v 27.80397 20.43821 2.36655
v 28.16000 20.44305 2.34096
v 29.25363 20.47568 3.45912
v 29.27039 20.47648 3.63641
v 27.52802 20.41788 2.82180
v 29.20007 20.45960 3.58681
v 28.47659 20.43109 2.64410
v 29.31741 20.47004 3.99901
v 29.28675 20.45824 3.88669
v 29.46344 20.46578 3.94627
v 29.31286 20.47315 3.79471
v 27.86580 20.42036 1.97494
v 29.37548 20.45808 3.44267
v 28.31875 20.42327 2.64630
v 27.90250 20.45178 3.29849
v 28.00027 20.44008 3.14275
v 28.01312 20.43665 3.29009
v 27.92999 20.44798 3.58125
v 29.30894 20.47508 2.78296
v 29.35008 20.48461 2.70383
v 29.40998 20.48619 2.67391
v 29.36750 20.46926 3.52697
v 29.36717 20.46139 3.60709
v 29.49000 20.45793 3.66361
v 29.45979 20.47616 3.46760
v 27.30000 20.43778 2.87625
v 27.24849 20.42713 2.74777
v 27.14867 20.41793 2.79555
v 27.10500 20.41315 2.75289
v 26.99019 20.41215 2.76222
v 26.97149 20.40515 2.86727
v 26.74506 20.40239 2.76099
v 28.41632 20.45680 2.43074
v 28.35378 20.44221 2.33930
v 28.62930 20.45963 2.40339
v 28.71000 20.45945 2.47032
v 28.83761 20.46166 2.39953
v 28.94938 20.46034 2.35276
v 28.68716 20.45912 2.34160
v 28.91868 20.45162 2.44312
v 28.54125 20.44977 2.33455
v 29.05939 20.45936 2.26413
v 27.67203 20.42134 2.71626
v 27.53436 20.43236 2.74594
v 29.57000 20.50155 3.40259
v 29.58000 20.49475 3.51382
v 29.62250 20.47612 3.64418
v 29.68806 20.49771 3.51763
v 26.91242 20.41893 2.80778
v 26.83974 20.41389 2.76169
v 26.95625 20.43113 2.71811
v 27.88628 20.44181 3.69401
v 27.80482 20.40858 3.93603
v 27.38785 20.43428 2.75932
v 27.31697 20.43158 2.66945
v 27.59148 20.43969 2.67858
v 27.01406 20.42984 2.66235
v 26.71000 20.42417 2.63096
v 26.66060 20.42000 2.86553
v 28.12900 20.41980 2.78428
v 28.08656 20.45082 3.04224
v 28.26875 20.45462 3.05608
v 28.01000 20.44891 3.06331
v 28.14000 20.43808 3.32454
v 29.48000 20.47260 3.27996
v 29.53193 20.49990 3.83682
v 29.54570 20.49365 3.73056
v 29.62000 20.49900 3.75407
v 29.60569 20.48941 3.96439
v 29.65885 20.48352 4.00749
v 29.61000 20.49374 4.04667
v 29.73987 20.49577 3.71551
v 29.71387 20.48635 3.80520
v 29.54812 20.49471 4.07289
v 29.60000 20.48378 4.25022
v 29.68000 20.48094 4.14866
v 29.55731 20.48684 3.67254
v 29.42191 20.48238 3.67428
v 29.32958 20.46371 3.72007
v 29.73012 20.50962 3.53434
v 29.77033 20.50497 3.59242
v 29.77254 20.50148 3.40757
v 29.69750 20.50924 3.40358
v 29.83346 20.49441 3.34561
v 29.93699 20.50512 3.42067
v 28.88500 20.46169 4.03242
v 28.96875 20.46622 4.07144
v 28.84500 20.46739 4.12253
v 28.73562 20.46606 4.05337
v 28.67095 20.44943 4.14701
v 28.62376 20.45601 4.04709
v 28.44125 20.43153 4.15521
v 28.66398 20.43922 4.28964
v 28.81500 20.44571 4.35200
v 28.91500 20.45065 4.16818
v 29.02000 20.47166 4.39145
v 29.04500 20.47158 4.10236
v 28.49917 20.44982 4.33590
v 28.37758 20.43475 4.30113
v 28.19581 20.44612 4.16618
v 29.08073 20.45161 4.05325
v 29.65125 20.47841 3.45112
v 29.72375 20.46874 4.00159
v 29.14394 20.46718 4.04787
v 29.32250 20.48990 4.07824
v 29.66000 20.46935 3.86208
v 29.77900 20.50735 3.75879
v 28.67750 20.45976 4.36556
v 28.34814 20.45671 4.38771
v 28.24837 20.43957 4.33300
v 28.11236 20.42769 4.18982
v 28.05750 20.42360 4.29672
v 27.97509 20.41519 4.24493
v 28.01250 20.41596 4.17696
v 29.84342 20.48673 3.61137
v 29.84000 20.48932 3.74439
v 29.89000 20.48314 3.44495
v 29.92000 20.49254 3.66538
v 29.20000 20.45306 2.67650
v 28.23121 20.42284 2.29535
v 27.92500 20.44205 4.14646
v 28.19313 20.42761 3.09808
v 28.87511 20.43333 2.30744
v 27.82907 20.41679 2.43906
v 28.24760 20.41291 2.79496
v 29.32500 20.49381 3.73830
v 29.05451 20.45851 4.44514
v 29.58161 20.50177 4.45608
v 27.82979 20.40983 2.52191
v 29.02000 20.47349 4.52959
v 28.47291 20.42345 3.12742
v 28.36594 20.41172 3.13768
v 29.10000 20.47389 2.37551
v 27.83875 20.43048 4.01011
v 29.06000 20.45057 4.75485
v 27.75000 20.41340 3.05888
v 28.38574 20.40486 3.17934
v 27.53493 20.40611 3.05811
v 29.02000 20.47769 4.72463
v 28.00611 20.41766 3.10305
v 26.62000 20.38630 2.85978
v 29.61000 20.48334 4.68659
v 29.61926 20.50135 4.48871
v 28.13724 20.41696 2.31987
v 29.42000 20.47199 2.81924
v 28.22052 20.42336 3.15997
v 28.31447 20.41322 3.19559
v 28.12000 20.43115 3.12426
v 28.08685 20.41179 3.14340
v 29.16500 20.46711 2.11746
v 29.39875 20.47243 2.20597
v 29.24000 20.46831 2.07960
v 29.27540 20.46380 2.26793
v 29.45875 20.47043 2.12969
v 29.17200 20.47197 1.87071
v 29.06367 20.46761 1.92480
v 29.03477 20.46228 1.77876
v 29.23719 20.48009 1.76455
v 28.95565 20.45497 1.89029
v 28.94357 20.45700 2.01810
v 29.05090 20.45950 2.08670
v 28.86687 20.45256 1.93640
v 29.24630 20.48151 1.93862
v 29.34699 20.47899 1.90434
v 29.26737 20.48710 2.03821
v 28.93500 20.44158 2.14333
v 28.74858 20.44063 2.13898
v 28.75353 20.44842 1.90196
v 28.65250 20.43509 2.04757
v 28.54579 20.43781 1.94564
v 28.50292 20.44083 1.71552
v 28.28188 20.42810 1.91314
v 28.32578 20.43291 1.63662
v 28.08250 20.42925 1.68479
v 28.03219 20.42658 2.04330
v 28.29016 20.43048 2.12528
v 28.14960 20.42529 2.24321
v 28.46953 20.43917 2.17258
v 28.55178 20.43878 1.51422
v 28.72795 20.44407 1.66226
v 28.16000 20.42697 1.42964
v 28.45897 20.43582 1.42405
v 28.74087 20.43815 1.46860
v 29.54488 20.46862 1.95488
v 29.41625 20.47154 1.83607
v 29.39470 20.47971 1.72118
v 29.55049 20.47261 1.79006
v 29.21412 20.47973 1.60902
v 29.35955 20.48155 1.61827
v 29.28915 20.47286 1.36646
v 29.20557 20.47443 1.48357
v 29.20096 20.47275 1.41589
v 29.13641 20.46577 1.35573
v 29.04323 20.46527 1.46684
v 29.06108 20.46275 1.62617
v 29.39309 20.48393 1.46715
v 29.43841 20.48166 1.54954
v 29.15439 20.45975 1.69769
v 28.98360 20.45575 1.36406
v 28.99149 20.45622 1.56937
v 28.90327 20.44651 1.47926
v 28.82625 20.44408 1.59961
v 28.80493 20.44951 1.40195
v 28.96500 20.44328 1.70744
v 28.84500 20.43655 1.77225
v 28.01725 20.43486 1.48449
v 27.91250 20.43912 1.63596
v 27.86625 20.44138 1.50010
v 27.90007 20.43885 1.37323
v 27.79651 20.43754 1.40751
v 27.73955 20.43799 1.48320
v 27.69500 20.43288 1.32496
v 27.80000 20.43710 1.28105
v 27.68953 20.44087 1.22592
v 27.51625 20.43481 1.35825
v 27.74184 20.43660 1.08015
v 27.82088 20.43862 1.10295
v 27.85139 20.44159 0.98639
v 27.65172 20.44163 1.00592
v 27.60016 20.42360 1.41344
v 29.62562 20.46858 1.60666
v 28.64500 20.42566 2.28990
v 29.14747 20.47487 1.28872
v 29.20661 20.48333 1.17746
v 29.10750 20.47372 1.19810
v 29.00835 20.46200 1.20070
v 29.31298 20.47659 1.20743
v 29.12711 20.46768 1.03343
v 28.92812 20.45690 1.03835
v 29.25250 20.47359 1.05229
v 29.53000 20.47243 1.38055
v 28.02500 20.43056 1.87327
v 27.96902 20.42588 1.70807
v 27.91504 20.43463 1.87406
v 27.86551 20.43753 1.76637
v 27.82924 20.43721 1.67388
v 27.85570 20.43111 1.92971
v 27.82370 20.43257 1.90096
v 27.83250 20.43010 1.55553
v 27.77622 20.43425 1.60841
v 27.78499 20.44270 1.75967
v 27.71557 20.43520 1.69519
v 27.77446 20.44353 1.97640
v 27.70069 20.42544 1.60628
v 29.45892 20.48108 1.26103
v 29.35991 20.48334 1.40568
v 29.35500 20.48956 1.27862
v 29.36562 20.49120 1.13938
v 29.46187 20.48626 1.08173
v 29.57125 20.49047 1.16868
v 29.50224 20.48181 1.02155
v 29.50474 20.47652 0.91404
v 29.34717 20.48374 0.95418
v 29.43750 20.48797 0.79302
v 29.31672 20.47800 0.85433
v 29.31994 20.48358 0.76762
v 29.26202 20.48082 0.88667
v 29.73485 20.47674 1.09265
v 29.55750 20.49446 0.92308
v 29.56413 20.49383 0.77139
v 29.68556 20.49471 0.89563
v 29.73567 20.49670 0.79291
v 29.71936 20.49660 0.99181
v 29.94500 20.48365 0.95061
v 29.66005 20.48202 0.64691
v 28.79482 20.45879 1.33193
v 28.45255 20.45088 1.33803
v 28.45375 20.45062 1.37803
v 28.02242 20.44418 1.33253
v 29.51875 20.49129 1.30682
v 29.69236 20.48629 1.33709
v 29.73500 20.49361 1.38316
v 29.75926 20.49204 1.51677
v 27.86965 20.42729 1.21274
v 29.09000 20.47183 2.07538
v 27.81572 20.42952 1.19112
v 29.58596 20.48461 1.86120
v 29.87660 20.49882 1.37748
v 29.35940 20.47109 0.69366
v 28.79340 20.45020 1.55943
v 29.71385 20.47363 1.19023
v 29.90263 20.47425 1.13379
v 29.86864 20.47280 1.06887
v 29.78727 20.47839 1.24224
v 29.95584 20.48448 1.10605
v 29.99198 20.49316 1.05905
v 29.75476 20.46555 1.30307
v 27.78625 20.44800 0.95103
v 27.74424 20.45049 0.77262
v 27.83500 20.43818 0.67295
v 28.00033 20.43734 0.87813
v 27.95372 20.44355 0.69308
v 27.99750 20.43144 0.95832
v 28.18625 20.41668 0.96476
v 27.66615 20.43814 0.68329
v 27.73253 20.42753 1.85985
v 29.95247 20.47917 0.98386
v 29.78929 20.49182 1.02008
v 27.61110 20.42187 1.29902
v 27.46750 20.41175 1.24254
v 29.53509 20.49669 2.27066
v 29.69958 20.49237 1.98031
v 29.78000 20.46930 1.65352
v 29.61836 20.46238 1.66629
v 29.46750 20.46326 1.63974
v 27.46832 20.41881 1.45762
v 27.30875 20.41251 1.42299
v 27.32305 20.41027 1.52172
v 27.11515 20.40554 1.42921
v 27.17000 20.39558 1.67460
v 26.95268 20.39682 1.54720
v 26.90912 20.40265 1.40641
v 26.83000 20.39258 1.45659
v 26.72122 20.40215 1.55616
v 26.77500 20.39492 1.73366
v 27.02395 20.40141 1.63087
v 26.93500 20.40646 1.85140
v 27.25125 20.41153 1.95052
v 27.03562 20.40781 2.00166
v 26.89547 20.40449 2.05494
v 26.69641 20.40242 1.89738
v 26.64375 20.40449 2.08658
v 27.07244 20.40134 2.18861
v 27.28460 20.40452 2.09498
v 26.94811 20.39911 2.29393
v 27.37500 20.40618 2.03160
v 26.82732 20.40287 2.28693
v 26.65500 20.41085 1.78598
v 26.60000 20.40123 1.54625
v 26.56979 20.40229 1.40977
v 26.57917 20.40678 1.75156
v 26.49309 20.40000 1.48144
v 26.61750 20.40924 1.91877
v 26.62000 20.40908 1.35504
v 26.36813 20.38796 1.41282
v 26.48124 20.39507 1.71883
v 26.41512 20.40903 1.58549
v 27.41639 20.42955 1.86044
v 27.30286 20.41289 1.69574
v 27.29805 20.39240 2.21198
v 26.81750 20.39593 2.10340
v 26.75824 20.39654 2.21182
v 27.42946 20.40436 2.21022
v 26.58375 20.41110 2.19727
v 26.51978 20.40409 1.98919
v 26.47500 20.41441 1.84396
v 26.67500 20.41279 2.24179
v 26.56835 20.39977 2.35917
v 26.47000 20.41253 2.11390
v 26.42442 20.40804 2.01599
v 26.37728 20.39628 1.89553
v 26.28422 20.40211 1.97773
v 26.32750 20.38914 2.14252
v 26.43066 20.39880 2.15815
v 26.33013 20.38244 2.27542
v 26.10247 20.36288 2.24004
v 26.24000 20.39115 2.03690
v 26.68411 20.41965 2.37244
v 26.08000 20.37393 2.15052
v 25.97125 20.37014 2.23972
v 25.94000 20.37504 2.15706
v 25.79500 20.37368 1.86855
v 25.63743 20.36440 1.91603
v 25.63937 20.36741 2.13621
v 25.86938 20.37285 2.28139
v 25.53050 20.36176 2.08750
v 26.04375 20.37940 1.97441
v 26.16185 20.38977 1.81507
v 26.27253 20.38840 1.88207
v 25.50288 20.37667 1.74483
v 25.83234 20.36699 1.67638
v 26.06000 20.37459 1.74539
v 26.00000 20.36908 1.87303
v 25.98000 20.36168 1.56468
v 25.86094 20.37488 1.44901
v 26.01256 20.36483 1.44039
v 25.60000 20.35375 1.58204
v 25.62000 20.36775 1.40234
v 25.86781 20.37461 1.39856
v 25.53934 20.35989 1.44144
v 25.41202 20.38018 1.82682
v 25.37250 20.38950 1.63352
v 25.61625 20.35580 2.22360
v 25.70000 20.35448 2.23487
v 26.17480 20.39299 1.65870
v 25.50259 20.37449 1.60402
v 25.35915 20.39286 1.34316
v 26.52250 20.41360 2.32932
v 26.58000 20.41060 2.47661
v 26.64425 20.41550 2.56525
v 26.60843 20.41352 2.67796
v 26.47558 20.41032 2.67177
v 26.51163 20.41935 2.75802
v 26.48541 20.40209 2.38000
v 26.36743 20.41795 2.73064
v 26.62248 20.40608 2.79997
v 26.55250 20.41601 2.85583
v 26.31750 20.39173 2.75604
v 29.30245 20.46567 0.99535
v 29.08000 20.47286 0.99527
v 28.97362 20.46399 0.94395
v 28.76375 20.46298 1.01349
v 28.95125 20.47119 0.77378
v 28.84147 20.46061 0.96167
v 29.08500 20.46764 0.73528
v 28.68700 20.45240 0.95967
v 28.41731 20.43543 0.96785
v 27.66504 20.44693 1.11612
v 27.51000 20.42701 1.18811
v 26.13262 20.40253 2.66856
v 26.10375 20.41123 2.73850
v 25.99318 20.39818 2.68011
v 28.68230 20.44283 0.90423
v 28.43513 20.44264 0.88027
v 28.57500 20.45046 0.74936
v 28.71781 20.45072 0.76783
v 28.88937 20.44836 0.75037
v 29.86392 20.47972 1.31366
v 29.95975 20.49854 1.27520
v 29.38000 20.46336 2.01870
v 28.93563 20.45874 0.70636
v 28.49698 20.45821 0.70857
v 27.41438 20.42603 1.32265
v 27.32000 20.43377 1.31639
v 27.40387 20.41746 1.18480
v 29.59499 20.49643 2.13623
v 29.66375 20.48645 2.31288
v 29.57603 20.49548 2.37720
v 29.70687 20.48834 2.41121
v 29.59812 20.49413 2.48965
v 29.69125 20.48393 2.24442
v 29.51246 20.48114 2.45551
v 29.55005 20.50136 2.69908
v 29.44000 20.48491 2.37959
v 29.49562 20.48796 2.72418
v 29.46250 20.48874 2.83113
v 29.57937 20.49344 2.92668
v 29.50821 20.49635 2.99454
v 29.60247 20.49864 3.04890
v 29.34625 20.47688 2.50060
v 29.32323 20.48199 2.57758
v 29.64487 20.49045 2.93352
v 29.60743 20.49549 2.72161
v 29.78875 20.50885 3.06392
v 29.53437 20.47808 3.16627
v 29.61279 20.45937 3.33626
v 29.66500 20.48346 2.53974
v 29.71244 20.47755 2.67609
v 29.74093 20.47770 2.80389
v 29.71886 20.50092 2.25303
v 28.91002 20.46305 2.26340
v 29.58968 20.48342 0.70886
v 29.66153 20.48472 2.06986
v 29.53089 20.49108 2.07208
v 26.42875 20.41086 1.45527
v 26.19639 20.41748 1.47579
v 26.79250 20.39109 2.46626
v 26.31625 20.37547 2.62879
v 29.97908 20.49420 1.20783
v 28.96000 20.44386 1.29364
v 28.88375 20.45441 1.20540
v 28.82292 20.45961 1.23402
v 27.43750 20.42800 2.07618
v 27.51501 20.42051 2.14016
v 27.59299 20.41992 2.06869
v 27.48000 20.45336 1.85811
v 27.66195 20.44953 1.92982
v 27.57125 20.44613 1.76702
v 27.68927 20.44014 1.82221
v 27.67117 20.44667 1.67332
v 27.49016 20.46165 1.61381
v 27.58500 20.45621 1.49432
v 27.36500 20.43743 1.78184
v 27.71250 20.43395 2.06817
v 27.80107 20.44171 2.19361
v 27.63190 20.43964 2.15014
v 27.56416 20.40533 2.22593
v 27.52500 20.40602 2.30302
v 27.60895 20.41424 2.29115
v 27.70500 20.42283 2.23246
v 26.29478 20.38241 2.79442
v 29.59823 20.47236 3.11884
v 29.74683 20.47406 3.23503
v 29.67000 20.47310 3.31223
v 29.76250 20.49209 3.11848
v 29.94133 20.50656 3.13623
v 29.89246 20.50928 3.26399
v 29.98565 20.51317 3.06631
v 29.95720 20.49376 3.40021
v 29.93747 20.50263 3.28864
v 30.01551 20.49677 3.24187
v 30.04605 20.50330 3.41197
v 30.07030 20.51630 3.54498
v 30.02573 20.49413 3.10666
v 25.49500 20.37899 2.28044
v 27.42477 20.42756 2.33139
v 27.29234 20.39805 2.28223
v 27.10000 20.41576 2.22259
v 29.76835 20.46674 2.76124
v 26.40039 20.38294 2.54804
v 26.18447 20.37609 2.60602
v 26.21750 20.41084 1.75696
v 26.40874 20.40825 1.72247
v 26.34130 20.40330 1.58019
v 26.17023 20.40969 1.51275
v 29.67236 20.47606 0.99417
v 28.49330 20.43285 0.73334
v 28.30781 20.43662 0.76131
v 28.27375 20.43157 0.85090
v 28.02000 20.42844 0.72320
v 25.84000 20.40714 2.72527
v 25.74335 20.39948 2.68055
v 25.61770 20.40207 2.72650
v 25.48844 20.39137 2.63427
v 25.40977 20.39296 2.69701
v 25.41031 20.37661 2.37014
v 25.43888 20.38148 2.14575
v 25.38251 20.39604 2.33469
v 25.37289 20.39310 2.14960
v 25.41337 20.37294 1.98486
v 26.10142 20.39017 2.29547
v 26.92557 20.42125 1.32156
v 27.04500 20.42439 1.30510
v 27.00953 20.42094 1.36304
v 25.28124 20.40740 1.49736
v 25.20876 20.39324 1.40156
v 25.27759 20.39618 1.29076
v 25.15125 20.39521 1.31858
v 25.22752 20.40412 1.19296
v 25.16153 20.40322 1.05299
v 25.37250 20.39452 0.99111
v 25.25774 20.39443 1.04797
v 25.23187 20.38564 0.97519
v 25.33000 20.39351 0.88084
v 25.11000 20.36944 0.95930
v 25.33000 20.39441 0.78085
v 25.11775 20.37778 0.79069
v 25.11236 20.40353 1.19220
v 25.19990 20.39755 1.61608
v 25.29178 20.39790 1.69987
v 25.34845 20.39864 1.78632
v 25.23562 20.38673 1.88553
v 25.35125 20.39408 1.96908
v 25.17658 20.39244 1.98732
v 25.27895 20.40244 2.13784
v 25.45594 20.37756 0.86330
v 25.16875 20.39552 1.87359
v 25.08635 20.37238 2.05379
v 25.33250 20.40604 2.23725
v 25.20750 20.39490 2.22515
v 25.48500 20.37528 0.93758
v 25.68000 20.37679 0.95283
v 25.39139 20.38170 0.71268
v 25.55000 20.37179 0.70194
v 25.67937 20.37432 0.75506
v 25.73273 20.38158 0.84953
v 25.91741 20.38206 0.71645
v 25.93788 20.37981 0.90737
v 26.04125 20.38713 0.84748
v 26.04750 20.39114 0.74049
v 26.24562 20.39209 0.76820
v 26.17508 20.39697 0.89914
v 26.13689 20.39112 0.96624
v 26.15750 20.39771 0.70136
v 26.40253 20.41937 0.90980
v 25.77500 20.37376 0.91878
v 25.69000 20.38251 0.70297
v 25.91625 20.40308 0.69005
v 25.95756 20.40145 0.65532
v 25.83718 20.40467 0.64866
v 25.61212 20.39913 0.67230
v 26.22125 20.38748 0.94672
v 25.29437 20.39155 0.65811
v 25.12000 20.36237 0.73927
v 25.35939 20.37925 0.52677
v 25.05874 20.39569 0.98456
v 25.09000 20.36720 2.22416
v 24.97857 20.37869 2.24511
v 24.98432 20.37265 2.14434
v 25.18004 20.37642 2.12971
v 24.90953 20.38468 2.03302
v 24.94448 20.35485 2.07298
v 27.14610 20.39889 2.29565
v 26.47000 20.38407 2.49857
v 26.29491 20.38483 2.43604
v 26.28750 20.39670 2.54231
v 29.34500 20.45263 2.31896
v 28.84500 20.46931 1.86255
v 26.28938 20.40975 2.34748
v 26.24122 20.41285 2.39215
v 26.09801 20.39723 2.39895
v 30.04000 20.50336 0.93700
v 27.63971 20.44389 1.46059
v 29.58891 20.48901 1.72922
v 26.06500 20.41624 0.98591
v 26.78325 20.40232 2.55618
v 26.92852 20.41202 2.52015
v 26.91844 20.40322 2.43013
v 27.04375 20.41359 2.40869
v 27.12969 20.41436 2.45126
v 27.25563 20.40825 2.41499
v 27.30865 20.40797 2.45941
v 27.19375 20.43311 2.33023
v 27.28978 20.41672 2.52091
v 27.07750 20.40566 2.51638
v 27.23481 20.40511 2.60036
v 27.09356 20.40827 2.62162
v 27.44500 20.40700 2.61727
v 27.54725 20.42128 2.51795
v 27.51339 20.41569 2.64766
v 27.62179 20.44007 2.55885
v 25.99703 20.40687 0.99575
v 25.03562 20.39241 0.83478
v 25.02797 20.39403 0.67797
v 26.16000 20.41100 1.58654
v 29.24778 20.45663 2.63442
v 29.20480 20.46029 2.41662
v 29.43500 20.49112 2.03958
v 25.96008 20.39650 2.78113
v 28.80000 20.46322 1.47699
v 27.87304 20.42634 1.11406
v 28.17492 20.44305 1.03368
v 28.73250 20.44497 1.29107
v 26.24750 20.40558 2.11212
v 25.41558 20.38153 1.15187
v 25.46444 20.38175 1.05315
v 25.50312 20.37469 1.27914
v 25.59507 20.36120 1.18903
v 25.79000 20.34758 1.22322
v 25.78844 20.36624 1.13626
v 25.53000 20.35823 1.11166
v 25.77112 20.36531 1.06827
v 26.01812 20.37564 1.07246
v 25.95500 20.35655 1.21445
v 26.16500 20.37854 1.13361
v 26.34125 20.39116 1.06348
v 26.17500 20.38488 1.28468
v 25.71250 20.40438 0.99252
v 25.79588 20.39680 1.04378
v 26.33500 20.42816 1.21803
v 26.52125 20.40663 1.00923
v 25.33139 20.40485 2.54817
v 25.22401 20.39198 2.65547
v 25.09876 20.37176 2.61079
v 25.16750 20.37011 2.48464
v 25.08289 20.37761 2.47792
v 25.21000 20.37243 2.39991
v 25.43006 20.38571 2.89636
v 27.64125 20.41925 2.63430
v 27.36481 20.44144 1.60031
v 28.21250 20.42546 1.09519
v 27.45452 20.43699 1.15271
v 26.01281 20.38232 2.83484
v 25.91000 20.40759 2.82560
v 25.84648 20.39449 2.76189
v 30.14346 20.50114 0.99849
v 27.61509 20.42063 1.06445
v 28.42875 20.42479 1.10251
v 25.06000 20.39987 1.99937
v 25.44000 20.39761 2.76652
v 25.66967 20.36802 2.27872
v 27.73000 20.44735 2.32046
v 27.70587 20.44053 2.50175
v 27.79750 20.43610 2.50693
v 27.67434 20.42545 2.43968
v 26.21703 20.40165 1.35924
v 25.10500 20.41151 1.28361
v 24.98303 20.39957 1.37618
v 24.95150 20.40315 1.50294
v 24.84230 20.39568 1.45314
v 24.90125 20.40926 1.56362
v 25.00000 20.39475 1.20399
v 24.93889 20.39563 1.30241
v 24.96490 20.40023 1.09965
v 24.83383 20.37734 1.38626
v 25.07000 20.38206 1.03922
v 24.80000 20.40713 1.27806
v 24.95000 20.41211 1.19391
v 24.77052 20.39709 1.17431
v 24.81125 20.39219 1.03366
v 24.64010 20.37703 1.11393
v 24.70242 20.37946 1.04364
v 24.53699 20.35998 1.03626
v 24.64500 20.38066 1.21697
v 24.67500 20.38408 1.31520
v 24.98000 20.38200 0.99873
v 24.70372 20.39024 0.98863
v 24.52288 20.38357 1.00225
v 24.57500 20.35248 1.25130
v 24.43422 20.35940 1.06630
v 24.38015 20.36646 1.20985
v 24.33437 20.37569 1.05458
v 24.24000 20.37773 0.99503
v 24.21685 20.36319 1.04938
v 24.01750 20.36704 0.97299
v 24.46993 20.33900 1.27742
v 25.96599 20.38168 2.63162
v 25.93572 20.37104 2.59823
v 25.66597 20.37994 2.62800
v 25.49750 20.37102 2.54661
v 26.18877 20.37685 1.41670
v 26.89712 20.43295 2.33823
v 26.75014 20.41830 2.40234
v 29.45250 20.49624 2.25483
v 29.20000 20.49024 1.74682
v 24.40731 20.38184 1.36651
v 24.39702 20.36464 1.30906
v 25.63055 20.39767 1.30348
v 25.85487 20.39827 1.30580
v 25.66625 20.38630 1.38328
v 26.35125 20.41541 1.30800
v 25.14363 20.38122 2.75372
v 25.86719 20.38941 2.85230
v 25.63250 20.37599 2.80251
v 29.48647 20.47114 2.33088
v 28.55105 20.44863 1.04442
v 27.38156 20.43148 1.02693
v 27.43963 20.41144 1.08764
v 27.30375 20.44156 0.99312
v 27.03778 20.42257 1.03934
v 26.99690 20.43658 0.99354
v 25.01485 20.37966 1.96327
v 29.20000 20.44849 0.93646
v 29.26845 20.46005 0.72815
v 29.34217 20.47371 0.65277
v 28.26648 20.45151 0.99363
v 28.01822 20.45539 1.00346
v 25.94500 20.38490 0.60658
v 26.23200 20.41616 0.65213
v 30.07493 20.51874 3.29879
v 26.87111 20.40579 1.04848
v 29.72443 20.50693 2.53876
v 25.59868 20.39832 2.32220
v 25.86500 20.40392 2.32337
v 27.40063 20.42533 0.95767
v 26.64371 20.41823 0.99044
v 27.28403 20.39985 1.07751
v 27.07515 20.39755 1.07997
v 25.63281 20.41530 0.64336
v 25.36486 20.36193 2.02322
v 29.99331 20.50784 1.02596
v 28.52000 20.46531 1.00850
v 30.02483 20.48207 3.54494
v 29.76459 20.49551 2.72363
v 24.49081 20.36150 0.95899
v 24.26500 20.34633 0.91104
v 24.18219 20.36105 0.97017
v 24.04558 20.35370 0.92992
v 23.82512 20.34324 0.93791
v 23.79402 20.35712 0.88328
v 23.67402 20.34518 0.90964
v 23.65733 20.35720 0.93814
v 23.61246 20.35113 1.00714
v 23.58656 20.34983 0.83407
v 23.50093 20.35538 0.86132
v 23.87750 20.36653 0.98748
v 23.81927 20.35219 1.03797
v 26.35291 20.41851 0.98807
v 27.39297 20.38257 2.46465
v 27.50799 20.38354 2.45046
v 27.66545 20.40059 2.43114
v 25.18130 20.40042 2.84006
v 26.80313 20.41344 0.96928
v 25.56895 20.41064 0.98207
v 26.28097 20.38808 1.27426
v 26.48234 20.40306 1.27889
v 27.67504 20.42333 0.96968
v 29.52227 20.50112 0.68043
v 28.18250 20.45595 1.32518
v 28.79130 20.46062 1.69578
v 25.66000 20.38942 2.24285
v 25.13500 20.41471 1.12996
v 29.25500 20.48449 0.68004
v 29.30303 20.46828 2.41287
v 29.37000 20.49392 2.41883
v 25.70094 20.37847 2.56174
v 26.01125 20.38971 2.50273
v 25.88599 20.38087 2.47943
v 25.66476 20.38054 2.48022
v 25.53094 20.38274 2.39708
v 25.71213 20.39202 2.39983
v 25.86040 20.39608 2.39587
v 26.08750 20.38479 2.50070
v 25.92008 20.40552 2.42236
v 26.73000 20.39528 1.23329
v 27.38875 20.42767 2.38457
v 27.56994 20.43069 2.39937
v 28.34411 20.43383 1.18516
v 28.50584 20.43821 1.29930
v 28.56713 20.44094 1.23775
v 28.55575 20.44775 1.14153
v 28.28625 20.43742 1.30756
v 28.10094 20.43319 1.24314
v 28.04000 20.43140 1.30343
v 27.94375 20.42529 1.16301
v 28.69028 20.43851 1.18522
v 28.81372 20.43460 1.13952
v 28.67605 20.44443 1.08156
v 28.88485 20.43404 1.08212
v 26.74878 20.39630 1.09056
v 26.44861 20.39670 1.16855
v 26.82750 20.40527 1.28629
v 26.99744 20.40900 1.24946
v 27.03562 20.39253 1.12962
v 27.13250 20.41309 1.27445
v 27.26000 20.41131 1.29559
v 27.31375 20.39670 1.10973
v 26.39352 20.41671 1.20811
v 26.38481 20.42250 1.12057
v 26.43554 20.39850 0.96312
v 28.13073 20.42315 5.21398
v 28.27107 20.42594 5.21595
v 28.05109 20.44498 5.13506
v 28.30000 20.45581 5.12659
v 28.35564 20.42971 5.22168
v 27.95975 20.40125 5.22222
v 28.44000 20.46972 5.14807
v 27.84813 20.44838 5.12328
v 19.28000 20.23713 5.26662
v 19.41808 20.26615 5.27410
v 19.36000 20.26443 5.22019
v 19.23168 20.25988 5.18341
v 19.21003 20.24673 5.25588
v 18.94065 20.26000 5.17995
v 19.49016 20.26424 5.19451
v 19.65720 20.26082 5.28071
v 19.72182 20.27756 5.19099
v 19.60500 20.27776 5.30427
v 24.04750 20.35580 1.81015
v 24.09747 20.36537 1.66428
v 23.96750 20.36634 1.61623
v 24.11623 20.36264 1.86077
v 24.08285 20.35866 1.54770
v 23.94187 20.37173 1.78587
v 24.04125 20.35954 1.96146
v 32.19000 20.59000 -0.29971
v 32.36187 20.60487 -0.29291
v 32.27852 20.54149 -0.28677
v 32.00748 20.57739 -0.26823
v 32.17040 20.53747 -0.24616
v 32.52738 20.54594 -0.26069
v 32.39629 20.54958 -0.24034
v 31.49044 20.55712 3.53066
v 31.54000 20.51236 3.36816
v 31.49311 20.55416 3.36202
v 31.53171 20.52019 3.55124
v 31.53508 20.53265 3.31419
v 31.54828 20.54432 3.67846
v 30.50000 20.52781 0.67260
v 30.69578 20.51786 0.68267
v 30.58385 20.50377 0.57633
v 31.81201 20.53242 0.63684
v 31.83458 20.47226 0.65192
v 31.94000 20.54631 0.63157
v 31.99000 20.47876 0.64863
v 31.75524 20.49583 0.65916
v 32.08873 20.52093 0.61684
v 32.11979 20.47242 0.64647
v 32.22170 20.48670 0.63129
v 26.73535 20.63986 5.64299
v 26.64430 20.61409 5.58109
v 26.71096 20.60519 5.58331
v 26.72805 20.65946 5.57872
v 27.35512 20.43771 5.14695
v 27.46742 20.44030 5.09586
v 27.40174 20.44110 5.10353
v 27.42962 20.45909 5.03028
v 27.43077 20.39426 5.23067
v 27.32259 20.35318 5.27657
v 27.57138 20.44282 5.19941
v 27.32000 20.38478 5.19592
v 27.28279 20.38391 5.22822
v 32.74630 20.65505 2.26811
v 32.89042 20.61170 2.26336
v 32.87516 20.61064 2.33213
v 32.92988 20.60000 2.28016
v 20.74000 20.23852 4.66647
v 20.63250 20.25954 4.65225
v 20.96060 20.29033 4.68347
v 21.15500 20.25858 4.66891
v 21.32758 20.29601 4.68945
v 21.39000 20.26320 4.64453
v 21.50818 20.26154 4.64571
v 21.61563 20.30696 4.69604
v 21.61056 20.28805 4.66680
v 21.61681 20.29368 4.72871
v 21.66000 20.31496 4.76572
v 21.70000 20.28725 4.79305
v 20.50505 20.23567 4.70689
v 20.54317 20.28000 4.74528
v 20.60000 20.27379 4.73252
v 20.63625 20.28994 4.76301
v 20.80562 20.29992 4.76853
v 20.98931 20.29552 4.74154
v 21.11500 20.28161 4.72537
v 21.26562 20.30923 4.75943
v 21.39000 20.29088 4.72480
v 21.49625 20.31378 4.75529
v 21.73000 20.31495 4.68090
v 21.17000 20.30519 5.18366
v 21.30750 20.30852 5.26976
v 21.30687 20.31127 5.17935
v 21.51470 20.32008 5.28251
v 21.44568 20.31866 5.19568
v 21.64968 20.32947 5.29991
v 21.15970 20.29483 5.24415
v 21.03419 20.30441 5.19039
v 20.91500 20.30585 5.24282
v 20.69664 20.29879 5.19171
v 21.08469 20.30004 5.28346
v 21.35326 20.29223 5.12376
v 21.52292 20.30298 5.14323
v 21.63201 20.32055 5.18924
v 21.62000 20.29959 5.08546
v 21.36000 20.28590 4.97093
v 21.50750 20.28960 4.96758
v 21.12805 20.28428 5.00679
v 21.03255 20.28250 4.90353
v 20.89079 20.27836 5.04542
v 21.04000 20.28620 5.12391
v 20.71750 20.27170 4.92428
v 20.67011 20.27462 5.06315
v 20.81141 20.28026 5.13642
v 20.57000 20.27624 5.07848
v 20.54866 20.28059 4.98907
v 20.53251 20.27340 4.85741
v 21.17542 20.27977 5.17426
v 21.67698 20.30911 4.93806
v 20.66278 20.26729 5.17604
v 21.08941 20.27579 5.18744
v 21.67953 20.28034 5.18616
v 20.49360 20.26608 4.95780
v 21.68000 20.28327 5.09046
v 21.67752 20.30510 5.24179
v 21.80607 20.31083 5.28590
v 21.44591 20.32888 5.30523
v 20.47861 20.24040 4.80637
v 20.52000 20.24070 4.82023
v 21.69919 20.31133 5.12175
v 19.75454 20.45941 5.29474
v 19.48587 20.38503 5.29934
v 19.67530 20.49473 5.27297
v 19.64000 20.52000 5.24767
v 19.40797 20.47598 5.26921
v 19.12000 20.48000 5.27439
v 19.45500 20.52089 5.25680
v 19.73875 20.36927 5.30233
v 19.90124 20.44895 5.30264
v 19.06380 20.31251 5.28254
v 19.60500 20.27776 5.30427
v 19.32883 20.34946 5.29861
v 19.41808 20.26615 5.27410
v 19.28000 20.23713 5.26662
v 19.24523 20.30100 5.25418
v 19.21003 20.24673 5.25588
v 19.10581 20.29089 5.24985
v 19.09000 20.24381 5.24946
v 19.65720 20.26082 5.28071
v 20.98906 20.28115 4.04699
v 21.08296 20.25900 4.02301
v 20.85973 20.21688 4.00877
v 20.76626 20.27067 4.06253
v 21.26794 20.28810 4.05047
v 20.76000 20.23041 4.03958
v 20.66500 20.26752 4.06287
v 20.66250 20.22911 4.03215
v 21.18996 20.24476 3.99181
v 21.29877 20.23527 3.94707
v 21.47759 20.29191 4.02618
v 20.92125 20.28317 4.06529
v 21.47943 20.27208 2.86820
v 21.53078 20.26693 2.95557
v 21.43000 20.30289 2.72715
v 21.67033 20.29764 3.20405
v 21.72522 20.30026 3.35259
v 21.71026 20.29819 3.03381
v 21.63515 20.29553 3.08527
v 21.74674 20.29972 3.04559
v 21.61500 20.29657 3.01307
v 21.67405 20.29759 3.42433
v 21.67008 20.29315 3.57894
v 21.40250 20.28395 3.00045
v 21.75957 20.28967 2.88220
v 21.70500 20.28876 2.80433
v 21.74641 20.29691 2.72430
v 21.28562 20.29088 3.04954
v 21.54750 20.27585 3.46982
v 21.58809 20.28262 3.26022
v 21.35469 20.27110 3.31140
v 21.34937 20.27085 3.18357
v 21.36203 20.27321 3.45878
v 21.16844 20.26561 3.40964
v 21.28062 20.26426 3.60615
v 21.44000 20.27934 3.60286
v 21.34703 20.26776 3.72791
v 21.54500 20.27024 3.11499
v 21.22895 20.27876 3.22179
v 21.06000 20.27227 3.54382
v 20.95141 20.26802 3.37759
v 21.00375 20.26848 3.20991
v 20.75403 20.25390 3.28463
v 21.13562 20.26551 3.18831
v 21.17000 20.26925 3.09406
v 20.88062 20.26619 3.08335
v 20.64000 20.25496 3.35270
v 20.66468 20.25847 3.46595
v 20.56000 20.25545 3.38627
v 20.56777 20.25877 3.72488
v 20.65562 20.25945 3.64093
v 20.63500 20.25050 3.21264
v 20.81500 20.27163 3.62825
v 20.81225 20.25923 3.83194
v 20.61000 20.25110 3.83759
v 20.62998 20.25880 3.92521
v 20.93000 20.25709 3.62251
v 20.96362 20.24355 3.89773
v 20.92500 20.25559 3.48835
v 21.42000 20.24618 3.90444
v 21.10470 20.24346 3.92128
v 21.54406 20.25230 3.76856
v 21.50851 20.24564 3.94053
v 21.56000 20.26091 3.62493
v 20.50500 20.26991 3.28316
v 21.79087 20.29168 3.41291
v 21.61004 20.26523 3.73088
v 21.74000 20.30711 3.86335
v 21.66035 20.30428 3.78124
v 21.69496 20.29757 3.93089
v 21.66500 20.28776 2.96046
v 21.74551 20.30455 4.04959
v 21.86000 20.27841 2.82588
v 21.88750 20.27513 2.94070
v 22.00125 20.26454 2.91862
v 21.94687 20.29021 2.76667
v 21.82335 20.30276 2.65850
v 21.65626 20.29261 2.63613
v 21.76000 20.29551 2.58579
v 21.63580 20.30329 2.74684
v 21.52125 20.30019 2.67915
v 21.26326 20.30146 2.73503
v 21.81562 20.28935 3.01337
v 22.34386 20.28030 2.92387
v 20.88927 20.27676 3.18296
v 20.69000 20.26510 3.08290
v 20.65603 20.26561 3.16295
v 20.62063 20.27142 3.06906
v 21.66088 20.30261 4.00606
v 21.86687 20.28425 3.98147
v 21.13161 20.27767 3.00718
v 22.00250 20.31023 2.71408
v 21.02655 20.28435 3.04341
v 20.77369 20.27015 3.00816
v 20.79340 20.28027 3.06380
v 20.55125 20.26895 2.99513
v 20.49791 20.27790 3.74584
v 20.51981 20.27823 4.03561
v 21.91499 20.27767 2.60630
v 21.11662 20.25934 2.61195
v 20.51500 20.27353 3.48759
v 21.35000 20.27768 2.80683
v 21.29530 20.27189 2.88297
v 21.27522 20.26358 2.81412
v 21.12000 20.24738 2.96373
v 21.03302 20.25904 2.85086
v 20.77741 20.24428 2.95009
v 20.66563 20.24620 2.78772
v 21.28362 20.26395 2.96459
v 20.54445 20.25860 2.82752
v 21.40884 20.25318 2.93439
v 20.54750 20.26949 2.72513
v 20.46647 20.25520 2.77078
v 20.50225 20.25555 2.66520
v 20.66629 20.27078 2.66540
v 20.80029 20.27727 2.73620
v 20.57221 20.26901 2.54893
v 20.74699 20.26137 2.63241
v 20.94894 20.27825 2.68228
v 20.42968 20.27041 2.68016
v 20.32250 20.27811 2.72222
v 20.44533 20.26449 2.56650
v 20.34645 20.26169 2.63606
v 20.23171 20.26437 2.69184
v 20.12900 20.25741 2.65312
v 20.33672 20.24727 2.55185
v 19.96480 20.26203 2.67332
v 20.08388 20.25062 2.73032
v 20.15280 20.25231 2.74124
v 20.22875 20.23099 2.62071
v 20.13500 20.23501 2.60329
v 20.70021 20.26630 2.75752
v 20.87250 20.28767 2.76312
v 20.96375 20.29119 2.72378
v 21.13500 20.28700 2.76173
v 20.29030 20.23649 2.76111
v 20.56763 20.25766 4.02260
v 21.38000 20.26000 3.99769
v 21.55446 20.26943 3.98886
v 20.60237 20.25638 3.09537
v 21.68998 20.27607 4.06542
v 22.10235 20.31350 4.00426
v 20.47992 20.26198 3.93928
v 21.45500 20.26481 2.62471
v 21.74071 20.27841 2.57690
v 20.10002 20.26022 2.74158
v 20.52913 20.24925 2.93182
v 21.61073 20.26829 3.92295
v 21.57905 20.28052 3.82282
v 25.64675 20.39605 3.98425
v 25.79937 20.40547 4.01083
v 25.78875 20.37555 3.94890
v 26.03125 20.41239 4.01803
v 25.57500 20.37068 3.94708
v 25.45500 20.39356 4.00232
v 25.99355 20.38056 3.97368
v 26.17000 20.39477 4.00142
v 26.25448 20.41872 4.04433
v 26.24311 20.39095 3.99169
v 26.33009 20.40821 3.99932
v 26.40403 20.39795 3.96240
v 26.12672 20.38408 4.12346
v 26.49250 20.40083 4.10394
v 26.33666 20.37092 4.19585
v 26.57802 20.41501 4.04858
v 25.81000 20.38979 4.10384
v 25.63562 20.38210 4.09329
v 25.63037 20.37006 4.20286
v 25.91410 20.38132 4.24224
v 25.48000 20.36720 4.20146
v 25.47569 20.40157 4.04472
v 26.12961 20.35085 4.20460
v 26.24039 20.35902 4.16841
v 26.22579 20.33459 4.21724
v 25.42997 20.39600 4.19444
v 26.23500 20.38084 4.31885
v 26.18747 20.36251 4.26090
v 26.11750 20.39015 4.31921
v 26.00522 20.38553 4.29893
v 25.90000 20.41309 4.35472
v 25.81131 20.40221 4.30122
v 26.04741 20.40965 4.35416
v 25.58444 20.39744 4.33811
v 25.45967 20.39745 4.34710
v 26.37993 20.38209 4.26828
v 26.20306 20.41753 4.36260
v 26.35493 20.40640 4.30319
v 26.42000 20.42288 4.34862
v 26.56174 20.42085 4.40502
v 23.01500 20.60688 5.30934
v 23.04000 20.61161 5.29289
v 23.03500 20.61621 5.24643
v 22.79125 20.60034 5.24474
v 23.04000 20.61280 5.31290
v 23.05750 20.60981 5.34543
v 23.06000 20.60684 5.29291
v 23.08000 20.60942 5.31300
v 23.08000 20.60899 5.33300
v 23.10000 20.60820 5.35306
v 23.10000 20.60585 5.37303
v 23.08000 20.60796 5.37299
v 23.10000 20.60310 5.39402
v 23.03576 20.58939 5.40109
v 23.04000 20.60889 5.35286
v 23.02000 20.61326 5.33284
v 23.01998 20.62247 5.27292
v 23.12005 20.62753 5.32271
v 23.11465 20.58618 5.42338
v 22.86000 20.59865 5.26993
v 23.17401 20.60979 5.40356
v 23.13066 20.61903 5.27029
v 22.95000 20.60000 5.23338
v 22.52553 20.59882 5.32947
v 22.70875 20.60128 5.40494
v 22.66500 20.60304 5.26155
v 22.75287 20.59695 5.31472
v 22.79878 20.59963 5.27138
v 22.82000 20.59988 5.27182
v 22.84000 20.59899 5.27062
v 22.87949 20.60137 5.39788
v 22.62750 20.60016 5.23932
v 22.46250 20.60392 5.25092
v 23.01175 20.58822 5.44422
v 23.06000 20.58947 5.47272
v 23.08000 20.59017 5.49280
v 23.06000 20.59178 5.49275
v 22.33500 20.60000 5.23454
v 22.17082 20.60253 5.31490
v 22.30375 20.60232 5.33978
v 22.58000 20.59746 5.26740
v 22.60000 20.59698 5.26758
v 22.24856 20.60510 5.40915
v 22.15745 20.60008 5.27087
v 22.14000 20.59860 5.25777
v 22.03037 20.58664 5.26094
v 22.14086 20.59976 5.41741
v 21.86502 20.57731 5.32741
v 21.75868 20.58918 5.24610
v 22.08047 20.58698 5.48911
v 22.20868 20.58558 5.50721
v 21.54892 20.58582 5.24515
v 21.59916 20.58609 5.36629
v 22.29993 20.59848 5.49796
v 22.62809 20.59969 5.27083
v 22.44137 20.57125 5.41902
v 22.62992 20.58182 5.41971
v 22.63796 20.58033 5.49497
v 22.73994 20.57775 5.51164
v 22.35285 20.56383 5.46149
v 22.42000 20.52786 5.58250
v 22.51007 20.55099 5.48672
v 22.34387 20.54692 5.56416
v 22.63037 20.56063 5.48273
v 22.51185 20.55259 5.56385
v 22.63861 20.54807 5.57787
v 22.80335 20.57281 5.45152
v 21.67250 20.57602 5.37413
v 21.86184 20.57740 5.39421
v 21.99450 20.57435 5.43338
v 21.87283 20.55214 5.47222
v 21.98717 20.56013 5.52754
v 21.76000 20.54185 5.44996
v 22.37220 20.54099 5.62675
v 22.26495 20.54998 5.62594
v 22.23495 20.55678 5.52477
v 22.92761 20.56676 5.47157
v 22.92873 20.55698 5.53890
v 23.01299 20.56947 5.50182
v 23.02000 20.55976 5.55511
v 22.73000 20.55076 5.54621
v 22.83064 20.54233 5.60625
v 22.69547 20.53994 5.61013
v 22.77371 20.56215 5.59897
v 21.57852 20.55190 5.43254
v 21.61563 20.52237 5.52493
v 21.78749 20.53689 5.55139
v 22.80595 20.55150 5.66080
v 22.85300 20.54528 5.66785
v 22.92067 20.57815 5.60686
v 21.82148 20.55418 5.54099
v 22.73846 20.57975 5.67211
v 22.34021 20.57839 5.48095
v 22.20798 20.55567 5.58192
v 22.22974 20.56721 5.56027
v 21.54559 20.60000 5.41293
v 21.52000 20.61952 5.24852
v 21.50823 20.57006 5.46631
v 23.00500 20.51322 5.27667
v 22.95000 20.60000 5.23338
v 23.04375 20.60614 5.23910
v 22.83375 20.54000 5.27180
v 22.79125 20.60034 5.24474
v 23.02000 20.54000 5.26930
v 23.04000 20.56000 5.26692
v 23.06079 20.55921 5.27090
v 23.08069 20.58088 5.27350
v 23.09069 20.55952 5.27494
v 28.04250 20.43819 4.69332
v 27.93500 20.45016 4.71426
v 28.05898 20.42072 4.76352
v 28.21309 20.46107 4.67874
v 28.14000 20.45773 4.75383
v 27.86181 20.44568 4.69365
v 27.88180 20.41820 4.77283
v 20.57000 20.27624 5.07848
v 20.54866 20.28059 4.98907
v 20.53556 20.23273 5.07940
v 20.49360 20.26608 4.95780
v 20.66278 20.26729 5.17604
v 20.55012 20.22083 5.16576
v 20.49991 20.20400 5.13911
v 32.50517 20.53409 0.73311
v 32.40570 20.50292 0.75394
v 32.49038 20.50732 0.73564
v 32.67730 20.53315 0.75259
v 32.12931 20.54683 0.73777
v 32.27686 20.56967 0.71409
v 32.17368 20.58170 0.70292
v 31.87985 20.56910 0.70889
v 32.41000 20.56629 0.69327
v 32.68000 20.56356 0.69572
v 27.25647 20.51988 4.73864
v 27.32685 20.48060 4.84328
v 27.18709 20.48010 4.83121
v 27.33748 20.53942 4.78471
v 22.94068 20.29414 3.07971
v 22.94000 20.30668 2.97932
v 22.88750 20.32323 2.98126
v 22.96766 20.32511 2.85104
v 22.77187 20.31363 3.03636
v 22.62391 20.32171 2.99100
v 22.51500 20.31029 3.02554
v 22.36250 20.31048 2.99759
v 22.17000 20.31172 3.02706
v 22.89150 20.32497 3.08407
v 22.94096 20.30082 3.16940
v 22.90750 20.32646 3.21914
v 23.06000 20.31826 4.19583
v 23.04617 20.30917 4.21072
v 23.06000 20.31066 4.20975
v 23.08000 20.31787 4.18897
v 23.08000 20.30952 4.20981
v 23.10000 20.31192 4.20990
v 23.08000 20.30685 4.22978
v 23.18898 20.29519 4.24296
v 23.12000 20.31042 4.20995
v 23.17000 20.32263 4.18151
v 23.05000 20.30923 4.22970
v 23.22276 20.32144 4.13298
v 23.02000 20.30742 4.20959
v 23.02641 20.31713 4.17736
v 22.95000 20.33231 4.14647
v 23.01455 20.31548 4.26227
v 23.04192 20.30783 4.25001
v 23.03415 20.31591 4.28472
v 23.06675 20.31924 4.25643
v 23.05363 20.32091 3.97720
v 23.06000 20.31544 3.94980
v 23.03816 20.32160 3.93451
v 23.06000 20.31369 3.92978
v 23.06000 20.31266 3.90977
v 23.13492 20.29186 3.96033
v 23.04957 20.31876 3.88941
v 23.08000 20.30877 3.88980
v 23.15499 20.29892 3.87480
v 23.07291 20.32053 3.85612
v 23.07860 20.31906 3.99115
v 23.06000 20.33857 4.01005
v 23.10000 20.31588 3.99118
v 23.12000 20.31751 3.99541
v 23.08000 20.33739 4.01010
v 23.10000 20.33661 4.01016
v 23.12000 20.33599 4.01022
v 23.02000 20.32687 3.90979
v 23.03203 20.31993 3.90976
v 23.02000 20.32433 3.88977
v 23.03733 20.30981 4.19540
v 22.95250 20.33372 3.83714
v 23.02000 20.32544 3.86978
v 23.02000 20.32767 3.84980
v 23.03995 20.32232 3.85966
v 23.06000 20.32085 3.86756
v 22.96314 20.32960 3.99585
v 22.88000 20.33560 3.90818
v 22.90000 20.33356 4.03447
v 22.97880 20.32393 4.05990
v 22.88951 20.32942 4.24939
v 23.02000 20.32676 4.02979
v 23.04000 20.32692 4.02986
v 23.06000 20.32689 4.02992
v 23.11752 20.32489 4.08009
v 23.08000 20.32695 4.02999
v 23.05328 20.32198 4.11654
v 23.01789 20.32191 4.10973
v 23.10000 20.32733 4.03006
v 23.02000 20.31884 4.14971
v 23.04006 20.31761 4.15971
v 23.02000 20.31991 4.12972
v 23.04000 20.31848 4.12977
v 23.12000 20.32823 4.03014
v 22.95354 20.33680 4.38108
v 23.06000 20.31962 4.14985
v 23.07151 20.32032 4.17110
v 23.08042 20.31999 4.15015
v 23.10589 20.32015 4.15644
v 23.07691 20.32116 4.12992
v 23.10000 20.31599 4.18761
v 23.10000 20.32302 4.13001
v 23.10000 20.32567 4.11004
v 23.12000 20.32436 4.13010
v 23.12000 20.32688 4.11012
v 23.08000 20.32601 4.10998
v 23.11956 20.31886 4.18115
v 22.87320 20.32176 3.78832
v 22.94250 20.33119 3.59490
v 22.83788 20.31897 4.33440
v 22.85715 20.31700 3.60166
v 22.88000 20.32536 3.41244
v 22.96000 20.33494 3.41968
v 23.02000 20.32736 3.48980
v 23.04024 20.32216 3.52075
v 23.04261 20.32228 3.54982
v 23.07162 20.31777 3.54986
v 23.12019 20.31975 3.64124
v 23.06000 20.31950 3.52984
v 23.06023 20.31943 3.49484
v 23.08000 20.31414 3.52985
v 23.06953 20.32263 3.62991
v 23.10000 20.32257 3.65137
v 23.04534 20.32350 3.70493
v 23.04000 20.32319 3.62982
v 23.04000 20.32283 3.65250
v 23.02000 20.32508 3.64977
v 22.97469 20.32052 3.69708
v 23.02000 20.33122 3.78984
v 23.04000 20.33030 3.78989
v 23.06000 20.32432 3.80990
v 23.06000 20.32262 3.82988
v 23.07297 20.32211 3.79600
v 23.10038 20.31939 3.80011
v 23.09229 20.32084 3.82996
v 23.15937 20.31731 3.83390
v 23.12062 20.31801 3.78053
v 23.10000 20.31881 3.84997
v 23.08000 20.32616 3.82998
v 23.02245 20.34003 4.05025
v 22.97453 20.33983 3.28284
v 22.96643 20.33577 3.15833
v 23.12000 20.31255 3.06997
v 22.96555 20.33315 3.01343
v 23.10092 20.31233 3.33615
v 23.07420 20.31852 3.36488
v 23.10000 20.30993 3.38988
v 23.12000 20.30446 3.40989
v 23.10000 20.30724 3.40985
v 23.10000 20.31339 3.76991
v 23.08000 20.31316 3.42131
v 23.06016 20.32152 3.40009
v 23.04000 20.32771 3.36987
v 23.06000 20.31678 3.42735
v 22.79499 20.30904 3.97955
v 23.02000 20.32145 3.46973
v 22.70000 20.33793 4.04889
v 22.59869 20.32433 4.00279
v 22.64763 20.28259 3.91453
v 22.78000 20.28122 3.91855
v 22.80000 20.30979 3.80890
v 23.25294 20.34134 4.04915
v 23.27000 20.34443 4.00887
v 23.38250 20.35842 4.01136
v 23.32189 20.32046 3.91661
v 22.82625 20.29977 4.17820
v 23.12000 20.33427 3.67226
v 23.19875 20.34941 3.70782
v 23.40500 20.33526 3.97003
v 23.47500 20.35328 4.03541
v 22.51219 20.29174 3.96138
v 23.10572 20.34356 3.68775
v 22.39154 20.31966 4.00660
v 22.20750 20.28172 3.97181
v 22.77000 20.28351 3.79229
v 22.10235 20.31350 4.00426
v 21.86687 20.28425 3.98147
v 21.94000 20.29370 3.54625
v 22.08137 20.27420 3.34192
v 21.83490 20.28091 3.37092
v 22.21716 20.27751 3.54643
v 22.21135 20.28236 3.67221
v 21.97522 20.27632 3.26915
v 22.00438 20.29195 3.68547
v 22.31121 20.27704 3.91965
v 22.51094 20.29296 3.73472
v 22.38313 20.28494 3.43505
v 21.96906 20.28385 3.83546
v 22.24406 20.28498 3.27387
v 22.67156 20.29153 3.72394
v 22.46000 20.29808 3.60775
v 22.73500 20.29014 3.44256
v 22.56750 20.29088 3.42049
v 22.50500 20.28671 3.28277
v 21.84375 20.28324 3.61276
v 22.84167 20.28086 3.71373
v 21.93737 20.28291 3.16653
v 21.85279 20.28383 3.20689
v 21.79087 20.29168 3.41291
v 21.74674 20.29972 3.04559
v 21.87500 20.29341 3.06857
v 22.38500 20.29881 3.32754
v 22.65955 20.30470 3.19978
v 22.81187 20.30027 3.22009
v 22.54196 20.29578 3.09699
v 22.44532 20.30052 3.12846
v 22.28826 20.28142 3.20133
v 22.06000 20.29747 3.18661
v 21.89000 20.27268 3.91840
v 21.78104 20.29559 3.67209
v 21.72522 20.30026 3.35259
v 21.81562 20.28935 3.01337
v 22.01216 20.30054 3.03704
v 22.00562 20.29594 2.99031
v 22.31427 20.27977 3.08837
v 22.71117 20.31658 3.07368
v 21.74000 20.30711 3.86335
v 22.30959 20.27003 3.15241
v 22.10875 20.26718 3.12269
v 21.92485 20.27352 3.09603
v 22.18993 20.28031 3.07146
v 20.53043 20.13932 4.87330
v 20.56995 20.09784 4.91998
v 20.49012 20.16387 4.84093
v 20.44193 20.08067 4.87891
v 20.45000 20.03500 4.92925
v 20.52000 20.24070 4.82023
v 20.47861 20.24040 4.80637
v 20.48250 19.93457 4.96123
v 20.56000 20.01975 4.94028
v 20.53339 19.88190 4.97459
v 20.42193 20.09264 4.83801
v 20.45963 20.19662 4.79506
v 20.42989 20.26984 4.71326
v 20.46053 20.12428 4.80198
v 20.61924 20.04145 4.91625
v 20.57362 20.15067 4.82875
v 20.61651 20.09231 4.88107
v 20.71246 20.02030 4.89450
v 20.68060 20.10552 4.83140
v 20.71395 20.09140 4.83436
v 20.54317 20.28000 4.74528
v 26.12265 20.40466 3.00826
v 26.22574 20.38032 2.95951
v 25.98000 20.37819 2.94709
v 25.84000 20.40051 3.00262
v 26.37156 20.40978 3.00033
v 26.30500 20.37228 2.93716
v 26.49641 20.41131 2.95170
v 26.51000 20.38890 3.04894
v 26.56000 20.41875 3.06967
v 26.58318 20.41295 3.03061
v 26.39249 20.40074 3.05811
v 26.28375 20.38836 3.05276
v 26.37549 20.37849 3.11154
v 26.19998 20.34331 3.13632
v 26.11036 20.40163 3.05566
v 26.12500 20.35753 3.11559
v 25.89000 20.40206 3.06688
v 25.81151 20.37988 3.11745
v 25.72693 20.39831 3.07476
v 25.61062 20.37486 3.08986
v 25.93120 20.37729 3.15952
v 25.75230 20.38284 3.04347
v 25.43875 20.39415 2.99776
v 25.60500 20.37020 2.94805
v 23.02277 20.60015 5.49350
v 23.06000 20.58947 5.47272
v 23.04591 20.61439 5.41399
v 23.06000 20.59178 5.49275
v 23.08000 20.58136 5.51200
v 23.08000 20.59017 5.49280
v 23.11465 20.58618 5.42338
v 23.10058 20.56356 5.52147
v 23.07968 20.55972 5.53068
v 23.05475 20.55744 5.54391
v 23.01299 20.56947 5.50182
v 19.10581 20.29089 5.24985
v 19.06380 20.31251 5.28254
v 19.24523 20.30100 5.25418
v 19.32883 20.34946 5.29861
v 21.30000 20.26887 1.43437
v 21.13490 20.27278 1.36663
v 21.21500 20.24901 1.44897
v 20.96875 20.24714 1.41337
v 20.97282 20.27724 1.33340
v 20.78805 20.24183 1.40746
v 20.50516 20.26089 1.35073
v 21.31000 20.28543 1.32855
v 21.39933 20.26882 1.38292
v 21.56418 20.27046 1.38916
v 21.51176 20.25766 1.42478
v 21.34750 20.25377 1.41901
v 21.48250 20.24434 1.49458
v 21.64062 20.28991 1.35542
v 21.30890 20.24270 1.60992
v 21.03156 20.25328 1.49233
v 21.68500 20.28805 1.50677
v 21.54028 20.24029 1.60090
v 21.36664 20.25595 1.67621
v 21.15359 20.25774 1.74891
v 21.01188 20.24391 1.63219
v 21.31781 20.26802 1.88596
v 21.09368 20.26882 1.94181
v 21.22125 20.26669 2.11009
v 20.90211 20.26219 1.98700
v 20.93842 20.25155 2.15546
v 20.82648 20.25541 2.14061
v 20.73654 20.26395 2.05614
v 20.95281 20.25500 2.27610
v 21.11687 20.25045 2.18798
v 20.74375 20.24545 2.25784
v 21.24250 20.25688 2.28764
v 21.46573 20.25160 2.15773
v 21.48312 20.25464 1.91629
v 21.54000 20.24457 1.74473
v 21.24250 20.26936 2.22923
v 21.59502 20.26624 1.91202
v 21.58774 20.26101 2.09750
v 20.99133 20.25387 1.83838
v 20.95000 20.25488 1.72215
v 20.73500 20.24584 1.73095
v 20.79250 20.24688 1.66421
v 20.82000 20.27683 1.91831
v 20.70020 20.25695 1.87584
v 21.38000 20.24984 2.26438
v 20.69018 20.26311 1.64562
v 20.77000 20.24902 1.49293
v 20.61164 20.26189 1.54395
v 20.56280 20.26084 1.60457
v 20.61061 20.25198 1.43260
v 20.63996 20.25844 1.77934
v 20.78000 20.25544 1.84302
v 21.56910 20.24024 2.19944
v 21.53239 20.26149 1.70522
v 21.50171 20.27582 2.29976
v 21.68521 20.28758 1.78169
v 21.68741 20.29284 2.07574
v 21.69004 20.28753 1.65016
v 20.76000 20.27658 2.16317
v 20.64075 20.26585 2.18272
v 20.55750 20.27100 2.25766
v 21.66980 20.29586 2.23270
v 21.62029 20.29582 2.35138
v 21.44520 20.29659 2.35498
v 21.52828 20.27705 2.45602
v 21.35614 20.28143 2.42738
v 21.35000 20.27144 2.47451
v 21.19094 20.28363 2.35687
v 21.18375 20.26987 2.42410
v 21.04243 20.28154 2.39893
v 20.94062 20.27805 2.31846
v 20.88875 20.26800 2.38151
v 20.70786 20.27737 2.32306
v 21.18546 20.28419 2.48815
v 21.07000 20.28947 2.50401
v 21.27156 20.26735 2.53428
v 21.37237 20.28117 2.30944
v 20.97375 20.26213 2.43916
v 20.75250 20.27612 2.47315
v 20.72000 20.27507 2.38306
v 20.70062 20.26436 2.47842
v 20.79500 20.25556 2.52459
v 21.09349 20.25284 1.26203
v 21.28003 20.27635 1.26939
v 21.46000 20.26471 1.28472
v 21.34812 20.25127 1.19931
v 21.04125 20.25816 2.54391
v 20.71884 20.25142 2.36175
v 20.40057 20.26019 2.06278
v 20.48024 20.24676 2.10852
v 20.45485 20.26230 2.02111
v 19.07320 20.21464 1.39303
v 19.06740 20.19600 1.69765
v 19.08258 20.21004 1.96049
v 19.13758 20.21177 2.11025
v 19.09312 20.21702 2.20047
v 19.03500 20.19999 1.09906
v 19.09172 20.20806 1.26481
v 19.19721 20.22744 1.94020
v 19.17205 20.22089 1.79979
v 19.29094 20.23941 1.28251
v 19.18375 20.22579 1.05674
v 19.28531 20.23845 0.99730
v 19.36000 20.22774 1.05986
v 19.48000 20.24176 1.18021
v 19.16477 20.21807 1.58510
v 19.17066 20.22568 1.38701
v 19.08250 20.23397 1.30944
v 19.31199 20.24543 1.54931
v 19.24000 20.24608 1.63982
v 19.26200 20.23881 1.93299
v 19.35459 20.23744 1.77302
v 19.35681 20.23620 1.90150
v 19.33386 20.24272 2.15800
v 19.41548 20.23615 2.10245
v 19.49750 20.22924 1.96481
v 19.26651 20.23402 2.24726
v 19.42500 20.22891 1.83499
v 19.53750 20.23404 1.88377
v 19.52000 20.23412 1.74771
v 19.47070 20.23259 1.69358
v 19.51975 20.23535 1.55960
v 19.60000 20.23183 2.01534
v 19.36185 20.23594 1.60876
v 19.54543 20.22152 2.15062
v 19.41970 20.24615 1.49514
v 19.70514 20.22263 1.89080
v 19.71062 20.21775 2.11792
v 19.76313 20.22680 2.24975
v 19.50778 20.21924 2.26170
v 19.43312 20.22922 1.40501
v 19.43000 20.23018 2.27197
v 19.32124 20.24633 2.34129
v 19.24977 20.23133 2.10981
v 19.19887 20.23478 2.09847
v 19.54250 20.22168 1.06924
v 19.24500 20.24987 2.33986
v 19.24885 20.23832 2.42695
v 19.30187 20.24615 2.49118
v 19.41392 20.24041 2.41182
v 19.44418 20.23417 2.60792
v 19.58949 20.23817 2.58729
v 19.48000 20.25474 2.31533
v 19.59937 20.24832 2.65434
v 19.82010 20.23800 2.61304
v 19.75593 20.24414 2.49671
v 19.89980 20.24229 2.51425
v 20.13500 20.23501 2.60329
v 20.01687 20.24711 2.45880
v 19.90051 20.23994 2.42088
v 20.15609 20.25439 2.42625
v 20.33672 20.24727 2.55185
v 20.44005 20.26364 2.42401
v 19.60048 20.25520 2.42511
v 19.48000 20.26389 2.38041
v 20.44533 20.26449 2.56650
v 20.49203 20.26099 2.49917
v 20.50225 20.25555 2.66520
v 20.15065 20.26464 2.35383
v 20.29812 20.26714 2.32644
v 19.95830 20.26144 2.31204
v 19.97375 20.26013 2.38353
v 19.77357 20.25998 2.38817
v 20.41970 20.26524 2.30665
v 20.49624 20.27114 2.30524
v 20.62374 20.26877 2.38780
v 20.57221 20.26901 2.54893
v 20.57000 20.26315 2.14762
v 20.49797 20.26385 2.00497
v 20.64000 20.27600 2.01039
v 19.77434 20.25422 2.33139
v 19.60934 20.24549 2.34548
v 20.19043 20.26142 2.28652
v 19.70844 20.22851 1.21317
v 19.91375 20.22848 1.06592
v 19.92250 20.23632 1.13226
v 19.86000 20.22783 1.26080
v 20.04625 20.22869 1.22494
v 20.08984 20.22559 1.15093
v 20.13500 20.23777 1.05310
v 20.24608 20.24436 1.16487
v 20.37125 20.23645 1.07069
v 20.37675 20.23837 1.14787
v 20.24689 20.23835 1.26188
v 20.39500 20.24936 1.28950
v 20.53000 20.26421 1.22754
v 20.48631 20.25961 1.01006
v 20.66625 20.25706 1.29199
v 20.60563 20.25024 1.14757
v 20.75602 20.26328 1.13759
v 20.82000 20.25200 1.20307
v 20.82750 20.26129 1.29398
v 20.93000 20.24943 1.28330
v 20.48686 20.25980 1.87213
v 20.46529 20.25870 1.59905
v 20.43611 20.25890 1.89348
v 20.33875 20.23983 1.39940
v 20.11500 20.26130 1.35107
v 19.47875 20.22829 1.24508
v 19.36000 20.24482 1.32252
v 19.52656 20.23987 1.29028
v 19.53750 20.24661 1.35036
v 19.66474 20.22062 1.43443
v 20.05198 20.23700 1.38541
v 19.90088 20.23106 1.43080
v 19.62299 20.21563 1.55675
v 19.89306 20.22082 1.46316
v 20.10382 20.22166 1.48218
v 20.05771 20.21920 1.58694
v 19.90143 20.21506 1.72263
v 19.73375 20.21129 1.76135
v 19.86324 20.21570 1.91630
v 20.00062 20.22087 1.98726
v 19.93638 20.22299 2.15069
v 20.11054 20.22877 2.16598
v 20.05991 20.21802 1.85120
v 19.66000 20.21183 2.03027
v 20.02404 20.22125 1.73857
v 20.18375 20.23250 1.79026
v 20.03485 20.23275 2.27546
v 20.13850 20.21771 2.00802
v 20.22750 20.21599 1.56644
v 20.31562 20.22785 1.73299
v 20.31000 20.22588 1.84171
v 19.58500 20.21358 1.79015
v 20.35531 20.23184 1.60919
v 20.36000 20.22527 1.50181
v 20.28250 20.23768 2.06301
v 20.16000 20.24219 1.90154
v 19.66308 20.22010 1.73076
v 20.18125 20.21391 2.21633
v 20.34547 20.23309 2.17657
v 20.29000 20.23420 2.25081
v 19.76750 20.20868 2.16545
v 19.54562 20.26278 2.69357
v 20.76000 20.23400 1.08477
v 20.78500 20.23449 2.59231
v 21.11662 20.25934 2.61195
v 19.79382 20.26128 2.67795
v 19.96480 20.26203 2.67332
v 20.94894 20.27825 2.68228
v 19.19500 20.24911 2.51102
v 19.13511 20.24093 2.39349
v 18.97375 20.22351 2.34667
v 19.02875 20.23789 2.31885
v 19.23000 20.22640 2.55962
v 20.74699 20.26137 2.63241
v 19.18792 20.24678 2.65751
v 19.76125 20.25271 1.35084
v 20.03693 20.24488 1.29732
v 19.71656 20.24567 1.30111
v 20.54000 20.23469 2.57229
v 19.66562 20.25467 2.31180
v 19.75697 20.59000 5.36379
v 19.78623 20.76032 5.29083
v 19.78230 20.55375 5.30263
v 19.73369 20.51410 5.34395
v 19.75454 20.45941 5.29474
v 19.73029 20.52240 5.45501
v 19.76707 20.62746 5.41580
v 19.76060 20.65922 5.43984
v 19.81584 20.62053 5.50684
v 19.79616 20.54937 5.50104
v 19.82897 20.57051 5.56920
v 19.80638 20.63053 5.59047
v 22.70000 20.58000 5.26293
v 22.79125 20.60034 5.24474
v 22.78000 20.58383 5.25426
v 22.83375 20.54000 5.27180
v 22.80000 20.58214 5.25324
v 22.82000 20.58066 5.25222
v 22.84225 20.58061 5.25230
v 22.62750 20.60016 5.23932
v 22.64000 20.58378 5.25421
v 22.62000 20.58269 5.25317
v 22.59074 20.58069 5.25162
v 25.63432 20.61964 5.61542
v 25.50588 20.63366 5.57723
v 25.55493 20.59658 5.55958
v 25.45281 20.61060 5.51047
v 25.44066 20.65101 5.53457
v 25.37000 20.62000 5.53519
v 26.28000 20.44000 5.28646
v 26.55167 20.42195 5.26421
v 26.31000 20.42065 5.27492
v 26.58000 20.44000 5.27931
v 26.75500 20.44883 5.29846
v 26.18243 20.42580 5.26014
v 26.07125 20.43693 5.29194
v 26.82500 20.43188 5.24824
v 25.93034 20.41906 5.25422
v 26.89051 20.44986 5.29433
v 27.08178 20.43303 5.28882
v 24.66118 20.56913 5.28409
v 24.66964 20.59262 5.36921
v 24.81631 20.57342 5.29429
v 24.54567 20.56089 5.30703
v 24.75423 20.56802 5.25982
v 24.90150 20.56389 5.27529
v 24.75277 20.62017 5.38163
v 24.55853 20.60419 5.38505
v 24.63756 20.59953 5.42528
v 24.64418 20.55027 5.27087
v 19.66000 20.25845 4.73654
v 19.68000 20.25975 4.72772
v 19.61062 20.23884 4.71081
v 19.69149 20.25353 4.79128
v 19.50068 20.26105 4.76171
v 19.50502 20.23572 4.70791
v 29.22543 20.47106 0.34195
v 29.48487 20.47569 0.35966
v 29.57526 20.52057 0.34206
v 29.78535 20.48355 0.34397
v 19.25462 20.18872 4.60406
v 19.27925 20.17417 4.62084
v 19.21000 20.25745 4.54365
v 19.30625 20.25184 4.50561
v 19.26937 20.14734 4.76189
v 18.92756 20.26111 0.65923
v 19.25000 20.23520 0.67974
v 19.17477 20.25517 0.64969
v 23.27336 20.34640 -0.02699
v 23.16702 20.37539 -0.06438
v 23.02500 20.33338 -0.03479
v 23.02000 20.38004 -0.06960
v 23.35180 20.36983 -0.07882
v 23.57969 20.35258 -0.00244
v 23.58875 20.37018 -0.06774
v 23.78789 20.37681 -0.05589
v 23.85475 20.35564 -0.01717
v 24.00000 20.39521 -0.06581
v 24.03262 20.36209 -0.02636
v 24.06761 20.38288 -0.14149
v 24.12750 20.36883 -0.21681
v 24.86531 20.38935 -0.26601
v 25.22500 20.40389 -0.26981
v 25.00979 20.39826 -0.27975
v 25.05562 20.39025 -0.19577
v 25.43000 20.39977 -0.25929
v 24.89250 20.40382 -0.07990
v 24.69060 20.38502 -0.18157
v 24.63432 20.39336 -0.05732
v 24.48000 20.36811 -0.19397
v 25.22016 20.41925 -0.07866
v 25.06375 20.41360 -0.07045
v 24.44250 20.40195 -0.08770
v 24.29906 20.37454 -0.16666
v 24.25000 20.36987 -0.21876
v 24.17976 20.37784 -0.10408
v 24.33738 20.39466 -0.04427
v 24.19725 20.36615 0.00485
v 24.10126 20.36640 0.10489
v 24.16708 20.36210 0.21766
v 24.06726 20.35143 0.24518
v 24.12630 20.35662 0.32463
v 24.14000 20.37751 -0.28672
v 24.47986 20.37964 -0.26413
v 24.65703 20.39871 -0.27870
v 23.97750 20.38286 -0.27429
v 23.96875 20.37763 0.08005
v 23.99979 20.36196 0.23765
v 24.24017 20.37961 0.25072
v 24.03605 20.36570 0.31877
v 23.90500 20.35224 0.34467
v 23.87031 20.36521 -0.18707
v 23.79005 20.37806 -0.26808
v 23.77687 20.37313 0.07959
v 23.65780 20.35943 -0.24758
v 23.54000 20.37415 -0.28547
v 23.47375 20.35667 -0.27176
v 23.12614 20.35135 -0.14605
v 23.02000 20.35747 -0.15397
v 23.28703 20.34573 -0.19847
v 23.46000 20.34132 -0.16852
v 23.12989 20.34231 -0.18961
v 23.10000 20.34326 -0.17847
v 23.60825 20.35267 -0.15368
v 23.72660 20.35078 -0.12350
v 23.73242 20.34411 -0.18246
v 23.10000 20.34673 -0.14973
v 23.08000 20.34367 -0.17888
v 23.06082 20.34207 -0.20060
v 23.04000 20.33928 -0.23001
v 23.06000 20.34705 -0.16986
v 23.04012 20.34174 -0.18994
v 23.04000 20.34584 -0.16994
v 23.08000 20.34932 -0.14977
v 23.04000 20.34276 -0.20997
v 23.02000 20.33931 -0.23008
v 23.04000 20.33826 -0.25002
v 22.92750 20.32636 -0.27052
v 23.02000 20.34460 -0.19002
v 23.11500 20.34349 -0.26545
v 23.04000 20.34076 -0.27182
v 23.27500 20.36866 -0.27831
v 23.06000 20.35092 -0.27471
v 23.08000 20.35102 -0.27405
v 23.10000 20.34069 -0.24980
v 31.56841 20.56983 5.29011
v 31.50000 20.61000 5.31494
v 31.74250 20.60000 5.34247
v 31.39750 20.60000 5.31621
v 31.48166 20.55797 5.24718
v 31.21775 20.55883 5.26953
v 31.26375 20.59792 5.30514
v 31.06117 20.53498 5.30010
v 31.02500 20.55380 5.34171
v 30.81800 20.53650 5.27989
v 30.75531 20.56128 5.31528
v 30.55995 20.54959 5.28182
v 31.81437 20.54428 -0.00072
v 32.09216 20.58317 -0.00657
v 31.68375 20.56572 -0.01012
v 31.50557 20.54288 -0.02541
v 31.47727 20.51960 0.00341
v 32.25641 20.57181 -0.02649
v 31.98721 20.53626 0.02298
v 31.71488 20.52563 0.03199
v 31.55000 20.53053 0.62511
v 31.57312 20.53061 0.34788
v 31.47500 20.52703 0.39422
v 31.52250 20.52838 0.13041
v 31.72453 20.52587 0.18570
v 31.56166 20.52680 0.05645
v 31.70875 20.52893 0.37069
v 31.39078 20.53243 0.15857
v 31.87242 20.52311 0.42778
v 31.95406 20.52669 0.27800
v 31.62500 20.52325 0.50096
v 31.75750 20.52008 0.61344
v 31.88277 20.52490 0.57414
v 32.06000 20.51332 0.53089
v 31.89463 20.53846 0.07663
v 32.02875 20.53322 0.41308
v 32.14062 20.53410 0.29464
v 32.23063 20.52754 0.47343
v 31.97688 20.52691 0.13498
v 32.16500 20.52419 0.12458
v 32.31313 20.53952 0.39874
v 31.52794 20.52703 0.67725
v 31.44880 20.52638 0.63391
v 31.33593 20.51700 0.03324
v 32.26070 20.54706 0.30907
v 31.39000 20.53745 0.35327
v 31.33631 20.50333 0.44217
v 32.54171 20.50018 0.57675
v 32.35835 20.51699 0.57367
v 32.06903 20.53564 0.58458
v 32.57565 20.50289 0.47776
v 32.53410 20.49776 0.32932
v 31.66254 20.50669 0.66634
v 32.24176 20.54095 0.06839
v 32.39294 20.52677 0.11875
v 32.48095 20.53270 0.24633
v 32.36753 20.54013 -0.01097
v 32.58203 20.54444 0.04436
v 32.55449 20.55171 -0.04361
v 32.74216 20.55905 -0.02174
v 32.72364 20.56212 -0.09901
v 32.66378 20.55689 -0.17855
v 32.73087 20.56132 -0.18063
v 32.39629 20.54958 -0.24034
v 32.35062 20.54787 -0.13086
v 32.23139 20.54388 -0.23092
v 32.12663 20.54234 -0.13807
v 32.67445 20.55997 -0.26368
v 32.72970 20.56000 -0.24186
v 32.52738 20.54594 -0.26069
v 32.72897 20.55804 0.12188
v 32.63865 20.53951 0.25694
v 32.17040 20.53747 -0.24616
v 32.05715 20.54218 -0.25741
v 31.86658 20.53785 -0.11098
v 31.79523 20.53379 -0.21952
v 31.59000 20.53058 -0.09442
v 31.56000 20.53805 -0.13317
v 31.36000 20.52420 -0.21713
v 31.44356 20.53858 -0.12559
v 31.33004 20.51829 -0.15751
v 31.08125 20.51747 -0.22334
v 31.09996 20.52166 -0.13032
v 30.94500 20.49650 -0.14121
v 32.54126 20.51668 0.16374
v 32.27852 20.54149 -0.28677
v 32.38422 20.56153 -0.05717
v 30.91237 20.51967 -0.23808
v 30.71210 20.51727 -0.23509
v 30.71312 20.49706 -0.15499
v 32.34494 20.56807 0.33158
v 31.40492 20.55878 -0.02615
v 30.48306 20.49878 -0.22814
v 30.49509 20.49422 -0.12498
v 30.38843 20.49517 -0.18112
v 30.26000 20.49323 -0.23051
v 30.30000 20.48771 -0.10006
v 30.87330 20.50821 -0.09551
v 31.75524 20.49583 0.65916
v 31.22312 20.53368 -0.08632
v 31.94000 20.54631 0.63157
v 31.81201 20.53242 0.63684
v 32.36250 20.49069 0.65813
v 32.22170 20.48670 0.63129
v 32.11979 20.47242 0.64647
v 32.47838 20.52982 0.32169
v 31.38386 20.55116 0.69181
v 31.46000 20.52702 0.72405
v 32.04966 20.58216 -0.02993
v 32.08873 20.52093 0.61684
v 31.04000 20.55953 -0.01545
v 31.29426 20.54717 0.00289
v 30.66424 20.54129 -0.01733
v 30.86015 20.55989 -0.00290
v 30.37570 20.53566 -0.01884
v 30.25960 20.51082 -0.04237
v 31.95452 20.52025 -0.27454
v 31.12683 20.51346 0.04785
v 31.15240 20.52054 0.72043
v 30.79688 20.49913 0.03531
v 31.40588 20.49230 0.63399
v 31.70000 20.63757 -0.29437
v 31.16000 20.54209 0.70035
v 31.00782 20.52777 0.69995
v 30.73875 20.52000 0.00127
v 32.54757 20.46720 0.64618
v 32.43839 20.45927 0.65354
v 32.62000 20.50395 0.35698
v 23.55681 20.33936 4.32288
v 23.62605 20.32955 4.22419
v 23.55244 20.35559 4.16483
v 23.66000 20.31901 4.12699
v 23.66530 20.31356 4.25856
v 23.64345 20.36385 4.37476
v 23.10000 20.35099 4.67031
v 23.12135 20.34151 4.66864
v 23.11125 20.33541 4.57738
v 23.10500 20.34255 4.70524
v 23.08000 20.35578 4.67030
v 23.04125 20.35134 4.64200
v 23.06466 20.35900 4.67004
v 23.02000 20.37382 5.26944
v 23.06000 20.36013 5.21028
v 23.04000 20.36230 5.19023
v 23.02000 20.36034 5.19015
v 23.09101 20.36180 5.21038
v 22.96750 20.34928 5.18486
v 23.08000 20.35653 5.22833
v 23.08438 20.34517 4.93270
v 23.12000 20.34037 4.81027
v 23.12000 20.33951 4.79026
v 23.12000 20.34114 4.83028
v 23.12000 20.34123 4.85028
v 23.22000 20.35212 4.82074
v 23.12000 20.34012 4.87027
v 23.12000 20.34138 4.75949
v 23.16396 20.33689 4.65591
v 23.25451 20.34419 4.65146
v 23.08500 20.33763 4.77695
v 23.33497 20.34621 4.79420
v 23.12000 20.33835 4.89025
v 23.33250 20.34293 4.90853
v 23.51983 20.33442 4.93419
v 23.61559 20.32986 4.88407
v 23.45604 20.34184 4.74834
v 23.46969 20.33773 4.97649
v 23.22000 20.34595 4.95067
v 23.29943 20.32872 4.62748
v 23.42000 20.33425 4.61125
v 23.51918 20.33230 4.71159
v 23.12000 20.33133 5.00017
v 23.24935 20.32169 4.63460
v 23.12500 20.33034 4.44018
v 23.21191 20.33324 4.47801
v 23.29250 20.34075 4.46069
v 23.18000 20.33827 4.35045
v 23.12000 20.33963 4.38078
v 23.10000 20.33704 4.37207
v 23.09093 20.33844 4.39149
v 23.07019 20.33843 4.37011
v 23.06000 20.33474 4.39001
v 23.59500 20.32027 4.95174
v 23.10000 20.34537 4.75025
v 23.07997 20.34186 4.73949
v 23.06000 20.34364 4.73010
v 23.05953 20.34187 4.75922
v 23.03077 20.34259 4.71015
v 23.04000 20.34581 4.73006
v 23.05225 20.34052 4.79004
v 23.05091 20.34181 4.81005
v 23.06000 20.34033 4.83007
v 23.02960 20.34327 4.82926
v 23.06000 20.33966 4.85006
v 23.03048 20.34152 4.84998
v 23.04737 20.33661 4.93283
v 23.02000 20.34661 4.81000
v 23.02000 20.34846 4.79002
v 22.93742 20.33803 4.78097
v 23.02000 20.34943 4.77003
v 23.04000 20.34655 4.79007
v 23.04000 20.34532 4.77005
v 23.04000 20.34613 4.75006
v 23.02000 20.34852 4.73002
v 22.97896 20.33059 4.87472
v 22.96527 20.31474 5.06000
v 22.88000 20.34879 4.78957
v 23.61443 20.34644 4.72587
v 23.71080 20.32937 4.86474
v 23.72156 20.33465 4.76142
v 23.59292 20.33924 4.59571
v 23.76125 20.34992 4.67276
v 23.59704 20.34658 4.46691
v 23.70625 20.34650 4.48746
v 23.82994 20.34261 4.62871
v 23.87500 20.35179 4.49694
v 23.83298 20.36947 4.36412
v 23.93125 20.36273 4.36154
v 23.97163 20.35894 4.65656
v 23.90000 20.35561 4.68486
v 23.83199 20.35376 4.75116
v 23.95500 20.35776 4.79421
v 23.82342 20.34396 4.85289
v 23.79500 20.34104 4.89338
v 23.84710 20.34266 4.93547
v 23.98000 20.35769 5.00619
v 23.85744 20.35866 4.27960
v 24.00000 20.36298 4.24941
v 24.03505 20.36760 4.36870
v 23.96963 20.36420 4.49997
v 23.95231 20.36915 4.12151
v 23.79066 20.35325 4.16534
v 23.72500 20.36925 4.36529
v 23.88477 20.37519 4.02535
v 24.14101 20.37751 4.04022
v 24.05763 20.37177 4.22240
v 24.05922 20.38025 4.01058
v 24.10588 20.38153 3.92492
v 23.06000 20.33072 4.40996
v 23.79534 20.35688 3.98377
v 23.03952 20.33923 4.37359
v 23.75769 20.36058 4.12380
v 23.04000 20.33251 4.38992
v 24.00803 20.35305 4.53520
v 24.13249 20.37373 4.38060
v 24.10419 20.36364 4.62369
v 24.02067 20.35904 4.70842
v 24.13343 20.37525 4.88252
v 24.09996 20.35913 4.25144
v 24.15986 20.36229 4.29080
v 24.04757 20.36021 4.94517
v 24.12311 20.36000 5.09982
v 24.10807 20.36246 5.13155
v 23.98405 20.34517 5.07709
v 24.00038 20.34280 4.77251
v 23.69581 20.30546 4.93314
v 23.88867 20.36945 5.11296
v 23.78110 20.35578 5.08383
v 23.64620 20.36305 5.04097
v 23.63007 20.37074 5.10596
v 23.37969 20.36536 5.04662
v 23.33781 20.37826 5.11544
v 23.52000 20.40156 5.27064
v 23.63375 20.39247 5.21424
v 23.15500 20.35828 5.04189
v 23.21027 20.37471 5.18970
v 23.11928 20.36066 5.12159
v 23.12000 20.35893 5.09047
v 23.11922 20.35877 5.07046
v 23.10000 20.35674 5.09539
v 23.10000 20.35785 5.11038
v 23.02017 20.36145 5.12074
v 23.12000 20.36351 5.15051
v 23.10000 20.36041 5.13041
v 23.08000 20.36084 5.13035
v 23.08000 20.36142 5.15036
v 23.10004 20.36149 5.15045
v 23.07423 20.36274 5.18442
v 23.12000 20.36647 5.17055
v 23.10925 20.35484 5.05038
v 23.08000 20.34942 5.03023
v 23.08000 20.35078 5.05024
v 23.10000 20.35177 5.07032
v 23.08000 20.35002 5.07023
v 23.06000 20.35052 5.07017
v 23.04000 20.35123 5.05012
v 23.02576 20.35142 5.14246
v 23.06000 20.35172 5.01019
v 23.04000 20.35465 5.03015
v 23.04000 20.35495 5.01016
v 23.03000 20.35501 4.97512
v 23.10000 20.36606 5.17047
v 23.10000 20.36622 5.19047
v 23.88750 20.39195 5.19368
v 23.76000 20.39108 5.25334
v 23.89100 20.40531 5.24730
v 24.02245 20.41495 5.29024
v 23.99000 20.35166 3.92366
v 24.09000 20.37750 5.18392
v 24.06500 20.38376 5.24433
v 24.27500 20.39224 5.24535
v 24.20618 20.39203 5.18915
v 24.39250 20.40143 5.21705
v 24.48257 20.40557 5.29634
v 23.36555 20.41065 5.22723
v 24.16000 20.36679 3.91956
v 23.85500 20.34273 3.92800
v 24.10822 20.37642 3.71890
v 22.89791 20.33132 4.73968
v 23.06000 20.34878 4.99016
v 24.16013 20.35807 4.99446
v 24.34522 20.37527 5.14456
v 23.68000 20.34040 4.95425
v 23.49473 20.30886 4.58750
v 23.39532 20.29874 4.48110
v 23.28500 20.30680 4.58548
v 23.29878 20.31939 4.45244
v 19.22005 20.25585 4.69992
v 19.22804 20.25836 4.88852
v 19.26673 20.21323 4.78497
v 19.28530 20.20955 4.67075
v 19.26000 20.20467 4.63353
v 19.27925 20.17417 4.62084
v 19.25933 20.19770 4.84503
v 19.27767 20.21532 4.87476
v 19.28223 20.17183 4.82209
v 19.26937 20.14734 4.76189
v 30.68032 20.51120 1.40469
v 30.82000 20.49175 1.41627
v 30.96271 20.50114 1.42777
v 32.00375 20.63500 5.30590
v 32.07250 20.59763 5.29329
v 31.93000 20.60737 5.28186
v 31.89923 20.66364 5.30952
v 32.29274 20.62062 5.32030
v 30.22520 20.51447 5.27980
v 30.29020 20.54986 5.30980
v 30.40498 20.52352 5.26643
v 30.55995 20.54959 5.28182
v 30.13247 20.52989 5.29974
v 27.41000 20.41994 5.30455
v 27.43500 20.43013 5.26250
v 27.32949 20.41987 5.29095
v 27.59246 20.44666 5.28086
v 27.37738 20.44936 5.21352
v 27.57138 20.44282 5.19941
v 27.31265 20.46148 5.23462
v 27.34684 20.49352 5.14909
v 22.48750 20.58468 5.59839
v 22.66983 20.57969 5.65592
v 22.55210 20.57007 5.56147
v 22.63861 20.54807 5.57787
v 22.69547 20.53994 5.61013
v 22.73846 20.57975 5.67211
v 22.54110 20.61108 5.63441
v 22.48143 20.63106 5.66087
v 22.62286 20.63570 5.67115
v 22.51185 20.55259 5.56385
v 22.42000 20.62000 5.68668
v 22.44799 20.55284 5.60360
v 22.42000 20.52786 5.58250
v 22.37220 20.54099 5.62675
v 23.04000 20.61897 5.65726
v 23.05499 20.62254 5.64505
v 23.08113 20.61098 5.62397
v 23.11943 20.66063 5.63541
v 23.10052 20.64046 5.63476
v 23.07940 20.64115 5.65120
v 23.11516 20.63006 5.61556
v 23.12000 20.61147 5.59317
v 23.06000 20.64000 5.66207
v 23.23039 20.66750 5.57953
v 23.02005 20.61997 5.67122
v 23.01272 20.60008 5.65297
v 22.92543 20.59409 5.67764
v 23.14988 20.60044 5.54348
v 23.12000 20.60337 5.57418
v 23.22116 20.62000 5.54634
v 23.01998 20.64002 5.67488
v 22.97908 20.64000 5.69273
v 22.89850 20.63657 5.69479
v 22.85375 20.59188 5.69620
v 22.81286 20.64789 5.71989
v 22.85300 20.54528 5.66785
v 22.69861 20.65284 5.69300
v 22.80595 20.55150 5.66080
v 24.28000 20.42000 5.28518
v 24.27500 20.39224 5.24535
v 24.10500 20.43000 5.26753
v 24.48257 20.40557 5.29634
v 24.06500 20.38376 5.24433
v 24.02245 20.41495 5.29024
v 28.13073 20.42315 5.21398
v 28.23500 20.46134 5.22016
v 28.27107 20.42594 5.21595
v 27.94362 20.45280 5.21980
v 27.95975 20.40125 5.22222
v 28.30234 20.44023 5.22642
v 27.86000 20.46000 5.19111
v 28.35564 20.42971 5.22168
v 28.43401 20.46593 5.20274
v 26.56675 20.33200 4.78759
v 26.53956 20.25529 4.78012
v 26.58339 20.30422 4.77090
v 26.51963 20.30016 4.80787
v 26.60391 20.37991 4.77915
v 26.50000 20.28390 4.80833
v 26.61867 20.35908 4.74946
v 26.62138 20.38000 4.74972
v 26.58939 20.27085 4.66553
v 26.56002 20.19059 4.66896
v 26.59282 20.25542 4.60175
v 26.52855 20.19738 4.80572
v 26.62974 20.39928 4.81523
v 26.50000 20.26388 4.82473
v 26.55462 20.16939 4.75656
v 26.83732 20.44342 0.65207
v 27.07500 20.42604 0.67420
v 27.01625 20.46047 0.65945
v 26.66000 20.41591 0.65045
v 27.35591 20.46004 0.66036
v 24.92975 20.32642 5.21797
v 24.96873 20.36975 5.20769
v 25.04187 20.32290 5.23242
v 25.06611 20.38592 5.18688
v 24.95276 20.25546 5.27763
v 24.88354 20.40501 5.18325
v 25.14875 20.41641 5.20006
v 32.80610 20.58981 4.63896
v 32.80962 20.60997 4.48680
v 32.76513 20.56501 4.51035
v 32.76967 20.57493 4.35238
v 32.79934 20.60800 4.31696
v 32.76897 20.57143 4.68479
v 32.80740 20.57934 4.23894
v 32.86032 20.62105 2.96125
v 32.76973 20.63919 3.00859
v 32.77542 20.61810 2.90107
v 25.49882 20.36595 0.57656
v 25.35939 20.37925 0.52677
v 25.63281 20.41530 0.64336
v 32.88554 20.57990 3.06314
v 32.80872 20.57961 2.99769
v 32.80588 20.59875 3.06181
v 32.86000 20.58003 3.03947
v 32.86079 20.57971 3.01901
v 32.88062 20.57984 3.03913
v 32.76112 20.59246 3.09172
v 32.72979 20.56965 2.95650
v 20.48125 20.21721 4.70890
v 20.42989 20.26984 4.71326
v 20.45963 20.19662 4.79506
v 20.47669 20.24397 4.63483
v 20.47463 20.09616 4.77810
v 20.46053 20.12428 4.80198
v 19.50068 20.26105 4.76171
v 19.50502 20.23572 4.70791
v 19.66000 20.25845 4.73654
v 19.68000 20.25975 4.72772
v 20.26142 20.22071 4.04796
v 20.21777 20.25500 4.06178
v 20.44971 20.27681 4.04247
v 20.09875 20.23364 4.05134
v 30.83749 20.52884 2.25136
v 30.94000 20.51293 2.29782
v 30.97282 20.53920 2.22915
v 27.88180 20.41820 4.77283
v 27.89993 20.46008 4.78073
v 28.05898 20.42072 4.76352
v 28.14000 20.45773 4.75383
v 29.17500 20.51000 5.31126
v 29.19064 20.47553 5.27669
v 29.00786 20.46405 5.26901
v 29.33724 20.50871 5.29740
v 29.42068 20.50335 5.27485
v 28.14085 20.42319 4.45430
v 27.92926 20.43368 4.51857
v 28.05289 20.43499 4.48372
v 28.10000 20.45401 4.49428
v 27.37972 20.44104 4.88724
v 27.47536 20.44358 4.97119
v 27.29864 20.43729 4.80691
v 27.43433 20.43804 4.85504
v 27.62594 20.42532 4.91514
v 27.65575 20.44199 5.06595
v 27.46742 20.44030 5.09586
v 27.57138 20.44282 5.19941
v 27.51312 20.43912 4.76264
v 27.26142 20.44628 4.73816
v 27.75875 20.45734 5.22806
v 27.80398 20.44801 5.04620
v 27.72085 20.44029 4.98046
v 27.84813 20.44838 5.12328
v 27.59246 20.44666 5.28086
v 27.43500 20.43013 5.26250
v 27.47516 20.44876 4.67370
v 27.31000 20.45062 4.67648
v 27.80000 20.45656 4.85000
v 27.74730 20.45086 4.81442
v 27.82500 20.45460 4.74398
v 27.73000 20.45642 4.70681
v 27.19257 20.43709 4.79548
v 27.10000 20.44286 4.73371
v 27.16000 20.42714 4.68486
v 27.10062 20.41327 4.56552
v 26.94500 20.40382 4.52271
v 26.98363 20.43703 4.67892
v 27.18726 20.41302 4.48298
v 27.36224 20.41816 4.58114
v 26.91062 20.42541 4.76801
v 27.37519 20.43618 4.41072
v 27.51312 20.43592 4.43152
v 27.53173 20.41453 4.62255
v 27.59750 20.42716 4.52081
v 27.64202 20.41883 4.66114
v 27.79305 20.44444 4.47723
v 27.84004 20.44673 4.52998
v 27.79569 20.43949 4.39076
v 27.84238 20.43672 4.31803
v 27.86181 20.44568 4.69365
v 27.90647 20.44639 4.60659
v 27.93500 20.45016 4.71426
v 27.88250 20.45079 4.36452
v 27.66000 20.42339 4.43952
v 28.04250 20.43819 4.69332
v 27.86000 20.46000 5.19111
v 27.90000 20.47118 5.25367
v 27.60250 20.44499 4.37986
v 27.30803 20.42483 4.29564
v 27.23897 20.43290 4.37661
v 27.77364 20.44749 4.27853
v 27.67199 20.42729 4.32092
v 27.52237 20.42301 4.27246
v 27.64625 20.42807 4.15443
v 27.28266 20.41754 4.14051
v 27.47998 20.41933 4.08273
v 27.19812 20.40936 4.29626
v 27.05844 20.40615 4.22684
v 27.07643 20.40276 4.32532
v 26.89091 20.41138 4.28677
v 26.85563 20.40649 4.14759
v 26.75423 20.41105 4.24752
v 27.29590 20.42557 4.05197
v 27.03762 20.43133 4.05382
v 27.47875 20.41594 4.02424
v 27.23500 20.43245 3.95560
v 27.13058 20.43518 3.98592
v 27.75000 20.44817 4.16567
v 27.10944 20.44620 4.84994
v 26.79266 20.41351 4.61480
v 26.69000 20.42885 4.38084
v 26.68000 20.42614 4.49073
v 26.68000 20.43305 4.68081
v 26.63488 20.41762 4.39026
v 27.85895 20.43732 5.01635
v 28.05109 20.44498 5.13506
v 27.90000 20.45503 4.86224
v 26.67841 20.42451 4.24195
v 26.80500 20.42967 4.33680
v 26.94709 20.42982 4.39681
v 27.10500 20.43300 4.39442
v 27.07251 20.42388 4.33767
v 27.92500 20.44934 5.02494
v 28.16235 20.45322 5.03357
v 28.30000 20.45581 5.12659
v 28.37289 20.44151 4.97342
v 28.08378 20.43774 4.93754
v 28.13932 20.44103 4.88265
v 28.39875 20.44645 4.87489
v 28.55500 20.43604 4.93114
v 27.89993 20.46008 4.78073
v 28.59765 20.44865 5.02209
v 28.75375 20.45392 4.89460
v 28.82648 20.46124 5.02113
v 28.74575 20.45631 5.09570
v 28.88427 20.46297 4.87404
v 28.63130 20.46107 5.17097
v 28.99685 20.47741 5.17999
v 28.82937 20.46989 5.17974
v 29.01000 20.48464 4.88458
v 29.04221 20.48062 5.07981
v 28.44000 20.46972 5.14807
v 28.43401 20.46593 5.20274
v 29.07482 20.47862 4.81401
v 29.02000 20.47769 4.72463
v 28.88503 20.47808 4.75124
v 28.75062 20.46813 4.80398
v 28.23875 20.46122 4.80732
v 28.14000 20.45773 4.75383
v 28.21309 20.46107 4.67874
v 28.77250 20.46944 4.69174
v 28.58757 20.46125 4.77711
v 28.37206 20.45310 4.76712
v 28.26500 20.45666 4.73829
v 28.37310 20.46197 4.67453
v 28.55187 20.46878 4.69763
v 29.10320 20.46638 5.19228
v 26.77641 20.42361 4.09651
v 26.85274 20.41849 4.02682
v 26.63474 20.39945 4.06860
v 26.62750 20.41069 4.21450
v 26.56174 20.42085 4.40502
v 26.56000 20.42486 4.67974
v 26.48509 20.41819 4.62597
v 26.42558 20.42055 4.69195
v 26.44186 20.40365 4.45106
v 26.57802 20.41501 4.04858
v 26.49250 20.40083 4.10394
v 26.37993 20.38209 4.26828
v 26.33666 20.37092 4.19585
v 27.78650 20.43008 4.10720
v 27.92500 20.44205 4.14646
v 27.90291 20.43621 4.06264
v 27.83875 20.43048 4.01011
v 28.03250 20.44983 4.05855
v 27.99326 20.44360 3.96165
v 28.11236 20.42769 4.18982
v 27.93500 20.44232 4.30421
v 28.07000 20.45035 4.36394
v 28.19474 20.44938 4.41080
v 28.19125 20.45505 4.36151
v 28.34814 20.45671 4.38771
v 27.91472 20.44427 4.01176
v 27.97500 20.44020 3.84302
v 27.88628 20.44181 3.69401
v 26.82071 20.39977 4.75163
v 26.68068 20.39470 4.76041
v 28.48000 20.44139 4.76323
v 27.92999 20.41901 3.76677
v 28.82685 20.48160 5.22167
v 28.74776 20.47195 5.15159
v 28.74013 20.43648 4.63361
v 26.99759 20.41750 4.00767
v 26.87875 20.40306 3.99462
v 26.38000 20.38020 4.56782
v 26.21751 20.40189 4.63580
v 26.18421 20.41847 4.68669
v 27.53054 20.44243 4.18347
v 27.76152 20.47123 5.26914
v 27.00000 20.39294 3.93306
v 27.09117 20.40601 3.94015
v 27.94362 20.45280 5.21980
v 28.06099 20.44735 5.26667
v 28.05750 20.42360 4.29672
v 27.97509 20.41519 4.24493
v 28.24837 20.43957 4.33300
v 29.11000 20.45290 5.09634
v 28.35564 20.42971 5.22168
v 27.42962 20.45909 5.03028
v 26.62500 20.38659 4.59483
v 27.38368 20.48719 4.92959
v 28.58000 20.48097 5.20518
v 28.52609 20.46908 5.25408
v 28.34125 20.45646 5.26282
v 28.32000 20.45767 5.24329
v 28.30000 20.45757 5.24268
v 28.77199 20.46048 5.27133
v 28.67774 20.46454 5.29562
v 28.95057 20.46880 5.29286
v 28.46489 20.49162 5.28137
v 27.24062 20.39735 3.89493
v 28.39500 20.42649 4.63715
v 27.88750 20.49000 5.27684
v 27.95975 20.40125 5.22222
v 29.13817 20.43920 5.19848
v 26.75126 20.39606 4.07800
v 27.85977 20.39526 4.81499
v 27.88180 20.41820 4.77283
v 26.61981 20.36911 4.69031
v 28.24224 20.47014 5.28788
v 27.32685 20.48060 4.84328
v 27.18709 20.48010 4.83121
v 29.06000 20.45057 4.75485
v 28.05500 20.42255 3.93350
v 26.68000 20.42752 4.01075
v 32.70599 20.61286 2.45136
v 32.70985 20.64034 2.52431
v 32.75100 20.60039 2.48706
v 32.81857 20.62465 2.60490
v 25.85000 20.37299 3.22172
v 25.89000 20.40457 3.15225
v 25.77954 20.38987 3.18483
v 25.63752 20.36629 3.21993
v 25.93120 20.37729 3.15952
v 19.31455 20.25289 4.67501
v 19.28530 20.20955 4.67075
v 19.29200 20.20173 4.74201
v 19.30625 20.25184 4.50561
v 19.32179 20.25849 4.78507
v 19.28223 20.17183 4.82209
v 19.26937 20.14734 4.76189
v 19.27925 20.17417 4.62084
v 32.73113 20.62928 2.40796
v 32.79470 20.68124 2.38296
v 32.78309 20.59384 2.36214
v 32.69916 20.55437 2.40763
v 32.76060 20.55934 2.37045
v 32.87516 20.61064 2.33213
v 32.71009 20.56954 2.46766
v 21.47631 20.55125 5.47313
v 21.50080 20.51620 5.49711
v 21.57852 20.55190 5.43254
v 21.57500 20.51897 5.46502
v 21.46037 20.55192 5.51075
v 21.41966 20.56060 5.59653
v 21.48000 20.50444 5.60713
v 21.58695 20.53306 5.54951
v 21.61563 20.52237 5.52493
v 21.45495 20.54415 5.62890
v 20.47861 20.24040 4.80637
v 20.44055 20.28056 4.76072
v 20.43447 20.27627 4.86461
v 20.49360 20.26608 4.95780
v 20.42989 20.26984 4.71326
v 26.60597 20.39351 4.98357
v 26.61312 20.42274 5.09222
v 26.64497 20.39651 5.10020
v 26.70663 20.41164 5.18372
v 26.64273 20.43759 5.19386
v 23.12000 20.31255 3.06997
v 23.08000 20.34483 3.01149
v 23.05100 20.34284 3.01047
v 22.96555 20.33315 3.01343
v 23.11082 20.34229 3.03092
v 23.10000 20.34811 3.01028
v 23.02000 20.34201 2.98995
v 29.84342 20.48673 3.61137
v 29.90002 20.51795 3.74993
v 29.89993 20.50907 3.61521
v 29.84000 20.48932 3.74439
v 29.92438 20.48918 3.83072
v 22.96996 20.31536 0.19325
v 23.11000 20.32519 0.18132
v 23.05000 20.32723 0.14989
v 23.06000 20.33426 0.11000
v 23.02000 20.33659 0.10990
v 23.04000 20.33534 0.10995
v 23.04000 20.33332 0.12993
v 23.06000 20.32745 0.20993
v 23.04000 20.32627 0.20985
v 23.02000 20.32606 0.20978
v 23.10000 20.34673 -0.14973
v 23.08000 20.35225 -0.12974
v 23.12614 20.35135 -0.14605
v 23.08000 20.34932 -0.14977
v 23.06000 20.35020 -0.14983
v 23.04000 20.34584 -0.16994
v 23.02000 20.35747 -0.15397
v 23.02000 20.34460 -0.19002
v 23.02071 20.33637 0.16490
v 23.04412 20.33922 0.09211
v 23.02000 20.33891 0.08992
v 23.02000 20.33918 0.06992
v 23.04000 20.34242 0.07002
v 22.93316 20.31790 -0.00204
v 22.82348 20.32149 0.13819
v 23.05112 20.32531 0.00733
v 22.27234 20.27012 0.16052
v 22.49888 20.27857 0.31222
v 22.40625 20.27560 0.18112
v 22.26500 20.27499 0.32097
v 22.12250 20.26799 0.25149
v 22.14344 20.27479 0.06217
v 21.92000 20.27632 0.11352
v 22.59935 20.27103 0.26792
v 22.58597 20.28296 0.09390
v 22.38561 20.28907 0.04614
v 22.70660 20.28536 0.25871
v 22.78729 20.28931 0.15615
v 22.81451 20.29096 0.30781
v 22.75438 20.30308 0.55928
v 22.64812 20.29205 0.47733
v 22.57557 20.29215 0.54366
v 22.47000 20.29408 0.60902
v 22.02687 20.27512 0.33279
v 22.20687 20.28518 0.41377
v 22.02908 20.30016 0.62171
v 22.88095 20.29008 0.44396
v 21.93000 20.28163 0.23110
v 21.90438 20.28551 0.36419
v 21.80531 20.28392 0.22267
v 21.72417 20.28774 0.33955
v 21.72751 20.27547 0.16301
v 21.81687 20.28222 0.52893
v 21.91250 20.28964 0.58863
v 21.77125 20.29146 0.65078
v 21.67380 20.28502 0.60801
v 21.62875 20.28793 0.71912
v 21.46938 20.29014 0.64419
v 21.69755 20.29019 0.86551
v 22.15719 20.28848 0.57991
v 22.28000 20.28166 0.52706
v 22.36000 20.29646 0.38244
v 21.41750 20.28397 0.68678
v 21.77127 20.29403 0.08214
v 22.65616 20.31451 0.63818
v 21.12926 20.28348 0.64561
v 20.99055 20.27585 0.68104
v 21.61000 20.26514 0.27510
v 20.75677 20.27823 0.64292
v 21.79039 20.28037 0.76905
v 21.89500 20.26578 0.72585
v 21.79304 20.28258 0.95158
v 21.65407 20.29439 0.98053
v 21.88531 20.29036 0.81492
v 21.89277 20.28709 0.95799
v 21.98000 20.29916 0.84641
v 22.07625 20.28677 0.92905
v 22.11031 20.28875 0.79416
v 22.02812 20.27742 0.70046
v 22.25146 20.27686 0.70649
v 22.28993 20.29989 0.82995
v 22.13755 20.30063 0.88376
v 22.30750 20.29261 0.95218
v 22.48124 20.30852 0.89983
v 22.64250 20.30365 0.88373
v 22.57357 20.30079 0.72436
v 22.77000 20.32218 0.80894
v 22.49250 20.29776 0.68702
v 22.80521 20.29909 0.94902
v 22.59000 20.29058 0.94806
v 22.80167 20.31229 0.02868
v 22.90068 20.30784 0.93074
v 22.88267 20.31959 0.77355
v 22.10252 20.31909 0.64769
v 21.87265 20.29545 0.67559
v 21.56974 20.27028 0.93038
v 22.87457 20.31338 0.54668
v 22.26826 20.30379 0.61005
v 22.96500 20.32389 0.91458
v 23.01403 20.31759 0.82433
v 23.11964 20.31829 0.78990
v 23.12000 20.32449 0.96010
v 22.86869 20.31841 0.69222
v 23.03023 20.32335 0.70955
v 23.12000 20.32098 0.68006
v 23.04000 20.32725 0.68986
v 23.02000 20.32969 0.66982
v 23.04000 20.33068 0.66990
v 21.95500 20.29327 0.02628
v 21.84000 20.27796 -0.03686
v 22.04572 20.28890 -0.03806
v 22.25750 20.29626 0.01715
v 22.28635 20.29841 -0.02547
v 22.58344 20.30574 0.02688
v 22.48500 20.30014 -0.05215
v 22.64000 20.32364 -0.08145
v 22.75237 20.31408 -0.11366
v 22.82556 20.31480 -0.04624
v 22.64978 20.30494 -0.20415
v 22.81093 20.32248 -0.22143
v 22.86125 20.33130 0.08682
v 22.56715 20.30384 -0.10395
v 22.43125 20.30980 -0.18721
v 22.24500 20.32097 -0.08844
v 22.25875 20.30650 -0.22255
v 22.12445 20.30631 -0.08825
v 21.99750 20.31146 -0.27376
v 21.97417 20.29808 -0.11692
v 21.82853 20.29994 -0.26417
v 21.77995 20.30312 -0.04367
v 21.75930 20.32479 -0.08268
v 22.40063 20.32471 -0.27290
v 22.65825 20.33108 -0.27618
v 22.92750 20.32636 -0.27052
v 22.82937 20.35055 -0.09136
v 22.93875 20.35247 -0.07240
v 23.12000 20.35060 -0.06962
v 23.02500 20.33338 -0.03479
v 23.12000 20.32474 0.04010
v 22.78500 20.29008 0.61865
v 21.75752 20.32038 -0.17555
v 23.04000 20.30610 0.90964
v 23.06150 20.32163 0.97035
v 23.04000 20.32107 0.97095
v 22.92812 20.32648 0.98555
v 21.68911 20.29919 -0.24399
v 20.61011 20.25619 0.70204
v 21.66000 20.28265 0.00540
v 21.61007 20.26261 0.61502
v 22.79488 20.29003 0.70868
v 22.89091 20.32512 0.18434
v 21.72086 20.27930 -0.03087
v 22.88440 20.29506 0.59902
v 22.16947 20.32967 -0.27823
v 21.32947 20.26327 0.94715
v 22.58040 20.32893 0.65612
v 22.64000 20.31149 0.68766
v 21.61947 20.32016 -0.27580
v 22.40438 20.32758 0.65038
v 22.24538 20.30361 0.68295
v 22.08975 20.29751 0.67146
v 22.22261 20.31714 0.98726
v 21.86559 20.30807 0.98622
v 22.32500 20.30798 1.02824
v 22.63478 20.31886 1.02746
v 22.61250 20.32834 0.98814
v 22.87000 20.31215 1.04915
v 21.77875 20.28634 1.02075
v 22.92000 20.34000 -0.28737
v 21.09516 20.28923 0.98386
v 21.07506 20.25926 0.94478
v 20.98250 20.24977 0.94343
v 21.40099 20.29653 -0.26830
v 22.61845 20.30037 0.68819
v 21.32250 20.25608 0.71473
v 21.51000 20.25334 0.72474
v 22.89013 20.32083 0.62807
v 23.02000 20.35332 -0.27483
v 22.01352 20.28371 1.03651
v 21.92390 20.26524 1.10367
v 22.11676 20.26741 1.06014
v 22.59485 20.30000 0.68817
v 22.45375 20.27195 1.05686
v 21.64110 20.32059 -0.06935
v 21.02000 20.24737 0.70349
v 20.79494 20.23408 0.70168
v 23.06000 20.33166 0.66997
v 23.08000 20.33218 0.67005
v 22.60000 20.32094 0.68705
v 22.76000 20.31827 0.68896
v 22.65749 20.27857 1.04762
v 20.81541 20.22585 -0.11467
v 20.74284 20.25823 -0.07226
v 20.87500 20.22943 -0.07701
v 20.77431 20.25210 -0.15109
v 19.16643 20.24434 0.76182
v 19.18687 20.24360 0.96986
v 19.26000 20.24304 0.76108
v 19.28531 20.23845 0.99730
v 19.42729 20.23547 0.85322
v 19.39000 20.22857 0.70992
v 19.62432 20.23302 0.76912
v 19.70938 20.22999 0.70532
v 19.61562 20.23945 0.86825
v 19.85028 20.23891 0.83085
v 19.25000 20.23520 0.67974
v 19.85750 20.23143 0.93083
v 19.60148 20.23327 0.95474
v 19.79644 20.24212 0.74206
v 19.87261 20.24046 0.72670
v 20.08727 20.23749 0.91915
v 20.02728 20.23758 0.80440
v 19.42250 20.24740 0.97048
v 20.08625 20.24803 0.76894
v 20.21914 20.24603 0.95170
v 20.17364 20.24103 0.70699
v 20.34000 20.24043 0.80191
v 20.40949 20.25523 0.94725
v 20.07638 20.25882 0.67241
v 19.95997 20.24952 0.71596
v 20.39156 20.26206 0.69610
v 20.48631 20.25961 1.01006
v 20.49813 20.26281 0.65246
v 20.53017 20.26205 0.76853
v 20.78000 20.24986 0.94296
v 20.64500 20.25051 0.96267
v 20.86563 20.24985 0.78113
v 20.97500 20.25563 0.89097
v 21.04500 20.26443 0.86871
v 21.16375 20.25914 0.81707
v 21.33813 20.26409 0.84414
v 21.45103 20.25955 0.82294
v 21.58878 20.27188 0.82131
v 20.36182 20.24826 0.62389
v 20.45309 20.25864 0.57983
v 20.57567 20.25654 0.60019
v 20.45902 20.25977 0.35673
v 20.60091 20.26145 0.37468
v 20.65101 20.25901 0.54809
v 20.60902 20.25751 0.16845
v 20.36870 20.25382 0.43101
v 20.46000 20.25633 0.00231
v 20.55748 20.26244 0.07062
v 20.34723 20.25234 0.24029
v 20.27789 20.24255 0.49374
v 20.19500 20.24657 0.37291
v 20.36500 20.25666 0.06836
v 20.30682 20.25892 -0.00992
v 20.48015 20.25429 -0.06766
v 20.79125 20.26541 0.02313
v 20.21688 20.25538 -0.06544
v 20.00875 20.25293 0.00133
v 19.93812 20.25658 -0.09955
v 20.03517 20.25662 -0.11146
v 20.34409 20.26241 -0.14158
v 20.70187 20.24941 0.06528
v 20.70625 20.25224 0.21657
v 20.91383 20.24439 0.08384
v 20.85875 20.25465 0.27819
v 20.71000 20.24490 0.31776
v 20.72344 20.24919 0.42752
v 20.88500 20.25018 0.44321
v 21.03483 20.25613 0.35332
v 21.01375 20.25172 0.13352
v 21.01116 20.26191 0.59080
v 21.10000 20.25998 0.49627
v 21.17879 20.25930 0.35957
v 21.32456 20.26004 0.28592
v 21.15500 20.26885 0.17402
v 21.24131 20.27036 0.51563
v 21.39149 20.25482 0.24505
v 21.47029 20.25861 0.36113
v 21.39406 20.25120 0.43891
v 21.31156 20.24892 0.42358
v 21.56759 20.27309 0.50616
v 21.55185 20.25700 0.32238
v 20.14128 20.23900 0.04438
v 19.89125 20.22915 0.06838
v 20.80000 20.26529 0.52315
v 20.80404 20.25316 0.61350
v 20.92500 20.26762 0.51346
v 21.10524 20.26190 0.61358
v 21.38375 20.25411 0.59919
v 20.18594 20.22439 0.60534
v 20.18000 20.25834 0.28174
v 21.49630 20.27290 0.22619
v 21.19750 20.24813 0.11142
v 21.32499 20.25941 0.07956
v 21.47910 20.23913 0.15496
v 20.89000 20.26541 0.90336
v 20.53000 20.26969 0.98259
v 20.28500 20.27032 0.98207
v 18.98978 20.23797 0.99988
v 20.11021 20.23413 0.38365
v 19.83500 20.23647 -0.06188
v 19.84250 20.25615 0.68047
v 19.78437 20.24696 -0.00345
v 19.65000 20.24368 -0.04352
v 19.50264 20.24081 0.00236
v 19.42503 20.25351 -0.05744
v 19.54717 20.24531 -0.09731
v 19.38358 20.24363 -0.18376
v 19.27329 20.25498 -0.14879
v 19.28233 20.25067 -0.05687
v 19.18000 20.26669 -0.06010
v 19.17578 20.24897 -0.18476
v 19.19260 20.24085 -0.26031
v 19.02418 20.24349 -0.19677
v 19.07000 20.25456 -0.06040
v 19.36000 20.22774 1.05986
v 19.72930 20.24674 1.01949
v 20.60563 20.25024 1.14757
v 20.76000 20.23400 1.08477
v 19.18375 20.22579 1.05674
v 20.07500 20.26519 0.63943
v 19.79479 20.27711 0.64584
v 19.10043 20.23738 -0.01436
v 19.10689 20.22638 0.86553
v 19.03506 20.22469 0.95048
v 19.04000 20.22680 0.79306
v 19.05905 20.21323 0.70015
v 21.42468 20.28041 0.50616
v 21.48963 20.27656 0.54418
v 21.53875 20.28353 0.58097
v 19.68912 20.21559 0.94093
v 20.11750 20.24708 0.95650
v 19.95382 20.24469 0.96135
v 19.61687 20.22833 0.04909
v 21.14781 20.27111 0.01840
v 20.96594 20.27362 -0.03388
v 21.15000 20.27756 -0.02591
v 21.40167 20.28099 -0.00500
v 20.59989 20.26377 -0.11982
v 20.70562 20.27415 -0.25102
v 20.49971 20.28020 -0.07690
v 21.53254 20.26487 0.09874
v 21.58500 20.28410 0.01022
v 21.51659 20.29256 -0.05953
v 21.50107 20.30045 -0.15244
v 21.42546 20.28061 -0.15988
v 21.31103 20.26928 -0.06266
v 21.32038 20.26171 -0.14519
v 21.22502 20.27548 -0.10544
v 21.18375 20.27180 -0.18119
v 21.12578 20.26227 -0.08593
v 21.10000 20.28606 -0.27595
v 21.01979 20.24949 -0.11876
v 20.90397 20.27012 -0.21179
v 20.84086 20.27988 -0.27669
v 21.30894 20.28584 -0.19389
v 21.63907 20.29214 0.15293
v 21.59175 20.28643 0.19776
v 19.47500 20.22857 -0.19992
v 19.63276 20.23748 -0.14751
v 19.71135 20.23978 -0.20547
v 19.79992 20.23725 -0.12408
v 19.88291 20.23432 -0.15607
v 20.02678 20.24758 -0.20761
v 19.78883 20.26000 -0.27407
v 19.63387 20.25376 -0.26821
v 20.53000 20.28595 -0.15226
v 20.41750 20.26732 -0.25768
v 20.46900 20.27061 -0.17478
v 20.44000 20.27639 -0.09590
v 20.20365 20.27198 -0.26793
v 20.15428 20.25817 -0.17086
v 20.21173 20.27705 -0.09800
v 20.03188 20.26980 -0.26962
v 20.56937 20.28500 -0.27039
v 20.37125 20.23645 1.07069
v 20.39500 20.24936 1.28950
v 19.65072 20.21692 -0.08962
v 19.75425 20.21620 -0.10336
v 20.13500 20.23777 1.05310
v 19.77123 20.26503 0.98081
v 20.95250 20.26915 1.01345
v 20.93545 20.22870 -0.12205
v 19.91375 20.22848 1.06592
v 19.54250 20.22168 1.06924
v 21.48901 20.25484 0.60967
v 21.04812 20.24405 1.06353
v 21.31125 20.27756 1.02310
v 21.66430 20.27903 1.04025
v 20.34500 20.28000 -0.27439
v 19.85006 20.25762 -0.08902
v 21.50000 20.27807 0.80425
v 23.04798 20.34024 0.64453
v 20.07500 20.26519 0.63943
v 20.05750 20.23182 0.62196
v 19.84544 20.22955 0.61115
v 20.18594 20.22439 0.60534
v 19.79479 20.27711 0.64584
v 20.36182 20.24826 0.62389
v 19.78766 20.22526 0.56564
v 19.65000 20.21497 0.58028
v 19.59000 20.28556 0.66032
v 19.49000 20.22158 0.60004
v 19.46125 20.26522 0.64997
v 20.55768 20.26173 5.18138
v 20.55012 20.22083 5.16576
v 20.49792 20.25000 5.11549
v 20.45000 20.29253 5.17263
v 20.46001 20.28477 5.11256
v 29.13817 20.43920 5.19848
v 29.18019 20.49246 5.21154
v 29.26967 20.46612 5.15119
v 29.26073 20.50024 5.17583
v 29.10320 20.46638 5.19228
v 23.02000 20.34187 3.73493
v 23.10572 20.34356 3.68775
v 23.02000 20.32508 3.64977
v 23.04000 20.33030 3.78989
v 23.02000 20.33122 3.78984
v 23.07297 20.32211 3.79600
v 23.10038 20.31939 3.80011
v 23.04000 20.32283 3.65250
v 23.04000 20.32319 3.62982
v 23.06953 20.32263 3.62991
v 23.10000 20.32257 3.65137
v 32.00751 20.50956 0.67277
v 31.94136 20.53463 0.67687
v 32.23343 20.53404 0.67681
v 31.83458 20.47226 0.65192
v 31.99000 20.47876 0.64863
v 31.75524 20.49583 0.65916
v 31.76875 20.55203 0.69578
v 31.66254 20.50669 0.66634
v 31.63358 20.56052 0.70586
v 31.52794 20.52703 0.67725
v 32.11979 20.47242 0.64647
v 32.36250 20.49069 0.65813
v 32.41000 20.56629 0.69327
v 32.50937 20.52406 0.68165
v 32.43839 20.45927 0.65354
v 32.54757 20.46720 0.64618
v 32.67724 20.52871 0.65764
v 32.68000 20.56356 0.69572
v 31.87985 20.56910 0.70889
v 32.17368 20.58170 0.70292
v 32.27686 20.56967 0.71409
v 32.72202 20.55261 0.71681
v 26.74000 20.37613 4.77032
v 26.69000 20.43132 4.76087
v 26.76000 20.39828 4.75069
v 26.71906 20.37848 4.77007
v 26.68068 20.39470 4.76041
v 26.91062 20.42541 4.76801
v 26.78000 20.39893 4.75122
v 26.82071 20.39977 4.75163
v 26.62974 20.39928 4.81523
v 26.68003 20.35143 4.77575
v 26.66000 20.34000 4.81799
v 19.28530 20.20955 4.67075
v 19.26937 20.14734 4.76189
v 19.25462 20.18872 4.60406
v 19.26673 20.21323 4.78497
v 19.25933 20.19770 4.84503
v 31.69873 20.49979 2.38656
v 31.69102 20.51694 2.36551
v 31.67000 20.53000 2.38440
v 31.65857 20.56312 2.33463
v 31.58558 20.55447 2.41190
v 31.72000 20.50212 2.38678
v 31.73862 20.52050 2.36726
v 31.79984 20.55724 2.36213
v 28.67774 20.46454 5.29562
v 28.86375 20.49000 5.30757
v 28.95057 20.46880 5.29286
v 28.65125 20.49500 5.30268
v 28.46489 20.49162 5.28137
v 29.05125 20.52440 5.29247
v 29.00786 20.46405 5.26901
v 27.60375 20.47500 5.28915
v 27.59246 20.44666 5.28086
v 27.41000 20.41994 5.30455
v 27.76152 20.47123 5.26914
v 27.75686 20.55250 5.28184
v 27.88750 20.49000 5.27684
v 27.62000 20.56000 5.28900
v 27.91993 20.61750 5.26282
v 27.73904 20.72421 5.26687
v 27.51125 20.70434 5.27679
v 28.18125 20.56624 5.26325
v 28.16000 20.70950 5.29526
v 27.47000 20.53656 5.26524
v 27.40225 20.61986 5.27663
v 27.41000 20.49471 5.27741
v 27.32520 20.50906 5.27536
v 28.24224 20.47014 5.28788
v 28.34899 20.64468 5.25495
v 28.19113 20.63555 5.25627
v 28.49510 20.60304 5.25398
v 28.51233 20.68172 5.25012
v 28.70437 20.59456 5.26824
v 28.79375 20.67625 5.28367
v 29.15750 20.68500 5.27233
v 29.17500 20.51000 5.31126
v 29.33724 20.50871 5.29740
v 29.49438 20.56250 5.29790
v 29.64000 20.76400 5.28160
v 29.65000 20.58000 5.29270
v 29.98500 20.57688 5.29687
v 29.60595 20.50340 5.28814
v 29.75875 20.51900 5.30909
v 29.97627 20.52801 5.29816
v 30.13247 20.52989 5.29974
v 30.29020 20.54986 5.30980
v 30.23443 20.66712 5.28950
v 30.51402 20.58970 5.29719
v 30.88326 20.60480 5.30382
v 31.08657 20.67935 5.30177
v 31.36719 20.69668 5.29588
v 31.26375 20.59792 5.30514
v 29.97500 20.63000 5.30476
v 31.39750 20.60000 5.31621
v 31.50000 20.61000 5.31494
v 31.72250 20.69231 5.30832
v 27.32000 20.45752 5.28105
v 31.02500 20.55380 5.34171
v 27.32949 20.41987 5.29095
v 30.75531 20.56128 5.31528
v 31.74250 20.60000 5.34247
v 31.89923 20.66364 5.30952
v 31.86246 20.59092 5.32232
v 29.87012 20.48430 5.29477
v 27.29000 20.49978 5.26263
v 30.55995 20.54959 5.28182
v 28.06099 20.44735 5.26667
v 31.93000 20.60737 5.28186
v 23.04798 20.34024 0.64453
v 23.12000 20.31451 0.58999
v 23.07000 20.32471 0.57993
v 23.20000 20.33734 0.61407
v 23.08000 20.34292 0.98965
v 23.13250 20.35311 1.06545
v 23.10915 20.34254 0.99081
v 23.21344 20.34907 0.97131
v 23.10750 20.34338 0.93561
v 23.06000 20.34195 0.98788
v 23.20984 20.35380 0.86512
v 23.01437 20.34010 0.87532
v 23.04914 20.33837 0.75608
v 23.20000 20.34130 0.71055
v 23.31625 20.35026 0.88980
v 23.36075 20.35446 0.94012
v 23.24000 20.35683 0.73586
v 23.19479 20.34372 1.03983
v 23.33750 20.36091 0.78124
v 23.32501 20.35437 0.66113
v 23.16610 20.34456 0.67404
v 23.08000 20.34215 1.01075
v 23.38875 20.35103 0.74507
v 23.37084 20.34138 0.60759
v 23.04000 20.32107 0.97095
v 23.04000 20.33068 0.66990
v 23.02000 20.32969 0.66982
v 23.12000 20.32449 0.96010
v 23.06150 20.32163 0.97035
v 23.03095 20.34169 0.98952
v 21.79021 20.30874 5.17274
v 21.73883 20.30518 5.00487
v 21.79003 20.26821 5.17522
v 19.80638 20.63053 5.59047
v 19.61881 20.55964 5.59296
v 19.71534 20.62574 5.60141
v 19.72594 20.58833 5.58429
v 19.46756 20.61516 5.60768
v 19.33626 20.57489 5.62320
v 19.49422 20.52915 5.59409
v 19.78736 20.57738 5.59836
v 19.82897 20.57051 5.56920
v 19.39960 20.68025 5.54426
v 19.19250 20.64272 5.60753
v 19.21271 20.61049 5.62935
v 19.07675 20.61505 5.64037
v 19.44000 20.26197 4.71772
v 19.50502 20.23572 4.70791
v 19.31455 20.25289 4.67501
v 19.68000 20.25975 4.72772
v 19.40000 20.21725 4.68747
v 19.46634 20.23101 5.18927
v 19.31117 20.24235 5.17214
v 19.49016 20.26424 5.19451
v 19.37500 20.22406 5.17986
v 19.67465 20.24749 5.17447
v 19.72182 20.27756 5.19099
v 32.76301 20.58750 2.77829
v 32.76203 20.66077 2.89321
v 32.80953 20.62944 2.82218
v 32.84270 20.59864 2.76190
v 32.03431 20.56561 2.39540
v 32.26093 20.54333 2.40156
v 32.14892 20.52838 2.39699
v 32.26084 20.48648 2.41659
v 24.61131 20.32983 4.61814
v 24.58687 20.35071 4.65964
v 24.65579 20.37368 4.70450
v 24.54998 20.37216 4.73112
v 24.67834 20.35770 4.61688
v 26.65808 20.13248 4.93399
v 26.68500 20.24858 4.92237
v 26.72787 20.21215 4.94605
v 26.71478 20.15308 4.94046
v 26.77589 20.15090 4.97842
v 26.76051 20.25420 4.91367
v 32.81857 20.62465 2.60490
v 32.85299 20.63446 2.72264
v 32.84055 20.60985 2.65996
v 32.84330 20.57558 2.58618
v 32.86141 20.57968 2.67990
v 32.80953 20.62944 2.82218
v 32.84270 20.59864 2.76190
v 32.78401 20.57093 2.56818
v 32.81857 20.62465 2.60490
v 32.75100 20.60039 2.48706
v 24.63566 20.62288 5.37995
v 24.53014 20.66167 5.35973
v 24.63756 20.59953 5.42528
v 24.75277 20.62017 5.38163
v 22.49875 20.29389 4.59304
v 22.32177 20.29995 4.50226
v 22.39095 20.26972 4.55368
v 31.67000 20.53000 2.38440
v 31.73862 20.52050 2.36726
v 31.72000 20.50212 2.38678
v 31.74226 20.50045 2.38722
v 31.69873 20.49979 2.38656
v 31.71986 20.47995 2.38693
v 31.74182 20.47956 2.38720
v 31.70589 20.55669 2.39143
v 31.58558 20.55447 2.41190
v 31.79984 20.55724 2.36213
v 20.47669 20.24397 4.63483
v 20.53858 20.28081 4.68385
v 20.52000 20.23050 4.58220
v 25.36486 20.36193 2.02322
v 25.35125 20.39408 1.96908
v 25.37289 20.39310 2.14960
v 19.46125 20.26522 0.64997
v 19.70827 20.25852 0.66892
v 19.59000 20.28556 0.66032
v 19.79479 20.27711 0.64584
v 19.70938 20.22999 0.70532
v 19.84250 20.25615 0.68047
v 24.12311 20.36000 5.09982
v 24.10807 20.36246 5.13155
v 24.14776 20.31585 5.11540
v 24.16013 20.35807 4.99446
v 24.10575 20.31771 5.15606
v 32.80588 20.59875 3.06181
v 32.76973 20.63919 3.00859
v 32.80748 20.60044 3.01029
v 32.77542 20.61810 2.90107
v 32.88554 20.57990 3.06314
v 32.76112 20.59246 3.09172
v 32.86000 20.58003 3.03947
v 32.86079 20.57971 3.01901
v 24.53064 20.37528 1.36635
v 24.66250 20.35694 1.37591
v 24.83383 20.37734 1.38626
v 32.76203 20.66077 2.89321
v 32.76301 20.58750 2.77829
v 32.77542 20.61810 2.90107
v 32.86032 20.62105 2.96125
v 32.16809 20.55437 2.36077
v 32.14892 20.52838 2.39699
v 32.22238 20.51623 2.39438
v 32.26084 20.48648 2.41659
v 32.03431 20.56561 2.39540
v 32.26093 20.54333 2.40156
v 31.21814 20.53943 4.16864
v 31.41000 20.55177 4.33355
v 31.36000 20.52663 4.28288
v 32.76112 20.59246 3.09172
v 32.72979 20.56965 2.95650
v 32.78089 20.55936 3.07357
v 32.78004 20.56975 3.19650
v 32.76560 20.64000 3.14498
v 32.76548 20.58979 3.22286
v 32.76108 20.64580 3.20761
v 32.76152 20.66134 3.30040
v 32.79790 20.62000 3.39884
v 32.79134 20.57939 3.34377
v 32.76973 20.63919 3.00859
v 32.75494 20.55821 3.38563
v 32.75512 20.64460 3.45935
v 29.64487 20.49045 2.93352
v 29.78875 20.50885 3.06392
v 29.70000 20.47120 2.99257
v 19.78766 20.22526 0.56564
v 19.72995 20.25796 0.56083
v 19.65000 20.21497 0.58028
v 23.20974 20.34985 5.25585
v 23.36555 20.41065 5.22723
v 23.26000 20.37185 5.23109
v 23.21027 20.37471 5.18970
v 32.64900 20.65254 2.39595
v 32.73113 20.62928 2.40796
v 32.70599 20.61286 2.45136
v 32.71009 20.56954 2.46766
v 23.02000 20.32214 0.58800
v 23.04000 20.32106 0.60980
v 23.07000 20.32471 0.57993
v 23.06000 20.32246 0.60988
v 23.02126 20.32612 0.48237
v 23.02839 20.32314 0.64462
v 22.97397 20.31422 0.62534
v 23.06000 20.33166 0.66997
v 23.04914 20.33837 0.75608
v 23.08000 20.33218 0.67005
v 23.04000 20.33068 0.66990
v 23.16610 20.34456 0.67404
v 23.02000 20.32969 0.66982
v 22.86869 20.31841 0.69222
v 22.89013 20.32083 0.62807
v 22.65616 20.31451 0.63818
v 22.76000 20.31827 0.68896
v 22.58040 20.32893 0.65612
v 23.04798 20.34024 0.64453
v 22.78500 20.29008 0.61865
v 23.08000 20.32983 0.25002
v 23.11000 20.31586 0.34997
v 23.11000 20.32519 0.18132
v 23.08000 20.33016 0.23002
v 23.08000 20.33061 0.27003
v 23.02258 20.32940 0.28721
v 23.04000 20.32250 0.32111
v 23.01872 20.32094 0.33838
v 22.96125 20.31061 0.39505
v 23.02000 20.32788 0.22980
v 23.06000 20.32909 0.26995
v 23.04000 20.32765 0.24987
v 23.02000 20.32873 0.24981
v 23.04972 20.31463 0.34976
v 23.04000 20.30811 0.40091
v 23.02000 20.31334 0.34965
v 23.12000 20.31617 0.43138
v 23.04688 20.31614 0.57539
v 22.97397 20.31422 0.62534
v 22.89013 20.32083 0.62807
v 23.06000 20.32745 0.20993
v 22.87457 20.31338 0.54668
v 22.89805 20.32030 0.35932
v 22.89091 20.32512 0.18434
v 22.96996 20.31536 0.19325
v 23.10934 20.32217 0.45828
v 23.12000 20.31451 0.58999
v 23.02839 20.32314 0.64462
v 23.12000 20.32098 0.68006
v 23.04000 20.32627 0.20985
v 23.02000 20.32606 0.20978
v 23.02071 20.33637 0.16490
v 22.81451 20.29096 0.30781
v 22.88095 20.29008 0.44396
v 22.88095 20.29008 0.44396
v 22.87457 20.31338 0.54668
v 22.89805 20.32030 0.35932
v 20.62648 20.11602 4.80976
v 20.68060 20.10552 4.83140
v 20.57362 20.15067 4.82875
v 20.54735 20.08901 4.77927
v 20.50505 20.23567 4.70689
v 20.50123 20.17668 4.74166
v 20.54317 20.28000 4.74528
v 32.78222 20.59371 2.92879
v 32.77542 20.61810 2.90107
v 32.74591 20.56974 2.89324
v 32.65508 20.55393 2.82525
v 32.80748 20.60044 3.01029
v 32.76301 20.58750 2.77829
v 26.63797 20.32705 4.78743
v 26.68281 20.25626 4.76207
v 26.69008 20.30132 4.78711
v 26.66000 20.34000 4.81799
v 26.69394 20.32242 4.81814
v 26.60646 20.26937 4.78588
v 26.72080 20.25138 4.72406
v 26.75553 20.27133 4.81588
v 21.67380 20.28502 0.60801
v 21.61007 20.26261 0.61502
v 21.46938 20.29014 0.64419
v 21.48789 20.58319 5.53541
v 21.45500 20.59353 5.60817
v 21.50136 20.56960 5.64458
v 21.46442 20.63527 5.66171
v 21.49248 20.54661 5.56545
v 21.54054 20.53592 5.60173
v 21.46000 20.64925 5.57994
v 23.16649 20.56542 5.48795
v 23.14988 20.60044 5.54348
v 23.15469 20.57024 5.53178
v 23.12007 20.58001 5.57423
v 23.22824 20.60474 5.47841
v 23.69581 20.30546 4.93314
v 23.76763 20.33000 4.91255
v 23.71080 20.32937 4.86474
v 23.79500 20.34104 4.89338
v 24.96873 20.36975 5.20769
v 24.99999 20.38052 5.16598
v 24.88354 20.40501 5.18325
v 24.95584 20.41644 5.08900
v 25.06000 20.40643 5.07944
v 26.14955 20.41513 5.13160
v 26.23916 20.40215 5.15702
v 26.39312 20.43255 5.19353
v 26.58339 20.30422 4.77090
v 26.58939 20.27085 4.66553
v 26.60646 20.26937 4.78588
v 27.83875 20.43048 4.01011
v 27.80482 20.40858 3.93603
v 27.76401 20.44657 3.86579
v 26.75553 20.27133 4.81588
v 26.76051 20.25420 4.91367
v 26.71000 20.27271 4.86729
v 26.68500 20.24858 4.92237
v 26.78626 20.22270 4.86851
v 32.65113 20.56090 2.06998
v 32.63000 20.53757 2.11128
v 32.62765 20.54029 2.13889
v 32.68395 20.59032 2.12897
v 19.78521 20.23435 3.09036
v 19.84845 20.24800 3.12801
v 19.97872 20.21517 3.16887
v 32.74318 20.59659 2.10324
v 32.74010 20.66096 2.13636
v 32.75608 20.63082 2.06561
v 32.74245 20.61293 2.15232
v 32.73946 20.64662 1.99826
v 32.73705 20.62023 1.89679
v 32.74557 20.65498 1.83773
v 32.74408 20.58025 1.80320
v 32.76406 20.59845 2.02467
v 32.80456 20.63200 2.20909
v 20.60000 20.27379 4.73252
v 20.53858 20.28081 4.68385
v 20.50505 20.23567 4.70689
v 20.48125 20.21721 4.70890
v 20.50123 20.17668 4.74166
v 20.47463 20.09616 4.77810
v 20.52709 20.03439 4.83484
v 20.47669 20.24397 4.63483
v 20.54735 20.08901 4.77927
v 23.14988 20.60044 5.54348
v 23.22116 20.62000 5.54634
v 23.16596 20.56029 5.58341
v 23.25445 20.59995 5.58213
v 23.12172 20.55920 5.54221
v 20.57221 20.26901 2.54893
v 20.54000 20.23469 2.57229
v 20.50225 20.25555 2.66520
v 27.07643 20.40276 4.32532
v 27.07251 20.42388 4.33767
v 27.19812 20.40936 4.29626
v 21.63201 20.32055 5.18924
v 21.69919 20.31133 5.12175
v 21.67953 20.28034 5.18616
v 32.48095 20.53270 0.24633
v 32.49468 20.50057 0.24459
v 32.57866 20.51192 0.23840
v 32.63865 20.53951 0.25694
v 21.46000 20.57782 5.54780
v 21.49248 20.54661 5.56545
v 21.46000 20.58041 5.56782
v 21.46000 20.57988 5.52648
v 21.45495 20.54415 5.62890
v 21.54054 20.53592 5.60173
v 21.41966 20.56060 5.59653
v 21.48789 20.58319 5.53541
v 21.17542 20.27977 5.17426
v 21.26982 20.27681 5.15494
v 21.35326 20.29223 5.12376
v 21.36338 20.28710 5.17230
v 23.15469 20.57024 5.53178
v 23.22141 20.57884 5.51355
v 23.16649 20.56542 5.48795
v 23.24201 20.57178 5.55788
v 23.16596 20.56029 5.58341
v 23.12172 20.55920 5.54221
v 23.31200 20.61484 5.50359
v 23.22824 20.60474 5.47841
v 23.28757 20.62016 5.42865
v 23.38391 20.63923 5.47431
v 23.37991 20.64886 5.39243
v 23.26993 20.60769 5.32875
v 23.26000 20.60344 5.42207
v 23.17401 20.60979 5.40356
v 23.22036 20.61473 5.30204
v 23.13066 20.61903 5.27029
v 23.43000 20.62041 5.31238
v 23.48539 20.63554 5.32140
v 23.31374 20.64825 5.55536
v 23.25445 20.59995 5.58213
v 23.11171 20.59367 5.52015
v 19.29200 20.20173 4.74201
v 19.26000 20.20467 4.63353
v 19.27925 20.17417 4.62084
v 19.63241 20.18852 4.20979
v 19.66793 20.19042 4.22216
v 19.67699 20.21226 4.18355
v 19.73875 20.21666 4.28390
v 19.58067 20.20720 4.20386
v 32.80709 20.57837 4.77110
v 32.80057 20.71055 4.74948
v 32.83642 20.60000 4.75923
v 21.79021 20.30874 5.17274
v 21.79003 20.26821 5.17522
v 21.69919 20.31133 5.12175
v 26.12672 20.38408 4.12346
v 26.24039 20.35902 4.16841
v 26.33666 20.37092 4.19585
v 20.55768 20.26173 5.18138
v 20.45000 20.29253 5.17263
v 20.66278 20.26729 5.17604
v 20.55012 20.22083 5.16576
v 20.69664 20.29879 5.19171
v 23.12072 20.32066 3.14006
v 23.17402 20.31437 3.10916
v 23.10343 20.33592 3.07563
v 32.03473 20.56339 2.70310
v 31.78191 20.56256 2.69547
v 31.87000 20.57734 2.69085
v 26.48475 20.39464 0.70881
v 26.55849 20.41650 0.74593
v 26.37875 20.41135 0.67787
v 22.59000 20.25431 4.54769
v 22.52361 20.30274 4.50739
v 22.62818 20.27041 4.58831
v 24.59040 20.35961 4.61897
v 24.61131 20.32983 4.61814
v 24.66000 20.36000 4.58901
v 24.68519 20.32065 4.63594
v 24.58687 20.35071 4.65964
v 23.05225 20.34052 4.79004
v 23.08438 20.34517 4.93270
v 23.05953 20.34187 4.75922
v 23.05091 20.34181 4.81005
v 23.08500 20.33763 4.77695
v 26.65337 20.56131 5.61085
v 26.64430 20.61409 5.58109
v 26.71096 20.60519 5.58331
v 19.26673 20.21323 4.78497
v 19.28223 20.17183 4.82209
v 19.27767 20.21532 4.87476
v 22.24000 20.57976 5.60999
v 22.24000 20.58060 5.59000
v 22.21573 20.62019 5.63585
v 22.19901 20.59964 5.55039
v 22.29455 20.58561 5.63716
v 22.26640 20.57990 5.59007
v 22.26000 20.58058 5.56741
v 29.84940 20.49287 1.46916
v 29.87660 20.49882 1.37748
v 29.87061 20.45757 1.40381
v 29.89993 20.50907 3.61521
v 29.90002 20.51795 3.74993
v 29.92000 20.49254 3.66538
v 29.92438 20.48918 3.83072
v 26.60003 20.37961 5.04996
v 26.60052 20.37801 5.02953
v 26.60597 20.39351 4.98357
v 26.59995 20.38002 5.00955
v 26.64497 20.39651 5.10020
v 23.59292 20.33924 4.59571
v 23.59704 20.34658 4.46691
v 23.61186 20.31761 4.57981
v 26.72274 20.33939 4.79508
v 26.74000 20.32241 4.80693
v 26.76000 20.31860 4.81010
v 26.75553 20.27133 4.81588
v 26.69008 20.30132 4.78711
v 26.68003 20.35143 4.77575
v 27.56938 20.39486 3.11747
v 27.61913 20.41079 3.17835
v 27.56239 20.43180 3.08110
v 30.32005 20.50451 2.00481
v 30.46317 20.50332 2.03668
v 30.35711 20.47898 2.01218
v 23.34254 20.29833 0.27167
v 23.34183 20.33990 0.19312
v 23.34063 20.30035 0.18132
v 23.35791 20.33225 0.28998
v 23.30970 20.34002 0.11896
v 21.70024 20.30085 4.30666
v 21.62917 20.26093 4.35113
v 21.63222 20.29539 4.37131
v 24.17717 20.33914 5.13396
v 24.10575 20.31771 5.15606
v 24.10807 20.36246 5.13155
v 21.46000 20.64925 5.57994
v 21.45500 20.59353 5.60817
v 21.43252 20.62942 5.64847
v 23.20838 20.30162 0.39800
v 23.15000 20.33098 0.36280
v 23.21106 20.34154 0.42460
v 32.81857 20.62465 2.60490
v 32.78401 20.57093 2.56818
v 32.84330 20.57558 2.58618
v 24.98432 20.37265 2.14434
v 24.94448 20.35485 2.07298
v 24.90953 20.38468 2.03302
v 25.81151 20.37988 3.11745
v 25.89000 20.40457 3.15225
v 25.93120 20.37729 3.15952
v 20.01493 20.26502 4.37103
v 20.22750 20.26216 4.41008
v 20.12918 20.24767 4.39109
v 23.84043 20.32022 4.94317
v 23.82342 20.34396 4.85289
v 23.79500 20.34104 4.89338
v 29.66000 20.50454 4.67235
v 29.65000 20.48578 4.61209
v 29.61926 20.50135 4.48871
v 29.06213 20.45450 2.39991
v 29.10000 20.47389 2.37551
v 29.20511 20.45118 2.32114
v 23.68000 20.34040 4.95425
v 23.79500 20.34104 4.89338
v 23.76763 20.33000 4.91255
v 23.69581 20.30546 4.93314
v 23.59500 20.32027 4.95174
v 26.75789 20.38110 5.21005
v 26.70663 20.41164 5.18372
v 26.78185 20.39887 5.19102
v 26.78033 20.38028 5.21087
v 26.79813 20.42583 5.17942
v 26.64273 20.43759 5.19386
v 23.59292 20.33924 4.59571
v 23.56356 20.31242 4.63841
v 23.51918 20.33230 4.71159
v 23.61186 20.31761 4.57981
v 26.72282 20.63562 5.58023
v 26.64430 20.61409 5.58109
v 26.63751 20.64796 5.60300
v 21.30687 20.31127 5.17935
v 21.36338 20.28710 5.17230
v 21.26982 20.27681 5.15494
v 21.17000 20.30519 5.18366
v 21.08941 20.27579 5.18744
v 21.17542 20.27977 5.17426
v 21.03419 20.30441 5.19039
v 23.06000 20.58427 5.54467
v 23.10058 20.56356 5.52147
v 23.02277 20.60015 5.49350
v 23.07849 20.57767 5.55720
v 23.04000 20.58935 5.55265
v 23.06938 20.59281 5.57279
v 23.08000 20.58000 5.58324
v 23.10000 20.57997 5.57628
v 21.46000 20.58041 5.56782
v 21.46037 20.55192 5.51075
v 21.46000 20.57782 5.54780
v 21.46000 20.57988 5.52648
v 21.41966 20.56060 5.59653
v 27.46762 20.43845 3.01776
v 27.56239 20.43180 3.08110
v 27.53493 20.40611 3.05811
v 27.30286 20.41289 1.69574
v 27.41639 20.42955 1.86044
v 27.36500 20.43743 1.78184
v 30.53778 20.49417 0.63622
v 30.50000 20.52781 0.67260
v 30.58385 20.50377 0.57633
v 21.78749 20.53689 5.55139
v 21.67041 20.56167 5.55499
v 21.82148 20.55418 5.54099
v 21.61563 20.52237 5.52493
v 22.19901 20.59964 5.55039
v 22.22974 20.56721 5.56027
v 22.20868 20.58558 5.50721
v 21.75250 20.58721 5.60450
v 21.88000 20.58000 5.61975
v 21.98717 20.56013 5.52754
v 21.99218 20.58658 5.60267
v 21.87283 20.55214 5.47222
v 21.76000 20.54185 5.44996
v 22.08047 20.58698 5.48911
v 22.14093 20.59963 5.63052
v 22.21573 20.62019 5.63585
v 21.70532 20.61687 5.61971
v 21.59123 20.56738 5.62249
v 21.58695 20.53306 5.54951
v 21.54054 20.53592 5.60173
v 21.56156 20.59146 5.66557
v 21.50136 20.56960 5.64458
v 21.48000 20.50444 5.60713
v 21.61846 20.61807 5.66923
v 21.60000 20.68000 5.70656
v 21.45495 20.54415 5.62890
v 27.27066 20.58334 5.22351
v 27.26662 20.64908 5.18279
v 27.25979 20.55487 5.19611
v 27.24042 20.51405 5.22655
v 27.22499 20.51737 5.16470
v 27.24090 20.52644 5.26924
v 27.17858 20.47456 5.29752
v 26.71096 20.60519 5.58331
v 26.67772 20.65928 5.65908
v 26.72282 20.63562 5.58023
v 26.74942 20.61874 5.52807
v 23.13066 20.61903 5.27029
v 23.06081 20.61812 5.22526
v 23.07193 20.62000 5.23309
v 23.02874 20.66491 5.21003
v 20.49792 20.25000 5.11549
v 20.55012 20.22083 5.16576
v 20.49991 20.20400 5.13911
v 19.21101 20.51953 5.25115
v 19.12000 20.48000 5.27439
v 19.10000 20.49904 5.26065
v 19.45500 20.52089 5.25680
v 30.36196 20.50911 3.72100
v 30.48634 20.52318 3.74551
v 30.46571 20.49785 3.73319
v 25.04187 20.32290 5.23242
v 25.06611 20.38592 5.18688
v 25.05000 20.36000 5.16241
v 24.95276 20.25546 5.27763
v 24.92975 20.32642 5.21797
v 24.99999 20.38052 5.16598
v 23.22116 20.62000 5.54634
v 23.23039 20.66750 5.57953
v 23.25445 20.59995 5.58213
v 23.02000 20.55976 5.55511
v 22.96911 20.57945 5.52170
v 23.01802 20.56000 5.53485
v 22.92873 20.55698 5.53890
v 23.03092 20.58055 5.53261
v 23.02000 20.34291 4.88996
v 23.08438 20.34517 4.93270
v 23.04000 20.33878 4.88998
v 23.02000 20.34251 4.90996
v 23.02000 20.34298 4.92996
v 23.04000 20.33860 4.86998
v 22.97896 20.33059 4.87472
v 23.03000 20.35501 4.97512
v 23.03048 20.34152 4.84998
v 23.06000 20.33966 4.85006
v 23.06000 20.34033 4.83007
v 23.11171 20.59367 5.52015
v 23.10000 20.57997 5.57628
v 23.06938 20.59281 5.57279
v 23.15469 20.57024 5.53178
v 23.08000 20.58000 5.58324
v 23.12007 20.58001 5.57423
v 31.54173 20.52961 3.46501
v 31.53508 20.53265 3.31419
v 31.54000 20.51236 3.36816
v 31.53171 20.52019 3.55124
v 23.07103 20.33550 0.07005
v 23.10000 20.33144 0.07010
v 23.07500 20.33359 0.00004
v 23.06000 20.33676 0.05003
v 23.10000 20.33062 0.09009
v 23.06000 20.33693 0.03003
v 23.12000 20.32474 0.04010
v 23.04000 20.33780 0.04997
v 23.08000 20.33237 0.09005
v 23.06000 20.33538 0.09001
v 23.08000 20.33209 0.11004
v 23.11000 20.32519 0.18132
v 23.06000 20.33426 0.11000
v 23.04000 20.33534 0.10995
v 23.04412 20.33922 0.09211
v 23.04000 20.34242 0.07002
v 23.02000 20.33891 0.08992
v 23.02000 20.33659 0.10990
v 23.04000 20.33332 0.12993
v 23.14746 20.34261 0.26570
v 23.02071 20.33637 0.16490
v 23.05112 20.32531 0.00733
v 20.44029 20.24466 5.14922
v 20.46001 20.28477 5.11256
v 20.49792 20.25000 5.11549
v 20.45000 20.29253 5.17263
v 20.46001 20.28477 5.11256
v 20.44029 20.24466 5.14922
v 21.57254 20.28548 4.31510
v 21.62917 20.26093 4.35113
v 21.54856 20.26284 4.29852
v 21.63222 20.29539 4.37131
v 20.53556 20.23273 5.07940
v 20.49792 20.25000 5.11549
v 20.49991 20.20400 5.13911
v 28.81500 20.44571 4.35200
v 28.89500 20.46830 4.36311
v 29.02000 20.47166 4.39145
v 28.67750 20.45976 4.36556
v 28.49917 20.44982 4.33590
v 28.51766 20.44561 4.46545
v 28.61625 20.45285 4.41892
v 28.72548 20.45333 4.44833
v 28.70500 20.44205 4.55258
v 28.83094 20.45953 4.48480
v 28.92115 20.45852 4.45664
v 28.34814 20.45671 4.38771
v 28.32618 20.43890 4.49963
v 28.40876 20.43879 4.55759
v 28.17312 20.43193 4.62883
v 28.39500 20.42649 4.63715
v 28.10000 20.45401 4.49428
v 28.14085 20.42319 4.45430
v 28.55027 20.45973 4.53324
v 28.74013 20.43648 4.63361
v 29.02000 20.47349 4.52959
v 29.02000 20.47769 4.72463
v 27.92926 20.43368 4.51857
v 28.04250 20.43819 4.69332
v 28.21309 20.46107 4.67874
v 23.15731 20.59010 5.24689
v 23.21000 20.58000 5.23738
v 23.26881 20.56000 5.27703
v 27.32000 20.38478 5.19592
v 27.33922 20.43728 5.19312
v 27.28279 20.38391 5.22822
v 27.35512 20.43771 5.14695
v 27.37738 20.44936 5.21352
v 27.34684 20.49352 5.14909
v 27.43077 20.39426 5.23067
v 27.57138 20.44282 5.19941
v 27.32259 20.35318 5.27657
v 23.10092 20.31233 3.33615
v 23.10000 20.32811 3.27007
v 23.10991 20.32209 3.24890
v 23.12000 20.31255 3.06997
v 23.22016 20.31967 0.38138
v 23.20838 20.30162 0.39800
v 23.24842 20.32187 0.39051
v 23.15000 20.33098 0.36280
v 23.32081 20.33948 0.39818
v 19.28530 20.20955 4.67075
v 19.25462 20.18872 4.60406
v 19.29200 20.20173 4.74201
v 20.15187 20.25991 4.68298
v 20.34003 20.25090 4.67552
v 20.24000 20.24150 4.67849
v 20.39746 20.27333 4.68358
v 32.47838 20.52982 0.32169
v 32.49468 20.50057 0.24459
v 32.48095 20.53270 0.24633
v 32.53410 20.49776 0.32932
v 32.57866 20.51192 0.23840
v 32.59578 20.50753 0.28187
v 32.62000 20.50395 0.35698
v 32.57565 20.50289 0.47776
v 32.76791 20.55907 2.79422
v 32.76301 20.58750 2.77829
v 32.71751 20.57009 2.70972
v 28.57500 20.45046 0.74936
v 28.71781 20.45072 0.76783
v 28.49330 20.43285 0.73334
v 23.06000 20.58427 5.54467
v 23.09970 20.56000 5.57225
v 23.03092 20.58055 5.53261
v 23.07849 20.57767 5.55720
v 23.10000 20.57997 5.57628
v 23.02000 20.55976 5.55511
v 23.01802 20.56000 5.53485
v 21.40941 20.60000 5.59789
v 21.45500 20.59353 5.60817
v 21.46000 20.58041 5.56782
v 21.46000 20.57782 5.54780
v 21.43252 20.62942 5.64847
v 21.46000 20.57988 5.52648
v 21.46037 20.55192 5.51075
v 21.47631 20.55125 5.47313
v 21.48789 20.58319 5.53541
v 21.50823 20.57006 5.46631
v 21.57852 20.55190 5.43254
v 26.63797 20.32705 4.78743
v 26.69394 20.32242 4.81814
v 26.68003 20.35143 4.77575
v 26.66538 20.38223 4.75168
v 26.71906 20.37848 4.77007
v 26.72274 20.33939 4.79508
v 26.62138 20.38000 4.74972
v 26.58339 20.30422 4.77090
v 26.61867 20.35908 4.74946
v 26.60646 20.26937 4.78588
v 32.66442 20.58074 4.76741
v 32.72820 20.57117 4.78260
v 32.46469 20.57155 4.71480
v 22.63861 20.54807 5.57787
v 22.51185 20.55259 5.56385
v 22.55210 20.57007 5.56147
v 23.04915 20.52019 -0.28639
v 23.02040 20.54931 -0.28574
v 23.04000 20.54000 -0.29289
v 19.73875 20.21666 4.28390
v 19.57075 20.24623 4.33009
v 19.67480 20.24182 4.29948
v 28.38375 20.43931 4.01791
v 28.41461 20.46000 4.01898
v 28.53500 20.46093 4.02556
v 19.05410 20.19958 5.19904
v 19.05945 20.22016 5.19934
v 19.18039 20.22528 5.19971
v 19.08000 20.19919 5.19927
v 19.13148 20.17991 5.22621
v 18.94065 20.26000 5.17995
v 19.23168 20.25988 5.18341
v 19.20482 20.21833 5.17623
v 30.94000 20.51293 2.29782
v 30.95510 20.54089 2.30313
v 30.97282 20.53920 2.22915
v 29.22469 20.45905 0.65227
v 29.26845 20.46005 0.72815
v 29.25500 20.48449 0.68004
v 24.17717 20.33914 5.13396
v 24.14776 20.31585 5.11540
v 24.10575 20.31771 5.15606
v 24.25500 20.36828 5.15499
v 24.22925 20.37717 5.03656
v 24.16013 20.35807 4.99446
v 24.21726 20.37659 4.78263
v 24.16006 20.36240 4.72730
v 24.17961 20.37636 4.35358
v 24.15986 20.36229 4.29080
v 24.17988 20.38310 4.04233
v 24.16000 20.36679 3.91956
v 24.14101 20.37751 4.04022
v 24.14152 20.38046 4.60837
v 24.13249 20.37373 4.38060
v 24.13343 20.37525 4.88252
v 24.10419 20.36364 4.62369
v 32.75100 20.60039 2.48706
v 32.70599 20.61286 2.45136
v 32.71009 20.56954 2.46766
v 26.45000 20.24000 4.83823
v 26.42000 20.26299 4.82397
v 26.44000 20.28302 4.80758
v 26.46000 20.28046 4.80752
v 26.40000 20.26123 4.82602
v 26.42000 20.28106 4.80737
v 26.38916 20.23954 4.83292
v 26.38000 20.26134 4.82621
v 26.46000 20.26189 4.82647
v 26.46875 20.21395 4.85321
v 26.66000 20.34000 4.81799
v 26.71000 20.27271 4.86729
v 26.59558 20.26050 4.87250
v 26.58356 20.29724 4.82671
v 26.69394 20.32242 4.81814
v 26.72274 20.33939 4.79508
v 26.76000 20.31860 4.81010
v 26.76089 20.30031 4.82858
v 26.67967 20.35952 4.80997
v 26.71906 20.37848 4.77007
v 26.66538 20.38223 4.75168
v 26.62974 20.39928 4.81523
v 26.56675 20.33200 4.78759
v 26.51963 20.30016 4.80787
v 26.50000 20.28390 4.80833
v 26.50000 20.26388 4.82473
v 26.57251 20.22385 4.86253
v 26.50428 20.18711 4.87530
v 26.51562 20.12181 4.90246
v 26.58827 20.18103 4.89255
v 26.60163 20.13502 4.90903
v 26.48000 20.28893 4.80757
v 27.69659 20.42302 0.71952
v 27.74424 20.45049 0.77262
v 27.66615 20.43814 0.68329
v 21.30000 20.26887 1.43437
v 21.21500 20.24901 1.44897
v 21.34750 20.25377 1.41901
v 25.49882 20.36595 0.57656
v 25.63281 20.41530 0.64336
v 25.54500 20.37383 0.61159
v 24.99999 20.38052 5.16598
v 24.96873 20.36975 5.20769
v 24.92975 20.32642 5.21797
v 27.84098 20.43472 3.56643
v 27.81918 20.43286 3.29619
v 27.83000 20.42526 3.42122
v 26.63797 20.32705 4.78743
v 26.67967 20.35952 4.80997
v 26.69394 20.32242 4.81814
v 30.96465 20.52992 3.95263
v 30.98000 20.50177 3.84892
v 30.95693 20.51505 3.86972
v 30.93103 20.50086 3.94266
v 30.90000 20.51016 3.99932
v 30.92571 20.54195 4.08899
v 20.52913 20.24925 2.93182
v 20.54445 20.25860 2.82752
v 20.54910 20.23709 2.85500
v 23.10023 20.55975 5.49138
v 23.12000 20.55682 5.49258
v 23.11171 20.59367 5.52015
v 23.16649 20.56542 5.48795
v 32.84055 20.60985 2.65996
v 32.86141 20.57968 2.67990
v 32.78936 20.59970 2.67262
v 32.80000 20.58061 2.67924
v 23.10000 20.60585 5.37303
v 23.11465 20.58618 5.42338
v 23.10000 20.60820 5.35306
v 23.10000 20.60310 5.39402
v 23.10183 20.59238 5.31149
v 23.08000 20.60899 5.33300
v 23.08000 20.60942 5.31300
v 23.06000 20.60684 5.29291
v 23.04375 20.60614 5.23910
v 23.03500 20.61621 5.24643
v 22.95000 20.60000 5.23338
v 26.71000 20.27271 4.86729
v 26.76089 20.30031 4.82858
v 26.75553 20.27133 4.81588
v 26.76000 20.31860 4.81010
v 23.02000 20.54000 5.26930
v 23.01500 20.60688 5.30934
v 23.04238 20.53840 5.27182
v 23.06079 20.55921 5.27090
v 23.12000 20.33420 2.15020
v 23.19017 20.35932 2.09167
v 23.09938 20.33800 2.13951
v 23.19734 20.33239 2.22162
v 23.01993 20.35705 2.07008
v 23.15000 20.35163 2.06341
v 23.15758 20.36189 2.00469
v 23.12000 20.33817 2.13024
v 23.39375 20.36252 2.00813
v 23.08000 20.34041 2.13013
v 23.06002 20.34177 2.12976
v 23.25500 20.33475 2.08067
v 23.02000 20.34162 1.97995
v 23.06000 20.34294 2.15009
v 23.04000 20.34309 2.14912
v 23.04000 20.34129 2.17001
v 23.04066 20.33903 2.19027
v 23.02000 20.34225 2.18996
v 23.01698 20.33851 2.22361
v 22.92969 20.32714 2.14547
v 24.99999 20.38052 5.16598
v 25.05000 20.36000 5.16241
v 25.06611 20.38592 5.18688
v 24.36963 20.37010 5.18574
v 24.37960 20.32497 5.19523
v 24.34522 20.37527 5.14456
v 24.39250 20.40143 5.21705
v 32.80748 20.60044 3.01029
v 32.80872 20.57961 2.99769
v 32.86079 20.57971 3.01901
v 32.72979 20.56965 2.95650
v 23.24842 20.32187 0.39051
v 23.20838 20.30162 0.39800
v 23.21106 20.34154 0.42460
v 23.26000 20.34000 0.39255
v 23.16772 20.34061 0.46551
v 23.32000 20.35781 0.58115
v 23.31601 20.34172 0.44691
v 23.20000 20.33734 0.61407
v 23.08062 20.33632 0.50853
v 23.07000 20.32471 0.57993
v 23.04688 20.31614 0.57539
v 23.02126 20.32612 0.48237
v 23.09080 20.32411 0.38374
v 23.04972 20.31463 0.34976
v 23.02000 20.31334 0.34965
v 23.12000 20.31617 0.43138
v 23.12000 20.31087 0.40995
v 23.10934 20.32217 0.45828
v 23.04000 20.32250 0.32111
v 23.12000 20.31170 0.38996
v 23.12000 20.31597 0.36909
v 23.02258 20.32940 0.28721
v 21.50029 20.28020 4.38486
v 21.50000 20.30062 4.38548
v 21.57254 20.28548 4.31510
v 23.82342 20.34396 4.85289
v 23.84043 20.32022 4.94317
v 23.84710 20.34266 4.93547
v 22.93316 20.31790 -0.00204
v 22.86125 20.33130 0.08682
v 22.82348 20.32149 0.13819
v 26.93625 20.44294 5.18992
v 26.98978 20.44085 5.12700
v 26.95019 20.41826 5.17463
v 26.79813 20.42583 5.17942
v 25.48000 20.37053 3.23150
v 25.43000 20.39015 3.48657
v 25.47748 20.37446 3.61796
v 25.44000 20.38862 3.09146
v 25.45500 20.39356 4.00232
v 25.37854 20.39968 3.09105
v 25.57500 20.37068 3.94708
v 25.59059 20.36146 3.87091
v 25.59500 20.35906 3.43957
v 25.43875 20.39415 2.99776
v 25.58808 20.36510 3.64141
v 25.37137 20.39771 2.77185
v 25.61062 20.37486 3.08986
v 25.63752 20.36629 3.21993
v 25.81629 20.36948 3.37364
v 25.85000 20.37299 3.22172
v 25.91746 20.37488 3.28809
v 25.99062 20.37876 3.43089
v 26.22132 20.39378 3.35796
v 25.84774 20.37583 3.60924
v 26.11922 20.37948 3.59443
v 25.84549 20.37159 3.77004
v 25.78875 20.37555 3.94890
v 26.08226 20.37608 3.91371
v 25.81151 20.37988 3.11745
v 26.19338 20.39474 3.75174
v 26.40403 20.39795 3.96240
v 26.47868 20.39851 3.84874
v 25.41000 20.38874 3.87128
v 25.38000 20.39015 3.64736
v 25.36730 20.39900 4.03676
v 25.36000 20.39832 3.83108
v 26.24311 20.39095 3.99169
v 25.99355 20.38056 3.97368
v 25.28094 20.38260 3.68092
v 25.27455 20.37548 3.41672
v 26.22000 20.40259 3.68688
v 26.45984 20.40838 3.64924
v 26.30250 20.39552 3.56284
v 26.42000 20.40997 3.40723
v 26.55016 20.41986 3.57615
v 26.50732 20.41263 3.29392
v 25.25758 20.38638 3.87798
v 25.16705 20.39820 4.05411
v 26.27375 20.38707 3.20835
v 26.08522 20.39101 3.29326
v 25.07375 20.38797 4.00451
v 25.15750 20.39423 3.75735
v 25.13875 20.39513 3.71108
v 25.00375 20.39133 3.75397
v 25.03165 20.37846 3.90985
v 26.19580 20.40082 3.47183
v 24.88887 20.38392 3.94568
v 24.90006 20.38180 3.74847
v 26.56000 20.41823 3.86967
v 26.57802 20.41501 4.04858
v 25.40001 20.38327 3.41677
v 26.56286 20.42093 3.37911
v 26.57000 20.41336 3.16968
v 26.63781 20.42069 3.29240
v 26.61750 20.41058 3.60004
v 26.64430 20.41687 3.83908
v 26.66448 20.40691 3.17288
v 26.58318 20.41295 3.03061
v 26.66853 20.41944 3.02461
v 26.55250 20.41601 2.85583
v 26.49641 20.41131 2.95170
v 26.37156 20.40978 3.00033
v 26.29478 20.38241 2.79442
v 25.97827 20.40040 3.26615
v 26.67482 20.41960 3.64061
v 26.17000 20.39477 4.00142
v 26.79273 20.39605 3.13243
v 26.96000 20.38358 3.24261
v 26.78000 20.40499 3.31132
v 26.72980 20.40298 3.51724
v 26.80232 20.40351 3.41703
v 26.86471 20.39970 3.59790
v 26.94990 20.40305 3.34450
v 27.04000 20.40733 3.54357
v 26.93009 20.39449 3.67613
v 26.75500 20.39192 3.73596
v 26.84000 20.38838 3.78162
v 27.00000 20.39294 3.93306
v 27.03625 20.39568 3.78521
v 27.24062 20.39735 3.89493
v 27.31500 20.39575 3.80592
v 27.56566 20.42392 4.01479
v 27.47875 20.41594 4.02424
v 27.47750 20.40993 3.85511
v 27.59377 20.41881 3.92387
v 27.20437 20.40750 3.66411
v 27.38000 20.40885 3.64105
v 27.23000 20.41541 3.46537
v 27.52702 20.41268 3.43436
v 27.56909 20.42342 3.64945
v 27.41017 20.42350 3.31775
v 27.30000 20.41422 3.31635
v 27.12226 20.41500 3.31029
v 27.18852 20.40310 3.16230
v 27.30983 20.40248 3.14545
v 27.09812 20.39635 3.49834
v 26.90406 20.39178 3.44167
v 27.04000 20.41280 3.69363
v 26.75000 20.38549 3.61960
v 27.04500 20.39238 3.16045
v 27.07480 20.39813 3.10209
v 27.23000 20.41328 3.09534
v 26.76696 20.40588 3.90515
v 26.68000 20.42752 4.01075
v 26.87875 20.40306 3.99462
v 27.57625 20.42624 3.80569
v 26.94998 20.37718 3.14650
v 24.88613 20.39895 3.71999
v 24.90313 20.39213 3.61293
v 25.11194 20.39839 3.64825
v 25.22271 20.40115 3.67031
v 25.03428 20.37491 3.46295
v 25.22000 20.39897 3.47027
v 25.13520 20.38368 3.35953
v 26.88897 20.39983 3.06569
v 27.34000 20.41467 3.06160
v 27.17515 20.42105 3.05195
v 27.04363 20.41616 3.04292
v 27.25750 20.43141 3.01079
v 27.71497 20.44201 3.89478
v 27.76401 20.44657 3.86579
v 27.77000 20.44939 4.00838
v 27.64500 20.43855 3.97754
v 27.74689 20.44497 3.65904
v 27.62226 20.43648 3.48085
v 27.78500 20.44884 3.45946
v 27.70000 20.44732 3.31017
v 27.78000 20.44843 3.22097
v 27.82500 20.43844 3.69386
v 27.49881 20.44014 4.05762
v 27.79800 20.42436 3.82601
v 27.45199 20.44035 3.72181
v 27.48003 20.40697 3.25432
v 27.46653 20.39785 3.17743
v 27.61913 20.41079 3.17835
v 26.35571 20.37566 3.16657
v 26.15200 20.37757 3.17330
v 26.37549 20.37849 3.11154
v 25.47569 20.40157 4.04472
v 25.42997 20.39600 4.19444
v 25.37626 20.40075 4.40715
v 25.45967 20.39745 4.34710
v 25.28750 20.38779 4.07053
v 25.23366 20.37838 4.29056
v 25.09983 20.38910 4.26337
v 25.06573 20.39550 4.04397
v 25.20945 20.38913 4.39126
v 25.25750 20.38907 4.43162
v 25.20479 20.37648 4.49992
v 25.36898 20.39850 4.68475
v 25.43478 20.40034 4.65156
v 25.44000 20.40343 4.39663
v 25.44504 20.40436 4.74386
v 25.35247 20.39389 4.83711
v 25.27535 20.39271 4.86596
v 25.38500 20.38855 5.03237
v 25.26129 20.37786 5.06774
v 25.43500 20.38135 4.99535
v 25.65572 20.40079 4.39744
v 25.58444 20.39744 4.33811
v 25.81131 20.40221 4.30122
v 25.90000 20.41309 4.35472
v 25.78402 20.40403 4.46259
v 25.58090 20.39612 4.63188
v 25.76332 20.39467 4.62206
v 26.01250 20.40231 4.45538
v 25.99422 20.40400 4.66887
v 26.21751 20.40189 4.63580
v 25.82000 20.40130 4.70591
v 26.15617 20.40973 4.72141
v 26.19469 20.40804 4.48488
v 25.93238 20.40068 4.77447
v 26.30500 20.41661 4.78767
v 26.20306 20.41753 4.36260
v 25.63500 20.41064 4.71293
v 26.44186 20.40365 4.45106
v 25.46484 20.39078 4.87937
v 25.67885 20.38161 4.88655
v 25.55703 20.37901 4.95710
v 25.41032 20.38157 5.13910
v 25.73000 20.39395 4.98836
v 25.49500 20.39282 5.17310
v 25.67500 20.40131 5.12308
v 25.83250 20.39061 5.02899
v 25.85125 20.38525 4.87406
v 26.17351 20.39863 4.87797
v 26.11594 20.39505 5.02154
v 26.32920 20.40486 5.02707
v 26.41131 20.41906 4.89428
v 26.52013 20.42447 4.76491
v 26.56099 20.42000 4.87776
v 26.53543 20.41975 5.07811
v 25.12817 20.39047 4.36954
v 25.21957 20.41043 4.69040
v 25.88292 20.40893 5.14146
v 25.62858 20.39191 5.17755
v 26.39312 20.43255 5.19353
v 26.14955 20.41513 5.13160
v 26.64273 20.43759 5.19386
v 26.61312 20.42274 5.09222
v 25.51477 20.37859 4.54629
v 25.03412 20.39772 4.30845
v 26.38000 20.38020 4.56782
v 25.64675 20.39605 3.98425
v 25.17189 20.38057 4.57801
v 25.06388 20.39543 4.41025
v 25.10000 20.36214 4.67915
v 25.16187 20.40803 4.91316
v 25.20062 20.40352 5.00531
v 25.06000 20.40643 5.07944
v 25.00125 20.40540 5.00510
v 24.95584 20.41644 5.08900
v 24.87038 20.40148 5.03086
v 25.00913 20.38403 4.84641
v 24.68972 20.40009 5.11775
v 24.88354 20.40501 5.18325
v 25.07000 20.37358 4.80912
v 25.01878 20.37684 3.58140
v 24.85255 20.37374 3.49268
v 24.83904 20.37904 3.43049
v 24.74228 20.37992 3.54532
v 24.89000 20.39159 3.54835
v 24.82000 20.38281 3.67788
v 26.19998 20.34331 3.13632
v 25.18495 20.39620 3.25007
v 25.06995 20.39041 3.12155
v 25.20479 20.38829 3.13787
v 25.20492 20.40212 3.03433
v 25.18130 20.40042 2.84006
v 25.07250 20.38375 2.88925
v 27.38710 20.41082 3.78055
v 24.98500 20.40979 4.04908
v 24.95099 20.39720 4.26288
v 24.98687 20.40579 4.44686
v 25.05528 20.39196 4.66144
v 24.94500 20.38476 4.73326
v 24.89281 20.38845 4.53115
v 24.83339 20.37521 4.62353
v 24.83625 20.38818 4.40928
v 24.89000 20.39282 4.21731
v 24.90000 20.39405 4.03844
v 24.79735 20.39943 4.19608
v 24.76321 20.39884 3.94407
v 24.65665 20.39923 4.40335
v 24.66000 20.36000 4.58901
v 24.72250 20.39461 3.78815
v 24.75250 20.40010 3.68524
v 24.88000 20.36160 4.87796
v 24.78440 20.37727 4.67747
v 24.70304 20.37422 4.84438
v 24.65579 20.37368 4.70450
v 24.54998 20.37216 4.73112
v 24.53489 20.37813 4.91130
v 24.46500 20.37668 4.82075
v 24.58949 20.37783 5.02096
v 24.69941 20.37364 5.05811
v 24.83250 20.36998 4.96780
v 24.38769 20.36848 4.75841
v 24.47844 20.36028 4.64893
v 24.39000 20.37714 4.50321
v 24.59040 20.35961 4.61897
v 24.67834 20.35770 4.61688
v 25.13110 20.37887 4.78230
v 24.44750 20.39669 4.36370
v 24.37250 20.39396 4.37081
v 24.65504 20.39451 4.20376
v 24.53685 20.37787 4.07243
v 24.58972 20.39695 3.91292
v 24.69999 20.38653 4.23064
v 24.70013 20.37845 3.97979
v 24.67000 20.39041 3.82138
v 24.57183 20.39853 3.62702
v 24.65899 20.39950 3.53829
v 24.55782 20.38135 3.35560
v 24.67990 20.39563 3.43269
v 24.53079 20.37695 3.30262
v 24.57000 20.37351 3.21652
v 24.68000 20.38340 3.67718
v 24.50727 20.38154 3.12319
v 24.75000 20.40957 3.37033
v 24.66000 20.36314 3.25685
v 24.72084 20.36721 3.16376
v 24.82000 20.36158 3.27764
v 24.53956 20.38324 3.87030
v 25.00624 20.39888 3.15565
v 24.80125 20.38388 3.06758
v 26.18421 20.41847 4.68669
v 25.25239 20.38191 3.20311
v 25.30000 20.38150 3.06053
v 25.36670 20.39916 3.40047
v 27.78650 20.43008 4.10720
v 27.64625 20.42807 4.15443
v 26.55167 20.42195 5.26421
v 26.82500 20.43188 5.24824
v 27.08178 20.43303 5.28882
v 26.31000 20.42065 5.27492
v 26.09953 20.42759 5.19016
v 26.18243 20.42580 5.26014
v 25.93034 20.41906 5.25422
v 25.66810 20.41766 5.19322
v 25.57000 20.40210 5.28241
v 25.42000 20.40845 5.19861
v 25.29875 20.40835 5.22208
v 25.26257 20.39394 5.14636
v 25.35749 20.39974 5.10696
v 27.56938 20.39486 3.11747
v 24.53055 20.39679 5.11805
v 26.56000 20.41875 3.06967
v 25.75230 20.38284 3.04347
v 25.93120 20.37729 3.15952
v 25.19937 20.38284 5.13499
v 26.23916 20.40215 5.15702
v 27.80482 20.40858 3.93603
v 25.23000 20.39129 2.85072
v 25.26375 20.38862 2.96540
v 25.30045 20.38048 2.81195
v 24.71659 20.39332 5.16596
v 24.55000 20.37685 5.17664
v 24.61595 20.39358 5.20592
v 25.02855 20.40312 5.25897
v 25.14875 20.41641 5.20006
v 24.53241 20.38276 5.26152
v 26.37232 20.40113 4.72854
v 27.79112 20.44111 3.08622
v 26.30500 20.37228 2.93716
v 26.20500 20.38341 2.88872
v 26.22574 20.38032 2.95951
v 25.98000 20.37819 2.94709
v 26.10430 20.39855 2.86574
v 26.01281 20.38232 2.83484
v 25.86719 20.38941 2.85230
v 25.60500 20.37020 2.94805
v 25.60125 20.38183 2.88589
v 25.63250 20.37599 2.80251
v 25.84648 20.39449 2.76189
v 25.44000 20.39761 2.76652
v 25.40977 20.39296 2.69701
v 25.06611 20.38592 5.18688
v 26.25448 20.41872 4.04433
v 26.33009 20.40821 3.99932
v 25.13276 20.36790 4.34396
v 25.14363 20.38122 2.75372
v 25.06375 20.39024 2.68486
v 24.66000 20.34658 3.09666
v 26.64000 20.40027 3.91011
v 24.99999 20.38052 5.16598
v 24.38000 20.36606 4.25553
v 24.58687 20.35071 4.65964
v 27.56239 20.43180 3.08110
v 27.40473 20.43040 3.09223
v 27.46762 20.43845 3.01776
v 26.86932 20.42069 3.00219
v 26.60597 20.39351 4.98357
v 26.63862 20.41027 4.91404
v 26.62974 20.39928 4.81523
v 26.56174 20.42085 4.40502
v 26.42000 20.42288 4.34862
v 26.63655 20.38658 5.00497
v 24.39250 20.40143 5.21705
v 25.02500 20.41313 3.35933
v 26.63474 20.39945 4.06860
v 27.83875 20.43048 4.01011
v 25.02125 20.39829 2.87477
v 26.35493 20.40640 4.30319
v 24.48751 20.39006 3.29631
v 25.20000 20.36724 2.77979
v 25.77954 20.38987 3.18483
v 25.89000 20.40457 3.15225
v 26.60391 20.37991 4.77915
v 26.75126 20.39606 4.07800
v 26.85274 20.41849 4.02682
v 25.43006 20.38571 2.89636
v 26.42558 20.42055 4.69195
v 26.58214 20.39660 4.72202
v 26.62138 20.38000 4.74972
v 26.62007 20.38000 4.72971
v 26.66538 20.38223 4.75168
v 26.62002 20.38000 4.70971
v 26.62000 20.38630 2.85978
v 26.61981 20.36911 4.69031
v 25.48000 20.36720 4.20146
v 24.59871 20.39078 3.05180
v 24.39070 20.37075 5.17053
v 26.56000 20.42486 4.67974
v 27.47998 20.41933 4.08273
v 25.74896 20.42991 5.29762
v 25.72693 20.39831 3.07476
v 24.36963 20.37010 5.18574
v 26.62500 20.38659 4.59483
v 27.75000 20.41340 3.05888
v 27.53493 20.40611 3.05811
v 25.17004 20.39766 2.71488
v 26.66202 20.65998 5.48866
v 26.69599 20.58890 5.52154
v 26.64430 20.61409 5.58109
v 26.66332 20.60750 5.50146
v 26.65337 20.56131 5.61085
v 23.01872 20.33621 4.46364
v 23.08000 20.32567 4.42998
v 23.06000 20.33072 4.40996
v 23.08000 20.32367 4.44995
v 23.08000 20.32097 4.48148
v 23.04000 20.33251 4.38992
v 23.02000 20.33000 4.36983
v 23.03952 20.33923 4.37359
v 23.03666 20.30954 4.34949
v 23.02000 20.31838 4.35029
v 23.02795 20.30255 4.32956
v 23.07019 20.33843 4.37011
v 23.12217 20.55692 5.51259
v 23.11171 20.59367 5.52015
v 23.16649 20.56542 5.48795
v 23.12005 20.62753 5.32271
v 23.01998 20.62247 5.27292
v 23.06000 20.60684 5.29291
v 19.26000 20.20467 4.63353
v 19.29200 20.20173 4.74201
v 19.25462 20.18872 4.60406
v 19.21000 20.25745 4.54365
v 19.22005 20.25585 4.69992
v 22.89013 20.32083 0.62807
v 22.87457 20.31338 0.54668
v 22.88440 20.29506 0.59902
v 23.02036 20.31602 4.39368
v 23.02059 20.30097 4.30952
v 23.01995 20.30176 4.28953
v 23.01455 20.31548 4.26227
v 23.21191 20.33324 4.47801
v 23.29250 20.34075 4.46069
v 23.29878 20.31939 4.45244
v 31.10000 20.51886 4.99422
v 31.10337 20.51895 5.02510
v 31.08989 20.49944 5.01933
v 31.08628 20.53080 5.10211
v 31.06332 20.52759 4.94041
v 23.09475 20.34329 2.98516
v 23.12000 20.34746 3.01034
v 23.10992 20.31512 2.97505
v 23.04522 20.31948 2.97116
v 22.96766 20.32511 2.85104
v 22.96555 20.33315 3.01343
v 23.10328 20.31421 2.88249
v 22.97625 20.33384 2.70966
v 23.10249 20.31949 2.74761
v 21.56785 20.22805 4.54964
v 21.58000 20.24982 4.51655
v 21.56810 20.25474 4.59132
v 23.10343 20.33592 3.07563
v 23.17402 20.31437 3.10916
v 23.12000 20.31255 3.06997
v 32.75888 20.62912 3.74354
v 32.76777 20.58271 3.71130
v 32.77849 20.67995 3.79115
v 25.00718 20.39699 0.31405
v 24.96781 20.38008 0.35669
v 25.06000 20.38836 0.27924
v 23.08069 20.58088 5.27350
v 23.10183 20.59238 5.31149
v 23.09069 20.55952 5.27494
v 23.04375 20.60614 5.23910
v 23.10000 20.53000 5.27908
v 23.10000 20.50000 5.27737
v 23.12000 20.50000 5.27908
v 23.10343 20.33592 3.07563
v 23.12000 20.31255 3.06997
v 23.16000 20.33184 3.02531
v 31.10675 20.51071 4.94092
v 31.12362 20.49826 5.00496
v 31.10000 20.51886 4.99422
v 31.10337 20.51895 5.02510
v 21.46000 20.57782 5.54780
v 21.45500 20.59353 5.60817
v 21.48789 20.58319 5.53541
v 21.46000 20.57988 5.52648
v 30.48837 20.47740 0.54512
v 30.53778 20.49417 0.63622
v 30.51582 20.50322 0.59246
v 23.07193 20.62000 5.23309
v 23.06081 20.61812 5.22526
v 23.07405 20.65318 5.18588
v 23.02664 20.63583 5.14499
v 23.04375 20.60614 5.23910
v 23.03004 20.61998 5.22910
v 22.26640 20.57990 5.59007
v 22.24000 20.58060 5.59000
v 22.22974 20.56721 5.56027
v 22.20798 20.55567 5.58192
v 22.26000 20.58058 5.56741
v 22.24000 20.57976 5.60999
v 22.26314 20.57705 5.61003
v 22.29455 20.58561 5.63716
v 32.87516 20.61064 2.33213
v 32.92988 20.60000 2.28016
v 32.92000 20.58139 2.29955
v 32.94500 20.58609 2.29922
v 32.93011 20.58052 2.32106
v 20.04375 20.21736 3.96808
v 19.96089 20.22841 3.98858
v 20.17135 20.21805 3.92813
v 23.02000 20.37382 5.26944
v 23.08000 20.35287 5.25027
v 23.06000 20.35409 5.23021
v 23.07423 20.36274 5.18442
v 23.10000 20.36622 5.19047
v 23.02017 20.36145 5.12074
v 23.09101 20.36180 5.21038
v 23.21027 20.37471 5.18970
v 23.06000 20.36013 5.21028
v 23.10000 20.36606 5.17047
v 23.04000 20.36230 5.19023
v 23.12000 20.35986 5.22988
v 23.08000 20.35653 5.22833
v 23.10000 20.35748 5.22873
v 23.10085 20.35789 5.25103
v 23.12133 20.36115 5.25142
v 23.14202 20.36439 5.26690
v 23.20974 20.34985 5.25585
v 23.08000 20.36142 5.15036
v 23.10004 20.36149 5.15045
v 23.02576 20.35142 5.14246
v 23.02000 20.36633 5.17021
v 25.16153 20.40322 1.05299
v 25.13500 20.41471 1.12996
v 25.11236 20.40353 1.19220
v 22.96555 20.33315 3.01343
v 23.02000 20.34201 2.98995
v 23.04522 20.31948 2.97116
v 23.04000 20.34080 2.99001
v 23.12011 20.33830 2.77777
v 23.11969 20.34465 2.86783
v 23.11950 20.35139 2.70786
v 23.10328 20.31421 2.88249
v 23.10992 20.31512 2.97505
v 23.10249 20.31949 2.74761
v 26.67967 20.35952 4.80997
v 26.66000 20.34000 4.81799
v 26.68003 20.35143 4.77575
v 26.68068 20.39470 4.76041
v 23.03500 20.61621 5.24643
v 23.04000 20.58903 5.26373
v 23.01998 20.62247 5.27292
v 23.01500 20.60688 5.30934
v 23.04000 20.56000 5.26692
v 23.03004 20.61998 5.22910
v 23.04375 20.60614 5.23910
v 23.06081 20.61812 5.22526
v 23.12000 20.32075 4.48748
v 23.11125 20.33541 4.57738
v 23.12500 20.33034 4.44018
v 20.10002 20.26022 2.74158
v 20.12000 20.24006 2.76145
v 20.09957 20.26010 2.76158
v 20.10000 20.22964 2.81130
v 19.76000 20.25863 4.72172
v 19.72000 20.24046 4.72084
v 19.68000 20.25975 4.72772
v 19.74000 20.24156 4.72149
v 19.69969 20.24241 4.71486
v 19.68000 20.24115 4.72115
v 19.61062 20.23884 4.71081
v 23.26000 20.34000 0.39255
v 23.31601 20.34172 0.44691
v 23.24842 20.32187 0.39051
v 29.01985 20.44528 0.22260
v 28.96078 20.45552 0.05119
v 28.98458 20.45946 0.12238
v 22.22974 20.56721 5.56027
v 22.19901 20.59964 5.55039
v 22.26000 20.58058 5.56741
v 20.15280 20.25231 2.74124
v 20.10002 20.26022 2.74158
v 20.12000 20.24006 2.76145
v 20.09000 20.22969 2.76008
v 26.67967 20.35952 4.80997
v 26.68068 20.39470 4.76041
v 26.66538 20.38223 4.75168
v 26.68000 20.43305 4.68081
v 26.62002 20.38000 4.70971
v 26.61981 20.36911 4.69031
v 25.66625 20.38630 1.38328
v 25.53934 20.35989 1.44144
v 25.62000 20.36775 1.40234
v 23.10000 20.31387 4.50992
v 23.12000 20.31297 4.52998
v 23.11125 20.33541 4.57738
v 23.04000 20.33433 4.56994
v 23.01991 20.33786 4.55996
v 23.11125 20.33541 4.57738
v 23.06000 20.33451 4.59000
v 23.26000 20.34000 0.39255
v 23.24842 20.32187 0.39051
v 23.31007 20.31937 0.39962
v 23.32081 20.33948 0.39818
v 23.22016 20.31967 0.38138
v 24.39070 20.37075 5.17053
v 24.37960 20.32497 5.19523
v 24.36963 20.37010 5.18574
v 24.67834 20.35770 4.61688
v 24.66000 20.36000 4.58901
v 24.68519 20.32065 4.63594
v 22.59074 20.58069 5.25162
v 22.62000 20.58269 5.25317
v 22.62809 20.59969 5.27083
v 22.64000 20.58378 5.25421
v 32.62765 20.54029 2.13889
v 32.63000 20.53757 2.11128
v 32.59931 20.56175 2.08599
v 20.12000 20.24006 2.76145
v 20.12930 20.26724 2.77216
v 20.15280 20.25231 2.74124
v 23.10023 20.55975 5.49138
v 23.11465 20.58618 5.42338
v 23.10058 20.56356 5.52147
v 21.50029 20.28020 4.38486
v 21.52641 20.28664 4.43375
v 21.50000 20.30062 4.38548
v 23.11171 20.59367 5.52015
v 23.12217 20.55692 5.51259
v 23.12172 20.55920 5.54221
v 27.51339 20.41569 2.64766
v 27.44500 20.40700 2.61727
v 27.59148 20.43969 2.67858
v 22.79878 20.59963 5.27138
v 22.80000 20.58214 5.25324
v 22.82000 20.59988 5.27182
v 22.82000 20.58066 5.25222
v 22.78000 20.58383 5.25426
v 28.30234 20.44023 5.22642
v 28.32000 20.45767 5.24329
v 28.30000 20.45757 5.24268
v 28.28000 20.46000 5.23668
v 32.78936 20.59970 2.67262
v 32.78000 20.59925 2.69520
v 32.84055 20.60985 2.65996
v 32.80101 20.59939 2.69754
v 32.85299 20.63446 2.72264
v 32.84270 20.59864 2.76190
v 19.10000 20.49904 5.26065
v 19.10010 20.49996 5.28183
v 19.12000 20.48000 5.27439
v 20.12000 20.24006 2.76145
v 20.10002 20.26022 2.74158
v 20.12930 20.26724 2.77216
v 20.09957 20.26010 2.76158
v 20.08388 20.25062 2.73032
v 20.09000 20.22969 2.76008
v 23.10000 20.31048 4.52988
v 23.10000 20.31187 4.54990
v 23.12000 20.31297 4.52998
v 23.10000 20.31387 4.50992
v 23.08549 20.32110 4.53736
v 23.10000 20.31812 4.49012
v 23.11125 20.33541 4.57738
v 23.01500 20.60688 5.30934
v 23.03576 20.58939 5.40109
v 23.02000 20.61326 5.33284
v 23.10058 20.56356 5.52147
v 23.10023 20.55975 5.49138
v 23.11171 20.59367 5.52015
v 23.04000 20.32725 0.68986
v 23.04914 20.33837 0.75608
v 23.04000 20.33068 0.66990
v 23.03023 20.32335 0.70955
v 19.76000 20.25863 4.72172
v 19.70000 20.25903 4.73814
v 19.72000 20.25906 4.73800
v 19.68000 20.25975 4.72772
v 19.74000 20.26000 4.73139
v 23.04000 20.33073 3.32990
v 23.07420 20.31852 3.36488
v 22.97453 20.33983 3.28284
v 23.06000 20.32572 3.34991
v 23.11171 20.59367 5.52015
v 23.08000 20.58136 5.51200
v 23.10058 20.56356 5.52147
v 23.02000 20.34162 1.97995
v 23.20359 20.33235 1.96324
v 23.10000 20.34228 1.97292
v 23.12000 20.34342 1.97030
v 23.16130 20.35399 1.90556
v 23.10954 20.34264 1.95093
v 23.11000 20.35598 1.88915
v 23.12000 20.34709 1.93034
v 32.68395 20.59032 2.12897
v 32.62765 20.54029 2.13889
v 32.63459 20.56078 2.14025
v 23.02036 20.31602 4.39368
v 23.06009 20.32194 4.48987
v 23.06000 20.32380 4.46989
v 23.03092 20.58055 5.53261
v 23.01802 20.56000 5.53485
v 23.05475 20.55744 5.54391
v 23.01299 20.56947 5.50182
v 23.10000 20.56135 5.54965
v 23.09970 20.56000 5.57225
v 23.12172 20.55920 5.54221
v 23.07968 20.55972 5.53068
v 23.10058 20.56356 5.52147
v 23.02000 20.55976 5.55511
v 23.12217 20.55692 5.51259
v 23.12000 20.55682 5.49258
v 23.10023 20.55975 5.49138
v 23.16649 20.56542 5.48795
v 23.11465 20.58618 5.42338
v 23.02795 20.30255 4.32956
v 23.02036 20.31602 4.39368
v 23.02000 20.31838 4.35029
v 23.02000 20.33000 4.36983
v 23.06856 20.33081 2.39833
v 23.18275 20.33339 2.40493
v 23.10000 20.32458 2.39890
v 23.03092 20.58055 5.53261
v 23.04000 20.58935 5.55265
v 23.02277 20.60015 5.49350
v 23.06000 20.35052 5.07017
v 22.96527 20.31474 5.06000
v 23.08000 20.35002 5.07023
v 29.86466 20.50196 0.11605
v 29.94000 20.48869 0.08559
v 30.00656 20.48610 0.05763
v 23.11125 20.33541 4.57738
v 23.10000 20.31812 4.49012
v 23.10000 20.31387 4.50992
v 23.02277 20.60015 5.49350
v 23.10058 20.56356 5.52147
v 23.08000 20.58136 5.51200
v 23.06000 20.32246 0.60988
v 23.04798 20.34024 0.64453
v 23.07000 20.32471 0.57993
v 30.46317 20.50332 2.03668
v 30.46748 20.50748 2.07710
v 30.48008 20.50203 2.17367
v 23.01995 20.30176 4.28953
v 23.03415 20.31591 4.28472
v 23.01455 20.31548 4.26227
v 23.02059 20.30097 4.30952
v 23.02795 20.30255 4.32956
v 23.05942 20.32101 4.34053
v 23.03666 20.30954 4.34949
v 23.07019 20.33843 4.37011
v 23.02036 20.31602 4.39368
v 19.68000 20.24115 4.72115
v 19.69969 20.24241 4.71486
v 19.70000 20.25903 4.73814
v 19.68000 20.24115 4.72115
v 19.70000 20.25903 4.73814
v 19.69969 20.24241 4.71486
v 19.72000 20.25906 4.73800
v 19.68000 20.25975 4.72772
v 19.72000 20.24046 4.72084
v 22.82000 20.58066 5.25222
v 22.84000 20.59899 5.27062
v 22.84225 20.58061 5.25230
v 22.79878 20.59963 5.27138
v 22.82000 20.59988 5.27182
v 22.80000 20.58214 5.25324
v 22.82000 20.58066 5.25222
v 22.84225 20.58061 5.25230
v 22.84000 20.59899 5.27062
v 23.03004 20.61998 5.22910
v 23.03500 20.61621 5.24643
v 23.06081 20.61812 5.22526
v 32.78936 20.59970 2.67262
v 32.80000 20.58061 2.67924
v 32.80101 20.59939 2.69754
v 23.08614 20.33816 3.25524
v 23.10000 20.32811 3.27007
v 23.10991 20.32209 3.24890
v 23.12000 20.32368 3.23009
v 23.16449 20.32648 3.17411
v 23.12000 20.31255 3.06997
v 23.12000 20.32368 3.23009
v 23.12072 20.32066 3.14006
v 19.72000 20.24046 4.72084
v 19.74000 20.24156 4.72149
v 19.74000 20.26000 4.73139
v 19.72000 20.25906 4.73800
v 19.76000 20.25863 4.72172
v 26.76089 20.30031 4.82858
v 26.76000 20.31860 4.81010
v 26.78000 20.31702 4.81112
v 26.76089 20.30031 4.82858
v 26.78000 20.31702 4.81112
v 26.76000 20.31860 4.81010
v 32.78000 20.59925 2.69520
v 32.78936 20.59970 2.67262
v 32.80101 20.59939 2.69754
v 19.08000 20.49780 5.27841
v 19.10010 20.49996 5.28183
v 19.12000 20.48000 5.27439
v 23.11000 20.31586 0.34997
v 23.12000 20.31617 0.43138
v 23.12000 20.31087 0.40995
v 22.14000 20.59860 5.25777
v 22.15745 20.60008 5.27087
v 22.16000 20.58512 5.25197
v 23.09687 20.35093 1.71968
v 23.12000 20.34720 1.75034
v 23.12000 20.34788 1.73035
v 23.12000 20.34698 1.71034
v 23.16010 20.34668 1.64891
v 23.15500 20.35324 1.79678
v 23.10000 20.34026 1.65020
v 23.11985 20.34254 1.63935
v 23.10500 20.33622 1.61017
v 23.10000 20.34138 1.67021
v 23.09687 20.35093 1.71968
v 23.15500 20.35324 1.79678
v 23.12000 20.34720 1.75034
v 22.97125 20.33022 2.43061
v 23.04000 20.33597 2.46995
v 23.01960 20.33969 2.46037
v 19.68000 20.25975 4.72772
v 19.68000 20.24115 4.72115
v 19.70000 20.25903 4.73814
v 23.02000 20.34717 4.87001
v 23.04000 20.33878 4.88998
v 23.04000 20.33860 4.86998
v 23.03048 20.34152 4.84998
v 23.04737 20.33661 4.93283
v 23.02000 20.34291 4.88996
v 23.02000 20.34251 4.90996
v 23.02000 20.34298 4.92996
v 22.98647 20.33422 4.97039
v 22.97896 20.33059 4.87472
v 23.06000 20.35172 5.01019
v 23.06000 20.34878 4.99016
v 23.08438 20.34517 4.93270
v 23.04000 20.35495 5.01016
v 23.04000 20.35465 5.03015
v 23.04000 20.35123 5.05012
v 22.96527 20.31474 5.06000
v 23.06000 20.35052 5.07017
v 23.07935 20.33901 2.15936
v 23.19734 20.33239 2.22162
v 23.10000 20.33465 2.17014
v 22.62000 20.32090 0.68739
v 22.60000 20.32094 0.68705
v 22.61845 20.30037 0.68819
v 22.61845 20.30037 0.68819
v 22.60000 20.32094 0.68705
v 22.62000 20.32090 0.68739
v 23.03500 20.61621 5.24643
v 23.04375 20.60614 5.23910
v 23.06081 20.61812 5.22526
v 23.04000 20.32880 3.34988
v 23.07420 20.31852 3.36488
v 23.06000 20.32572 3.34991
v 23.04000 20.32771 3.36987
v 23.02076 20.34143 3.21231
v 23.04000 20.33073 3.32990
v 23.08614 20.33816 3.25524
v 23.09351 20.32448 3.37779
v 23.16449 20.32648 3.17411
v 23.10343 20.33592 3.07563
v 23.05100 20.34284 3.01047
v 23.02000 20.34201 2.98995
v 23.04000 20.34080 2.99001
v 23.08000 20.34483 3.01149
v 23.11082 20.34229 3.03092
v 23.16000 20.33184 3.02531
v 23.12000 20.32153 3.31007
v 23.25450 20.34124 3.28449
v 23.21000 20.31605 3.44824
v 23.12019 20.32147 3.29007
v 23.04522 20.31948 2.97116
v 23.24734 20.30593 4.33159
v 23.31963 20.31163 4.30348
v 23.27797 20.32404 4.24064
v 23.28981 20.34168 4.16564
v 23.39187 20.31197 4.30055
v 23.38023 20.35877 4.10088
v 23.39532 20.29874 4.48110
v 23.25294 20.34134 4.04915
v 23.18898 20.29519 4.24296
v 23.22276 20.32144 4.13298
v 23.02245 20.34003 4.05025
v 23.12000 20.32688 4.11012
v 23.43782 20.33650 4.29161
v 23.29878 20.31939 4.45244
v 23.28500 20.30680 4.58548
v 23.21191 20.33324 4.47801
v 23.18000 20.33827 4.35045
v 23.12000 20.31813 4.26037
v 23.10000 20.31863 4.26076
v 23.10000 20.31978 4.28998
v 23.08048 20.32020 4.27908
v 23.06675 20.31924 4.25643
v 23.06047 20.32032 4.30061
v 23.03415 20.31591 4.28472
v 23.05942 20.32101 4.34053
v 23.08000 20.30685 4.22978
v 23.05000 20.30923 4.22970
v 23.04192 20.30783 4.25001
v 23.07019 20.33843 4.37011
v 23.12000 20.32823 4.03014
v 23.10000 20.32733 4.03006
v 23.08000 20.32695 4.02999
v 23.06000 20.32689 4.02992
v 23.04000 20.32692 4.02986
v 23.02000 20.32676 4.02979
v 23.01995 20.30176 4.28953
v 23.72500 20.36925 4.36529
v 23.66530 20.31356 4.25856
v 23.64345 20.36385 4.37476
v 23.79066 20.35325 4.16534
v 23.66000 20.31901 4.12699
v 22.97125 20.33022 2.43061
v 23.04000 20.33688 2.48996
v 23.04000 20.33597 2.46995
v 23.02000 20.33820 2.48991
v 22.96239 20.33941 2.34974
v 23.03060 20.33596 2.41082
v 23.06856 20.33081 2.39833
v 23.01549 20.33732 2.42989
v 23.06000 20.32999 2.42996
v 23.08000 20.32755 2.43000
v 23.08000 20.33109 2.45003
v 23.06000 20.33217 2.44998
v 23.04000 20.33197 2.42991
v 23.04000 20.33335 2.44993
v 23.01960 20.33969 2.46037
v 23.18275 20.33339 2.40493
v 23.06000 20.33695 2.46982
v 23.08005 20.33801 2.47511
v 23.08000 20.34579 2.37192
v 23.08000 20.35908 2.35035
v 23.12000 20.34163 2.32519
v 23.18500 20.34585 2.32123
v 23.14786 20.32414 2.30019
v 23.34854 20.34355 2.28493
v 23.10000 20.34105 2.32551
v 23.08000 20.34060 2.32609
v 23.10000 20.35919 2.34983
v 23.06000 20.34021 2.32645
v 23.12000 20.35887 2.34994
v 23.03023 20.34192 2.32790
v 23.02000 20.36025 2.35121
v 23.10000 20.34488 2.37192
v 23.12000 20.34451 2.37166
v 23.12500 20.33216 2.38845
v 23.26014 20.35921 2.34674
v 23.10000 20.32458 2.39890
v 23.04000 20.32827 2.30987
v 23.02000 20.32890 2.30981
v 22.97929 20.33452 2.30156
v 23.12000 20.30882 3.86993
v 23.15937 20.31731 3.83390
v 23.10000 20.30989 3.86988
v 23.07291 20.32053 3.85612
v 23.15499 20.29892 3.87480
v 23.26548 20.31896 3.82563
v 23.33500 20.30272 3.86061
v 23.32423 20.33183 3.77198
v 23.19875 20.34941 3.70782
v 23.36250 20.36042 3.69530
v 23.44402 20.36337 3.70143
v 23.12062 20.31801 3.78053
v 23.10572 20.34356 3.68775
v 23.24411 20.30612 3.95033
v 23.13492 20.29186 3.96033
v 23.10000 20.31339 3.76991
v 23.04534 20.32350 3.70493
v 22.96000 20.33494 3.41968
v 23.03983 20.31938 3.42965
v 23.03911 20.32317 3.39912
v 23.06016 20.32152 3.40009
v 23.06000 20.31678 3.42735
v 23.02000 20.32978 3.36982
v 23.02000 20.32692 3.38979
v 23.06000 20.31462 3.44979
v 23.02000 20.32493 3.40977
v 22.97453 20.33983 3.28284
v 23.03951 20.31911 3.45880
v 23.02000 20.32145 3.46973
v 23.06023 20.31943 3.49484
v 23.08000 20.30618 3.44977
v 23.08000 20.31316 3.42131
v 23.09974 20.30281 3.43951
v 23.10000 20.30724 3.40985
v 23.08714 20.30272 3.47626
v 23.08000 20.31141 3.50983
v 23.08000 20.31414 3.52985
v 23.09946 20.30396 3.52059
v 23.12019 20.31975 3.64124
v 23.10000 20.30993 3.38988
v 23.04000 20.33728 2.50997
v 23.01750 20.33819 2.51740
v 23.04000 20.33665 2.52996
v 23.03287 20.33814 2.54799
v 22.98000 20.33862 2.59052
v 23.01961 20.33813 2.56947
v 23.06000 20.33752 2.51914
v 23.06000 20.33775 2.49004
v 23.08000 20.33753 2.51977
v 23.10000 20.33694 2.51952
v 23.16980 20.34143 2.56985
v 23.26810 20.35620 2.53971
v 23.29606 20.35750 2.68995
v 23.15973 20.34244 2.63965
v 23.37063 20.35012 2.55925
v 23.36000 20.34564 2.40116
v 23.42612 20.36198 2.63408
v 23.43439 20.35380 2.79857
v 23.29251 20.35604 2.82595
v 23.30479 20.35602 3.03166
v 23.41162 20.36313 3.02283
v 23.11969 20.34465 2.86783
v 23.11950 20.35139 2.70786
v 23.26801 20.34563 3.10021
v 23.48280 20.35381 2.79672
v 23.49375 20.35919 2.67367
v 23.47000 20.35112 2.96112
v 23.42594 20.35687 2.47592
v 23.49045 20.35775 2.44614
v 23.41308 20.36266 2.33295
v 23.56742 20.35564 2.56666
v 23.57747 20.36162 2.43525
v 23.50744 20.35446 2.28019
v 23.58516 20.36022 2.31962
v 23.64331 20.36603 2.53148
v 23.65972 20.36988 2.20816
v 23.51750 20.34939 2.13053
v 23.42070 20.35753 2.20342
v 23.61000 20.37062 2.69235
v 23.74861 20.36267 2.66976
v 23.40156 20.35310 2.07497
v 23.25500 20.33475 2.08067
v 23.19734 20.33239 2.22162
v 23.06000 20.33091 2.20997
v 23.10000 20.32981 2.57009
v 23.30874 20.33247 3.25555
v 23.45144 20.34389 3.13461
v 23.43594 20.33978 3.29686
v 23.63902 20.35981 3.16512
v 23.66554 20.35671 3.07179
v 23.06500 20.33086 2.57248
v 23.06000 20.33366 2.55000
v 23.10000 20.33288 2.55012
v 23.58431 20.36520 2.04212
v 23.78000 20.37760 3.10309
v 23.73976 20.36060 3.23905
v 23.10000 20.32743 2.59006
v 23.39375 20.36252 2.00813
v 23.57600 20.34440 2.78092
v 23.66000 20.34404 2.92226
v 23.60852 20.34234 3.25428
v 23.04000 20.33336 2.20993
v 23.66267 20.35976 3.32098
v 23.77500 20.37535 3.35305
v 23.68189 20.36061 3.43966
v 23.77250 20.37691 3.53806
v 23.87027 20.37496 3.52083
v 23.62743 20.36497 3.66192
v 23.73861 20.36576 3.70061
v 23.80775 20.36396 3.82284
v 23.89910 20.36127 3.75146
v 23.97963 20.37624 3.56072
v 23.95757 20.36473 3.30875
v 23.86997 20.36396 3.33319
v 23.92282 20.36359 3.12852
v 23.83907 20.36756 2.99590
v 23.95500 20.37341 3.01751
v 23.96000 20.36612 3.68870
v 24.08825 20.38000 3.61386
v 24.10822 20.37642 3.71890
v 23.99000 20.35166 3.92366
v 23.85500 20.34273 3.92800
v 23.71000 20.34921 3.83001
v 23.59750 20.35258 3.82573
v 23.65250 20.34860 3.95290
v 23.79534 20.35688 3.98377
v 23.75769 20.36058 4.12380
v 24.02000 20.34949 3.28626
v 23.68000 20.34196 4.08005
v 23.58813 20.35491 3.99143
v 23.47500 20.35328 4.03541
v 23.50000 20.34670 4.13356
v 23.55244 20.35559 4.16483
v 23.48250 20.34546 4.29661
v 23.55681 20.33936 4.32288
v 23.66791 20.37015 2.97767
v 23.46500 20.33301 3.88641
v 23.40500 20.33526 3.97003
v 23.39374 20.32356 3.89727
v 23.32189 20.32046 3.91661
v 23.10000 20.32172 2.62131
v 23.04000 20.32953 2.22989
v 23.60000 20.37309 3.43234
v 23.53639 20.35431 3.32743
v 23.53665 20.37408 3.03862
v 23.54093 20.36905 2.97137
v 24.11750 20.37290 3.28069
v 24.01798 20.35967 3.05871
v 23.49884 20.30933 4.47751
v 23.08000 20.32114 2.62127
v 23.06000 20.32222 2.61830
v 23.07059 20.32042 2.64995
v 23.04501 20.32128 2.62981
v 23.04000 20.32344 2.64982
v 23.69427 20.36012 2.42531
v 24.10588 20.38153 3.92492
v 23.09475 20.34329 2.98516
v 23.02321 20.33705 2.90372
v 23.02000 20.34531 2.74999
v 23.10000 20.34811 3.01028
v 23.04000 20.33353 2.56993
v 23.12000 20.34746 3.01034
v 23.76018 20.34078 2.78251
v 23.56142 20.29951 4.50906
v 23.49473 20.30886 4.58750
v 23.56356 20.31242 4.63841
v 23.61186 20.31761 4.57981
v 22.90788 20.32296 2.68838
v 22.97625 20.33384 2.70966
v 22.96766 20.32511 2.85104
v 22.88750 20.32323 2.98126
v 22.81250 20.30365 2.95828
v 23.96000 20.37353 3.16128
v 23.30564 20.34614 3.36346
v 23.36990 20.35716 3.36027
v 23.55407 20.35455 3.46365
v 23.38000 20.34555 3.40123
v 23.52665 20.34031 3.64632
v 23.33721 20.33010 3.52240
v 23.43000 20.32773 3.64122
v 23.30731 20.33088 3.65119
v 23.18340 20.31941 3.51632
v 23.31253 20.31902 3.44065
v 23.12000 20.30580 3.52990
v 23.12000 20.30513 3.50989
v 23.14814 20.30039 3.47269
v 23.10000 20.30143 3.48979
v 23.12000 20.30446 3.40989
v 23.12000 20.30153 3.44099
v 23.12000 20.30054 3.46985
v 23.46000 20.33798 4.48341
v 23.42546 20.33916 4.40633
v 24.05922 20.38025 4.01058
v 23.06000 20.33904 2.17866
v 23.04000 20.32629 2.60985
v 23.99629 20.36612 2.68399
v 23.51918 20.33230 4.71159
v 23.02000 20.32653 2.64979
v 23.12126 20.34184 2.67080
v 23.10000 20.34122 2.66783
v 23.11056 20.34495 2.69028
v 23.08000 20.34103 2.66831
v 23.40750 20.34300 4.03736
v 23.04066 20.33903 2.19027
v 23.04000 20.34129 2.17001
v 22.92969 20.32714 2.14547
v 23.04000 20.34309 2.14912
v 23.06000 20.34294 2.15009
v 23.06002 20.34177 2.12976
v 23.07935 20.33901 2.15936
v 23.94237 20.36041 2.97910
v 23.25981 20.36000 3.34466
v 23.06000 20.32125 2.26121
v 23.04000 20.32697 2.24986
v 23.04146 20.32253 2.26982
v 23.06000 20.32229 2.28744
v 23.07795 20.32102 2.26992
v 23.08000 20.32218 2.28994
v 23.01698 20.33851 2.22361
v 23.78750 20.35059 2.94782
v 23.10249 20.31949 2.74761
v 23.06000 20.34135 2.66841
v 23.03021 20.33966 2.67041
v 23.02914 20.34293 2.69045
v 23.38250 20.35842 4.01136
v 23.27000 20.34443 4.00887
v 23.02000 20.34225 2.18996
v 23.59704 20.34658 4.46691
v 22.62391 20.32171 2.99100
v 23.95500 20.37061 2.81623
v 23.92250 20.37272 2.71487
v 23.66500 20.35382 2.87238
v 23.11171 20.59367 5.52015
v 23.12000 20.61147 5.59317
v 23.12000 20.60337 5.57418
v 23.09991 20.61963 5.59341
v 23.14988 20.60044 5.54348
v 23.17401 20.60979 5.40356
v 23.22824 20.60474 5.47841
v 23.04591 20.61439 5.41399
v 23.10000 20.60310 5.39402
v 23.08000 20.60796 5.37299
v 23.05750 20.60981 5.34543
v 23.04000 20.60889 5.35286
v 23.02000 20.61326 5.33284
v 23.08113 20.61098 5.62397
v 23.06938 20.59281 5.57279
v 23.08000 20.59017 5.49280
v 23.06000 20.58947 5.47272
v 23.08000 20.58136 5.51200
v 23.01299 20.56947 5.50182
v 23.11000 20.31586 0.34997
v 23.12000 20.31170 0.38996
v 23.12000 20.31597 0.36909
v 23.15000 20.33098 0.36280
v 23.12000 20.31087 0.40995
v 23.21106 20.34154 0.42460
v 23.08000 20.33218 0.67005
v 23.16610 20.34456 0.67404
v 23.06000 20.33166 0.66997
v 23.04000 20.33068 0.66990
v 23.01299 20.56947 5.50182
v 23.02000 20.55976 5.55511
v 23.01802 20.56000 5.53485
v 21.46000 20.58041 5.56782
v 21.45500 20.59353 5.60817
v 21.46000 20.57782 5.54780
v 23.08614 20.33816 3.25524
v 23.12019 20.32147 3.29007
v 23.10000 20.32811 3.27007
v 23.02641 20.31713 4.17736
v 23.04617 20.30917 4.21072
v 23.03733 20.30981 4.19540
v 28.23500 20.46134 5.22016
v 28.28000 20.46000 5.23668
v 28.30000 20.45757 5.24268
v 28.43401 20.46593 5.20274
v 28.32000 20.45767 5.24329
v 23.04000 20.36230 5.19023
v 23.06000 20.36013 5.21028
v 23.02000 20.36633 5.17021
v 23.04000 20.32765 0.24987
v 23.06000 20.32909 0.26995
v 23.02000 20.32788 0.22980
v 21.34438 20.24164 1.08367
v 21.66430 20.27903 1.04025
v 21.31125 20.27756 1.02310
v 21.04812 20.24405 1.06353
v 21.54410 20.25745 1.07749
v 23.12000 20.33133 5.00017
v 23.08500 20.33763 4.77695
v 23.04737 20.33661 4.93283
v 23.12000 20.33835 4.89025
v 23.12000 20.34012 4.87027
v 23.12000 20.34123 4.85028
v 23.12000 20.34114 4.83028
v 23.12000 20.34037 4.81027
v 23.12000 20.33951 4.79026
v 23.06000 20.34878 4.99016
v 23.06000 20.35172 5.01019
v 23.08000 20.34942 5.03023
v 23.10925 20.35484 5.05038
v 21.69919 20.31133 5.12175
v 21.79003 20.26821 5.17522
v 21.73883 20.30518 5.00487
v 23.02045 20.33858 1.29482
v 23.08500 20.34434 1.30019
v 23.02000 20.34338 1.08497
v 23.02000 20.33813 1.34991
v 23.04000 20.33737 1.40997
v 23.03250 20.34102 1.48498
v 23.09500 20.34447 1.44273
v 23.02000 20.33705 1.40990
v 23.04000 20.34031 1.39000
v 22.92875 20.32020 1.36567
v 23.06000 20.33960 1.39006
v 23.08000 20.33657 1.39009
v 23.10000 20.33866 1.39018
v 23.12000 20.34076 1.41027
v 23.12000 20.34109 1.43028
v 23.12000 20.34244 1.45029
v 23.12000 20.34159 1.47028
v 23.12000 20.34173 1.49028
v 23.10000 20.34063 1.49020
v 23.08000 20.33755 1.47010
v 23.02000 20.33937 1.42993
v 23.02000 20.34142 1.44995
v 23.06000 20.33899 1.37005
v 23.04000 20.33894 1.34999
v 23.10000 20.33820 1.35018
v 23.12000 20.33998 1.35026
v 23.08000 20.33888 1.35012
v 23.06000 20.33992 1.35006
v 23.02000 20.34203 1.37995
v 23.10500 20.33972 1.37021
v 23.22944 20.34198 1.53410
v 23.14544 20.33968 1.51054
v 23.16010 20.34668 1.64891
v 23.12000 20.34087 1.55027
v 23.10000 20.34055 1.53020
v 23.26252 20.34208 1.69116
v 23.10000 20.34082 1.51020
v 23.12000 20.34150 1.57028
v 23.06750 20.33079 1.42749
v 23.07375 20.34474 1.55891
v 23.08000 20.33638 1.49009
v 23.02000 20.34270 1.64996
v 23.08002 20.34162 1.63995
v 23.10000 20.34026 1.65020
v 23.11985 20.34254 1.63935
v 23.10000 20.34138 1.67021
v 23.08000 20.34169 1.66433
v 23.11500 20.34122 1.77463
v 23.10500 20.33622 1.61017
v 23.03550 20.31963 1.52448
v 23.06000 20.33622 1.65002
v 23.06268 20.33391 1.79501
v 22.96000 20.32881 1.50212
v 23.08000 20.34380 1.69017
v 29.90489 20.48590 0.18009
v 29.96750 20.48132 0.29289
v 30.01128 20.49938 0.22224
v 29.90250 20.48169 0.28759
v 29.88784 20.48902 0.37864
v 23.11969 20.34465 2.86783
v 23.12011 20.33830 2.77777
v 23.02000 20.34531 2.74999
v 23.11950 20.35139 2.70786
v 23.02914 20.34293 2.69045
v 23.03021 20.33966 2.67041
v 23.06000 20.34135 2.66841
v 23.08000 20.34103 2.66831
v 23.11056 20.34495 2.69028
v 23.02874 20.66491 5.21003
v 23.01998 20.62247 5.27292
v 23.13066 20.61903 5.27029
v 23.12005 20.62753 5.32271
v 21.46737 20.64558 5.45941
v 21.42373 20.63979 5.55199
v 21.40941 20.60000 5.59789
v 21.46037 20.55192 5.51075
v 21.54559 20.60000 5.41293
v 21.50823 20.57006 5.46631
v 21.43252 20.62942 5.64847
v 23.07997 20.34186 4.73949
v 23.08438 20.34517 4.93270
v 23.10000 20.34537 4.75025
v 23.12000 20.34138 4.75949
v 23.12000 20.33951 4.79026
v 23.08000 20.33342 2.19006
v 23.19734 20.33239 2.22162
v 23.07935 20.33901 2.15936
v 23.06000 20.33904 2.17866
v 22.97453 20.33983 3.28284
v 23.04000 20.32771 3.36987
v 23.04000 20.32880 3.34988
v 23.02000 20.32978 3.36982
v 23.04000 20.33073 3.32990
v 26.76000 20.39828 4.75069
v 26.68068 20.39470 4.76041
v 26.74000 20.37613 4.77032
v 26.71906 20.37848 4.77007
v 26.76125 20.37998 4.77070
v 26.78000 20.39893 4.75122
v 22.20868 20.58558 5.50721
v 22.22974 20.56721 5.56027
v 22.20798 20.55567 5.58192
v 23.12007 20.58001 5.57423
v 23.14988 20.60044 5.54348
v 23.12172 20.55920 5.54221
v 23.10000 20.56135 5.54965
v 23.10000 20.57997 5.57628
v 23.07849 20.57767 5.55720
v 23.07968 20.55972 5.53068
v 23.00125 20.33027 1.69914
v 23.08002 20.34162 1.63995
v 23.10500 20.33622 1.61017
v 23.06000 20.36013 5.21028
v 23.09101 20.36180 5.21038
v 23.02000 20.36633 5.17021
v 23.07423 20.36274 5.18442
v 28.30234 20.44023 5.22642
v 28.34125 20.45646 5.26282
v 28.30000 20.45757 5.24268
v 23.01872 20.33621 4.46364
v 23.06009 20.32194 4.48987
v 23.06000 20.32380 4.46989
v 23.08000 20.32097 4.48148
v 23.06875 20.32298 4.50991
v 23.02036 20.31602 4.39368
v 23.02000 20.32214 0.58800
v 23.04000 20.32106 0.60980
v 23.04688 20.31614 0.57539
v 23.06000 20.32246 0.60988
v 23.04798 20.34024 0.64453
v 31.71938 20.54043 0.70700
v 31.76706 20.53921 0.72801
v 31.74065 20.55075 0.70728
v 23.10000 20.57997 5.57628
v 23.06938 20.59281 5.57279
v 23.09000 20.60090 5.58856
v 26.46000 20.28046 4.80752
v 26.48000 20.26000 4.81663
v 26.48000 20.28893 4.80757
v 26.50000 20.28390 4.80833
v 26.50000 20.26388 4.82473
v 26.46000 20.26189 4.82647
v 26.44000 20.28302 4.80758
v 26.44000 20.26000 4.81758
v 26.42000 20.26299 4.82397
v 26.42000 20.28106 4.80737
v 26.40000 20.26123 4.82602
v 26.39834 20.28048 4.80700
v 26.38000 20.26134 4.82621
v 26.85750 20.42566 5.05534
v 26.99432 20.43302 4.91035
v 26.75687 20.41093 4.99369
v 27.03500 20.43415 5.02773
v 26.98978 20.44085 5.12700
v 26.95019 20.41826 5.17463
v 26.91062 20.42541 4.76801
v 27.09198 20.46409 5.18149
v 27.10079 20.43991 5.12471
v 27.17608 20.48046 5.16766
v 26.93625 20.44294 5.18992
v 27.08178 20.43303 5.28882
v 27.10552 20.45379 5.01474
v 26.79813 20.42583 5.17942
v 26.70504 20.41207 5.15052
v 26.69000 20.43132 4.76087
v 27.15000 20.45255 5.24505
v 26.63862 20.41027 4.91404
v 26.62974 20.39928 4.81523
v 27.10944 20.44620 4.84994
v 27.08282 20.43642 4.92312
v 27.24042 20.51405 5.22655
v 27.17858 20.47456 5.29752
v 27.22499 20.51737 5.16470
v 26.63655 20.38658 5.00497
v 26.78185 20.39887 5.19102
v 26.75789 20.38110 5.21005
v 26.78033 20.38028 5.21087
v 26.70663 20.41164 5.18372
v 26.64497 20.39651 5.10020
v 27.11990 20.46080 4.93462
v 27.18709 20.48010 4.83121
v 26.60052 20.37801 5.02953
v 26.59995 20.38002 5.00955
v 26.60597 20.39351 4.98357
v 26.60003 20.37961 5.04996
v 25.58000 20.42834 -0.06634
v 25.85783 20.43994 -0.07033
v 25.66625 20.40616 -0.22192
v 25.43000 20.39977 -0.25929
v 25.43622 20.42338 -0.08328
v 25.39375 20.39673 -0.03279
v 25.46076 20.39985 -0.27838
v 25.71177 20.41181 -0.27080
v 25.95500 20.40478 -0.22499
v 25.95000 20.41067 -0.27496
v 26.20453 20.41184 -0.22400
v 26.05258 20.44095 -0.08128
v 26.19934 20.43344 -0.07706
v 26.28401 20.41240 -0.14107
v 26.34095 20.41093 -0.07968
v 26.42736 20.41685 -0.21265
v 26.19745 20.41328 -0.27304
v 25.93121 20.40679 -0.09158
v 26.47375 20.43376 -0.10833
v 25.34405 20.41742 -0.15504
v 25.33813 20.44875 -0.27245
v 26.55500 20.41764 -0.27275
v 26.57754 20.42501 -0.21228
v 26.74375 20.42831 -0.18372
v 26.73000 20.41598 -0.27056
v 26.68912 20.45137 -0.09145
v 26.89000 20.46883 -0.04643
v 26.95153 20.43646 -0.11837
v 27.10084 20.46856 -0.05041
v 27.05625 20.43265 -0.02772
v 27.17125 20.43362 -0.04622
v 27.13322 20.42961 0.00880
v 26.88832 20.41623 0.02129
v 26.61602 20.41215 0.00018
v 26.97684 20.40058 0.06705
v 26.76375 20.40488 0.11899
v 26.64005 20.41958 0.14506
v 26.77795 20.39993 0.25937
v 26.98518 20.40112 0.19314
v 26.61805 20.41247 0.37139
v 26.51000 20.41416 0.20298
v 26.50429 20.42554 0.11637
v 26.45000 20.40582 0.04912
v 26.45604 20.42540 0.25394
v 27.24629 20.44008 -0.08058
v 27.36781 20.42700 -0.05045
v 27.08922 20.44110 -0.12466
v 26.69417 20.44079 -0.04641
v 27.03237 20.41235 0.33153
v 27.24648 20.41654 0.33553
v 27.10000 20.40807 0.43410
v 27.30000 20.42006 0.44855
v 27.18951 20.38056 0.56483
v 27.30932 20.41542 0.23377
v 27.43248 20.42317 0.28330
v 27.46375 20.40747 0.48745
v 27.63794 20.43896 0.33769
v 27.60000 20.45625 0.21928
v 27.64111 20.43936 0.18950
v 27.72000 20.45096 0.26540
v 27.70268 20.44847 0.16350
v 27.63500 20.42148 0.09990
v 27.78926 20.43092 0.02312
v 27.75289 20.43780 0.50349
v 27.68000 20.45107 0.45001
v 27.60896 20.42212 0.46099
v 27.54500 20.42344 0.48840
v 27.52035 20.43154 0.18436
v 27.73000 20.45314 0.53053
v 27.78081 20.44431 0.08093
v 27.33371 20.40170 0.52651
v 27.12973 20.42164 0.51452
v 27.26853 20.39914 0.61540
v 27.19369 20.45037 0.63861
v 27.35591 20.46004 0.66036
v 27.01625 20.46047 0.65945
v 27.43113 20.41602 0.62743
v 26.29740 20.38797 0.13729
v 26.32241 20.41083 0.22268
v 26.13500 20.36232 0.17579
v 26.38213 20.42500 0.37393
v 26.11879 20.37744 0.08224
v 26.02000 20.39885 0.02053
v 26.42500 20.41147 -0.03022
v 27.16000 20.40198 0.05458
v 26.25724 20.41139 0.47446
v 26.14000 20.38827 0.45613
v 26.24193 20.40567 0.54593
v 26.41733 20.42023 0.57744
v 26.35412 20.42608 0.63607
v 26.47238 20.41113 0.64395
v 26.54411 20.42098 0.60683
v 26.52250 20.40823 0.52426
v 26.64812 20.40900 0.53121
v 26.60437 20.41060 0.68243
v 26.63195 20.41889 0.60661
v 26.37875 20.41135 0.67787
v 26.23200 20.41616 0.65213
v 26.15750 20.39771 0.70136
v 26.38001 20.38946 0.71030
v 26.48475 20.39464 0.70881
v 26.52312 20.41204 0.86056
v 25.95756 20.40145 0.65532
v 26.38000 20.42402 0.76833
v 26.40000 20.43440 0.84860
v 26.40253 20.41937 0.90980
v 26.43554 20.39850 0.96312
v 26.22125 20.38748 0.94672
v 26.64371 20.41823 0.99044
v 26.24562 20.39209 0.76820
v 26.55849 20.41650 0.74593
v 26.19380 20.39943 0.62606
v 26.00632 20.37967 0.31855
v 25.99094 20.38325 0.52175
v 26.00881 20.38645 0.42552
v 25.81500 20.38989 0.43387
v 25.67469 20.36890 0.22740
v 25.53094 20.36954 0.43336
v 25.41000 20.38329 0.39121
v 25.49882 20.36595 0.57656
v 25.61183 20.37823 0.52829
v 25.69625 20.37417 0.60719
v 25.78596 20.38557 0.55081
v 25.83718 20.40467 0.64866
v 25.63281 20.41530 0.64336
v 25.54500 20.37383 0.61159
v 25.35939 20.37925 0.52677
v 25.35751 20.38040 0.27557
v 25.30750 20.39415 0.36572
v 25.26310 20.39173 0.14576
v 25.15774 20.39566 0.23612
v 25.18280 20.39719 0.06910
v 24.99940 20.39027 0.16998
v 25.07429 20.38396 0.01666
v 25.06000 20.38836 0.27924
v 24.90750 20.37186 0.25679
v 25.00718 20.39699 0.31405
v 24.80375 20.34745 0.13490
v 24.85875 20.38315 0.33119
v 24.72165 20.36403 0.22717
v 24.67789 20.38069 0.28776
v 24.69499 20.37969 0.14481
v 24.89516 20.35752 0.08799
v 24.96781 20.38008 0.35669
v 25.14000 20.36083 0.39937
v 25.31094 20.38382 0.00062
v 25.17102 20.39565 -0.04548
v 24.89750 20.38217 -0.04712
v 25.06375 20.41360 -0.07045
v 24.63432 20.39336 -0.05732
v 24.89250 20.40382 -0.07990
v 25.33000 20.39278 0.55583
v 25.41536 20.38348 0.15187
v 25.55000 20.36750 0.13189
v 25.73062 20.37792 0.48318
v 26.90625 20.40397 0.44425
v 26.76750 20.40634 0.51748
v 26.94978 20.41104 0.55793
v 27.53256 20.43366 0.00851
v 27.60362 20.42455 -0.04968
v 26.66000 20.41591 0.65045
v 26.79113 20.42008 0.69143
v 26.70991 20.39972 0.72204
v 26.77188 20.40151 0.82746
v 27.00656 20.40827 0.76886
v 26.89908 20.41853 0.86997
v 26.80313 20.41344 0.96928
v 27.07500 20.42604 0.67420
v 27.29688 20.41429 0.83315
v 27.40063 20.42533 0.95767
v 27.52511 20.42376 0.92578
v 27.65172 20.44163 1.00592
v 27.67504 20.42333 0.96968
v 27.63500 20.44247 0.92518
v 27.25736 20.42070 0.96506
v 27.08937 20.40925 0.96446
v 27.31001 20.40623 0.72115
v 27.56500 20.40205 0.73836
v 27.38500 20.43508 0.68639
v 27.66615 20.43814 0.68329
v 27.69659 20.42302 0.71952
v 27.61801 20.44319 0.82700
v 27.74424 20.45049 0.77262
v 27.74047 20.44061 0.84175
v 27.06063 20.39771 0.73325
v 27.52865 20.42170 0.82192
v 27.78625 20.44800 0.95103
v 26.88000 20.39273 0.71150
v 27.30375 20.44156 0.99312
v 26.99690 20.43658 0.99354
v 27.10500 20.42826 0.69505
v 24.75270 20.36848 0.03822
v 25.87875 20.37069 0.09758
v 26.77781 20.38281 0.60052
v 26.92325 20.41499 0.93012
v 26.55014 20.44264 -0.09806
v 25.15686 20.36510 0.50547
v 25.24026 20.37599 0.60471
v 25.05000 20.37172 0.61899
v 25.02797 20.39403 0.67797
v 24.88750 20.39070 0.62271
v 24.97436 20.36184 0.54120
v 26.42860 20.41799 0.45245
v 27.48500 20.41131 0.09770
v 27.45021 20.43728 -0.08207
v 27.34750 20.42713 -0.10344
v 24.96604 20.36261 0.43977
v 27.03750 20.43054 0.62477
v 27.12218 20.40545 0.59703
v 26.18482 20.42051 0.58570
v 27.30688 20.42348 0.02920
v 25.94500 20.38490 0.60658
v 27.24256 20.43760 -0.16056
v 27.72500 20.44174 0.64002
v 27.20203 20.42881 -0.21443
v 27.51927 20.40452 0.62286
v 27.70630 20.45812 0.66274
v 25.29437 20.39155 0.65811
v 26.93964 20.42068 -0.26816
v 27.64526 20.41170 0.61825
v 27.51846 20.44065 0.57934
v 26.54875 20.40785 -0.05554
v 26.21615 20.40108 -0.06310
v 26.05000 20.40823 -0.05429
v 27.56105 20.44032 0.57936
v 25.22016 20.41925 -0.07866
v 25.34405 20.41742 -0.15504
v 25.43000 20.39977 -0.25929
v 25.39375 20.39673 -0.03279
v 25.17102 20.39565 -0.04548
v 25.31094 20.38382 0.00062
v 25.48125 20.38686 -0.00331
v 25.41536 20.38348 0.15187
v 25.55000 20.36750 0.13189
v 25.58841 20.39977 -0.04745
v 25.06375 20.41360 -0.07045
v 25.59500 20.39290 0.02246
v 25.87875 20.37069 0.09758
v 26.02000 20.39885 0.02053
v 25.80794 20.40217 -0.01119
v 26.05000 20.40823 -0.05429
v 26.45000 20.40582 0.04912
v 25.93121 20.40679 -0.09158
v 25.86710 20.40142 -0.05552
v 25.69490 20.40918 -0.06226
v 25.73062 20.37792 0.48318
v 25.78596 20.38557 0.55081
v 25.99094 20.38325 0.52175
v 25.94500 20.38490 0.60658
v 26.19380 20.39943 0.62606
v 26.18482 20.42051 0.58570
v 26.42860 20.41799 0.45245
v 26.52250 20.40823 0.52426
v 26.61805 20.41247 0.37139
v 26.64812 20.40900 0.53121
v 26.76750 20.40634 0.51748
v 26.77781 20.38281 0.60052
v 27.07500 20.42604 0.67420
v 27.10500 20.42826 0.69505
v 27.38500 20.43508 0.68639
v 27.35591 20.46004 0.66036
v 27.66615 20.43814 0.68329
v 27.70630 20.45812 0.66274
v 27.83500 20.43818 0.67295
v 26.64371 20.41823 0.99044
v 26.60437 20.41060 0.68243
v 26.55849 20.41650 0.74593
v 26.80313 20.41344 0.96928
v 26.92325 20.41499 0.93012
v 26.80313 20.41344 0.96928
v 27.08937 20.40925 0.96446
v 26.99690 20.43658 0.99354
v 24.97436 20.36184 0.54120
v 24.96604 20.36261 0.43977
v 24.85875 20.38315 0.33119
v 24.88750 20.39070 0.62271
v 27.63500 20.44247 0.92518
v 27.61801 20.44319 0.82700
v 27.52865 20.42170 0.82192
v 27.74047 20.44061 0.84175
v 27.78625 20.44800 0.95103
v 27.64526 20.41170 0.61825
v 27.70630 20.45812 0.66274
v 27.72500 20.44174 0.64002
v 27.01625 20.46047 0.65945
v 27.12218 20.40545 0.59703
v 27.03750 20.43054 0.62477
v 26.83732 20.44342 0.65207
v 26.77781 20.38281 0.60052
v 26.66000 20.41591 0.65045
v 19.06500 20.23540 0.03942
v 19.10043 20.23738 -0.01436
v 19.26500 20.23294 0.02412
v 19.18261 20.23568 0.11853
v 19.26151 20.23772 0.28421
v 19.10625 20.23475 0.24750
v 19.16250 20.23317 0.46332
v 19.02305 20.23434 0.54811
v 19.15794 20.24109 0.58948
v 19.08743 20.21008 0.60923
v 19.17477 20.25517 0.64969
v 19.35312 20.23468 0.12866
v 19.45375 20.22552 0.11501
v 19.40500 20.24366 0.24259
v 19.46750 20.22861 0.33757
v 19.61687 20.22846 0.36237
v 19.62625 20.22262 0.14406
v 19.65914 20.24098 0.30992
v 19.61687 20.22833 0.04909
v 19.56202 20.23867 0.51081
v 19.68000 20.23562 0.48053
v 19.65000 20.21497 0.58028
v 19.43950 20.23345 0.48838
v 19.46500 20.24454 0.57115
v 19.74000 20.22220 0.14052
v 19.35500 20.23203 0.41614
v 19.50264 20.24081 0.00236
v 19.78766 20.22526 0.56564
v 19.01877 20.21108 0.14163
v 19.49000 20.22158 0.60004
v 19.89125 20.22915 0.06838
v 19.87739 20.23918 0.25422
v 19.99401 20.23527 0.31574
v 19.96000 20.23035 0.49103
v 20.03536 20.23660 0.17217
v 20.14128 20.23900 0.04438
v 20.17000 20.24249 0.20157
v 20.25000 20.23050 0.10163
v 20.36500 20.25666 0.06836
v 20.34723 20.25234 0.24029
v 20.09873 20.24416 0.54428
v 20.05750 20.23182 0.62196
v 20.18594 20.22439 0.60534
v 20.20687 20.25064 0.53299
v 20.27789 20.24255 0.49374
v 20.19000 20.26845 0.45185
v 20.19500 20.24657 0.37291
v 19.93081 20.24628 0.56924
v 19.84544 20.22955 0.61115
v 20.11021 20.23413 0.38365
v 19.84625 20.24356 0.45792
v 19.72995 20.25796 0.56083
v 19.35092 20.24045 0.53079
v 20.18000 20.25834 0.28174
v 19.26210 20.24070 0.62731
v 19.46125 20.26522 0.64997
v 19.25000 20.23520 0.67974
v 19.39000 20.22857 0.70992
v 19.70938 20.22999 0.70532
v 19.93081 20.24628 0.56924
v 19.84625 20.24356 0.45792
v 19.78766 20.22526 0.56564
v 19.84544 20.22955 0.61115
v 29.70743 20.49108 0.22856
v 29.73462 20.48076 0.29806
v 29.79377 20.49698 0.14713
v 29.71625 20.48864 0.13290
v 29.78535 20.48355 0.34397
v 29.84118 20.50900 0.19454
v 29.67928 20.50488 0.33649
v 29.62990 20.50414 0.20187
v 29.90250 20.48169 0.28759
v 29.90489 20.48590 0.18009
v 29.57526 20.52057 0.34206
v 29.86466 20.50196 0.11605
v 29.59995 20.46455 0.10356
v 29.46388 20.46876 0.20534
v 29.84500 20.49622 0.36450
v 29.88784 20.48902 0.37864
v 29.85311 20.48061 0.48930
v 29.76106 20.49880 0.47598
v 29.67375 20.46698 0.28473
v 29.97375 20.48891 0.55475
v 29.88269 20.50156 0.58014
v 29.92144 20.48847 0.68794
v 30.03606 20.50091 0.64424
v 30.19028 20.51340 0.67876
v 30.11141 20.47650 0.63258
v 30.20054 20.49000 0.62875
v 30.20743 20.50066 0.50166
v 30.06015 20.49197 0.56555
v 30.06000 20.48559 0.70702
v 30.27199 20.49526 0.71715
v 30.12619 20.48693 0.77408
v 30.18031 20.49481 0.86676
v 30.05686 20.49789 0.83345
v 30.31172 20.49623 0.66443
v 30.28000 20.49357 0.57974
v 30.04000 20.50336 0.93700
v 30.27147 20.49854 1.01438
v 30.37345 20.50629 0.70153
v 30.54166 20.48306 0.74717
v 30.50782 20.49674 0.81678
v 30.65024 20.49233 0.77316
v 30.62738 20.50113 0.72826
v 30.37109 20.50245 0.84377
v 30.46031 20.49030 0.89097
v 30.64055 20.50033 0.89397
v 30.50000 20.52781 0.67260
v 30.30997 20.49832 0.52971
v 30.28000 20.48276 0.33967
v 30.38625 20.49339 0.38352
v 30.39391 20.49706 0.19511
v 30.48750 20.49123 0.38224
v 30.52844 20.50091 0.24979
v 30.58385 20.50377 0.57633
v 30.46250 20.48452 0.03138
v 30.60463 20.50039 0.06126
v 30.29748 20.48613 0.06864
v 30.64006 20.49811 0.32462
v 30.48837 20.47740 0.54512
v 30.79688 20.49913 0.03531
v 30.73875 20.52000 0.00127
v 30.76937 20.50475 0.08182
v 30.98712 20.49888 0.10936
v 31.12683 20.51346 0.04785
v 31.14240 20.49882 0.14582
v 31.09875 20.49898 0.21966
v 31.23125 20.51880 0.22382
v 31.19750 20.52525 0.34095
v 31.31008 20.51274 0.34732
v 31.22876 20.51348 0.39501
v 30.88992 20.51892 0.32735
v 30.99308 20.51614 0.39715
v 30.83729 20.50715 0.35287
v 30.89018 20.51746 0.60076
v 30.79384 20.51451 0.59102
v 31.33593 20.51700 0.03324
v 31.00588 20.51652 0.53035
v 30.94625 20.52748 0.85234
v 30.86278 20.52292 0.85953
v 31.00782 20.52777 0.69995
v 31.01980 20.52188 0.78882
v 31.05500 20.50799 0.71842
v 31.03252 20.52383 1.13996
v 31.09249 20.52881 0.80486
v 30.95344 20.50154 0.25717
v 31.15240 20.52054 0.72043
v 31.39000 20.53745 0.35327
v 31.33631 20.50333 0.44217
v 31.47500 20.52703 0.39422
v 30.14346 20.50114 0.99849
v 30.00755 20.47554 0.77260
v 31.22869 20.49656 0.46620
v 29.94500 20.48365 0.95061
v 30.89631 20.52789 1.03311
v 31.05455 20.51826 0.93672
v 30.30000 20.49752 0.92000
v 31.39078 20.53243 0.15857
v 30.24500 20.48847 0.21928
v 30.18273 20.49774 0.34418
v 30.16053 20.48491 0.39099
v 30.11182 20.49451 0.30520
v 30.76017 20.51748 0.99775
v 30.72187 20.51254 1.04520
v 30.70041 20.49967 0.98455
v 30.83625 20.49987 1.08380
v 30.78645 20.50327 1.14713
v 30.57281 20.49994 1.10212
v 30.65441 20.50036 1.22683
v 30.81921 20.51999 1.22882
v 30.72000 20.48874 1.33505
v 30.83493 20.49953 1.32115
v 30.92802 20.52563 1.26128
v 30.84696 20.52077 1.36446
v 30.51125 20.50766 1.25512
v 30.72000 20.52723 0.95525
v 30.65568 20.49645 0.16681
v 30.26500 20.48281 0.02949
v 30.73211 20.51825 0.54625
v 30.88363 20.51991 1.16366
v 30.13936 20.49667 1.06548
v 30.28375 20.50034 1.12292
v 30.25328 20.50340 1.30596
v 30.36250 20.50697 1.23769
v 30.32875 20.50547 1.41228
v 30.37725 20.49996 1.39851
v 30.37375 20.50317 1.61718
v 30.41000 20.51379 1.49894
v 30.56005 20.51291 1.58521
v 30.42500 20.51191 1.65286
v 30.37034 20.50308 1.73531
v 30.42750 20.51041 1.83163
v 30.35259 20.50572 1.90382
v 30.25375 20.50675 1.82888
v 30.32005 20.50451 2.00481
v 30.39907 20.50971 1.97100
v 30.53806 20.50748 1.96295
v 30.46317 20.50332 2.03668
v 30.59641 20.51891 2.05156
v 30.57343 20.52508 2.19363
v 30.48008 20.50203 2.17367
v 30.51995 20.51464 2.23184
v 30.58498 20.52053 2.32453
v 30.67963 20.52225 2.20025
v 30.72156 20.52506 1.98495
v 30.74999 20.52712 2.12408
v 30.84789 20.52711 2.05969
v 30.77250 20.52689 1.84963
v 30.71593 20.51076 1.82354
v 30.74128 20.51984 1.75047
v 30.83114 20.52161 1.75777
v 30.90125 20.51272 1.93548
v 30.93402 20.51163 1.81597
v 31.00937 20.51200 1.92365
v 31.07875 20.50340 2.00108
v 31.14013 20.51897 1.82762
v 30.83937 20.51213 1.70661
v 30.66813 20.51332 1.67018
v 30.81809 20.49927 1.65498
v 30.71312 20.51080 1.57289
v 30.95184 20.51623 1.54048
v 30.96500 20.50446 1.66808
v 30.60008 20.51671 1.77723
v 30.86000 20.51255 1.99686
v 30.83749 20.52884 2.25136
v 30.92714 20.54118 2.16274
v 30.97282 20.53920 2.22915
v 30.72140 20.52744 2.30874
v 31.12250 20.53171 2.04931
v 31.36000 20.54321 2.04294
v 31.35000 20.55620 2.06287
v 31.46437 20.55078 2.01230
v 31.37341 20.54147 1.86857
v 31.45250 20.55189 1.81029
v 31.54935 20.54323 1.92952
v 31.55973 20.53770 2.07669
v 31.62798 20.52106 1.93583
v 31.26064 20.53811 1.71498
v 31.73898 20.52096 2.17354
v 31.75000 20.50835 2.00735
v 31.88000 20.50983 2.24885
v 31.66000 20.52128 2.30635
v 31.77775 20.54644 2.31506
v 31.65857 20.56312 2.33463
v 31.90750 20.57191 2.34930
v 31.96717 20.52233 1.93494
v 32.06703 20.52363 2.18349
v 32.15000 20.52588 2.21191
v 31.84500 20.53144 1.90851
v 31.86030 20.52190 1.75811
v 32.01362 20.51900 1.67311
v 31.81403 20.52010 1.58107
v 31.70701 20.53436 1.66995
v 32.05068 20.50040 1.53850
v 31.73116 20.51335 1.46164
v 31.93375 20.50736 1.45945
v 31.58099 20.53156 1.45149
v 32.16259 20.50119 1.45107
v 32.36253 20.49481 1.49498
v 32.39750 20.50168 1.45405
v 32.11000 20.54199 1.43295
v 32.45504 20.51828 1.54876
v 32.36531 20.53949 1.43429
v 32.16822 20.53601 1.36869
v 31.96236 20.55842 1.39077
v 31.92687 20.55113 1.34947
v 31.56750 20.53544 1.34845
v 31.90491 20.51952 1.32410
v 32.29756 20.54703 1.36834
v 32.35219 20.51490 1.28680
v 32.48875 20.52945 1.34560
v 32.55927 20.51727 1.31571
v 32.45000 20.51204 1.14517
v 32.60000 20.50971 1.15678
v 32.26500 20.52389 1.24318
v 32.62077 20.53580 1.10801
v 32.45062 20.58447 1.03552
v 32.70034 20.55191 1.08024
v 32.72827 20.58185 1.04813
v 32.59250 20.52769 0.99737
v 32.72734 20.53894 1.19436
v 32.71999 20.54440 1.34688
v 32.28288 20.53630 0.99486
v 32.41000 20.52849 0.96976
v 32.57000 20.50539 0.93645
v 32.65122 20.51744 0.87987
v 32.53033 20.51886 0.85000
v 32.21500 20.57667 1.03270
v 31.95754 20.53187 0.99142
v 31.85125 20.56185 1.02774
v 31.79500 20.51822 0.95790
v 31.62500 20.53191 0.97598
v 31.59740 20.54687 1.02575
v 31.58562 20.52765 0.83677
v 31.44607 20.52719 0.87529
v 31.46000 20.52702 0.72405
v 31.58750 20.53886 0.72255
v 31.52794 20.52703 0.67725
v 31.63358 20.56052 0.70586
v 31.76706 20.53921 0.72801
v 31.72000 20.56054 0.70706
v 31.84279 20.51483 0.74801
v 31.87985 20.56910 0.70889
v 31.96270 20.52539 0.76477
v 32.05000 20.55236 0.74585
v 32.12931 20.54683 0.73777
v 32.19252 20.52303 0.78218
v 31.76875 20.55203 0.69578
v 31.74065 20.55075 0.70728
v 31.39000 20.50485 0.75815
v 31.36249 20.50212 0.89295
v 31.35032 20.51836 0.99105
v 31.24878 20.51825 0.87663
v 31.16062 20.53200 0.93741
v 31.17789 20.51776 1.02318
v 31.27875 20.53021 1.03193
v 31.19875 20.52917 1.19535
v 31.12888 20.53041 1.05416
v 31.27500 20.52900 1.17938
v 31.28625 20.53459 1.33141
v 31.19938 20.53413 1.40369
v 31.30462 20.53883 1.48839
v 31.17279 20.53766 1.53817
v 31.07352 20.53337 1.40590
v 31.10779 20.53981 1.55150
v 31.03503 20.53042 1.51281
v 31.15781 20.52820 1.70798
v 31.08652 20.51443 1.65959
v 31.10989 20.53898 1.26846
v 31.03375 20.52722 1.34901
v 31.46812 20.53557 1.36910
v 31.44618 20.53841 1.41742
v 31.47000 20.54630 1.55673
v 30.96271 20.50114 1.42777
v 31.40773 20.54094 1.21536
v 31.52858 20.53653 1.22738
v 31.44975 20.54126 1.08376
v 31.60312 20.53333 1.09074
v 31.64531 20.51839 1.11467
v 31.43656 20.52924 1.04190
v 31.76844 20.52579 1.09054
v 31.80493 20.52273 0.88610
v 32.75300 20.58544 1.32740
v 32.26750 20.54473 1.09536
v 32.66825 20.54441 0.98805
v 32.64993 20.53082 1.18271
v 32.73565 20.57294 1.43889
v 32.72079 20.55957 1.58312
v 32.75891 20.59950 1.45594
v 32.48945 20.54826 1.39798
v 32.64910 20.54830 1.43230
v 32.66317 20.55756 1.53745
v 32.63943 20.55556 1.68426
v 32.71920 20.57431 1.70928
v 32.74408 20.58025 1.80320
v 32.73895 20.63244 1.74376
v 32.59531 20.55392 1.85675
v 32.71255 20.57917 1.92930
v 32.61344 20.56181 2.01194
v 32.73705 20.62023 1.89679
v 32.76406 20.59845 2.02467
v 32.53505 20.53460 2.01864
v 32.59931 20.56175 2.08599
v 32.51562 20.53559 2.08589
v 32.43916 20.52539 1.98819
v 32.41557 20.52950 2.19107
v 32.53219 20.53795 2.19396
v 32.62524 20.54130 2.36163
v 32.40594 20.54500 2.37157
v 32.56953 20.54704 2.39166
v 32.69916 20.55437 2.40763
v 32.76060 20.55934 2.37045
v 32.69597 20.55981 2.28755
v 32.61664 20.55175 2.49002
v 32.71918 20.58236 2.29088
v 32.72000 20.56213 2.19804
v 32.68395 20.59032 2.12897
v 32.75243 20.60814 2.22772
v 32.74245 20.61293 2.15232
v 32.74318 20.59659 2.10324
v 32.63459 20.56078 2.14025
v 32.80456 20.63200 2.20909
v 32.78309 20.59384 2.36214
v 32.54000 20.52496 2.47614
v 32.71009 20.56954 2.46766
v 32.40062 20.54866 2.42456
v 32.59000 20.55641 2.67670
v 32.68632 20.56238 2.55137
v 32.41000 20.53427 2.61603
v 32.30259 20.53695 2.29440
v 32.35389 20.54172 2.53417
v 32.54581 20.54468 2.68654
v 32.65871 20.55300 2.75369
v 32.29250 20.51598 2.04347
v 32.21004 20.53363 2.01258
v 32.16809 20.55437 2.36077
v 32.30837 20.51533 1.83639
v 32.44750 20.51007 1.72014
v 32.56863 20.52121 1.61432
v 32.71751 20.57009 2.70972
v 32.76791 20.55907 2.79422
v 32.65508 20.55393 2.82525
v 32.53125 20.53762 2.83044
v 32.59191 20.54687 2.94671
v 32.41777 20.53852 2.80010
v 32.74591 20.56974 2.89324
v 32.28065 20.53881 2.85241
v 32.53000 20.53153 2.99604
v 32.30812 20.52952 2.96366
v 32.30502 20.54483 3.04477
v 32.02667 20.54038 3.04571
v 32.05196 20.56118 3.09089
v 32.02438 20.52577 2.99051
v 31.77592 20.51914 2.98941
v 31.85296 20.53471 2.90333
v 32.36506 20.56100 3.09591
v 32.67151 20.55112 3.10378
v 32.64000 20.56491 3.18200
v 32.48625 20.54835 3.18059
v 32.41250 20.54704 3.21480
v 32.76257 20.54424 3.13005
v 32.71907 20.55033 3.29227
v 32.78004 20.56975 3.19650
v 32.79134 20.57939 3.34377
v 32.66541 20.56772 3.34498
v 32.74171 20.52269 3.37371
v 32.71970 20.55232 3.44803
v 32.66375 20.57117 3.60684
v 32.54031 20.54941 3.50616
v 32.51126 20.53840 3.57329
v 32.55500 20.56741 3.74883
v 32.63513 20.57003 3.90935
v 32.36344 20.53363 3.67801
v 32.47720 20.54160 3.81445
v 32.36573 20.53724 3.50743
v 32.71991 20.55891 3.76554
v 32.76777 20.58271 3.71130
v 32.75930 20.58000 3.50844
v 32.76752 20.56947 3.89759
v 32.70508 20.56575 3.97726
v 32.78089 20.55936 3.07357
v 31.78000 20.51468 2.92772
v 31.57018 20.53877 2.93133
v 31.69658 20.53281 3.04872
v 31.50000 20.53970 3.04463
v 31.60724 20.53131 3.10453
v 31.80500 20.51381 3.19721
v 31.74625 20.53102 3.26362
v 31.59924 20.54125 3.14072
v 31.67314 20.51630 3.32399
v 31.82012 20.51863 3.37009
v 31.74061 20.51154 3.44771
v 31.92000 20.50862 3.56930
v 32.06082 20.51733 3.51096
v 31.81681 20.50564 3.61916
v 32.16090 20.52703 3.73295
v 32.01000 20.51152 3.75032
v 32.19687 20.51675 3.94953
v 31.86875 20.51316 3.94924
v 32.08202 20.54126 4.02618
v 31.95117 20.53365 4.04878
v 31.93375 20.55857 4.09954
v 32.16656 20.55978 4.08030
v 31.91750 20.54153 4.15176
v 32.20687 20.55641 4.13490
v 32.59438 20.57036 4.08675
v 32.43594 20.54934 4.16716
v 32.63123 20.56172 4.24989
v 32.69375 20.57368 4.24871
v 32.60000 20.55756 4.39958
v 32.26750 20.53650 4.32921
v 32.44646 20.53724 4.31376
v 32.68300 20.57157 4.41326
v 32.76513 20.56501 4.51035
v 32.67656 20.57092 4.60384
v 32.51805 20.56540 4.50033
v 32.53250 20.54803 4.65108
v 32.72820 20.57117 4.78260
v 32.46469 20.57155 4.71480
v 32.34047 20.54972 4.65841
v 32.35878 20.55676 4.56769
v 32.27158 20.57468 4.77666
v 32.14250 20.56595 4.72557
v 32.50557 20.58249 4.78571
v 32.34278 20.55716 4.88149
v 32.50009 20.55197 4.88853
v 32.66442 20.58074 4.76741
v 32.18203 20.55202 4.95722
v 32.10686 20.56178 4.82444
v 32.04362 20.55681 4.94274
v 31.99883 20.53536 5.10482
v 31.78000 20.56695 4.76785
v 31.74088 20.53725 4.94483
v 32.43499 20.55105 5.04240
v 32.65562 20.57041 4.88550
v 32.76897 20.57143 4.68479
v 32.23738 20.54000 5.12539
v 32.00815 20.54553 4.66539
v 32.04125 20.54797 4.55262
v 31.88572 20.53571 4.60355
v 31.79510 20.56083 4.70709
v 31.68250 20.54533 4.46168
v 32.03156 20.55428 4.46543
v 31.71236 20.54167 4.66443
v 32.40000 20.53603 4.91466
v 32.76967 20.57493 4.35238
v 32.76082 20.55655 4.20838
v 32.80740 20.57934 4.23894
v 32.00362 20.56919 4.72551
v 31.80818 20.56060 4.42831
v 31.52752 20.55024 4.42871
v 31.57904 20.54821 4.34550
v 31.78649 20.53107 4.39509
v 31.74000 20.52531 4.34728
v 31.87213 20.53426 4.30865
v 31.58331 20.54622 4.07908
v 31.54000 20.52559 4.24248
v 31.45517 20.54134 4.22600
v 31.41000 20.55177 4.33355
v 31.36000 20.52663 4.28288
v 31.39000 20.53733 4.42353
v 31.29375 20.54737 4.41530
v 31.21814 20.53943 4.16864
v 31.17422 20.54945 4.39265
v 31.16500 20.54998 4.13067
v 31.23486 20.54624 4.07137
v 31.08125 20.54379 4.05629
v 31.09711 20.51065 3.96220
v 31.30915 20.51686 4.00342
v 31.34149 20.54463 4.05765
v 31.16125 20.52491 3.87427
v 31.02723 20.54069 3.84399
v 30.99825 20.54082 3.73621
v 30.96747 20.53864 3.76202
v 30.98000 20.50177 3.84892
v 30.94500 20.51262 3.62538
v 31.04000 20.50756 3.63900
v 30.84000 20.53449 3.73673
v 31.00566 20.52423 3.53236
v 31.10250 20.53155 3.49235
v 31.24500 20.54013 3.57131
v 31.20007 20.53336 3.69499
v 31.32553 20.56040 3.73683
v 31.34750 20.55227 3.66283
v 31.39000 20.56780 3.53838
v 31.29719 20.56348 3.44026
v 31.38665 20.55997 3.35186
v 31.49044 20.55712 3.53066
v 31.49311 20.55416 3.36202
v 31.45250 20.56565 3.23222
v 31.30778 20.56935 3.16253
v 31.43000 20.55404 3.08637
v 31.28474 20.55488 3.05840
v 31.50883 20.54413 3.24249
v 31.26644 20.56261 3.25284
v 31.49399 20.55434 3.74170
v 30.94255 20.53745 3.40861
v 30.90250 20.51697 3.44989
v 30.80562 20.53162 3.39755
v 30.82750 20.51111 3.34146
v 30.68000 20.52497 3.28851
v 30.63840 20.52151 3.45674
v 30.70500 20.51777 3.48886
v 30.66514 20.52932 3.71523
v 30.64075 20.50835 3.64669
v 30.64098 20.51325 3.81422
v 30.63676 20.52524 4.03230
v 30.58880 20.52782 3.78741
v 30.58000 20.50885 3.93346
v 30.60433 20.53922 4.08262
v 30.53279 20.50635 4.01221
v 30.41053 20.51642 4.04913
v 30.47250 20.53309 4.08730
v 30.33000 20.51183 4.10546
v 30.32488 20.49437 4.01042
v 30.32418 20.51499 3.77499
v 30.31027 20.48589 3.84808
v 30.30196 20.49551 3.62501
v 30.27124 20.51323 3.78866
v 30.26954 20.51732 3.52787
v 30.32000 20.51448 3.51910
v 30.36196 20.50911 3.72100
v 30.48634 20.52318 3.74551
v 30.38211 20.49961 3.58726
v 30.37429 20.50174 3.23688
v 30.31250 20.51325 3.18338
v 30.39000 20.50024 3.06611
v 30.28381 20.51062 2.94010
v 30.41839 20.51920 3.50672
v 30.46751 20.51568 3.13785
v 30.38434 20.49899 2.81913
v 30.45779 20.51348 3.02462
v 30.57340 20.51611 3.08854
v 30.44044 20.52061 3.34434
v 30.28749 20.50527 2.75550
v 30.23036 20.51517 2.82772
v 30.19627 20.50916 2.97226
v 30.38250 20.49899 3.80601
v 30.42527 20.50749 3.60420
v 30.30000 20.49044 3.30996
v 30.42332 20.49331 4.20129
v 30.20459 20.50615 2.71714
v 30.55258 20.51272 3.22371
v 30.36450 20.51567 2.72381
v 30.32044 20.50416 2.42779
v 30.36449 20.49753 2.65579
v 30.41000 20.49164 2.53755
v 30.50507 20.49632 2.66564
v 30.58028 20.51712 2.58948
v 30.72063 20.52283 2.65642
v 30.67489 20.53509 2.58080
v 30.75541 20.53603 2.56337
v 30.79134 20.52897 2.70739
v 30.65572 20.52652 2.49351
v 30.73310 20.53314 2.42176
v 30.58611 20.49891 2.43277
v 30.57812 20.52189 2.73392
v 30.21254 20.50643 2.57510
v 30.22250 20.51442 3.72167
v 30.17999 20.49727 3.56006
v 30.17977 20.50328 3.69140
v 30.11376 20.50921 3.50452
v 30.07030 20.51630 3.54498
v 30.08937 20.52143 3.65181
v 30.04965 20.47351 3.75181
v 30.02483 20.48207 3.54494
v 29.95500 20.51132 3.62593
v 29.93699 20.50512 3.42067
v 29.99858 20.49530 3.81509
v 30.06063 20.47558 3.93946
v 30.00000 20.48250 4.00627
v 30.12000 20.49804 4.01766
v 30.11543 20.49701 4.07707
v 30.18870 20.51479 4.07501
v 30.27614 20.50968 4.04091
v 29.95436 20.50329 3.93837
v 30.11438 20.51001 3.18386
v 30.18516 20.50125 3.35739
v 30.19564 20.50078 3.16366
v 30.10500 20.51830 3.07732
v 30.03555 20.50291 4.13949
v 30.16362 20.50257 3.91988
v 30.20969 20.51650 3.50842
v 30.07493 20.51874 3.29879
v 30.11604 20.50608 3.74422
v 30.38352 20.49425 4.26338
v 30.27014 20.51770 4.22197
v 30.10875 20.49425 2.59767
v 30.22875 20.51157 2.49173
v 30.55875 20.50600 3.00444
v 30.16187 20.50029 2.76835
v 30.41944 20.51667 2.90157
v 30.46000 20.48057 4.33184
v 30.24565 20.50893 2.39245
v 30.08813 20.50994 2.38107
v 30.15634 20.49054 2.32118
v 30.08000 20.47170 2.34717
v 29.93680 20.50352 2.29816
v 30.02405 20.49512 2.28165
v 29.94080 20.50714 2.39688
v 29.83000 20.48475 2.22653
v 29.91000 20.50683 2.16286
v 29.82000 20.48871 2.09175
v 29.78000 20.50372 2.22878
v 29.75413 20.49753 2.04167
v 29.81000 20.49229 1.88780
v 29.69958 20.49237 1.98031
v 29.90594 20.50446 1.96498
v 29.80582 20.49773 1.73227
v 30.00202 20.50005 1.70552
v 29.87482 20.49101 1.69508
v 29.90000 20.50472 1.53397
v 29.99798 20.50154 1.60137
v 30.13437 20.50065 1.54746
v 30.05000 20.50301 1.36644
v 30.00000 20.48873 1.40631
v 30.15255 20.49811 1.38154
v 30.01752 20.48977 1.32168
v 30.02974 20.50016 1.79347
v 29.69930 20.48117 1.69059
v 29.66153 20.48472 2.06986
v 29.68487 20.48981 1.83474
v 29.85556 20.49510 1.63551
v 29.75926 20.49204 1.51677
v 29.84940 20.49287 1.46916
v 29.74739 20.48388 1.43314
v 29.54460 20.47758 1.47304
v 29.78000 20.46930 1.65352
v 29.87660 20.49882 1.37748
v 29.86000 20.48051 2.39087
v 30.09006 20.51698 2.72759
v 30.58434 20.52025 4.13556
v 30.50000 20.51954 4.19056
v 30.70000 20.51876 4.25996
v 30.28613 20.50468 2.31269
v 30.34000 20.51718 4.31061
v 30.11979 20.49782 2.41987
v 30.77500 20.55169 4.07604
v 30.79000 20.55029 4.23871
v 30.70000 20.53047 4.35503
v 30.76000 20.53112 4.40377
v 30.82000 20.53443 4.28649
v 30.76838 20.54109 4.48616
v 30.91250 20.54870 4.26141
v 30.94800 20.54027 4.38678
v 30.91219 20.54379 4.54001
v 30.82309 20.53367 4.62398
v 30.67976 20.52126 4.54379
v 30.62750 20.53028 4.58915
v 30.79082 20.52309 4.68831
v 30.93363 20.53179 4.69770
v 30.87666 20.54237 4.76219
v 31.02534 20.54487 4.73204
v 30.77938 20.52615 4.82721
v 30.93551 20.53790 4.87741
v 30.94752 20.53043 4.94423
v 31.08628 20.53080 5.10211
v 30.85938 20.52575 5.01813
v 31.00807 20.55208 4.84381
v 30.55253 20.52268 4.48012
v 30.71750 20.52713 4.75522
v 30.50000 20.52811 4.56761
v 30.48191 20.51493 4.65811
v 30.47000 20.50465 4.50211
v 30.42469 20.52111 4.58916
v 30.47164 20.52166 4.90785
v 30.50500 20.53137 4.75769
v 30.59750 20.53153 4.72286
v 30.57767 20.52227 4.89320
v 31.01488 20.54392 4.53947
v 31.00875 20.55088 4.34069
v 31.06682 20.53665 4.40561
v 30.47355 20.52774 4.44291
v 30.96754 20.52915 4.65470
v 30.96000 20.55544 4.22951
v 30.38000 20.50054 4.71099
v 30.34004 20.52058 4.80015
v 30.83925 20.54148 4.03926
v 30.32177 20.49876 4.81027
v 30.35343 20.51030 5.02135
v 30.31000 20.49251 4.95670
v 30.31805 20.49238 5.12985
v 30.29789 20.49583 4.78372
v 30.32048 20.49662 4.57275
v 30.27046 20.51928 4.59479
v 30.27014 20.51870 4.41705
v 30.21244 20.52031 4.54773
v 30.25554 20.52020 5.11316
v 30.25980 20.51868 4.94947
v 30.19502 20.52255 5.03879
v 30.31900 20.53205 5.15568
v 30.14000 20.50902 4.94064
v 30.23884 20.53404 5.20367
v 30.12983 20.49434 5.13827
v 30.50000 20.55101 5.17274
v 30.40498 20.52352 5.26643
v 30.73123 20.55733 5.22089
v 30.55995 20.54959 5.28182
v 30.81800 20.53650 5.27989
v 31.05540 20.56189 5.21080
v 31.06117 20.53498 5.30010
v 30.85247 20.56024 5.18791
v 30.67458 20.53155 5.14407
v 30.77679 20.51444 5.13890
v 30.68768 20.52492 5.02467
v 31.21775 20.55883 5.26953
v 30.97000 20.52580 5.14824
v 30.24708 20.51673 4.79824
v 31.27687 20.56925 5.20206
v 31.48166 20.55797 5.24718
v 31.44110 20.54270 5.11388
v 31.48565 20.50769 5.16518
v 31.60374 20.53904 5.17464
v 31.67773 20.57603 5.26435
v 31.52489 20.50827 5.15203
v 31.56841 20.56983 5.29011
v 31.74250 20.60000 5.34247
v 31.86246 20.59092 5.32232
v 31.86595 20.55966 5.18815
v 31.96000 20.58331 5.18395
v 31.27578 20.54934 5.08556
v 31.32985 20.55532 4.90712
v 31.20094 20.54930 4.86140
v 31.16250 20.55152 4.96939
v 31.13209 20.52358 5.06271
v 31.12362 20.49826 5.00496
v 31.33000 20.55452 4.68263
v 31.98812 20.54912 5.15719
v 31.08989 20.49944 5.01933
v 31.10675 20.51071 4.94092
v 31.20072 20.54225 5.15169
v 31.93000 20.60737 5.28186
v 32.07250 20.59763 5.29329
v 30.22520 20.51447 5.27980
v 30.04500 20.53401 5.20717
v 29.96625 20.52278 5.24018
v 29.95798 20.51894 5.09102
v 29.85943 20.51221 5.11468
v 29.88946 20.49870 5.07599
v 30.03597 20.50011 5.09882
v 29.98105 20.51253 4.89879
v 30.05760 20.51301 4.92826
v 29.76859 20.51954 5.16160
v 29.72937 20.50857 5.24400
v 29.54219 20.52244 5.21785
v 29.87012 20.48430 5.29477
v 30.13247 20.52989 5.29974
v 29.74543 20.51445 5.07720
v 29.60595 20.50340 5.28814
v 29.91000 20.51360 4.97041
v 31.03036 20.53810 5.04492
v 30.45750 20.51384 5.09420
v 29.97627 20.52801 5.29816
v 30.73918 20.54002 3.98385
v 30.82052 20.52133 4.04695
v 30.70022 20.52334 4.00087
v 30.61343 20.52418 3.67375
v 30.76000 20.50098 3.68560
v 30.73381 20.52484 3.74726
v 30.33972 20.51519 4.59096
v 30.79830 20.52324 3.54268
v 30.65500 20.52241 3.08274
v 29.80426 20.50120 2.48592
v 29.90050 20.47536 2.56587
v 30.00700 20.47909 2.49354
v 31.41500 20.52932 3.97853
v 29.84250 20.49984 2.62949
v 31.00502 20.54313 3.97373
v 31.10681 20.53791 3.72948
v 29.72443 20.50693 2.53876
v 31.14981 20.55541 3.41330
v 31.23875 20.55065 4.58091
v 29.76459 20.49551 2.72363
v 29.93354 20.51254 2.72627
v 29.76835 20.46674 2.76124
v 29.90307 20.47293 2.78361
v 29.74093 20.47770 2.80389
v 30.03053 20.48619 2.76584
v 30.05258 20.51638 2.83615
v 29.89700 20.48158 2.84625
v 31.30125 20.53262 4.18346
v 31.91077 20.55894 4.39947
v 29.92000 20.49254 3.66538
v 32.79145 20.57447 4.12877
v 32.37250 20.57587 4.41441
v 30.02573 20.49413 3.10666
v 30.01551 20.49677 3.24187
v 29.98565 20.51317 3.06631
v 30.05534 20.49499 3.02720
v 29.95406 20.48284 3.01756
v 29.78875 20.50885 3.06392
v 29.83000 20.47027 3.01987
v 29.70000 20.47120 2.99257
v 31.80313 20.53884 5.14618
v 31.54828 20.54432 3.67846
v 31.54272 20.51674 3.85610
v 31.50212 20.55349 3.94122
v 31.43722 20.55522 3.87422
v 31.58000 20.54959 3.88052
v 31.55116 20.52034 3.95455
v 31.52708 20.53909 3.90757
v 31.35000 20.57665 3.76295
v 30.15636 20.49914 1.75834
v 30.20454 20.49503 1.64165
v 29.71886 20.50092 2.25303
v 31.72750 20.52461 3.99371
v 31.86877 20.51681 3.76168
v 31.74319 20.51825 3.70463
v 31.71608 20.55615 4.08699
v 32.03306 20.52677 3.40377
v 31.72140 20.52167 3.82081
v 31.67601 20.52017 3.50621
v 32.18360 20.53613 3.56484
v 31.90699 20.51973 3.23891
v 31.60428 20.53863 2.78911
v 31.51883 20.53750 2.84750
v 31.48795 20.55790 2.67736
v 31.39011 20.56531 2.72337
v 31.64000 20.55036 2.73621
v 31.36500 20.52279 2.61792
v 31.28375 20.53253 2.67986
v 31.17083 20.54516 2.59136
v 31.19135 20.54351 2.49364
v 31.31210 20.53217 2.49481
v 31.22750 20.55346 2.40142
v 31.38151 20.54875 2.43319
v 31.31994 20.54543 2.34707
v 31.19125 20.53263 2.37443
v 31.20510 20.53420 2.32000
v 31.25757 20.51334 2.28324
v 31.09334 20.52867 2.32497
v 31.14294 20.54718 2.68771
v 31.07423 20.53820 2.58346
v 31.05690 20.53455 2.68287
v 31.08250 20.54624 2.76547
v 31.16528 20.54468 2.88575
v 31.27042 20.55001 2.79898
v 31.04855 20.53573 2.85696
v 31.26245 20.55943 2.90294
v 31.25143 20.53732 3.01154
v 31.16821 20.53966 3.11566
v 31.33000 20.55441 2.92263
v 31.11739 20.53854 2.98496
v 30.97974 20.53145 2.72668
v 31.33250 20.54968 2.82764
v 31.36885 20.54009 2.34347
v 31.48000 20.55103 2.60436
v 31.54000 20.51198 2.94493
v 31.69752 20.53078 2.79930
v 32.08953 20.53584 2.91211
v 32.15050 20.54349 2.80129
v 32.22260 20.55930 2.81141
v 32.00977 20.55338 2.79108
v 32.12500 20.57169 2.75172
v 32.29375 20.53076 2.18225
v 32.45293 20.54329 2.76601
v 32.17844 20.53519 2.58151
v 32.61575 20.55795 2.21196
v 32.17688 20.53553 2.67131
v 31.99547 20.52418 2.56917
v 31.93183 20.52254 2.64911
v 32.03473 20.56339 2.70310
v 31.77363 20.51457 2.56792
v 31.81796 20.55052 2.43519
v 31.74070 20.53215 2.43596
v 31.70589 20.55669 2.39143
v 31.58558 20.55447 2.41190
v 31.66046 20.53082 2.51953
v 31.78191 20.56256 2.69547
v 32.06750 20.53466 2.48027
v 32.07429 20.56244 2.44075
v 32.65113 20.56090 2.06998
v 32.58603 20.53992 1.65409
v 32.76134 20.60002 1.65680
v 30.00000 20.49402 2.00635
v 30.03937 20.50986 1.94631
v 30.11173 20.50061 2.06209
v 30.05337 20.47927 2.08052
v 30.17394 20.49714 2.10324
v 30.16018 20.48576 2.17402
v 30.07831 20.49333 2.15108
v 30.02494 20.48215 2.15155
v 30.18138 20.49369 1.99933
v 30.22888 20.50581 2.12256
v 32.39250 20.54965 5.15250
v 32.36259 20.57990 5.18432
v 32.43500 20.60164 5.26177
v 31.76750 20.53531 1.42665
v 32.25639 20.51149 1.55932
v 31.67779 20.52341 1.61784
v 31.68625 20.52379 1.74166
v 32.10592 20.52193 1.82165
v 32.15379 20.52873 2.30238
v 32.05000 20.52335 2.30243
v 32.16709 20.52526 2.11285
v 31.56533 20.55808 2.23420
v 31.38317 20.54240 1.64706
v 31.79984 20.55724 2.36213
v 29.58596 20.48461 1.86120
v 29.55049 20.47261 1.79006
v 29.54000 20.47451 2.00225
v 29.54488 20.46862 1.95488
v 29.38000 20.46336 2.01870
v 29.43500 20.49112 2.03958
v 29.26737 20.48710 2.03821
v 29.53089 20.49108 2.07208
v 30.49014 20.51368 3.34733
v 31.31806 20.51967 2.11618
v 31.20937 20.52635 2.20260
v 31.33062 20.53990 2.11758
v 32.54688 20.56107 3.34217
v 29.92438 20.48918 3.83072
v 31.05947 20.52603 2.22683
v 29.92604 20.47209 3.95780
v 29.88801 20.48136 4.08559
v 29.86681 20.47011 3.87596
v 30.47853 20.49571 2.31900
v 30.34392 20.50121 2.14999
v 30.39556 20.49652 2.12355
v 30.13500 20.50661 1.94866
v 30.47020 20.51381 2.91807
v 30.35711 20.47898 2.01218
v 29.94000 20.51322 4.06576
v 30.57435 20.51580 1.47305
v 30.53375 20.50745 1.77914
v 30.26000 20.50484 1.61332
v 30.12408 20.50326 1.21962
v 29.99331 20.50784 1.02596
v 29.99198 20.49316 1.05905
v 32.03431 20.56561 2.39540
v 29.75875 20.51900 5.30909
v 32.35625 20.55095 4.02861
v 32.28750 20.55389 3.29096
v 30.04728 20.51194 2.94026
v 32.47000 20.53345 3.99040
v 32.80709 20.57837 4.77110
v 32.83642 20.60000 4.75923
v 32.81789 20.59152 4.96178
v 32.75491 20.56307 4.95892
v 32.83297 20.58772 5.09920
v 32.77781 20.58394 5.20863
v 32.69312 20.57062 5.06620
v 32.81218 20.61599 5.19192
v 32.75065 20.60926 5.25889
v 32.64229 20.61087 5.30003
v 30.77932 20.54619 2.44606
v 32.66312 20.56938 5.18837
v 30.14500 20.50303 4.68004
v 30.11977 20.51227 4.47792
v 30.11520 20.51884 4.66059
v 29.97604 20.51228 4.52125
v 30.02811 20.51451 4.40705
v 29.86642 20.51377 4.46909
v 30.03062 20.51263 4.65060
v 29.90190 20.50708 4.40158
v 29.80035 20.49588 4.40530
v 29.80154 20.49882 4.29327
v 29.85224 20.48434 4.25905
v 29.99931 20.49223 4.31107
v 30.06000 20.48880 4.26704
v 29.75250 20.49571 4.19115
v 29.70690 20.50059 4.36260
v 29.68000 20.48094 4.14866
v 29.67000 20.48527 4.46607
v 29.61926 20.50135 4.48871
v 29.65000 20.48578 4.61209
v 29.61000 20.49374 4.04667
v 32.83933 20.59929 4.89440
v 29.96590 20.51505 4.72682
v 31.12020 20.53329 3.38297
v 31.18000 20.54974 3.30834
v 30.10062 20.51007 4.31371
v 31.09981 20.53327 3.27545
v 31.00051 20.51782 3.31815
v 31.54256 20.54382 4.51688
v 31.51250 20.53310 4.65073
v 30.38000 20.49159 2.33094
v 31.65037 20.53390 3.67370
v 31.56942 20.54330 3.51521
v 31.66522 20.53149 1.82800
v 29.74702 20.49009 4.53373
v 30.02386 20.47212 2.66620
v 30.78502 20.52168 3.73174
v 31.04749 20.53691 2.41586
v 31.98142 20.52633 3.19041
v 32.14968 20.53779 3.25075
v 31.97548 20.53368 3.13286
v 32.20924 20.54944 3.35145
v 30.44500 20.52085 4.36019
v 30.95498 20.54558 2.59571
v 30.91500 20.54120 2.72766
v 30.95248 20.53709 2.84448
v 30.89767 20.53889 2.56432
v 30.58264 20.52299 4.35897
v 30.85375 20.52692 2.63561
v 30.50368 20.50686 3.90563
v 30.88500 20.52507 2.43722
v 29.58891 20.48901 1.72922
v 30.94030 20.54317 2.42961
v 31.11437 20.54568 3.12734
v 31.25210 20.54053 1.92299
v 30.09397 20.52209 4.80332
v 31.52952 20.54063 3.11851
v 30.57750 20.51204 2.38095
v 30.44687 20.50952 1.36904
v 31.85588 20.54092 3.08760
v 32.33726 20.55986 4.36002
v 32.34240 20.52628 3.44386
v 31.08000 20.51093 1.02949
v 31.69869 20.51565 1.30698
v 30.61892 20.51999 1.90492
v 31.00934 20.53949 2.93177
v 32.04990 20.51355 1.28524
v 30.45375 20.51119 2.38695
v 32.28863 20.56579 2.75386
v 32.72979 20.56965 2.95650
v 31.08369 20.53859 1.17109
v 31.01590 20.54647 4.09888
v 31.07675 20.52220 1.71890
v 29.86392 20.47972 1.31366
v 29.95975 20.49854 1.27520
v 32.38708 20.52487 3.95395
v 32.69500 20.56364 2.64778
v 32.76301 20.58750 2.77829
v 32.78000 20.59925 2.69520
v 32.80101 20.59939 2.69754
v 32.80000 20.58061 2.67924
v 32.82000 20.56974 2.67906
v 32.84270 20.59864 2.76190
v 32.86141 20.57968 2.67990
v 30.24541 20.51851 3.95573
v 30.16377 20.51567 4.39021
v 29.72410 20.49262 0.42234
v 29.66476 20.50255 0.49685
v 29.72635 20.49286 0.56382
v 29.66005 20.48202 0.64691
v 29.52884 20.49235 0.56960
v 29.52227 20.50112 0.68043
v 29.58968 20.48342 0.70886
v 29.49252 20.47172 0.62333
v 29.32812 20.49037 0.67300
v 29.70577 20.49600 0.65232
v 29.73567 20.49670 0.79291
v 29.60119 20.49229 0.42597
v 30.45000 20.48171 0.64324
v 31.53508 20.53265 3.31419
v 32.72726 20.56246 4.08978
v 32.19563 20.56857 3.14561
v 31.04875 20.50905 0.65479
v 30.30000 20.49342 4.11526
v 31.12139 20.54559 4.80632
v 30.43055 20.50693 1.14793
v 30.63500 20.53292 4.91301
v 30.66910 20.53935 4.75125
v 30.45375 20.49533 2.43469
v 31.25030 20.53902 3.43277
v 29.87464 20.48207 0.82604
v 31.87516 20.57644 2.75086
v 30.98715 20.53675 2.06856
v 29.48487 20.47569 0.35966
v 29.50449 20.48544 0.40977
v 29.22543 20.47106 0.34195
v 29.27687 20.45973 0.45052
v 29.42239 20.48613 0.49209
v 30.26008 20.51210 3.11474
v 32.78401 20.57093 2.56818
v 32.84330 20.57558 2.58618
v 32.40570 20.50292 0.75394
v 32.21562 20.52951 3.43764
v 30.97931 20.55032 2.50116
v 30.55560 20.52045 3.57936
v 32.10125 20.53397 0.92785
v 29.98000 20.48445 0.40604
v 32.78222 20.59371 2.92879
v 32.80748 20.60044 3.01029
v 32.44983 20.54552 3.44080
v 30.14434 20.48762 0.13572
v 30.06317 20.49008 0.01290
v 30.00656 20.48610 0.05763
v 30.01128 20.49938 0.22224
v 30.96500 20.52858 1.39819
v 30.51582 20.50322 0.59246
v 30.98000 20.50560 3.05827
v 30.85188 20.51616 2.98428
v 30.84714 20.53736 2.85654
v 30.84834 20.52197 3.05478
v 30.85625 20.53707 3.07695
v 30.81065 20.52205 2.90208
v 30.71954 20.52044 2.86835
v 30.66509 20.49582 2.88978
v 30.64318 20.50405 2.78190
v 29.54033 20.47778 0.49392
v 29.45834 20.47027 0.54907
v 29.42068 20.50335 5.27485
v 29.33724 20.50871 5.29740
v 29.31500 20.50103 5.21870
v 29.19064 20.47553 5.27669
v 29.18019 20.49246 5.21154
v 29.10320 20.46638 5.19228
v 29.26073 20.50024 5.17583
v 29.26967 20.46612 5.15119
v 29.34966 20.48761 5.17068
v 29.26923 20.48291 5.03698
v 29.40031 20.49217 5.06511
v 29.25023 20.48565 4.89697
v 29.44750 20.48716 4.94282
v 29.39260 20.49430 4.87514
v 29.46470 20.47986 5.10810
v 29.59000 20.51156 4.99657
v 29.62844 20.49358 4.92689
v 29.65000 20.50830 4.83105
v 29.45744 20.49577 4.79909
v 29.56270 20.49255 5.06825
v 29.26500 20.49006 4.76007
v 29.24000 20.49646 4.71734
v 29.16168 20.49536 4.68148
v 29.07482 20.47862 4.81401
v 29.11375 20.49176 4.61583
v 29.07918 20.48174 4.51534
v 29.06000 20.45057 4.75485
v 29.05451 20.45851 4.44514
v 29.12575 20.47559 4.35193
v 29.10558 20.46609 4.22384
v 29.14706 20.48620 4.28927
v 29.04500 20.47158 4.10236
v 29.14212 20.47389 4.12308
v 29.09888 20.48343 4.06511
v 29.32250 20.48990 4.07824
v 29.26326 20.47891 4.14470
v 29.14394 20.46718 4.04787
v 29.18500 20.46708 4.23895
v 29.37024 20.48381 4.20124
v 29.41518 20.49232 4.10847
v 29.37701 20.46680 4.05116
v 29.48031 20.47446 4.10265
v 29.41995 20.48261 4.34760
v 29.44000 20.49479 4.27592
v 29.46000 20.48114 3.99979
v 29.54812 20.49471 4.07289
v 29.52577 20.49734 4.24255
v 29.48000 20.48709 4.31508
v 29.08073 20.45161 4.05325
v 29.20848 20.47717 4.40681
v 29.19565 20.46358 4.98929
v 29.48431 20.51320 5.17298
v 32.21167 20.56196 4.59308
v 31.88000 20.50478 1.27634
v 32.23000 20.51545 1.13061
v 32.33356 20.54104 2.45898
v 30.68235 20.52632 2.38512
v 31.47279 20.55603 4.09110
v 31.54000 20.54181 4.08863
v 29.13817 20.43920 5.19848
v 29.11000 20.45290 5.09634
v 31.02909 20.52729 1.60838
v 32.75100 20.60039 2.48706
v 31.43500 20.55575 2.82635
v 30.48963 20.51424 3.60240
v 30.46571 20.49785 3.73319
v 30.60250 20.50959 1.35374
v 31.20500 20.51587 0.60600
v 31.27713 20.49453 0.64238
v 31.98750 20.50789 1.13256
v 30.93103 20.50086 3.94266
v 30.84000 20.53142 3.84921
v 30.81030 20.51909 3.87106
v 31.49948 20.55677 2.42165
v 30.73328 20.51518 0.81852
v 31.53171 20.52019 3.55124
v 31.40588 20.49230 0.63399
v 31.54173 20.52961 3.46501
v 29.10439 20.45737 4.93408
v 32.71758 20.56128 0.95801
v 32.31371 20.56888 3.37139
v 29.81889 20.48971 0.61624
v 30.15500 20.51237 2.47835
v 30.52625 20.52922 3.81730
v 29.61836 20.46238 1.66629
v 29.55634 20.47943 4.79023
v 29.60250 20.50412 4.74377
v 29.71070 20.49736 4.75726
v 29.80849 20.51027 4.74425
v 29.80706 20.48298 4.73322
v 29.61000 20.48334 4.68659
v 31.35901 20.53042 2.25133
v 29.21375 20.46645 4.65678
v 29.26957 20.48319 4.48981
v 29.34094 20.48229 4.70908
v 30.92876 20.52453 3.23897
v 29.78210 20.50455 4.92703
v 29.97014 20.47691 2.43616
v 32.49038 20.50732 0.73564
v 30.45500 20.51281 2.79572
v 31.30673 20.55576 2.72848
v 30.47500 20.48693 0.98456
v 29.76641 20.47982 0.02210
v 29.94000 20.48869 0.08559
v 30.84010 20.53995 3.44055
v 30.63167 20.51652 3.28038
v 31.63611 20.52851 3.95778
v 31.66000 20.52616 2.64822
v 32.67730 20.53315 0.75259
v 30.95510 20.54089 2.30313
v 30.46497 20.49880 3.80213
v 31.65090 20.54449 3.82132
v 32.72202 20.55261 0.71681
v 32.68000 20.56356 0.69572
v 32.50517 20.53409 0.73311
v 32.73256 20.56000 0.79317
v 32.13455 20.56032 4.39694
v 31.92813 20.54624 2.84315
v 30.10000 20.51588 5.06770
v 31.47212 20.58083 2.32334
v 30.16654 20.47984 2.25912
v 30.85000 20.52715 3.17681
v 31.39812 20.54334 4.59276
v 32.59000 20.52481 1.45828
v 32.64246 20.54262 1.33533
v 30.72321 20.51918 3.84610
v 31.10464 20.52693 0.94236
v 31.54518 20.54504 2.64402
v 32.08692 20.53534 4.35252
v 32.05000 20.55865 4.21086
v 31.22000 20.51962 0.74774
v 30.84260 20.51281 3.12146
v 32.26093 20.54333 2.40156
v 30.10781 20.47714 0.48114
v 31.47994 20.56315 2.17278
v 31.09260 20.54208 4.24104
v 32.55180 20.58024 5.23731
v 30.00000 20.50917 0.35646
v 30.77952 20.53521 3.86476
v 30.41562 20.50368 1.04939
v 31.41250 20.53960 2.16354
v 31.73500 20.51402 1.19907
v 30.69578 20.51786 0.68267
v 30.53778 20.49417 0.63622
v 30.11851 20.51925 2.83893
v 31.99567 20.51921 0.84915
v 30.12000 20.49855 3.82783
v 31.97938 20.54316 1.08211
v 29.84000 20.48932 3.74439
v 29.77900 20.50735 3.75879
v 29.77398 20.49072 3.91745
v 29.71387 20.48635 3.80520
v 29.72375 20.46874 4.00159
v 29.66000 20.46935 3.86208
v 32.82250 20.58955 2.27909
v 32.87516 20.61064 2.33213
v 32.93011 20.58052 2.32106
v 32.92000 20.58139 2.29955
v 31.33627 20.55357 3.81568
v 32.55384 20.55789 4.04667
v 31.06250 20.53621 3.19439
v 30.56625 20.53629 5.11643
v 32.89042 20.61170 2.26336
v 32.92988 20.60000 2.28016
v 30.35653 20.51060 4.41288
v 30.70114 20.50521 2.98491
v 31.06332 20.52759 4.94041
v 29.68047 20.49984 5.12179
v 30.30442 20.50143 4.33191
v 31.56314 20.54081 1.64289
v 30.96465 20.52992 3.95263
v 29.96123 20.50430 2.08346
v 31.00250 20.55507 3.08876
v 30.92571 20.54195 4.08899
v 30.90000 20.51016 3.99932
v 32.08000 20.54265 1.99117
v 31.14278 20.54340 4.57141
v 30.68032 20.51120 1.40469
v 32.29031 20.51174 1.68125
v 29.46388 20.46876 0.20534
v 29.57526 20.52057 0.34206
v 29.62990 20.50414 0.20187
v 29.35891 20.47254 0.31388
v 29.23000 20.47074 0.17950
v 29.33251 20.46105 0.17740
v 29.67375 20.46698 0.28473
v 29.22543 20.47106 0.34195
v 29.18000 20.44598 0.35621
v 32.45504 20.51828 1.54876
v 32.58603 20.53992 1.65409
v 32.59000 20.52481 1.45828
v 32.61344 20.56181 2.01194
v 32.70789 20.59263 2.06111
v 32.71255 20.57917 1.92930
v 32.76406 20.59845 2.02467
v 32.65113 20.56090 2.06998
v 32.74318 20.59659 2.10324
v 32.75608 20.63082 2.06561
v 32.48945 20.54826 1.39798
v 32.64910 20.54830 1.43230
v 32.64246 20.54262 1.33533
v 32.59000 20.52481 1.45828
v 32.63459 20.56078 2.14025
v 32.65113 20.56090 2.06998
v 32.59931 20.56175 2.08599
v 32.62765 20.54029 2.13889
v 32.59931 20.56175 2.08599
v 32.51562 20.53559 2.08589
v 32.53219 20.53795 2.19396
v 32.61575 20.55795 2.21196
v 32.63459 20.56078 2.14025
v 32.29031 20.51174 1.68125
v 32.44750 20.51007 1.72014
v 32.45504 20.51828 1.54876
v 32.56863 20.52121 1.61432
v 32.16709 20.52526 2.11285
v 32.21004 20.53363 2.01258
v 32.08000 20.54265 1.99117
v 32.15000 20.52588 2.21191
v 32.30259 20.53695 2.29440
v 32.29375 20.53076 2.18225
v 32.15379 20.52873 2.30238
v 32.16709 20.52526 2.11285
v 32.15379 20.52873 2.30238
v 31.88000 20.50983 2.24885
v 32.05000 20.52335 2.30243
v 31.90750 20.57191 2.34930
v 32.16809 20.55437 2.36077
v 32.03431 20.56561 2.39540
v 31.79984 20.55724 2.36213
v 31.81796 20.55052 2.43519
v 31.47212 20.58083 2.32334
v 31.56533 20.55808 2.23420
v 31.47994 20.56315 2.17278
v 31.39695 20.55890 2.28848
v 31.36885 20.54009 2.34347
v 31.35901 20.53042 2.25133
v 31.41250 20.53960 2.16354
v 31.33062 20.53990 2.11758
v 31.47212 20.58083 2.32334
v 31.58558 20.55447 2.41190
v 31.65857 20.56312 2.33463
v 31.49948 20.55677 2.42165
v 31.54518 20.54504 2.64402
v 30.16377 20.51567 4.39021
v 30.27014 20.51870 4.41705
v 30.27014 20.51770 4.22197
v 30.30442 20.50143 4.33191
v 30.10062 20.51007 4.31371
v 30.16377 20.51567 4.39021
v 30.03555 20.50291 4.13949
v 30.06000 20.48880 4.26704
v 29.88801 20.48136 4.08559
v 29.94000 20.51322 4.06576
v 29.85224 20.48434 4.25905
v 29.79587 20.50089 4.10394
v 29.80154 20.49882 4.29327
v 29.75250 20.49571 4.19115
v 29.68000 20.48094 4.14866
v 29.72375 20.46874 4.00159
v 29.77398 20.49072 3.91745
v 29.86681 20.47011 3.87596
v 30.09397 20.52209 4.80332
v 29.96590 20.51505 4.72682
v 29.98105 20.51253 4.89879
v 29.87191 20.52056 4.80768
v 29.80849 20.51027 4.74425
v 29.80706 20.48298 4.73322
v 29.78210 20.50455 4.92703
v 29.77000 20.49636 4.66360
v 29.74702 20.49009 4.53373
v 29.65000 20.48578 4.61209
v 29.91000 20.51360 4.97041
v 29.66000 20.50454 4.67235
v 29.61000 20.48334 4.68659
v 29.61926 20.50135 4.48871
v 30.10000 20.51588 5.06770
v 30.09397 20.52209 4.80332
v 30.05760 20.51301 4.92826
v 29.74543 20.51445 5.07720
v 29.78210 20.50455 4.92703
v 29.62844 20.49358 4.92689
v 29.59000 20.51156 4.99657
v 29.56270 20.49255 5.06825
v 29.68047 20.49984 5.12179
v 29.34094 20.48229 4.70908
v 29.45744 20.49577 4.79909
v 29.39935 20.48305 4.62847
v 29.26957 20.48319 4.48981
v 29.55634 20.47943 4.79023
v 29.51668 20.49555 4.64183
v 29.50190 20.49218 4.51713
v 29.43822 20.49794 4.53717
v 29.38689 20.50284 4.45665
v 29.31679 20.48335 4.40887
v 29.20848 20.47717 4.40681
v 29.60250 20.50412 4.74377
v 29.34000 20.47602 4.35193
v 29.20922 20.46778 4.33673
v 29.41995 20.48261 4.34760
v 29.48000 20.48709 4.31508
v 29.58161 20.50177 4.45608
v 29.18500 20.46708 4.23895
v 29.61000 20.48334 4.68659
v 29.44000 20.49479 4.27592
v 29.14706 20.48620 4.28927
v 29.52577 20.49734 4.24255
v 29.54812 20.49471 4.07289
v 29.26326 20.47891 4.14470
v 29.10558 20.46609 4.22384
v 29.14212 20.47389 4.12308
v 29.37701 20.46680 4.05116
v 29.46000 20.48114 3.99979
v 29.31741 20.47004 3.99901
v 29.46344 20.46578 3.94627
v 29.32250 20.48990 4.07824
v 29.54812 20.49471 4.07289
v 29.11000 20.45290 5.09634
v 29.10439 20.45737 4.93408
v 29.07482 20.47862 4.81401
v 30.27614 20.50968 4.04091
v 30.30000 20.49342 4.11526
v 30.27124 20.51323 3.78866
v 30.24541 20.51851 3.95573
v 30.16362 20.50257 3.91988
v 30.12000 20.49855 3.82783
v 30.57435 20.51580 1.47305
v 30.71312 20.51080 1.57289
v 30.68032 20.51120 1.40469
v 30.56005 20.51291 1.58521
v 30.66813 20.51332 1.67018
v 30.60008 20.51671 1.77723
v 30.53375 20.50745 1.77914
v 30.53806 20.50748 1.96295
v 30.74250 20.50794 1.46838
v 30.82000 20.49175 1.41627
v 30.61892 20.51999 1.90492
v 30.95184 20.51623 1.54048
v 30.96271 20.50114 1.42777
v 31.03503 20.53042 1.51281
v 31.02909 20.52729 1.60838
v 30.68032 20.51120 1.40469
v 30.96500 20.52858 1.39819
v 30.84696 20.52077 1.36446
v 30.96500 20.52858 1.39819
v 31.03375 20.52722 1.34901
v 30.92802 20.52563 1.26128
v 31.03252 20.52383 1.13996
v 30.88363 20.51991 1.16366
v 31.08369 20.53859 1.17109
v 31.12888 20.53041 1.05416
v 31.08000 20.51093 1.02949
v 30.64006 20.49811 0.32462
v 30.73211 20.51825 0.54625
v 30.83729 20.50715 0.35287
v 30.76937 20.50475 0.08182
v 30.95344 20.50154 0.25717
v 30.65568 20.49645 0.16681
v 29.90489 20.48590 0.18009
v 30.01128 20.49938 0.22224
v 29.94000 20.48869 0.08559
v 30.15255 20.49811 1.38154
v 30.26000 20.50484 1.61332
v 30.25328 20.50340 1.30596
v 30.12408 20.50326 1.21962
v 30.36250 20.50697 1.23769
v 30.51125 20.50766 1.25512
v 30.43055 20.50693 1.14793
v 30.44687 20.50952 1.36904
v 30.15636 20.49914 1.75834
v 30.25375 20.50675 1.82888
v 30.26000 20.50484 1.61332
v 30.13500 20.50661 1.94866
v 29.99198 20.49316 1.05905
v 30.12408 20.50326 1.21962
v 30.13936 20.49667 1.06548
v 29.97908 20.49420 1.20783
v 29.95975 20.49854 1.27520
v 30.01752 20.48977 1.32168
v 29.78727 20.47839 1.24224
v 29.90263 20.47425 1.13379
v 31.30462 20.53883 1.48839
v 31.17279 20.53766 1.53817
v 31.26064 20.53811 1.71498
v 31.38317 20.54240 1.64706
v 31.15781 20.52820 1.70798
v 31.25210 20.54053 1.92299
v 31.14013 20.51897 1.82762
v 31.07675 20.52220 1.71890
v 31.46812 20.53557 1.36910
v 31.56750 20.53544 1.34845
v 31.52858 20.53653 1.22738
v 31.58099 20.53156 1.45149
v 31.69869 20.51565 1.30698
v 31.44618 20.53841 1.41742
v 31.47000 20.54630 1.55673
v 31.56314 20.54081 1.64289
v 31.76750 20.53531 1.42665
v 30.96500 20.50446 1.66808
v 31.07675 20.52220 1.71890
v 31.08652 20.51443 1.65959
v 31.02909 20.52729 1.60838
v 30.68235 20.52632 2.38512
v 30.73310 20.53314 2.42176
v 30.72140 20.52744 2.30874
v 30.77932 20.54619 2.44606
v 29.73567 20.49670 0.79291
v 29.87464 20.48207 0.82604
v 29.81889 20.48971 0.61624
v 29.94500 20.48365 0.95061
v 30.64055 20.50033 0.89397
v 30.47500 20.48693 0.98456
v 30.70041 20.49967 0.98455
v 30.72000 20.52723 0.95525
v 30.73328 20.51518 0.81852
v 31.76844 20.52579 1.09054
v 31.73500 20.51402 1.19907
v 31.98750 20.50789 1.13256
v 31.97938 20.54316 1.08211
v 30.20743 20.50066 0.50166
v 30.28000 20.49357 0.57974
v 30.28000 20.48276 0.33967
v 30.16053 20.48491 0.39099
v 30.10781 20.47714 0.48114
v 30.19028 20.51340 0.67876
v 29.88784 20.48902 0.37864
v 30.00000 20.50917 0.35646
v 30.01128 20.49938 0.22224
v 31.10464 20.52693 0.94236
v 31.16062 20.53200 0.93741
v 31.09249 20.52881 0.80486
v 31.08000 20.51093 1.02949
v 31.24878 20.51825 0.87663
v 31.22000 20.51962 0.74774
v 31.39000 20.50485 0.75815
v 31.15240 20.52054 0.72043
v 31.22000 20.51962 0.74774
v 31.46000 20.52702 0.72405
v 30.97282 20.53920 2.22915
v 31.05947 20.52603 2.22683
v 30.98715 20.53675 2.06856
v 30.95510 20.54089 2.30313
v 31.12250 20.53171 2.04931
v 31.09334 20.52867 2.32497
v 31.05947 20.52603 2.22683
v 31.25757 20.51334 2.28324
v 31.20937 20.52635 2.20260
v 31.35901 20.53042 2.25133
v 31.04749 20.53691 2.41586
v 30.95510 20.54089 2.30313
v 30.94030 20.54317 2.42961
v 30.97931 20.55032 2.50116
v 30.81297 20.54454 2.73573
v 30.95248 20.53709 2.84448
v 30.91500 20.54120 2.72766
v 30.85375 20.52692 2.63561
v 30.84714 20.53736 2.85654
v 30.81065 20.52205 2.90208
v 30.75541 20.53603 2.56337
v 30.77932 20.54619 2.44606
v 30.88500 20.52507 2.43722
v 30.83749 20.52884 2.25136
v 30.95510 20.54089 2.30313
v 30.64318 20.50405 2.78190
v 30.57812 20.52189 2.73392
v 30.79134 20.52897 2.70739
v 30.45500 20.51281 2.79572
v 31.25143 20.53732 3.01154
v 31.16821 20.53966 3.11566
v 31.22521 20.53677 3.13849
v 31.28474 20.55488 3.05840
v 31.30072 20.55216 3.11804
v 31.30778 20.56935 3.16253
v 31.26644 20.56261 3.25284
v 31.33000 20.55441 2.92263
v 31.50000 20.53970 3.04463
v 31.51883 20.53750 2.84750
v 31.43000 20.55404 3.08637
v 31.54000 20.51198 2.94493
v 31.52952 20.54063 3.11851
v 31.43500 20.55575 2.82635
v 31.30673 20.55576 2.72848
v 31.18000 20.54974 3.30834
v 31.11437 20.54568 3.12734
v 31.25030 20.53902 3.43277
v 31.43656 20.52924 1.04190
v 31.60312 20.53333 1.09074
v 31.59740 20.54687 1.02575
v 31.76844 20.52579 1.09054
v 32.19252 20.52303 0.78218
v 31.99567 20.51921 0.84915
v 32.10125 20.53397 0.92785
v 32.27641 20.53082 0.89003
v 32.28288 20.53630 0.99486
v 32.41000 20.52849 0.96976
v 32.53033 20.51886 0.85000
v 32.40570 20.50292 0.75394
v 32.49038 20.50732 0.73564
v 30.63167 20.51652 3.28038
v 30.65500 20.52241 3.08274
v 30.57340 20.51611 3.08854
v 30.55560 20.52045 3.57936
v 30.63840 20.52151 3.45674
v 30.49014 20.51368 3.34733
v 30.48963 20.51424 3.60240
v 30.63167 20.51652 3.28038
v 30.52625 20.52922 3.81730
v 30.48634 20.52318 3.74551
v 30.46571 20.49785 3.73319
v 30.46497 20.49880 3.80213
v 30.45500 20.51281 2.79572
v 30.70114 20.50521 2.98491
v 30.66509 20.49582 2.88978
v 30.19627 20.50916 2.97226
v 30.23036 20.51517 2.82772
v 30.11851 20.51925 2.83893
v 30.16187 20.50029 2.76835
v 30.10500 20.51830 3.07732
v 30.19564 20.50078 3.16366
v 30.26008 20.51210 3.11474
v 30.09006 20.51698 2.72759
v 30.05258 20.51638 2.83615
v 30.03053 20.48619 2.76584
v 29.93354 20.51254 2.72627
v 30.02386 20.47212 2.66620
v 30.18516 20.50125 3.35739
v 30.26954 20.51732 3.52787
v 30.26008 20.51210 3.11474
v 30.20969 20.51650 3.50842
v 30.28613 20.50468 2.31269
v 30.38000 20.49159 2.33094
v 30.34392 20.50121 2.14999
v 30.22888 20.50581 2.12256
v 30.32005 20.50451 2.00481
v 30.39556 20.49652 2.12355
v 30.16654 20.47984 2.25912
v 30.46748 20.50748 2.07710
v 30.48008 20.50203 2.17367
v 30.18138 20.49369 1.99933
v 30.46317 20.50332 2.03668
v 30.13500 20.50661 1.94866
v 29.90050 20.47536 2.56587
v 30.02386 20.47212 2.66620
v 30.10875 20.49425 2.59767
v 30.00700 20.47909 2.49354
v 30.15500 20.51237 2.47835
v 30.11979 20.49782 2.41987
v 29.97014 20.47691 2.43616
v 30.16654 20.47984 2.25912
v 30.07831 20.49333 2.15108
v 30.02405 20.49512 2.28165
v 30.02494 20.48215 2.15155
v 29.96123 20.50430 2.08346
v 30.32044 20.50416 2.42779
v 30.45375 20.51119 2.38695
v 30.38000 20.49159 2.33094
v 30.47853 20.49571 2.31900
v 30.45375 20.49533 2.43469
v 30.65500 20.52241 3.08274
v 30.85625 20.53707 3.07695
v 30.70114 20.50521 2.98491
v 30.84260 20.51281 3.12146
v 31.00250 20.55507 3.08876
v 31.50883 20.54413 3.24249
v 31.59924 20.54125 3.14072
v 31.52952 20.54063 3.11851
v 31.53508 20.53265 3.31419
v 32.18360 20.53613 3.56484
v 32.16090 20.52703 3.73295
v 32.36344 20.53363 3.67801
v 32.38708 20.52487 3.95395
v 32.21562 20.52951 3.43764
v 32.20924 20.54944 3.35145
v 32.28750 20.55389 3.29096
v 32.14968 20.53779 3.25075
v 32.19563 20.56857 3.14561
v 32.31371 20.56888 3.37139
v 32.34240 20.52628 3.44386
v 32.05196 20.56118 3.09089
v 32.21562 20.52951 3.43764
v 31.97548 20.53368 3.13286
v 31.85588 20.54092 3.08760
v 32.72726 20.56246 4.08978
v 32.76082 20.55655 4.20838
v 32.76752 20.56947 3.89759
v 32.79145 20.57447 4.12877
v 30.58611 20.49891 2.43277
v 30.68235 20.52632 2.38512
v 30.57750 20.51204 2.38095
v 30.45375 20.49533 2.43469
v 31.64000 20.55036 2.73621
v 31.66000 20.52616 2.64822
v 31.54518 20.54504 2.64402
v 31.78191 20.56256 2.69547
v 31.87516 20.57644 2.75086
v 31.87000 20.57734 2.69085
v 32.03473 20.56339 2.70310
v 32.12500 20.57169 2.75172
v 32.28863 20.56579 2.75386
v 29.95406 20.48284 3.01756
v 30.04728 20.51194 2.94026
v 29.89700 20.48158 2.84625
v 29.83250 20.47202 2.88417
v 29.83000 20.47027 3.01987
v 29.70000 20.47120 2.99257
v 29.74093 20.47770 2.80389
v 29.64487 20.49045 2.93352
v 29.76641 20.47982 0.02210
v 29.86466 20.50196 0.11605
v 30.00656 20.48610 0.05763
v 31.41500 20.52932 3.97853
v 31.43722 20.55522 3.87422
v 31.33627 20.55357 3.81568
v 31.50212 20.55349 3.94122
v 31.47279 20.55603 4.09110
v 31.54000 20.54181 4.08863
v 31.55116 20.52034 3.95455
v 31.52708 20.53909 3.90757
v 31.58331 20.54622 4.07908
v 31.58000 20.54959 3.88052
v 31.63611 20.52851 3.95778
v 31.65090 20.54449 3.82132
v 31.71608 20.55615 4.08699
v 31.91750 20.54153 4.15176
v 31.87213 20.53426 4.30865
v 32.08692 20.53534 4.35252
v 31.58000 20.54809 4.20301
v 31.54000 20.52559 4.24248
v 32.05000 20.55865 4.21086
v 31.57904 20.54821 4.34550
v 32.03156 20.55428 4.46543
v 32.35878 20.55676 4.56769
v 32.13455 20.56032 4.39694
v 32.21167 20.56196 4.59308
v 31.12139 20.54559 4.80632
v 31.20094 20.54930 4.86140
v 31.14278 20.54340 4.57141
v 31.01488 20.54392 4.53947
v 31.02534 20.54487 4.73204
v 30.96754 20.52915 4.65470
v 31.06682 20.53665 4.40561
v 31.17422 20.54945 4.39265
v 31.09260 20.54208 4.24104
v 31.16500 20.54998 4.13067
v 31.08125 20.54379 4.05629
v 31.01590 20.54647 4.09888
v 31.00875 20.55088 4.34069
v 31.44110 20.54270 5.11388
v 31.54125 20.54228 5.02474
v 31.32985 20.55532 4.90712
v 31.33000 20.55452 4.68263
v 31.48565 20.50769 5.16518
v 31.52750 20.54579 4.83677
v 31.58000 20.55890 4.89555
v 31.47750 20.55213 4.73184
v 31.39812 20.54334 4.59276
v 31.23875 20.55065 4.58091
v 31.68203 20.54335 5.07007
v 31.74088 20.53725 4.94483
v 31.51250 20.53310 4.65073
v 31.52489 20.50827 5.15203
v 31.80313 20.53884 5.14618
v 31.58887 20.55715 4.74898
v 31.60374 20.53904 5.17464
v 31.78000 20.56695 4.76785
v 31.71236 20.54167 4.66443
v 31.79510 20.56083 4.70709
v 32.00362 20.56919 4.72551
v 31.36000 20.52663 4.28288
v 31.30125 20.53262 4.18346
v 31.21814 20.53943 4.16864
v 32.43499 20.55105 5.04240
v 32.55180 20.58024 5.23731
v 32.66312 20.56938 5.18837
v 32.65562 20.57041 4.88550
v 32.50009 20.55197 4.88853
v 32.40000 20.53603 4.91466
v 32.69312 20.57062 5.06620
v 32.75491 20.56307 4.95892
v 32.72820 20.57117 4.78260
v 32.66442 20.58074 4.76741
v 31.03036 20.53810 5.04492
v 30.85938 20.52575 5.01813
v 30.97000 20.52580 5.14824
v 31.08628 20.53080 5.10211
v 31.05540 20.56189 5.21080
v 30.77679 20.51444 5.13890
v 30.68768 20.52492 5.02467
v 30.66910 20.53935 4.75125
v 30.77938 20.52615 4.82721
v 30.71750 20.52713 4.75522
v 30.63500 20.53292 4.91301
v 30.56625 20.53629 5.11643
v 31.20072 20.54225 5.15169
v 31.13209 20.52358 5.06271
v 31.08989 20.49944 5.01933
v 30.62750 20.53028 4.58915
v 30.48191 20.51493 4.65811
v 30.59750 20.53153 4.72286
v 30.55253 20.52268 4.48012
v 30.67976 20.52126 4.54379
v 30.59233 20.53932 4.41269
v 30.76838 20.54109 4.48616
v 30.76000 20.53112 4.40377
v 30.70000 20.53047 4.35503
v 30.47355 20.52774 4.44291
v 30.44500 20.52085 4.36019
v 30.35653 20.51060 4.41288
v 30.58264 20.52299 4.35897
v 30.46000 20.48057 4.33184
v 30.70000 20.51876 4.25996
v 30.58434 20.52025 4.13556
v 30.50000 20.51954 4.19056
v 32.55384 20.55789 4.04667
v 32.47000 20.53345 3.99040
v 32.35625 20.55095 4.02861
v 32.38708 20.52487 3.95395
v 31.80313 20.53884 5.14618
v 31.98812 20.54912 5.15719
v 31.99883 20.53536 5.10482
v 32.16062 20.58380 5.27132
v 31.96000 20.58331 5.18395
v 32.07250 20.59763 5.29329
v 32.29274 20.62062 5.32030
v 32.43500 20.60164 5.26177
v 32.23738 20.54000 5.12539
v 30.79830 20.52324 3.54268
v 30.84000 20.53449 3.73673
v 30.84010 20.53995 3.44055
v 30.78502 20.52168 3.73174
v 30.81030 20.51909 3.87106
v 30.77952 20.53521 3.86476
v 30.82052 20.52133 4.04695
v 30.83925 20.54148 4.03926
v 30.84000 20.53142 3.84921
v 30.93103 20.50086 3.94266
v 30.90000 20.51016 3.99932
v 31.06332 20.52759 4.94041
v 31.08628 20.53080 5.10211
v 31.10000 20.51886 4.99422
v 31.10337 20.51895 5.02510
v 31.10675 20.51071 4.94092
v 31.16250 20.55152 4.96939
v 31.12139 20.54559 4.80632
v 30.32048 20.49662 4.57275
v 30.33972 20.51519 4.59096
v 30.35653 20.51060 4.41288
v 32.64229 20.61087 5.30003
v 32.55180 20.58024 5.23731
v 32.43500 20.60164 5.26177
v 31.16000 20.54209 0.70035
v 31.04875 20.50905 0.65479
v 31.00782 20.52777 0.69995
v 31.27713 20.49453 0.64238
v 31.40588 20.49230 0.63399
v 31.10675 20.51071 4.94092
v 31.12139 20.54559 4.80632
v 31.06332 20.52759 4.94041
v 32.71907 20.55033 3.29227
v 32.75494 20.55821 3.38563
v 32.79134 20.57939 3.34377
v 32.71970 20.55232 3.44803
v 32.75930 20.58000 3.50844
v 31.76875 20.55203 0.69578
v 31.71938 20.54043 0.70700
v 31.74065 20.55075 0.70728
v 22.34386 20.28030 2.92387
v 22.00125 20.26454 2.91862
v 22.14956 20.29039 2.98131
v 22.17000 20.31172 3.02706
v 22.36250 20.31048 2.99759
v 22.44014 20.28917 2.94969
v 22.62391 20.32171 2.99100
v 22.63937 20.29149 2.92072
v 22.81250 20.30365 2.95828
v 22.00562 20.29594 2.99031
v 22.81969 20.30733 2.84331
v 22.60500 20.31497 2.84835
v 22.50658 20.29734 2.85401
v 22.90788 20.32296 2.68838
v 22.80437 20.31308 2.71645
v 22.66742 20.32161 2.66344
v 22.85212 20.31129 2.61844
v 22.55937 20.30306 2.62761
v 22.70375 20.29207 2.57592
v 22.79812 20.30739 2.39209
v 22.65582 20.30384 2.41523
v 22.48156 20.31773 2.31676
v 22.44856 20.29960 2.42390
v 22.29750 20.30718 2.31381
v 22.23125 20.30210 2.39206
v 22.85375 20.32212 2.32066
v 22.81990 20.30003 2.26870
v 22.92969 20.32714 2.14547
v 22.97929 20.33452 2.30156
v 22.83582 20.29823 2.00267
v 22.73306 20.29799 2.20425
v 22.51875 20.29183 2.17411
v 22.67840 20.30054 2.03327
v 22.46594 20.29488 1.95711
v 22.97125 20.33022 2.43061
v 22.24017 20.29556 2.49079
v 22.02266 20.29654 2.40508
v 22.04000 20.27002 2.52628
v 22.18047 20.27953 2.62735
v 22.29303 20.28684 2.60771
v 22.11659 20.30165 2.65130
v 22.88500 20.31614 1.88986
v 22.82859 20.29393 1.73758
v 22.88347 20.30956 1.61039
v 22.82054 20.29782 1.47027
v 22.64000 20.29396 1.64825
v 22.65500 20.28454 1.43820
v 22.96000 20.32881 1.50212
v 22.92875 20.32020 1.36567
v 23.02000 20.33937 1.42993
v 23.02000 20.33705 1.40990
v 22.60751 20.28217 1.55557
v 22.54760 20.29947 1.45829
v 22.48000 20.28250 1.85265
v 22.34502 20.27769 1.71475
v 22.36618 20.28596 1.46277
v 22.23882 20.27681 1.63076
v 22.11000 20.26809 1.73145
v 22.04000 20.28871 1.63647
v 21.95161 20.27781 1.64437
v 21.98000 20.29340 1.78635
v 22.03698 20.27631 1.87530
v 21.93901 20.28239 1.85863
v 22.22831 20.28208 1.93790
v 22.47875 20.28078 1.42359
v 21.80529 20.28300 1.78774
v 21.81425 20.29878 2.42041
v 21.86784 20.30223 2.31512
v 21.70117 20.30255 2.33954
v 21.74071 20.27841 2.57690
v 21.67374 20.29688 2.46874
v 21.65626 20.29261 2.63613
v 21.62029 20.29582 2.35138
v 21.52828 20.27705 2.45602
v 23.00125 20.33027 1.69914
v 21.66980 20.29586 2.23270
v 22.19682 20.27696 1.44704
v 21.76000 20.29551 2.58579
v 22.05812 20.30391 2.32312
v 21.91499 20.27767 2.60630
v 23.01698 20.33851 2.22361
v 22.36875 20.31704 2.68642
v 21.72296 20.29154 2.19893
v 22.46837 20.28217 2.25095
v 21.62445 20.29499 2.53446
v 22.51062 20.29552 2.53912
v 22.92022 20.31372 1.99678
v 22.60867 20.31636 2.73525
v 22.62219 20.28779 1.76805
v 21.88290 20.27756 2.23093
v 21.83687 20.29467 2.09848
v 21.76704 20.29631 1.93003
v 21.88875 20.29660 1.99114
v 21.99744 20.27949 2.15620
v 21.68741 20.29284 2.07574
v 23.03550 20.31963 1.52448
v 23.02000 20.34142 1.44995
v 23.06750 20.33079 1.42749
v 23.08000 20.33638 1.49009
v 23.10500 20.33622 1.61017
v 23.08000 20.33755 1.47010
v 22.12192 20.29806 2.27488
v 22.95958 20.33128 2.00964
v 21.99510 20.27730 1.46936
v 22.01007 20.28314 2.26767
v 22.38750 20.28770 1.77493
v 22.08735 20.28405 1.99467
v 22.23060 20.30857 2.73591
v 23.04625 20.32543 1.92861
v 23.06268 20.33391 1.79501
v 23.11500 20.34122 1.77463
v 23.08000 20.34380 1.69017
v 23.12000 20.34709 1.93034
v 23.10954 20.34264 1.95093
v 23.10000 20.34228 1.97292
v 23.12000 20.34342 1.97030
v 23.16130 20.35399 1.90556
v 23.12000 20.33807 2.03024
v 21.88750 20.27513 2.94070
v 21.81562 20.28935 3.01337
v 21.68521 20.28758 1.78169
v 21.69004 20.28753 1.65016
v 22.71250 20.29104 1.38849
v 22.70812 20.31379 1.36366
v 22.35062 20.30353 1.36883
v 22.43249 20.30930 1.30695
v 22.08057 20.29824 1.36699
v 21.99375 20.30082 1.30643
v 22.17000 20.27703 1.27661
v 21.93039 20.28391 1.28597
v 22.02501 20.27087 1.16611
v 22.14064 20.28567 1.20320
v 22.35529 20.27809 1.22237
v 22.29334 20.27315 1.09706
v 22.54794 20.27952 1.14798
v 22.45375 20.27195 1.05686
v 22.65749 20.27857 1.04762
v 22.76812 20.28564 1.13574
v 22.87000 20.31215 1.04915
v 22.11676 20.26741 1.06014
v 21.79344 20.29559 1.33587
v 21.84219 20.28397 1.20526
v 22.47688 20.29099 1.28328
v 21.71794 20.27830 1.19817
v 21.66500 20.28706 1.29321
v 21.66000 20.27699 1.16535
v 21.66430 20.27903 1.04025
v 21.54410 20.25745 1.07749
v 21.49125 20.25042 1.14966
v 21.34438 20.24164 1.08367
v 21.34812 20.25127 1.19931
v 21.09250 20.25436 1.11373
v 21.09349 20.25284 1.26203
v 20.93000 20.24943 1.28330
v 21.04812 20.24405 1.06353
v 20.76000 20.23400 1.08477
v 21.64062 20.28991 1.35542
v 21.46000 20.26471 1.28472
v 21.68500 20.28805 1.50677
v 21.79200 20.29267 1.45675
v 21.90609 20.27345 1.41334
v 21.53103 20.25468 1.24838
v 21.77875 20.28634 1.02075
v 21.88000 20.29796 1.46613
v 23.05113 20.34127 2.06255
v 21.83907 20.29806 1.89366
v 22.07274 20.27546 1.38575
v 21.92390 20.26524 1.10367
v 23.08000 20.34041 2.13013
v 23.09938 20.33800 2.13951
v 23.12000 20.33817 2.13024
v 23.07935 20.33901 2.15936
v 23.10000 20.33465 2.17014
v 23.19734 20.33239 2.22162
v 22.03500 20.30902 2.22666
v 22.00250 20.31023 2.71408
v 22.88847 20.32168 2.46530
v 22.79322 20.29871 1.27352
v 22.93875 20.32070 1.22259
v 22.92812 20.32648 0.98555
v 23.03851 20.32298 1.17287
v 23.02500 20.32635 1.03480
v 23.12000 20.33513 1.05521
v 23.12000 20.33362 1.30145
v 23.04000 20.34319 1.01003
v 23.08500 20.34434 1.30019
v 23.02000 20.34174 1.00995
v 23.03095 20.34169 0.98952
v 23.04000 20.32544 1.32984
v 23.06002 20.34177 2.12976
v 23.04000 20.32107 0.97095
v 23.06000 20.34195 0.98788
v 23.06150 20.32163 0.97035
v 23.08000 20.34292 0.98965
v 23.08000 20.34215 1.01075
v 23.10915 20.34254 0.99081
v 22.23784 20.28009 2.25309
v 23.02000 20.33813 1.34991
v 23.04000 20.33894 1.34999
v 23.06000 20.33992 1.35006
v 23.08000 20.33888 1.35012
v 23.10000 20.33820 1.35018
v 23.12000 20.33998 1.35026
v 23.06000 20.34272 1.00901
v 22.28524 20.28222 1.39078
v 21.81656 20.28732 1.62585
v 22.07710 20.27988 2.17913
v 23.12000 20.33513 1.05521
v 23.10915 20.34254 0.99081
v 23.08000 20.34215 1.01075
v 23.06000 20.34272 1.00901
v 23.00125 20.33027 1.69914
v 23.06268 20.33391 1.79501
v 23.06000 20.33622 1.65002
v 22.48000 20.28250 1.85265
v 22.46594 20.29488 1.95711
v 22.62219 20.28779 1.76805
v 22.38750 20.28770 1.77493
v 22.22831 20.28208 1.93790
v 22.07710 20.27988 2.17913
v 21.90609 20.27345 1.41334
v 21.99510 20.27730 1.46936
v 22.07274 20.27546 1.38575
v 21.88000 20.29796 1.46613
v 21.88875 20.29660 1.99114
v 22.08735 20.28405 1.99467
v 21.93901 20.28239 1.85863
v 21.83907 20.29806 1.89366
v 21.76704 20.29631 1.93003
v 21.83907 20.29806 1.89366
v 21.80529 20.28300 1.78774
v 21.69004 20.28753 1.65016
v 21.81656 20.28732 1.62585
v 21.68500 20.28805 1.50677
v 22.29303 20.28684 2.60771
v 22.55937 20.30306 2.62761
v 22.51062 20.29552 2.53912
v 22.36875 20.31704 2.68642
v 22.60867 20.31636 2.73525
v 22.23060 20.30857 2.73591
v 22.50658 20.29734 2.85401
v 22.81969 20.30733 2.84331
v 21.65626 20.29261 2.63613
v 21.62445 20.29499 2.53446
v 21.52828 20.27705 2.45602
v 21.45500 20.26481 2.62471
v 21.35000 20.27144 2.47451
v 21.27156 20.26735 2.53428
v 21.11662 20.25934 2.61195
v 21.04125 20.25816 2.54391
v 20.79500 20.25556 2.52459
v 20.97375 20.26213 2.43916
v 21.34812 20.25127 1.19931
v 21.46000 20.26471 1.28472
v 21.53103 20.25468 1.24838
v 22.88847 20.32168 2.46530
v 22.90788 20.32296 2.68838
v 22.97125 20.33022 2.43061
v 19.73335 20.25999 4.05056
v 19.69922 20.22445 3.98576
v 19.59583 20.21955 3.98508
v 19.52571 20.22156 3.86235
v 19.56763 20.26032 4.04586
v 19.79000 20.22264 4.04054
v 19.48738 20.22081 3.98350
v 19.81019 20.21772 3.91624
v 19.81863 20.25482 4.05603
v 19.35121 20.25856 4.04004
v 19.34711 20.23513 3.93552
v 19.25378 20.24472 3.95670
v 19.30037 20.24842 4.08496
v 19.31625 20.25186 3.84250
v 19.23555 20.24446 4.16665
v 19.22000 20.24781 4.06980
v 19.22000 20.25200 3.89984
v 19.09261 20.23491 3.99487
v 19.01779 20.22997 4.01941
v 19.08500 20.23110 3.59192
v 19.10781 20.21872 3.46934
v 19.17115 20.26044 3.25983
v 19.20030 20.26017 3.45364
v 19.13997 20.23637 3.73455
v 19.07622 20.22387 3.82309
v 19.15036 20.22697 4.11574
v 19.16000 20.23671 4.29960
v 19.22378 20.25541 4.35425
v 19.09500 20.20807 4.20923
v 19.04468 20.22959 4.35837
v 19.04750 20.24575 4.40009
v 19.25015 20.24042 3.77141
v 19.27695 20.23648 3.67494
v 19.34750 20.24216 3.45122
v 18.99864 20.21060 4.15897
v 19.27099 20.23764 3.43229
v 19.38782 20.24361 3.75631
v 19.14000 20.22085 3.83942
v 19.21030 20.25316 3.67780
v 19.24939 20.24220 3.30980
v 19.56577 20.22953 3.72831
v 19.79230 20.21934 3.78071
v 19.96089 20.22841 3.98858
v 20.04375 20.21736 3.96808
v 20.03125 20.23523 3.82372
v 19.93548 20.23365 3.70455
v 19.80031 20.23028 3.50884
v 20.03719 20.24804 3.58041
v 19.99688 20.23757 3.40795
v 19.65438 20.22659 3.35891
v 19.77122 20.25245 3.28840
v 19.51625 20.22492 3.24575
v 19.50906 20.22614 3.39200
v 19.80250 20.25657 3.18720
v 19.84845 20.24800 3.12801
v 19.67072 20.23129 3.13312
v 19.40346 20.23655 3.22940
v 20.12513 20.23736 3.45080
v 20.03007 20.24439 3.29637
v 20.19780 20.24577 3.59198
v 20.31496 20.24284 3.48708
v 20.21487 20.22077 3.72875
v 20.40333 20.26768 3.64585
v 20.34849 20.24448 3.72431
v 20.23000 20.21001 3.81139
v 20.43260 20.26860 3.46464
v 20.49791 20.27790 3.74584
v 20.51500 20.27353 3.48759
v 20.47992 20.26198 3.93928
v 20.45955 20.25373 3.33699
v 20.50500 20.26991 3.28316
v 20.48444 20.26150 3.15734
v 20.42430 20.26778 3.22234
v 20.41239 20.25068 3.10482
v 20.34375 20.25906 3.13190
v 20.25207 20.23715 3.08425
v 20.22291 20.22242 3.12077
v 20.12000 20.20523 3.10112
v 20.34033 20.26392 3.04628
v 20.42665 20.25888 3.02079
v 19.79304 20.25665 3.05628
v 20.22350 20.26081 2.99692
v 19.77760 20.25632 3.01275
v 20.07000 20.23147 2.94417
v 19.77875 20.22721 2.95243
v 19.57562 20.24375 2.99630
v 19.56000 20.21162 2.94008
v 19.64812 20.22896 2.88096
v 19.47111 20.22212 2.92001
v 19.32233 20.24843 2.89471
v 19.43516 20.23708 3.00989
v 19.46989 20.25120 3.05091
v 19.88875 20.23304 2.90120
v 20.10000 20.24313 2.87143
v 19.89875 20.25687 2.83615
v 19.94265 20.24345 2.76111
v 20.10000 20.22964 2.81130
v 20.22000 20.23548 2.90161
v 20.17625 20.23464 2.96819
v 19.63063 20.26187 3.06214
v 20.23019 20.24012 2.80819
v 20.12930 20.26724 2.77216
v 20.09957 20.26010 2.76158
v 20.10002 20.26022 2.74158
v 20.15280 20.25231 2.74124
v 20.29030 20.23649 2.76111
v 20.36901 20.25611 2.81545
v 20.08388 20.25062 2.73032
v 20.46875 20.27036 3.04871
v 20.65603 20.26561 3.16295
v 20.32472 20.24453 3.21951
v 20.17135 20.21805 3.92813
v 20.09437 20.23282 3.68423
v 20.32250 20.24690 3.35943
v 20.20098 20.24099 3.27064
v 20.29601 20.26009 3.28214
v 20.60237 20.25638 3.09537
v 20.55125 20.26895 2.99513
v 19.97872 20.21517 3.16887
v 20.47145 20.25751 2.90901
v 19.78521 20.23435 3.09036
v 20.52913 20.24925 2.93182
v 20.54910 20.23709 2.85500
v 20.33018 20.22088 3.92670
v 20.17500 20.23718 3.16153
v 19.46250 20.22482 3.16525
v 19.44000 20.20343 3.09979
v 19.64391 20.22942 3.59587
v 20.42624 20.26925 3.34986
v 20.19713 20.23288 3.99688
v 20.07375 20.25401 3.99661
v 20.26142 20.22071 4.04796
v 20.32142 20.24603 2.96067
v 19.85500 20.23114 4.01631
v 20.46647 20.25520 2.77078
v 19.56864 20.21334 3.10979
v 19.94812 20.25059 4.04256
v 19.24018 20.21666 3.44320
v 19.30001 20.25378 3.09511
v 20.54445 20.25860 2.82752
v 19.96089 20.22841 3.98858
v 20.07375 20.25401 3.99661
v 20.17135 20.21805 3.92813
v 19.94812 20.25059 4.04256
v 19.14000 20.22085 3.83942
v 19.22000 20.25200 3.89984
v 19.13997 20.23637 3.73455
v 19.21030 20.25316 3.67780
v 19.24018 20.21666 3.44320
v 19.25015 20.24042 3.77141
v 19.27695 20.23648 3.67494
v 19.27099 20.23764 3.43229
v 19.34750 20.24216 3.45122
v 19.64391 20.22942 3.59587
v 19.50906 20.22614 3.39200
v 19.40346 20.23655 3.22940
v 19.30001 20.25378 3.09511
v 20.03125 20.23523 3.82372
v 20.21487 20.22077 3.72875
v 20.09437 20.23282 3.68423
v 20.17135 20.21805 3.92813
v 20.32250 20.24690 3.35943
v 20.42624 20.26925 3.34986
v 20.32472 20.24453 3.21951
v 20.29601 20.26009 3.28214
v 20.20098 20.24099 3.27064
v 20.17500 20.23718 3.16153
v 20.42665 20.25888 3.02079
v 20.47145 20.25751 2.90901
v 20.36901 20.25611 2.81545
v 20.32142 20.24603 2.96067
v 20.46647 20.25520 2.77078
v 19.43516 20.23708 3.00989
v 19.23687 20.25102 3.02423
v 19.30001 20.25378 3.09511
v 19.20030 20.26017 3.45364
v 19.22177 20.23597 3.44691
v 19.24939 20.24220 3.30980
v 19.21030 20.25316 3.67780
v 19.24018 20.21666 3.44320
v 19.79304 20.25665 3.05628
v 19.56864 20.21334 3.10979
v 19.78521 20.23435 3.09036
v 19.56864 20.21334 3.10979
v 19.46989 20.25120 3.05091
v 19.44000 20.20343 3.09979
v 19.30001 20.25378 3.09511
v 32.72737 20.67982 5.29418
v 32.64229 20.61087 5.30003
v 32.78433 20.67329 5.24100
v 32.43500 20.60164 5.26177
v 32.39543 20.63513 5.30425
v 32.29274 20.62062 5.32030
v 32.81218 20.61599 5.19192
v 32.75065 20.60926 5.25889
v 23.52714 20.66255 5.30212
v 23.72000 20.60000 5.30890
v 23.67000 20.56000 5.25767
v 23.48539 20.63554 5.32140
v 23.48051 20.56854 5.27169
v 23.56634 20.44496 5.27763
v 23.84000 20.54000 5.27892
v 23.73645 20.42397 5.27874
v 23.39768 20.47505 5.27787
v 23.76000 20.39108 5.25334
v 23.63375 20.39247 5.21424
v 23.26881 20.56000 5.27703
v 23.20061 20.45686 5.26570
v 23.36555 20.41065 5.22723
v 23.91000 20.43675 5.27532
v 23.15731 20.59010 5.24689
v 23.43000 20.62041 5.31238
v 23.52000 20.40156 5.27064
v 23.84000 20.68000 5.28925
v 23.82500 20.59000 5.30218
v 23.12000 20.50000 5.27908
v 23.10000 20.53000 5.27908
v 23.10000 20.50000 5.27737
v 23.04750 20.50250 5.28057
v 23.08000 20.48000 5.27850
v 23.09069 20.55952 5.27494
v 23.14202 20.36439 5.26690
v 23.12000 20.40000 5.28118
v 23.06000 20.46000 5.27787
v 23.08599 20.46000 5.27343
v 23.04000 20.46000 5.28188
v 23.02000 20.46000 5.28526
v 23.20974 20.34985 5.25585
v 23.12000 20.42000 5.27769
v 23.10000 20.48000 5.27680
v 23.10000 20.42000 5.28032
v 23.08000 20.41714 5.28601
v 23.26993 20.60769 5.32875
v 23.22036 20.61473 5.30204
v 23.89100 20.40531 5.24730
v 24.02245 20.41495 5.29024
v 24.02520 20.57637 5.27254
v 24.10500 20.43000 5.26753
v 24.18000 20.50000 5.26268
v 24.28000 20.42000 5.28518
v 24.37250 20.46607 5.27765
v 24.48257 20.40557 5.29634
v 24.52000 20.48375 5.31170
v 24.40590 20.51500 5.29879
v 24.47211 20.61843 5.33441
v 24.44860 20.68000 5.33087
v 24.54567 20.56089 5.30703
v 24.55853 20.60419 5.38505
v 24.64418 20.55027 5.27087
v 24.53014 20.66167 5.35973
v 24.62500 20.41012 5.30781
v 24.76000 20.42000 5.31192
v 24.75423 20.56802 5.25982
v 24.90150 20.56389 5.27529
v 24.99875 20.47755 5.28865
v 25.03884 20.61000 5.26474
v 25.21851 20.58482 5.28458
v 25.23862 20.47964 5.31112
v 25.09875 20.45000 5.30885
v 25.33749 20.68061 5.25536
v 25.12750 20.67672 5.28047
v 25.75062 20.52180 5.28016
v 25.53000 20.44000 5.31485
v 25.74896 20.42991 5.29762
v 25.88212 20.46048 5.27959
v 25.93034 20.41906 5.25422
v 26.07125 20.43693 5.29194
v 26.19875 20.55875 5.28190
v 25.95437 20.59156 5.26410
v 26.46484 20.49992 5.26559
v 26.36000 20.62000 5.28645
v 26.28000 20.44000 5.28646
v 26.58000 20.44000 5.27931
v 26.63000 20.52000 5.24409
v 25.60658 20.67061 5.26496
v 25.36707 20.42341 5.29945
v 24.86247 20.40798 5.29334
v 25.12822 20.41953 5.30802
v 26.54000 20.66000 5.27010
v 26.87912 20.64000 5.27455
v 26.79000 20.53000 5.26008
v 26.86771 20.53899 5.28257
v 27.05750 20.65250 5.29103
v 27.02374 20.50562 5.29196
v 26.89051 20.44986 5.29433
v 27.13500 20.59250 5.28402
v 27.17858 20.47456 5.29752
v 27.21877 20.57281 5.30582
v 27.24090 20.52644 5.26924
v 27.32520 20.50906 5.27536
v 27.29000 20.49978 5.26263
v 27.26000 20.64000 5.32212
v 27.08178 20.43303 5.28882
v 27.40225 20.61986 5.27663
v 26.75500 20.44883 5.29846
v 24.98000 20.63000 5.24329
v 24.95020 20.67500 5.27687
v 24.75277 20.62017 5.38163
v 25.71206 20.64000 5.28534
v 26.24187 20.63861 5.26980
v 23.94687 20.66333 5.26928
v 23.98976 20.66464 5.29174
v 24.63756 20.59953 5.42528
v 23.08599 20.46000 5.27343
v 23.10000 20.48000 5.27680
v 23.20061 20.45686 5.26570
v 23.02000 20.37382 5.26944
v 23.06000 20.44000 5.27876
v 23.05939 20.41967 5.28847
v 23.14202 20.36439 5.26690
v 23.03102 20.44000 5.28718
v 23.08000 20.41714 5.28601
v 23.10000 20.42000 5.28032
v 23.12000 20.42000 5.27769
v 23.21000 20.58000 5.23738
v 23.22036 20.61473 5.30204
v 23.26881 20.56000 5.27703
v 23.15731 20.59010 5.24689
v 22.43407 20.27083 4.61155
v 22.53750 20.31201 4.66482
v 22.49875 20.29389 4.59304
v 22.68058 20.29479 4.65844
v 22.78543 20.34002 4.68856
v 22.79014 20.29995 4.63889
v 22.47625 20.33103 4.68814
v 22.89493 20.33152 4.58568
v 22.39095 20.26972 4.55368
v 22.38500 20.24595 4.60700
v 22.30429 20.26084 4.55409
v 22.33236 20.28735 4.66249
v 22.62818 20.27041 4.58831
v 22.88688 20.33548 4.44695
v 22.97085 20.33963 4.58544
v 22.95354 20.33680 4.38108
v 22.78875 20.33297 4.35911
v 22.70481 20.31980 4.45798
v 22.96223 20.33764 4.69718
v 22.89791 20.33132 4.73968
v 23.02000 20.35065 4.65004
v 23.04492 20.35747 4.67020
v 23.06000 20.34814 4.69015
v 23.10500 20.34255 4.70524
v 23.08000 20.34807 4.69021
v 23.06466 20.35900 4.67004
v 22.83788 20.31897 4.33440
v 22.64000 20.32262 4.34255
v 22.84762 20.29223 4.27164
v 22.88951 20.32942 4.24939
v 22.82817 20.25221 4.20339
v 22.82625 20.29977 4.17820
v 22.78247 20.29927 4.12798
v 22.74618 20.28706 4.15619
v 22.62250 20.33674 4.06863
v 22.70000 20.33793 4.04889
v 22.90000 20.33356 4.03447
v 23.02036 20.31602 4.39368
v 23.01179 20.33569 4.52986
v 23.01991 20.33786 4.55996
v 23.02000 20.34090 4.58994
v 23.05500 20.32955 4.54494
v 23.04000 20.33709 4.58997
v 23.04000 20.33433 4.56994
v 22.59869 20.32433 4.00279
v 22.74025 20.29473 4.22177
v 22.51980 20.33074 4.08314
v 23.06000 20.33210 4.56998
v 23.06000 20.33451 4.59000
v 23.01455 20.31548 4.26227
v 23.02634 20.33979 4.61563
v 23.03077 20.34259 4.71015
v 23.11125 20.33541 4.57738
v 23.02000 20.33351 4.50986
v 23.01872 20.33621 4.46364
v 22.39154 20.31966 4.00660
v 22.42847 20.31882 4.08066
v 22.36143 20.27954 4.06756
v 22.22937 20.28773 4.06842
v 22.23250 20.31578 4.08497
v 22.10235 20.31350 4.00426
v 21.94500 20.29317 4.04626
v 21.97632 20.31886 4.08575
v 21.86000 20.31574 4.08625
v 22.12235 20.30024 4.20764
v 22.09446 20.26712 4.27165
v 22.18260 20.27276 4.24977
v 22.20535 20.23942 4.28716
v 22.25847 20.26756 4.27424
v 22.27000 20.30000 4.33940
v 22.11000 20.27882 4.32849
v 22.33500 20.28113 4.30797
v 22.36497 20.32093 4.33774
v 22.52250 20.29097 4.30727
v 22.54469 20.32348 4.35392
v 21.90000 20.27761 4.31048
v 22.42184 20.27538 4.26055
v 22.15875 20.28509 4.16426
v 21.74551 20.30455 4.04959
v 23.04000 20.32866 4.50988
v 23.08549 20.32110 4.53736
v 23.08000 20.35578 4.67030
v 22.45967 20.30457 4.17992
v 23.06875 20.32298 4.50991
v 21.79506 20.29606 4.26475
v 21.72393 20.30265 4.15576
v 21.73051 20.30639 4.41863
v 21.70024 20.30085 4.30666
v 21.67087 20.28523 4.27494
v 21.62917 20.26093 4.35113
v 21.76000 20.30817 4.38591
v 21.68805 20.30581 4.43195
v 21.66719 20.30141 4.58271
v 21.63433 20.27616 4.46402
v 21.63222 20.29539 4.37131
v 21.73000 20.31495 4.68090
v 21.61563 20.30696 4.69604
v 21.93643 20.30657 4.35383
v 21.68998 20.27607 4.06542
v 21.77520 20.29554 4.58708
v 22.66856 20.29162 4.56344
v 21.86500 20.28477 4.54596
v 21.98105 20.29708 4.47740
v 22.11687 20.27203 4.60623
v 22.16437 20.29143 4.54262
v 22.18000 20.32010 4.40424
v 22.32177 20.29995 4.50226
v 22.32375 20.32805 4.38766
v 21.98635 20.27865 4.65306
v 21.86000 20.30364 4.68331
v 22.50442 20.27736 4.26080
v 23.10000 20.31812 4.49012
v 23.08000 20.32097 4.48148
v 23.12500 20.33034 4.44018
v 23.12000 20.32075 4.48748
v 23.08000 20.32367 4.44995
v 23.08000 20.32567 4.42998
v 23.06000 20.33072 4.40996
v 21.99000 20.31705 4.40131
v 22.52361 20.30274 4.50739
v 23.04125 20.35134 4.64200
v 23.06000 20.33765 4.61004
v 22.93742 20.33803 4.78097
v 23.02000 20.34852 4.73002
v 22.64939 20.27480 4.52407
v 22.27693 20.29871 4.14530
v 22.61540 20.28864 4.24752
v 22.26274 20.26206 4.60779
v 22.38500 20.24595 4.60700
v 22.30429 20.26084 4.55409
v 22.33236 20.28735 4.66249
v 22.11687 20.27203 4.60623
v 22.16437 20.29143 4.54262
v 22.16245 20.31994 4.68385
v 22.47625 20.33103 4.68814
v 21.98635 20.27865 4.65306
v 22.32177 20.29995 4.50226
v 21.86000 20.30364 4.68331
v 22.45967 20.30457 4.17992
v 22.52250 20.29097 4.30727
v 22.61540 20.28864 4.24752
v 22.64000 20.32262 4.34255
v 22.54469 20.32348 4.35392
v 22.62812 20.33588 4.40864
v 22.36497 20.32093 4.33774
v 22.32375 20.32805 4.38766
v 22.52361 20.30274 4.50739
v 22.70481 20.31980 4.45798
v 22.64939 20.27480 4.52407
v 22.14709 20.31643 4.34755
v 22.18000 20.32010 4.40424
v 21.99000 20.31705 4.40131
v 21.93643 20.30657 4.35383
v 21.90000 20.27761 4.31048
v 22.59000 20.25431 4.54769
v 22.78875 20.33297 4.35911
v 22.11000 20.27882 4.32849
v 22.09446 20.26712 4.27165
v 22.27000 20.30000 4.33940
v 22.62818 20.27041 4.58831
v 23.01991 20.33786 4.55996
v 23.04000 20.33709 4.58997
v 23.11125 20.33541 4.57738
v 23.06000 20.33765 4.61004
v 23.04125 20.35134 4.64200
v 23.01455 20.31548 4.26227
v 22.95000 20.33231 4.14647
v 22.95354 20.33680 4.38108
v 22.52361 20.30274 4.50739
v 22.32177 20.29995 4.50226
v 22.49875 20.29389 4.59304
v 23.02036 20.31602 4.39368
v 23.08000 20.32097 4.48148
v 23.08000 20.32367 4.44995
v 23.08000 20.32567 4.42998
v 23.06000 20.33072 4.40996
v 23.04000 20.33251 4.38992
v 23.02000 20.33000 4.36983
v 23.11125 20.33541 4.57738
v 23.12000 20.32075 4.48748
v 23.10000 20.31812 4.49012
v 22.39095 20.26972 4.55368
v 22.32177 20.29995 4.50226
v 22.26274 20.26206 4.60779
v 23.01872 20.33621 4.46364
v 23.06875 20.32298 4.50991
v 23.06009 20.32194 4.48987
v 22.23250 20.31578 4.08497
v 22.22937 20.28773 4.06842
v 21.97632 20.31886 4.08575
v 22.15875 20.28509 4.16426
v 22.27693 20.29871 4.14530
v 24.06673 20.67290 5.27103
v 24.38953 20.67246 5.25048
v 24.27000 20.66000 5.26945
v 24.02520 20.57637 5.27254
v 24.17053 20.59042 5.28455
v 24.40590 20.51500 5.29879
v 24.18000 20.50000 5.26268
v 24.26571 20.51744 5.28970
v 24.37250 20.46607 5.27765
v 19.31250 20.25392 4.21751
v 19.26449 20.21703 4.16947
v 19.28000 20.24050 4.23843
v 19.30037 20.24842 4.08496
v 19.44678 20.21586 4.16179
v 19.35121 20.25856 4.04004
v 19.46000 20.22413 4.10001
v 19.61219 20.21634 4.13448
v 19.58067 20.20720 4.20386
v 19.46818 20.19896 4.22128
v 19.56763 20.26032 4.04586
v 19.67699 20.21226 4.18355
v 19.23555 20.24446 4.16665
v 19.79910 20.20885 4.14312
v 19.81807 20.22321 4.18023
v 19.88364 20.18769 4.18728
v 19.81863 20.25482 4.05603
v 19.93990 20.22952 4.10897
v 19.93586 20.21165 4.26855
v 19.97884 20.17953 4.26093
v 19.53489 20.21535 4.30904
v 20.03250 20.23537 4.28809
v 19.39724 20.23264 4.26646
v 20.09004 20.20700 4.23263
v 19.73875 20.21666 4.28390
v 20.06000 20.22731 4.34120
v 20.16000 20.23716 4.24150
v 20.21325 20.21141 4.21177
v 20.13000 20.18621 4.17097
v 20.22525 20.21418 4.15516
v 20.21777 20.25500 4.06178
v 20.34663 20.23612 4.15982
v 20.09875 20.23364 4.05134
v 20.03212 20.22569 4.11641
v 20.00000 20.24018 4.08119
v 19.98000 20.25079 4.08138
v 20.04457 20.18011 4.23142
v 19.22378 20.25541 4.35425
v 19.92000 20.23905 4.34512
v 20.01493 20.26502 4.37103
v 20.12918 20.24767 4.39109
v 19.86824 20.26060 4.38666
v 20.01224 20.24996 4.44184
v 19.87882 20.25516 4.45359
v 19.98131 20.22050 4.53342
v 20.07043 20.22151 4.48100
v 20.02748 20.22949 4.57566
v 19.95154 20.19890 4.56024
v 19.94954 20.22282 4.60829
v 20.15187 20.25991 4.68298
v 19.98212 20.25926 4.71978
v 20.24404 20.25740 4.74348
v 20.39746 20.27333 4.68358
v 19.94432 20.26869 4.76652
v 19.83726 20.24877 4.72607
v 20.25000 20.27588 4.76204
v 20.25328 20.25444 4.89193
v 20.43447 20.27627 4.86461
v 20.36750 20.27075 4.99850
v 19.69149 20.25353 4.79128
v 19.72000 20.25906 4.73800
v 19.70000 20.25903 4.73814
v 19.88750 20.22301 4.90082
v 19.69812 20.22726 4.89111
v 19.50068 20.26105 4.76171
v 19.48000 20.22322 4.88004
v 19.53240 20.23150 5.00498
v 19.38180 20.23740 4.92996
v 19.55000 20.24579 5.14037
v 19.36000 20.24517 5.06002
v 19.46634 20.23101 5.18927
v 19.67000 20.26246 5.14211
v 19.82875 20.25134 5.10675
v 19.27767 20.21532 4.87476
v 19.28750 20.24931 5.08024
v 19.26958 20.24614 4.98010
v 19.67465 20.24749 5.17447
v 19.75699 20.23569 4.98740
v 19.32179 20.25849 4.78507
v 19.37500 20.22406 5.17986
v 19.72000 20.24046 4.72084
v 19.22804 20.25836 4.88852
v 20.46546 20.26840 5.05404
v 20.36347 20.26982 5.12271
v 20.44029 20.24466 5.14922
v 20.45000 20.29253 5.17263
v 20.30875 20.29093 5.18231
v 20.36875 20.29459 5.25452
v 20.63224 20.28184 5.24510
v 20.19990 20.28250 5.23005
v 20.06750 20.28222 5.17895
v 20.02054 20.28480 5.24960
v 19.89875 20.27949 5.20098
v 20.02730 20.25692 5.15129
v 19.90000 20.25560 5.16676
v 19.87482 20.30862 5.29352
v 19.86677 20.27318 5.23879
v 20.03768 20.31875 5.28494
v 20.49792 20.25000 5.11549
v 20.53556 20.23273 5.07940
v 20.51389 20.30936 5.27606
v 20.28141 20.32000 5.28223
v 20.17732 20.32607 5.24186
v 20.12656 20.26331 5.15405
v 20.69664 20.29879 5.19171
v 20.86000 20.34000 5.28180
v 20.49360 20.26608 4.95780
v 20.44055 20.28056 4.76072
v 20.91500 20.30585 5.24282
v 19.75844 20.24870 4.39142
v 19.88937 20.24632 4.65853
v 20.15312 20.24894 4.53128
v 19.68000 20.25975 4.72772
v 19.66000 20.25845 4.73654
v 19.72899 20.24814 4.47671
v 19.71976 20.22006 4.46046
v 19.68609 20.22868 4.57235
v 19.51000 20.23493 4.60520
v 19.40215 20.22990 4.54316
v 19.50502 20.23572 4.70791
v 19.61062 20.23884 4.71081
v 19.40000 20.21725 4.68747
v 19.31455 20.25289 4.67501
v 19.30625 20.25184 4.50561
v 20.16500 20.25307 4.32165
v 20.22750 20.26216 4.41008
v 19.21000 20.25296 5.06233
v 19.15750 20.24447 4.81526
v 19.22005 20.25585 4.69992
v 19.11375 20.25725 4.73470
v 19.14000 20.22873 4.52949
v 19.04750 20.21756 4.86340
v 19.23168 20.25988 5.18341
v 19.21000 20.25745 4.54365
v 19.14349 20.21047 4.93028
v 19.20482 20.21833 5.17623
v 19.05514 20.21701 4.63383
v 19.74000 20.24156 4.72149
v 19.44000 20.26197 4.71772
v 20.42500 20.22766 4.19197
v 20.44407 20.25249 4.10957
v 19.31117 20.24235 5.17214
v 20.44971 20.27681 4.04247
v 20.47992 20.26198 3.93928
v 20.40000 20.25955 4.02322
v 20.44000 20.25206 3.93223
v 20.51981 20.27823 4.03561
v 20.41886 20.28086 3.81639
v 20.33018 20.22088 3.92670
v 20.34849 20.24448 3.72431
v 20.40333 20.26768 3.64585
v 20.26142 20.22071 4.04796
v 20.55676 20.25723 4.15165
v 20.66500 20.26752 4.06287
v 20.64000 20.28041 4.04342
v 20.71578 20.23883 4.11532
v 20.66063 20.23868 4.17281
v 20.60649 20.24534 4.28206
v 20.78628 20.23426 4.22957
v 20.89787 20.24538 4.29218
v 20.73500 20.25268 4.33789
v 20.60942 20.25291 4.36861
v 20.52133 20.26398 4.30933
v 20.54000 20.27261 4.40264
v 20.45875 20.27559 4.41499
v 20.53437 20.27988 4.48706
v 20.61600 20.25681 4.48746
v 20.53858 20.28081 4.68385
v 20.63250 20.25954 4.65225
v 20.60000 20.27379 4.73252
v 20.74000 20.23852 4.66647
v 20.52000 20.23050 4.58220
v 20.45167 20.25332 4.33477
v 20.40283 20.25855 4.39679
v 20.38187 20.24531 4.46721
v 20.28575 20.23877 4.45531
v 20.40002 20.25451 4.31972
v 20.85000 20.28175 4.38363
v 20.96130 20.23256 4.24579
v 21.03438 20.22846 4.26527
v 20.94106 20.21330 4.22545
v 21.15693 20.26208 4.21922
v 21.08000 20.27796 4.36406
v 21.20812 20.25770 4.31620
v 21.38875 20.25814 4.28582
v 21.43535 20.28104 4.35204
v 21.19094 20.26281 4.14245
v 21.35177 20.27431 4.19079
v 21.41622 20.28213 4.12379
v 21.26794 20.28810 4.05047
v 21.48773 20.29260 4.06882
v 21.65076 20.30858 4.11063
v 21.63375 20.27677 4.06278
v 21.68998 20.27607 4.06542
v 21.67087 20.28523 4.27494
v 21.47759 20.29191 4.02618
v 20.98906 20.28115 4.04699
v 21.22949 20.28516 4.34501
v 21.21583 20.28893 4.39962
v 21.00125 20.29140 4.41387
v 21.26107 20.27703 4.50178
v 21.02051 20.27047 4.52595
v 21.08781 20.25142 4.61941
v 21.28000 20.24652 4.62410
v 21.15500 20.25858 4.66891
v 20.86050 20.26026 4.57780
v 21.39000 20.26320 4.64453
v 21.40000 20.29663 4.39523
v 21.54856 20.26284 4.29852
v 21.57254 20.28548 4.31510
v 21.50029 20.28020 4.38486
v 21.58000 20.27193 4.22509
v 21.06526 20.23280 4.18568
v 21.48000 20.29070 4.38502
v 21.52641 20.28664 4.43375
v 21.45938 20.29069 4.38499
v 20.96625 20.28239 4.34396
v 20.68341 20.27470 4.38501
v 20.76626 20.27067 4.06253
v 20.81875 20.24208 4.15446
v 21.66088 20.30261 4.00606
v 21.55446 20.26943 3.98886
v 19.57075 20.24623 4.33009
v 20.21500 20.23590 4.38174
v 19.69969 20.24241 4.71486
v 19.84121 20.23422 4.54178
v 21.47649 20.27905 4.54267
v 20.50076 20.24477 4.24979
v 19.73335 20.25999 4.05056
v 19.17463 20.23298 5.12477
v 21.50818 20.26154 4.64571
v 21.56810 20.25474 4.59132
v 21.61056 20.28805 4.66680
v 21.61861 20.25009 4.57204
v 21.66719 20.30141 4.58271
v 21.61563 20.30696 4.69604
v 21.56785 20.22805 4.54964
v 20.92125 20.28317 4.06529
v 19.26673 20.21323 4.78497
v 20.24000 20.24150 4.67849
v 20.33000 20.23064 4.62179
v 20.34003 20.25090 4.67552
v 19.85000 20.23746 4.31647
v 19.13148 20.17991 5.22621
v 19.06992 20.18004 5.21887
v 19.45101 20.24607 4.36517
v 20.97480 20.23993 4.15925
v 20.44250 20.27569 4.50778
v 20.17628 20.22675 4.48812
v 19.36000 20.26443 5.22019
v 19.94812 20.25059 4.04256
v 20.13450 20.24479 4.92583
v 19.68000 20.24115 4.72115
v 21.44000 20.30058 4.38529
v 20.07375 20.25401 3.99661
v 21.62917 20.26093 4.35113
v 19.98051 20.19353 4.17603
v 19.69969 20.24241 4.71486
v 19.88937 20.24632 4.65853
v 19.68609 20.22868 4.57235
v 19.84121 20.23422 4.54178
v 19.84121 20.23422 4.54178
v 19.94954 20.22282 4.60829
v 19.98131 20.22050 4.53342
v 20.28575 20.23877 4.45531
v 20.15312 20.24894 4.53128
v 20.33000 20.23064 4.62179
v 20.38187 20.24531 4.46721
v 20.44250 20.27569 4.50778
v 20.39746 20.27333 4.68358
v 20.42989 20.26984 4.71326
v 20.44055 20.28056 4.76072
v 20.52000 20.23050 4.58220
v 20.17628 20.22675 4.48812
v 20.22750 20.26216 4.41008
v 20.40283 20.25855 4.39679
v 20.21500 20.23590 4.38174
v 20.34003 20.25090 4.67552
v 20.12918 20.24767 4.39109
v 19.75844 20.24870 4.39142
v 19.85000 20.23746 4.31647
v 19.73875 20.21666 4.28390
v 19.67480 20.24182 4.29948
v 19.57075 20.24623 4.33009
v 19.62963 20.25594 4.39232
v 19.71976 20.22006 4.46046
v 19.49536 20.25645 4.40959
v 19.40215 20.22990 4.54316
v 19.33751 20.24973 4.38783
v 19.30625 20.25184 4.50561
v 19.22378 20.25541 4.35425
v 19.21000 20.25745 4.54365
v 19.31250 20.25392 4.21751
v 19.39724 20.23264 4.26646
v 19.14000 20.22873 4.52949
v 19.06324 20.21942 4.47604
v 19.04750 20.24575 4.40009
v 19.45101 20.24607 4.36517
v 20.40002 20.25451 4.31972
v 20.50076 20.24477 4.24979
v 20.42500 20.22766 4.19197
v 20.29873 20.25465 4.33002
v 20.21325 20.21141 4.21177
v 20.16500 20.25307 4.32165
v 20.21500 20.23590 4.38174
v 20.86050 20.26026 4.57780
v 20.68341 20.27470 4.38501
v 20.74000 20.23852 4.66647
v 20.85000 20.28175 4.38363
v 21.02051 20.27047 4.52595
v 21.15500 20.25858 4.66891
v 21.00125 20.29140 4.41387
v 20.96625 20.28239 4.34396
v 21.47649 20.27905 4.54267
v 21.52641 20.28664 4.43375
v 21.40000 20.29663 4.39523
v 21.56810 20.25474 4.59132
v 21.45938 20.29069 4.38499
v 21.44000 20.30058 4.38529
v 19.69812 20.22726 4.89111
v 19.93756 20.24101 5.04429
v 19.88750 20.22301 4.90082
v 20.13450 20.24479 4.92583
v 20.12656 20.26331 5.15405
v 19.75699 20.23569 4.98740
v 19.82875 20.25134 5.10675
v 20.02730 20.25692 5.15129
v 19.90000 20.25560 5.16676
v 19.89875 20.27949 5.20098
v 19.72182 20.27756 5.19099
v 19.67465 20.24749 5.17447
v 19.86677 20.27318 5.23879
v 19.70993 20.30473 5.26341
v 19.65720 20.26082 5.28071
v 19.87482 20.30862 5.29352
v 19.73875 20.36927 5.30233
v 19.44000 20.26197 4.71772
v 19.50068 20.26105 4.76171
v 19.68000 20.25975 4.72772
v 19.66000 20.25845 4.73654
v 19.31455 20.25289 4.67501
v 19.32179 20.25849 4.78507
v 19.44000 20.26197 4.71772
v 20.97480 20.23993 4.15925
v 20.98906 20.28115 4.04699
v 20.92125 20.28317 4.06529
v 20.03212 20.22569 4.11641
v 19.93990 20.22952 4.10897
v 19.98051 20.19353 4.17603
v 19.98000 20.25079 4.08138
v 19.94812 20.25059 4.04256
v 20.09875 20.23364 4.05134
v 20.26142 20.22071 4.04796
v 20.07375 20.25401 3.99661
v 19.36000 20.26443 5.22019
v 19.49016 20.26424 5.19451
v 19.31117 20.24235 5.17214
v 19.11535 20.47690 5.44172
v 19.10794 20.49922 5.46697
v 19.33453 20.48733 5.45323
v 19.14619 20.49663 5.39808
v 19.32500 20.49236 5.49723
v 19.15000 20.48853 5.52188
v 19.22783 20.54103 5.57043
v 19.03537 20.51612 5.59266
v 19.33626 20.57489 5.62320
v 19.21271 20.61049 5.62935
v 19.03475 20.50404 5.51866
v 19.49422 20.52915 5.59409
v 19.11620 20.55989 5.61129
v 19.46500 20.49815 5.51682
v 19.63000 20.50146 5.51097
v 19.66000 20.53466 5.54867
v 19.61881 20.55964 5.59296
v 19.72594 20.58833 5.58429
v 19.70883 20.49662 5.52168
v 19.39887 20.49339 5.45925
v 19.79047 20.55592 5.53972
v 19.79616 20.54937 5.50104
v 19.73029 20.52240 5.45501
v 19.82897 20.57051 5.56920
v 19.78736 20.57738 5.59836
v 19.63350 20.49453 5.48158
v 19.07675 20.61505 5.64037
v 19.30125 20.51361 5.34551
v 19.07051 20.49019 5.32196
v 19.21101 20.51953 5.25115
v 19.10010 20.49996 5.28183
v 19.10000 20.49904 5.26065
v 19.45500 20.52089 5.25680
v 19.64853 20.51324 5.41325
v 19.64000 20.51217 5.32607
v 19.64000 20.52000 5.24767
v 19.67530 20.49473 5.27297
v 19.75454 20.45941 5.29474
v 19.73369 20.51410 5.34395
v 32.80610 20.58981 4.63896
v 32.76897 20.57143 4.68479
v 32.82170 20.67000 4.69998
v 32.83642 20.60000 4.75923
v 32.80962 20.60997 4.48680
v 32.81525 20.64481 4.34856
v 32.79934 20.60800 4.31696
v 32.78973 20.65013 3.88600
v 32.77849 20.67995 3.79115
v 32.76752 20.56947 3.89759
v 32.76777 20.58271 3.71130
v 32.78790 20.60934 3.99834
v 32.79145 20.57447 4.12877
v 32.80507 20.62984 4.10468
v 32.79172 20.65811 4.06892
v 32.77950 20.63353 3.62953
v 32.78092 20.63860 3.57011
v 32.74843 20.62000 3.55084
v 32.75512 20.64460 3.45935
v 32.75930 20.58000 3.50844
v 32.75494 20.55821 3.38563
v 32.80740 20.57934 4.23894
v 32.83968 20.67238 5.08676
v 32.81218 20.61599 5.19192
v 32.83297 20.58772 5.09920
v 32.81789 20.59152 4.96178
v 32.83978 20.66750 4.92610
v 32.83933 20.59929 4.89440
v 32.79807 20.64614 3.72582
v 32.75888 20.62912 3.74354
v 32.76777 20.58271 3.71130
v 32.77950 20.63353 3.62953
v 32.74843 20.62000 3.55084
v 32.75930 20.58000 3.50844
v 32.80057 20.71055 4.74948
v 32.83933 20.59929 4.89440
v 32.80709 20.57837 4.77110
v 19.04309 20.51603 5.40850
v 19.14619 20.49663 5.39808
v 19.10794 20.49922 5.46697
v 21.04162 20.70610 5.28933
v 21.12269 20.66953 5.26217
v 21.15000 20.59500 5.27939
v 21.21953 20.60050 5.28611
v 20.97661 20.70968 5.27466
v 21.01737 20.54000 5.26716
v 20.95430 20.53564 5.24166
v 20.98500 20.46688 5.27562
v 20.83750 20.48500 5.27755
v 20.84999 20.56000 5.27609
v 20.86000 20.34000 5.28180
v 20.60251 20.34103 5.28658
v 20.96529 20.32822 5.26414
v 20.91500 20.30585 5.24282
v 21.08469 20.30004 5.28346
v 20.94000 20.61000 5.21762
v 20.49656 20.48069 5.27562
v 20.63224 20.28184 5.24510
v 20.51389 20.30936 5.27606
v 20.53000 20.52015 5.26363
v 20.33208 20.50899 5.26287
v 20.39841 20.55500 5.26893
v 20.51938 20.56927 5.28424
v 20.42471 20.65227 5.25791
v 20.75957 20.73282 5.28449
v 20.36500 20.65000 5.27789
v 20.27125 20.45000 5.25780
v 20.17181 20.56019 5.30456
v 20.30105 20.66629 5.29117
v 20.15431 20.66525 5.24324
v 20.05119 20.49807 5.28505
v 19.90124 20.44895 5.30264
v 20.10250 20.36750 5.27474
v 20.03768 20.31875 5.28494
v 20.17732 20.32607 5.24186
v 19.73875 20.36927 5.30233
v 19.96191 20.59216 5.28007
v 20.22470 20.37158 5.26898
v 19.87482 20.30862 5.29352
v 19.70993 20.30473 5.26341
v 20.19990 20.28250 5.23005
v 20.36875 20.29459 5.25452
v 20.73242 20.58004 5.28847
v 21.41000 20.63000 5.27212
v 21.34000 20.52000 5.26500
v 21.44203 20.53026 5.27257
v 21.27635 20.40250 5.28255
v 21.55775 20.45101 5.27673
v 21.76192 20.56471 5.24471
v 21.82235 20.51952 5.26156
v 21.97000 20.53500 5.26679
v 22.03037 20.58664 5.26094
v 22.16000 20.58512 5.25197
v 22.43500 20.56000 5.26215
v 22.33500 20.60000 5.23454
v 22.62750 20.60016 5.23932
v 22.59074 20.58069 5.25162
v 22.62000 20.58269 5.25317
v 22.33500 20.47000 5.25595
v 22.68000 20.46000 5.28401
v 22.44375 20.36102 5.30237
v 22.18000 20.42000 5.25780
v 22.19625 20.33823 5.29607
v 22.68750 20.36000 5.32225
v 22.70000 20.58000 5.26293
v 22.83375 20.54000 5.27180
v 22.14000 20.59860 5.25777
v 22.81500 20.37130 5.31112
v 22.11000 20.48000 5.25047
v 22.62809 20.59969 5.27083
v 21.75868 20.58918 5.24610
v 21.54892 20.58582 5.24515
v 21.92000 20.42000 5.26243
v 21.44591 20.32888 5.30523
v 21.24000 20.32863 5.26727
v 21.64968 20.32947 5.29991
v 21.13500 20.36000 5.28065
v 21.52000 20.61952 5.24852
v 21.30750 20.30852 5.26976
v 22.64000 20.58378 5.25421
v 21.15970 20.29483 5.24415
v 19.85222 20.61690 5.29376
v 21.84958 20.35580 5.29853
v 22.11152 20.31920 5.28906
v 22.97875 20.41250 5.30370
v 23.00500 20.51322 5.27667
v 23.02000 20.46000 5.28526
v 23.03102 20.44000 5.28718
v 23.04000 20.46000 5.28188
v 23.06000 20.46000 5.27787
v 23.06000 20.44000 5.27876
v 23.04750 20.50250 5.28057
v 23.05939 20.41967 5.28847
v 23.04238 20.53840 5.27182
v 23.06079 20.55921 5.27090
v 23.04000 20.56000 5.26692
v 23.04000 20.58903 5.26373
v 23.01559 20.34958 5.30666
v 23.11939 20.38000 5.29053
v 23.09069 20.55952 5.27494
v 23.02000 20.54000 5.26930
v 23.08069 20.58088 5.27350
v 23.13066 20.61903 5.27029
v 23.15731 20.59010 5.24689
v 23.22036 20.61473 5.30204
v 23.04375 20.60614 5.23910
v 23.06081 20.61812 5.22526
v 23.10000 20.53000 5.27908
v 23.08000 20.41714 5.28601
v 23.10000 20.42000 5.28032
v 23.12000 20.40000 5.28118
v 21.80607 20.31083 5.28590
v 23.08000 20.44000 5.27820
v 23.08599 20.46000 5.27343
v 23.20061 20.45686 5.26570
v 20.35023 20.60446 5.25570
v 19.78230 20.55375 5.30263
v 19.75454 20.45941 5.29474
v 20.28141 20.32000 5.28223
v 20.94000 20.61000 5.21762
v 20.84999 20.56000 5.27609
v 20.94940 20.73104 5.24814
v 20.95430 20.53564 5.24166
v 20.75957 20.73282 5.28449
v 20.73242 20.58004 5.28847
v 21.15625 20.47562 5.27288
v 21.34000 20.52000 5.26500
v 21.27635 20.40250 5.28255
v 21.21953 20.60050 5.28611
v 21.13500 20.36000 5.28065
v 21.08469 20.30004 5.28346
v 20.96529 20.32822 5.26414
v 20.98500 20.46688 5.27562
v 21.01737 20.54000 5.26716
v 21.24000 20.32863 5.26727
v 21.15000 20.59500 5.27939
v 21.15970 20.29483 5.24415
v 23.09000 20.60090 5.58856
v 23.12007 20.58001 5.57423
v 23.09970 20.56000 5.57225
v 23.12000 20.60337 5.57418
v 23.09991 20.61963 5.59341
v 23.08113 20.61098 5.62397
v 23.06171 20.59825 5.59459
v 23.06938 20.59281 5.57279
v 22.96911 20.57945 5.52170
v 23.04000 20.58935 5.55265
v 23.03092 20.58055 5.53261
v 23.06000 20.58427 5.54467
v 23.04000 20.59696 5.59273
v 23.04124 20.59841 5.61355
v 23.02000 20.59383 5.61263
v 22.92067 20.57815 5.60686
v 22.92873 20.55698 5.53890
v 23.02036 20.59838 5.63339
v 23.01272 20.60008 5.65297
v 22.92543 20.59409 5.67764
v 22.85300 20.54528 5.66785
v 23.06171 20.59825 5.59459
v 23.11516 20.63006 5.61556
v 23.06938 20.59281 5.57279
v 23.05499 20.62254 5.64505
v 23.09991 20.61963 5.59341
v 23.12000 20.61147 5.59317
v 23.04124 20.59841 5.61355
v 23.02036 20.59838 5.63339
v 23.01272 20.60008 5.65297
v 23.04000 20.61897 5.65726
v 23.04000 20.59696 5.59273
v 23.02000 20.59383 5.61263
v 20.65039 20.26201 4.04404
v 20.64000 20.28041 4.04342
v 20.66500 20.26752 4.06287
v 20.66250 20.22911 4.03215
v 20.51981 20.27823 4.03561
v 20.65039 20.26201 4.04404
v 20.64000 20.28041 4.04342
v 20.66000 20.28051 4.04375
v 20.68000 20.27857 4.04354
v 21.60000 20.68000 5.70656
v 21.61846 20.61807 5.66923
v 21.70532 20.61687 5.61971
v 21.56156 20.59146 5.66557
v 21.46442 20.63527 5.66171
v 21.50136 20.56960 5.64458
v 21.59123 20.56738 5.62249
v 21.82091 20.64496 5.64006
v 22.12750 20.68000 5.68179
v 22.32500 20.68000 5.68403
v 22.21573 20.62019 5.63585
v 22.14093 20.59963 5.63052
v 22.29455 20.58561 5.63716
v 22.42000 20.62000 5.68668
v 22.37220 20.54099 5.62675
v 22.26495 20.54998 5.62594
v 22.26314 20.57705 5.61003
v 21.99141 20.63399 5.62745
v 21.99218 20.58658 5.60267
v 21.88000 20.58000 5.61975
v 22.24000 20.57976 5.60999
v 22.20798 20.55567 5.58192
v 21.75250 20.58721 5.60450
v 21.90474 20.68888 5.66830
v 21.82091 20.64496 5.64006
v 21.88000 20.58000 5.61975
v 21.75250 20.58721 5.60450
v 21.56810 20.25474 4.59132
v 21.58000 20.24982 4.51655
v 21.52641 20.28664 4.43375
v 21.63433 20.27616 4.46402
v 21.63222 20.29539 4.37131
v 21.57254 20.28548 4.31510
v 21.50000 20.30062 4.38548
v 21.61861 20.25009 4.57204
v 21.66719 20.30141 4.58271
v 21.68805 20.30581 4.43195
v 21.61861 20.25009 4.57204
v 21.58000 20.24982 4.51655
v 21.56785 20.22805 4.54964
v 19.29500 20.09886 4.86204
v 19.27283 20.05487 4.85087
v 19.24513 20.07733 4.83581
v 19.22353 20.06000 4.74687
v 19.24513 20.07733 4.83581
v 19.24000 20.00000 4.88767
v 19.25870 20.02489 4.93301
v 19.21992 19.97710 4.74814
v 19.22053 19.83934 4.95472
v 19.20854 19.84386 4.88694
v 19.21071 19.78584 4.95150
v 19.26876 20.10315 4.87333
v 19.26937 20.14734 4.76189
v 19.25997 20.11441 4.68331
v 19.26744 20.07500 4.67390
v 19.35645 20.07795 4.89131
v 19.32450 20.08795 4.75285
v 19.39400 20.05387 4.84981
v 19.39215 20.04507 4.73828
v 19.29500 20.09886 4.86204
v 19.28290 20.10031 4.81586
v 19.26876 20.10315 4.87333
v 19.31031 20.05130 4.95707
v 19.39091 19.90537 4.99394
v 19.33994 19.96417 5.00401
v 19.38221 19.97292 4.97198
v 19.36191 19.85633 5.02386
v 19.42022 19.84220 5.01853
v 19.41751 19.78290 5.02493
v 19.47583 19.84980 5.01518
v 19.28290 20.10031 4.81586
v 19.26937 20.14734 4.76189
v 19.26744 20.07500 4.67390
v 19.25997 20.11441 4.68331
v 19.26876 20.10315 4.87333
v 19.27283 20.05487 4.85087
v 19.28290 20.10031 4.81586
v 19.28206 20.07226 4.89737
v 19.27283 20.05487 4.85087
v 19.29500 20.09886 4.86204
v 19.24513 20.07733 4.83581
v 19.28206 20.07226 4.89737
v 19.29500 20.09886 4.86204
v 19.24513 20.07733 4.83581
v 19.27283 20.05487 4.85087
v 19.28206 20.07226 4.89737
v 19.25870 20.02489 4.93301
v 19.26876 20.10315 4.87333
v 19.28206 20.07226 4.89737
v 19.26876 20.10315 4.87333
v 19.31031 20.05130 4.95707
v 19.28206 20.07226 4.89737
v 19.29500 20.09886 4.86204
v 19.26876 20.10315 4.87333
v 19.27283 20.05487 4.85087
v 19.43165 19.67553 5.07175
v 19.41035 19.71880 5.05314
v 19.41751 19.78290 5.02493
v 23.12000 20.31806 2.65277
v 23.08000 20.34103 2.66831
v 23.10000 20.34122 2.66783
v 23.12126 20.34184 2.67080
v 23.07059 20.32042 2.64995
v 23.06000 20.33775 2.49004
v 23.08000 20.33753 2.51977
v 23.12000 20.33151 2.51017
v 23.06000 20.33695 2.46982
v 23.10000 20.33694 2.51952
v 23.10000 20.33288 2.55012
v 23.10000 20.32981 2.57009
v 23.10000 20.32743 2.59006
v 23.10000 20.32172 2.62131
v 23.08000 20.32114 2.62127
v 23.08005 20.33801 2.47511
v 23.08000 20.33109 2.45003
v 23.08000 20.32755 2.43000
v 23.12000 20.31883 2.41951
v 23.06856 20.33081 2.39833
v 23.10000 20.32458 2.39890
v 23.12500 20.33216 2.38845
v 23.04006 20.31761 4.15971
v 23.06000 20.31826 4.19583
v 23.07151 20.32032 4.17110
v 23.03733 20.30981 4.19540
v 23.03733 20.30981 4.19540
v 23.06000 20.31066 4.20975
v 23.06000 20.31826 4.19583
v 23.04617 20.30917 4.21072
v 23.06000 20.31066 4.20975
v 23.08000 20.30952 4.20981
v 23.06000 20.31826 4.19583
v 23.08000 20.31787 4.18897
v 23.03952 20.33923 4.37359
v 23.07019 20.33843 4.37011
v 23.05942 20.32101 4.34053
v 23.03666 20.30954 4.34949
v 23.12217 20.55692 5.51259
v 23.10023 20.55975 5.49138
v 23.10058 20.56356 5.52147
v 23.12000 20.55682 5.49258
v 23.07849 20.57767 5.55720
v 23.06938 20.59281 5.57279
v 23.10000 20.57997 5.57628
v 23.04006 20.64000 5.65325
v 23.01998 20.64002 5.67488
v 23.05499 20.62254 5.64505
v 23.02005 20.61997 5.67122
v 23.04000 20.61897 5.65726
v 23.06000 20.32229 2.28744
v 23.08000 20.32218 2.28994
v 23.06000 20.32125 2.26121
v 23.07795 20.32102 2.26992
v 23.10000 20.32458 2.39890
v 23.10000 20.34488 2.37192
v 23.08000 20.34579 2.37192
v 23.12500 20.33216 2.38845
v 23.06856 20.33081 2.39833
v 23.04000 20.33597 2.46995
v 23.06000 20.33695 2.46982
v 23.04000 20.33335 2.44993
v 23.01960 20.33969 2.46037
v 23.04000 20.33665 2.52996
v 23.06000 20.33366 2.55000
v 23.06000 20.33752 2.51914
v 23.03287 20.33814 2.54799
v 23.03911 20.32317 3.39912
v 23.06000 20.31678 3.42735
v 23.06016 20.32152 3.40009
v 23.03983 20.31938 3.42965
v 23.10000 20.30143 3.48979
v 23.12000 20.30513 3.50989
v 23.12000 20.30676 3.48991
v 23.09946 20.30396 3.52059
v 23.08714 20.30272 3.47626
v 23.12000 20.30054 3.46985
v 23.06000 20.33765 4.61004
v 23.10221 20.32923 4.61809
v 23.06000 20.33451 4.59000
v 23.06000 20.33210 4.56998
v 23.05500 20.32955 4.54494
v 23.08549 20.32110 4.53736
v 23.04000 20.33709 4.58997
v 23.04000 20.33433 4.56994
v 23.01991 20.33786 4.55996
v 23.02634 20.33979 4.61563
v 23.02000 20.34090 4.58994
v 23.04125 20.35134 4.64200
v 23.06466 20.35900 4.67004
v 23.08000 20.35578 4.67030
v 23.10000 20.35099 4.67031
v 23.12135 20.34151 4.66864
v 23.10000 20.31187 4.54990
v 23.10000 20.31048 4.52988
v 23.10221 20.32923 4.61809
v 23.12000 20.31297 4.52998
v 23.10000 20.31187 4.54990
v 23.10221 20.32923 4.61809
v 23.10000 20.31048 4.52988
v 23.06000 20.34294 2.15009
v 23.08000 20.34041 2.13013
v 23.06002 20.34177 2.12976
v 23.07935 20.33901 2.15936
v 23.09938 20.33800 2.13951
v 23.12000 20.33420 2.15020
v 23.12000 20.33817 2.13024
v 23.04000 20.33336 2.20993
v 23.06000 20.33091 2.20997
v 23.04066 20.33903 2.19027
v 23.06000 20.33904 2.17866
v 23.02000 20.34846 4.79002
v 23.05225 20.34052 4.79004
v 23.02000 20.34943 4.77003
v 23.04000 20.34532 4.77005
v 23.05091 20.34181 4.81005
v 23.06000 20.31950 3.52984
v 23.07162 20.31777 3.54986
v 23.08000 20.31414 3.52985
v 23.06023 20.31943 3.49484
v 23.04261 20.32228 3.54982
v 23.07162 20.31777 3.54986
v 23.06000 20.31950 3.52984
v 23.04024 20.32216 3.52075
v 23.10000 20.32257 3.65137
v 23.10572 20.34356 3.68775
v 23.12019 20.31975 3.64124
v 23.12000 20.33427 3.67226
v 23.10000 20.31881 3.84997
v 23.12000 20.31173 3.81996
v 23.09229 20.32084 3.82996
v 23.10038 20.31939 3.80011
v 23.12000 20.30882 3.86993
v 23.12062 20.31801 3.78053
v 23.10000 20.30989 3.86988
v 23.07291 20.32053 3.85612
v 23.09229 20.32084 3.82996
v 23.06000 20.32262 3.82988
v 23.07291 20.32053 3.85612
v 23.10000 20.31881 3.84997
v 23.06000 20.32432 3.80990
v 23.07297 20.32211 3.79600
v 23.03004 20.61998 5.22910
v 23.04375 20.60614 5.23910
v 23.03500 20.61621 5.24643
v 23.10000 20.35674 5.09539
v 23.12000 20.35893 5.09047
v 23.10000 20.35177 5.07032
v 23.11922 20.35877 5.07046
v 23.10000 20.35674 5.09539
v 23.11928 20.36066 5.12159
v 23.12000 20.35893 5.09047
v 23.10000 20.35785 5.11038
v 23.04957 20.31876 3.88941
v 23.08000 20.30877 3.88980
v 23.06000 20.32085 3.86756
v 23.07291 20.32053 3.85612
v 23.03203 20.31993 3.90976
v 23.06000 20.31369 3.92978
v 23.06000 20.31266 3.90977
v 23.03816 20.32160 3.93451
v 23.04957 20.31876 3.88941
v 23.07860 20.31906 3.99115
v 23.08000 20.33739 4.01010
v 23.12000 20.31751 3.99541
v 23.10000 20.31588 3.99118
v 23.10000 20.33661 4.01016
v 23.05363 20.32091 3.97720
v 23.08000 20.33739 4.01010
v 23.07860 20.31906 3.99115
v 23.06000 20.33857 4.01005
v 23.06875 20.32298 4.50991
v 23.10000 20.31048 4.52988
v 23.10000 20.31387 4.50992
v 23.08000 20.32097 4.48148
v 23.10000 20.31812 4.49012
v 23.08549 20.32110 4.53736
v 23.10000 20.31387 4.50992
v 23.12000 20.31178 4.50996
v 23.10000 20.31812 4.49012
v 23.12000 20.32075 4.48748
v 23.12000 20.31297 4.52998
v 23.06000 20.34814 4.69015
v 23.08000 20.34807 4.69021
v 23.06466 20.35900 4.67004
v 23.08000 20.35578 4.67030
v 23.03995 20.32232 3.85966
v 23.02000 20.32544 3.86978
v 23.03203 20.31993 3.90976
v 23.04957 20.31876 3.88941
v 23.02000 20.32433 3.88977
v 23.04000 20.34242 0.07002
v 23.06000 20.33538 0.09001
v 23.07103 20.33550 0.07005
v 23.04412 20.33922 0.09211
v 23.04412 20.33922 0.09211
v 23.06000 20.33426 0.11000
v 23.06000 20.33538 0.09001
v 23.04000 20.33534 0.10995
v 23.06000 20.34195 0.98788
v 23.06000 20.34272 1.00901
v 23.08000 20.34292 0.98965
v 23.08000 20.34215 1.01075
v 23.01698 20.33851 2.22361
v 23.04000 20.33336 2.20993
v 23.02000 20.34225 2.18996
v 23.04066 20.33903 2.19027
v 23.10004 20.36149 5.15045
v 23.12000 20.36351 5.15051
v 23.11928 20.36066 5.12159
v 23.10000 20.36041 5.13041
v 23.10000 20.36606 5.17047
v 23.12000 20.36351 5.15051
v 23.10004 20.36149 5.15045
v 23.12000 20.36647 5.17055
v 23.10000 20.35748 5.22873
v 23.12133 20.36115 5.25142
v 23.12000 20.35986 5.22988
v 23.10085 20.35789 5.25103
v 23.06000 20.44000 5.27876
v 23.06000 20.46000 5.27787
v 23.08599 20.46000 5.27343
v 23.08000 20.44000 5.27820
v 23.10000 20.34138 1.67021
v 23.10000 20.34026 1.65020
v 23.08000 20.34169 1.66433
v 23.08002 20.34162 1.63995
v 23.11500 20.34122 1.77463
v 23.12000 20.34788 1.73035
v 23.12000 20.34698 1.71034
v 23.12000 20.34720 1.75034
v 22.59074 20.58069 5.25162
v 22.58000 20.59746 5.26740
v 22.60000 20.59698 5.26758
v 22.59074 20.58069 5.25162
v 22.60000 20.59698 5.26758
v 22.58000 20.59746 5.26740
v 31.72000 20.50212 2.38678
v 31.71986 20.47995 2.38693
v 31.74226 20.50045 2.38722
v 26.51562 20.12181 4.90246
v 26.54202 20.06000 4.94422
v 26.48219 20.00968 4.97370
v 26.82954 20.07603 5.04305
v 26.72981 20.09221 4.97385
v 26.81601 20.12237 5.01536
v 26.77589 20.15090 4.97842
v 32.75494 20.55821 3.38563
v 32.74171 20.52269 3.37371
v 32.78483 20.51372 3.38581
v 32.74171 20.52269 3.37371
v 32.75494 20.55821 3.38563
v 32.78483 20.51372 3.38581
v 32.82352 20.14057 1.84109
v 32.76148 20.27680 1.69344
v 32.82232 20.11720 1.69664
v 32.78004 20.24787 1.55846
v 32.76185 20.31629 1.55350
v 32.80481 20.15843 1.61767
v 32.82704 20.07769 1.83004
v 32.83241 20.04919 1.88927
v 32.83013 20.06000 2.02425
v 32.72544 20.31012 1.46317
v 32.83772 20.29050 1.83900
v 32.85823 20.17465 1.99185
v 32.85496 20.22986 1.95476
v 32.84890 20.11368 2.08868
v 32.84289 20.19500 2.02277
v 32.75218 20.34847 1.77077
v 32.72351 20.34130 1.54211
v 32.75218 20.34847 1.77077
v 32.64125 20.34610 1.80589
v 32.67000 20.36555 1.71263
v 32.73176 20.33381 1.84761
v 32.63500 20.30200 1.90492
v 32.55248 20.32497 1.84669
v 32.69000 20.26054 1.97202
v 32.84289 20.19500 2.02277
v 32.77640 20.19898 2.05422
v 32.70833 20.22185 2.03437
v 32.81778 20.15549 2.09279
v 32.83772 20.29050 1.83900
v 32.85496 20.22986 1.95476
v 32.61999 20.35024 1.70193
v 32.57747 20.33055 1.76624
v 32.53967 20.34582 1.66718
v 32.84890 20.11368 2.08868
v 32.71067 20.31675 1.65431
v 32.66482 20.34177 1.57706
v 32.72351 20.34130 1.54211
v 32.76185 20.31629 1.55350
v 32.76148 20.27680 1.69344
v 32.56034 20.33830 1.58610
v 32.61632 20.32864 1.53191
v 32.64986 20.30490 1.48950
v 32.72544 20.31012 1.46317
v 32.58597 20.30059 1.50901
v 32.78004 20.24787 1.55846
v 32.69500 20.25960 1.51538
v 32.75105 20.21127 1.56499
v 32.80481 20.15843 1.61767
v 32.72544 20.31012 1.46317
v 32.64986 20.30490 1.48950
v 32.48031 20.34014 1.76434
v 32.47744 20.33964 1.79532
v 32.54663 20.32071 1.79989
v 32.45676 20.32000 1.78976
v 32.54663 20.32071 1.79989
v 32.47744 20.33964 1.79532
v 32.48031 20.34014 1.76434
v 32.55248 20.32497 1.84669
v 32.47744 20.33964 1.79532
v 32.45550 20.32546 1.82834
v 32.50050 20.33997 1.77601
v 32.45918 20.33984 1.77512
v 32.45953 20.34027 1.75477
v 32.54663 20.32071 1.79989
v 32.45918 20.33984 1.77512
v 32.45550 20.32546 1.82834
v 32.45676 20.32000 1.78976
v 32.50050 20.33997 1.77601
v 32.48031 20.34014 1.76434
v 32.54663 20.32071 1.79989
v 32.45953 20.34027 1.75477
v 32.45918 20.33984 1.77512
v 32.48031 20.34014 1.76434
v 32.45676 20.32000 1.78976
v 32.47744 20.33964 1.79532
v 26.62002 20.38000 4.70971
v 26.61997 20.35988 4.72948
v 26.61933 20.35882 4.70946
v 26.61867 20.35908 4.74946
v 26.62007 20.38000 4.72971
v 26.61997 20.35988 4.72948
v 26.62007 20.38000 4.72971
v 26.61867 20.35908 4.74946
v 26.61997 20.35988 4.72948
v 26.62138 20.38000 4.74972
v 26.62007 20.38000 4.72971
v 26.61867 20.35908 4.74946
v 26.61933 20.35882 4.70946
v 26.61981 20.36911 4.69031
v 26.62002 20.38000 4.70971
v 26.61933 20.35882 4.70946
v 26.62002 20.38000 4.70971
v 26.61981 20.36911 4.69031
v 26.61997 20.35988 4.72948
v 26.62007 20.38000 4.72971
v 26.62002 20.38000 4.70971
v 26.62007 20.38000 4.72971
v 26.61997 20.35988 4.72948
v 26.62007 20.38000 4.72971
v 26.62138 20.38000 4.74972
v 26.61867 20.35908 4.74946
v 26.57933 20.36050 5.02685
v 26.59995 20.38002 5.00955
v 26.60052 20.37801 5.02953
v 26.60003 20.37961 5.04996
v 26.58472 20.36000 5.04966
v 26.57933 20.36050 5.02685
v 26.60052 20.37801 5.02953
v 26.59995 20.38002 5.00955
v 26.58472 20.36000 5.04966
v 26.60003 20.37961 5.04996
vt 0.862274 0.954091
vt 0.864297 0.954091
vt 0.863405 0.953687
vt 0.998180 0.848117
vt 0.997775 0.847805
vt 0.998180 0.846904
vt 0.799175 0.604215
vt 0.798771 0.603266
vt 0.799175 0.600575
vt 0.973102 0.993731
vt 0.972707 0.993326
vt 0.971484 0.993731
vt 0.978864 0.989281
vt 0.978360 0.989686
vt 0.979978 0.989686
vt 0.992922 0.571452
vt 0.992922 0.573070
vt 0.992517 0.572033
vt 0.597743 0.519265
vt 0.598148 0.518869
vt 0.598148 0.520487
vt 0.612709 0.939935
vt 0.612709 0.940339
vt 0.611496 0.939968
vt 0.927250 0.947215
vt 0.924969 0.947620
vt 0.927800 0.947620
vt 0.580351 0.731528
vt 0.580755 0.731222
vt 0.580755 0.732840
vt 0.948429 0.779011
vt 0.948833 0.777333
vt 0.948833 0.779355
vt 0.524937 0.987353
vt 0.525341 0.986450
vt 0.525341 0.987663
vt 0.776524 0.624035
vt 0.778546 0.624035
vt 0.777676 0.623630
vt 0.999393 0.809691
vt 0.998989 0.809348
vt 0.999393 0.808883
vt 0.794053 0.662460
vt 0.793512 0.662865
vt 0.794321 0.662865
vt 0.636169 0.573474
vt 0.635360 0.572507
vt 0.636169 0.572261
vt 0.582777 0.629293
vt 0.582373 0.627612
vt 0.582777 0.626057
vt 0.999798 0.982810
vt 0.999207 0.982405
vt 0.998989 0.982810
vt 0.692392 0.573879
vt 0.693201 0.573879
vt 0.692784 0.573474
vt 0.834769 0.600170
vt 0.834769 0.600979
vt 0.834365 0.600575
vt 0.916070 0.851758
vt 0.916070 0.852162
vt 0.915666 0.851895
vt 0.824264 0.981192
vt 0.823848 0.981596
vt 0.825062 0.981596
vt 0.827084 0.985641
vt 0.829107 0.985641
vt 0.828756 0.985236
vt 0.999406 0.898677
vt 0.998989 0.899082
vt 0.999798 0.899082
vt 0.710998 0.566470
vt 0.711403 0.565789
vt 0.711403 0.567812
vt 0.805242 0.761350
vt 0.805647 0.761154
vt 0.805647 0.761558
vt 0.896655 0.896250
vt 0.896655 0.896655
vt 0.896251 0.896484
vt 0.870768 0.878858
vt 0.871173 0.878858
vt 0.870939 0.878453
vt 0.626413 0.882498
vt 0.625248 0.883307
vt 0.627270 0.883307
vt 0.996966 0.915666
vt 0.998180 0.915666
vt 0.997235 0.915261
vt 0.997142 0.581564
vt 0.996966 0.581969
vt 0.998180 0.581969
vt 0.971889 0.878858
vt 0.973102 0.878858
vt 0.972748 0.878453
vt 0.710998 0.642236
vt 0.710998 0.643045
vt 0.710594 0.642542
vt 0.784614 0.683493
vt 0.784209 0.682862
vt 0.784614 0.682280
vt 0.746592 0.942361
vt 0.746997 0.942361
vt 0.746950 0.941957
vt 0.705740 0.992922
vt 0.704931 0.992406
vt 0.705740 0.991708
vt 0.509292 0.915261
vt 0.508757 0.915666
vt 0.509566 0.915666
vt 0.554464 0.622756
vt 0.554868 0.622417
vt 0.554868 0.622821
vt 0.750233 0.925034
vt 0.750637 0.924969
vt 0.750637 0.925373
vt 0.999393 0.858999
vt 0.999798 0.858634
vt 0.999798 0.859443
vt 0.669781 0.661651
vt 0.669337 0.662056
vt 0.670145 0.662056
vt 0.642641 0.827656
vt 0.643045 0.827489
vt 0.643045 0.827893
vt 0.997775 0.884521
vt 0.998180 0.884521
vt 0.998093 0.884116
vt 0.795939 0.604619
vt 0.796344 0.604619
vt 0.796264 0.604215
vt 0.980383 0.624439
vt 0.980383 0.625652
vt 0.979574 0.624785
vt 0.992517 0.682280
vt 0.992517 0.683898
vt 0.992113 0.682632
vt 0.771670 0.753873
vt 0.772075 0.753873
vt 0.771999 0.753469
vt 0.654775 0.795535
vt 0.655180 0.795535
vt 0.654851 0.795130
vt 0.780973 0.937103
vt 0.780569 0.935701
vt 0.780973 0.934676
vt 0.785018 0.722728
vt 0.784340 0.722324
vt 0.783805 0.722728
vt 0.814141 0.998989
vt 0.814141 0.999393
vt 0.813332 0.999377
vt 0.706082 0.984832
vt 0.704526 0.985641
vt 0.706144 0.985641
vt 0.998234 0.631315
vt 0.997775 0.631720
vt 0.998584 0.631720
vt 0.880476 0.709380
vt 0.880153 0.708976
vt 0.880071 0.709380
vt 0.884521 0.700482
vt 0.884925 0.700482
vt 0.884843 0.700077
vt 0.740121 0.941563
vt 0.740525 0.941148
vt 0.740525 0.941957
vt 0.684707 0.755896
vt 0.683533 0.755491
vt 0.683089 0.755896
vt 0.856207 0.731222
vt 0.859443 0.731222
vt 0.857869 0.730818
vt 0.982810 0.643450
vt 0.984832 0.643450
vt 0.984132 0.643045
vt 0.857420 0.985236
vt 0.856563 0.984427
vt 0.855802 0.985236
vt 0.893824 0.985236
vt 0.893015 0.984888
vt 0.893824 0.983618
vt 0.963799 0.659629
vt 0.963799 0.662460
vt 0.962990 0.660622
vt 0.937103 0.824972
vt 0.937508 0.821826
vt 0.937508 0.825871
vt 0.612709 0.688151
vt 0.613114 0.687538
vt 0.613114 0.688347
vt 0.502286 0.533835
vt 0.501881 0.533613
vt 0.502286 0.533026
vt 0.811309 0.951934
vt 0.811714 0.951664
vt 0.811714 0.952069
vt 0.652078 0.554868
vt 0.651944 0.555273
vt 0.652348 0.555273
vt 0.984832 0.907104
vt 0.985641 0.906767
vt 0.985641 0.908385
vt 0.634147 0.972293
vt 0.634147 0.975124
vt 0.633742 0.973525
vt 0.663707 0.685111
vt 0.662865 0.685516
vt 0.664887 0.685516
vt 0.559722 0.758280
vt 0.560127 0.755491
vt 0.560127 0.759940
vt 0.997775 0.655387
vt 0.998180 0.654775
vt 0.998180 0.655989
vt 0.829916 0.937508
vt 0.829916 0.939126
vt 0.829511 0.938264
vt 0.959350 0.901104
vt 0.959350 0.902722
vt 0.958945 0.902034
vt 0.819460 0.980787
vt 0.818590 0.981192
vt 0.819804 0.981192
vt 0.510375 0.556193
vt 0.510780 0.554868
vt 0.510780 0.556486
vt 0.865106 0.965417
vt 0.865106 0.967035
vt 0.864701 0.965950
vt 0.997775 0.917986
vt 0.998180 0.917284
vt 0.998180 0.918497
vt 0.632529 0.818590
vt 0.634147 0.818590
vt 0.633936 0.818186
vt 0.641490 0.779760
vt 0.640214 0.780164
vt 0.642236 0.780164
vt 0.997483 0.573879
vt 0.996562 0.574283
vt 0.997775 0.574283
vt 0.996966 0.960159
vt 0.998180 0.960159
vt 0.997807 0.959754
vt 0.689561 0.856207
vt 0.688682 0.855802
vt 0.687538 0.856207
vt 0.969057 0.721515
vt 0.969057 0.723537
vt 0.968653 0.722386
vt 0.604215 0.503499
vt 0.604215 0.503904
vt 0.603811 0.503893
vt 0.514333 0.530195
vt 0.514016 0.530599
vt 0.514825 0.530599
vt 0.597743 0.649921
vt 0.597249 0.649517
vt 0.596934 0.649921
vt 0.871982 0.997371
vt 0.871982 0.998180
vt 0.871173 0.997966
vt 0.606237 0.744166
vt 0.605833 0.743584
vt 0.606237 0.743357
vt 0.743357 0.995683
vt 0.743761 0.995348
vt 0.743761 0.996157
vt 0.664078 0.689156
vt 0.664078 0.689561
vt 0.663674 0.689545
vt 0.609878 0.787850
vt 0.610282 0.787850
vt 0.610267 0.787445
vt 0.539902 0.744570
vt 0.540711 0.744570
vt 0.540441 0.744166
vt 0.997371 0.592889
vt 0.996562 0.592678
vt 0.996944 0.592351
vt 0.997371 0.592081
vt 0.999393 0.579092
vt 0.999798 0.578733
vt 0.999798 0.579542
vt 0.608305 0.998989
vt 0.607855 0.999393
vt 0.608664 0.999393
vt 0.981192 0.662095
vt 0.981596 0.662056
vt 0.981596 0.662460
vt 0.758322 0.998180
vt 0.757918 0.998001
vt 0.758322 0.996966
vt 0.757513 0.975124
vt 0.756329 0.974720
vt 0.754682 0.975124
vt 0.891801 0.847713
vt 0.890992 0.846456
vt 0.891801 0.844881
vt 0.518869 0.847929
vt 0.519274 0.847713
vt 0.519274 0.848117
vt 0.699439 0.794321
vt 0.699268 0.794726
vt 0.699673 0.794726
vt 0.722728 0.612885
vt 0.723133 0.612305
vt 0.723133 0.614732
vt 0.651135 0.964963
vt 0.651539 0.964203
vt 0.651539 0.965417
vt 0.607046 0.577924
vt 0.606642 0.577207
vt 0.607046 0.576710
vt 0.771690 0.613114
vt 0.770861 0.613518
vt 0.773693 0.613518
vt 0.999796 0.864297
vt 0.998989 0.864701
vt 0.999798 0.864701
vt 0.702908 0.724625
vt 0.702908 0.725964
vt 0.702504 0.724685
vt 0.702603 0.724346
vt 0.985236 0.505043
vt 0.985641 0.504308
vt 0.985641 0.506330
vt 0.934534 0.998584
vt 0.934272 0.998989
vt 0.934676 0.998989
vt 0.985641 0.957327
vt 0.985236 0.956574
vt 0.985641 0.955305
vt 0.802411 0.691987
vt 0.802411 0.694010
vt 0.802006 0.693720
vt 0.750946 0.668123
vt 0.750637 0.668528
vt 0.751042 0.668528
vt 0.814950 0.940743
vt 0.814905 0.940339
vt 0.814545 0.940743
vt 0.996562 0.512398
vt 0.997371 0.512398
vt 0.996946 0.511993
vt 0.770052 0.977796
vt 0.770861 0.975933
vt 0.770861 0.977956
vt 0.777333 0.972650
vt 0.778142 0.971484
vt 0.778142 0.973911
vt 0.992922 0.723537
vt 0.992517 0.722624
vt 0.992922 0.721919
vt 0.998989 0.647727
vt 0.999393 0.647494
vt 0.999393 0.647963
vt 0.999032 0.648303
vt 0.931845 0.607046
vt 0.931440 0.604959
vt 0.931845 0.601384
vt 0.992922 0.864031
vt 0.993326 0.863892
vt 0.993326 0.865510
vt 0.541381 0.992517
vt 0.539902 0.992922
vt 0.541520 0.992922
vt 0.877644 0.927396
vt 0.876394 0.926991
vt 0.876026 0.927396
vt 0.529323 0.992517
vt 0.528981 0.992922
vt 0.530599 0.992922
vt 0.565385 0.613114
vt 0.567407 0.613114
vt 0.565704 0.612709
vt 0.680257 0.998180
vt 0.681471 0.998180
vt 0.680542 0.997775
vt 0.844881 0.881285
vt 0.844881 0.883307
vt 0.844477 0.882050
vt 0.501072 0.764794
vt 0.500668 0.763388
vt 0.501072 0.760345
vt 0.668123 0.654503
vt 0.668932 0.653562
vt 0.668932 0.655180
vt 0.721515 0.869150
vt 0.718734 0.868746
vt 0.718683 0.869150
vt 0.741334 0.799984
vt 0.741283 0.799579
vt 0.738503 0.799984
vt 0.622864 0.617967
vt 0.622012 0.619181
vt 0.623226 0.619181
vt 0.605024 0.905958
vt 0.604486 0.904745
vt 0.603811 0.905958
vt 0.569025 0.817781
vt 0.568622 0.817377
vt 0.567812 0.817781
vt 0.505522 0.991304
vt 0.506735 0.991304
vt 0.506273 0.990495
vt 0.728456 0.903106
vt 0.729856 0.905118
vt 0.731627 0.905013
vt 0.727093 0.904470
vt 0.730948 0.906117
vt 0.728449 0.905855
vt 0.726559 0.906114
vt 0.726434 0.903509
vt 0.728150 0.906886
vt 0.730927 0.906955
vt 0.729858 0.907342
vt 0.730992 0.907576
vt 0.677269 0.565405
vt 0.676068 0.566153
vt 0.678056 0.566711
vt 0.673695 0.567371
vt 0.679759 0.567948
vt 0.680974 0.567005
vt 0.683181 0.566922
vt 0.683802 0.567516
vt 0.682402 0.568216
vt 0.685672 0.566617
vt 0.697916 0.563384
vt 0.696959 0.562259
vt 0.697102 0.563237
vt 0.697419 0.564015
vt 0.700147 0.541498
vt 0.700392 0.541946
vt 0.701284 0.542522
vt 0.700381 0.542328
vt 0.700088 0.542239
vt 0.683685 0.546927
vt 0.682621 0.545339
vt 0.682576 0.547904
vt 0.680887 0.546848
vt 0.680051 0.544833
vt 0.680944 0.543152
vt 0.683527 0.543412
vt 0.685674 0.544085
vt 0.683394 0.540448
vt 0.685165 0.539455
vt 0.682447 0.541611
vt 0.680810 0.538656
vt 0.680359 0.541609
vt 0.683786 0.548338
vt 0.683757 0.551524
vt 0.682012 0.551476
vt 0.682463 0.538249
vt 0.680727 0.542504
vt 0.684060 0.538167
vt 0.683755 0.536684
vt 0.685265 0.536714
vt 0.684830 0.534723
vt 0.686827 0.533694
vt 0.686268 0.537969
vt 0.681117 0.537458
vt 0.685059 0.550036
vt 0.686706 0.552625
vt 0.686562 0.551330
vt 0.687553 0.549992
vt 0.689632 0.551638
vt 0.690354 0.549975
vt 0.686013 0.548441
vt 0.686892 0.546987
vt 0.694080 0.550829
vt 0.692679 0.552029
vt 0.695017 0.552198
vt 0.694381 0.554099
vt 0.696339 0.552892
vt 0.696034 0.555656
vt 0.694592 0.557243
vt 0.693454 0.556680
vt 0.696957 0.556759
vt 0.696274 0.549982
vt 0.698727 0.551409
vt 0.697672 0.548945
vt 0.696622 0.547234
vt 0.698423 0.547171
vt 0.698818 0.549380
vt 0.700290 0.547596
vt 0.695177 0.547116
vt 0.701268 0.550716
vt 0.696604 0.544907
vt 0.698169 0.544201
vt 0.695655 0.543320
vt 0.693872 0.544890
vt 0.693999 0.548666
vt 0.696605 0.542640
vt 0.697690 0.541908
vt 0.693207 0.543604
vt 0.691758 0.549372
vt 0.694497 0.541884
vt 0.691247 0.545485
vt 0.690308 0.543992
vt 0.691881 0.542172
vt 0.689696 0.542017
vt 0.688849 0.543828
vt 0.687374 0.543063
vt 0.686631 0.545427
vt 0.688939 0.546772
vt 0.691038 0.546729
vt 0.685835 0.547427
vt 0.679066 0.546883
vt 0.678308 0.543925
vt 0.689372 0.540648
vt 0.687741 0.540554
vt 0.688847 0.537544
vt 0.687541 0.538632
vt 0.689900 0.537422
vt 0.687315 0.537218
vt 0.688560 0.535213
vt 0.690412 0.539521
vt 0.692078 0.541385
vt 0.691367 0.537953
vt 0.691549 0.536505
vt 0.693968 0.541143
vt 0.690248 0.535169
vt 0.693203 0.537544
vt 0.692981 0.536736
vt 0.695789 0.537136
vt 0.689266 0.533175
vt 0.688247 0.533650
vt 0.689844 0.532947
vt 0.691879 0.534283
vt 0.690654 0.531547
vt 0.691360 0.531035
vt 0.690972 0.529386
vt 0.693205 0.554572
vt 0.692227 0.556272
vt 0.693685 0.558778
vt 0.691854 0.559394
vt 0.691580 0.557351
vt 0.688012 0.547956
vt 0.690658 0.547496
vt 0.693240 0.560714
vt 0.693904 0.547574
vt 0.681313 0.549183
vt 0.681042 0.547725
vt 0.699635 0.551031
vt 0.689900 0.548066
vt 0.692101 0.547872
vt 0.700419 0.551816
vt 0.700710 0.551834
vt 0.701000 0.551813
vt 0.701290 0.551807
vt 0.685525 0.533083
vt 0.694599 0.559813
vt 0.696030 0.559745
vt 0.695383 0.561724
vt 0.696368 0.557543
vt 0.687995 0.532799
vt 0.695069 0.546385
vt 0.693133 0.546409
vt 0.695853 0.538022
vt 0.696772 0.540495
vt 0.698049 0.539262
vt 0.699290 0.540362
vt 0.699188 0.542539
vt 0.699792 0.541346
vt 0.699789 0.541641
vt 0.698580 0.537896
vt 0.699214 0.538769
vt 0.699954 0.539004
vt 0.701290 0.537655
vt 0.691127 0.555606
vt 0.691926 0.553619
vt 0.690294 0.554107
vt 0.690442 0.556633
vt 0.687666 0.554649
vt 0.686856 0.553757
vt 0.686396 0.555421
vt 0.688394 0.556868
vt 0.686594 0.556948
vt 0.684627 0.555491
vt 0.684970 0.553361
vt 0.686974 0.557958
vt 0.684608 0.557874
vt 0.685235 0.559515
vt 0.683956 0.558846
vt 0.686580 0.560329
vt 0.685244 0.561455
vt 0.681538 0.558125
vt 0.682117 0.557378
vt 0.678253 0.557420
vt 0.679460 0.559437
vt 0.678474 0.560674
vt 0.680262 0.561949
vt 0.676677 0.558573
vt 0.678848 0.563225
vt 0.677191 0.561380
vt 0.676352 0.562813
vt 0.680414 0.566141
vt 0.678748 0.565192
vt 0.681976 0.565282
vt 0.682328 0.561992
vt 0.681681 0.559404
vt 0.675689 0.558878
vt 0.682546 0.561112
vt 0.683917 0.566133
vt 0.686364 0.562129
vt 0.688831 0.560409
vt 0.677053 0.557050
vt 0.676741 0.554961
vt 0.677789 0.553686
vt 0.676286 0.553201
vt 0.678988 0.555659
vt 0.675576 0.554694
vt 0.674982 0.557135
vt 0.674433 0.555453
vt 0.673461 0.556166
vt 0.673733 0.558284
vt 0.672977 0.554165
vt 0.674036 0.553862
vt 0.679623 0.554792
vt 0.680220 0.553265
vt 0.682032 0.556835
vt 0.684156 0.556682
vt 0.682564 0.555834
vt 0.683874 0.554240
vt 0.680758 0.553834
vt 0.677348 0.559849
vt 0.689325 0.561619
vt 0.682378 0.562783
vt 0.683797 0.563854
vt 0.684867 0.563283
vt 0.690340 0.560676
vt 0.689085 0.559180
vt 0.690197 0.557626
vt 0.691564 0.559924
vt 0.692658 0.562797
vt 0.691284 0.562810
vt 0.689677 0.562345
vt 0.690596 0.563784
vt 0.691371 0.564983
vt 0.694070 0.565859
vt 0.694402 0.564655
vt 0.695399 0.563543
vt 0.697081 0.565043
vt 0.694339 0.562130
vt 0.698093 0.565840
vt 0.698702 0.564776
vt 0.700589 0.565264
vt 0.701262 0.565650
vt 0.689516 0.563485
vt 0.688245 0.563179
vt 0.688849 0.565228
vt 0.696990 0.563089
vt 0.692617 0.560944
vt 0.687298 0.536293
vt 0.696821 0.541474
vt 0.699258 0.537151
vt 0.693641 0.542794
vt 0.696905 0.559379
vt 0.697132 0.557797
vt 0.697198 0.560302
vt 0.697288 0.561432
vt 0.699330 0.560792
vt 0.699318 0.562014
vt 0.700078 0.560546
vt 0.700886 0.561778
vt 0.697322 0.559627
vt 0.698589 0.556909
vt 0.689240 0.557572
vt 0.697798 0.564421
vt 0.699196 0.563618
vt 0.700366 0.564888
vt 0.700212 0.564374
vt 0.700185 0.564118
vt 0.700584 0.564363
vt 0.700736 0.564611
vt 0.700748 0.564863
vt 0.700987 0.564580
vt 0.700429 0.564076
vt 0.700397 0.563825
vt 0.698372 0.563095
vt 0.700644 0.563790
vt 0.698295 0.562175
vt 0.700172 0.561995
vt 0.700162 0.562245
vt 0.700150 0.562494
vt 0.700389 0.562756
vt 0.700785 0.563396
vt 0.700986 0.564317
vt 0.701245 0.564304
vt 0.700927 0.565146
vt 0.697515 0.560335
vt 0.698385 0.560298
vt 0.696766 0.561833
vt 0.682371 0.559157
vt 0.689758 0.558334
vt 0.688609 0.558160
vt 0.687491 0.559406
vt 0.689591 0.532171
vt 0.584263 0.772227
vt 0.585958 0.772093
vt 0.582934 0.771918
vt 0.586925 0.772402
vt 0.586448 0.771276
vt 0.587180 0.771240
vt 0.583143 0.773027
vt 0.582448 0.772083
vt 0.581973 0.773096
vt 0.581109 0.772208
vt 0.582176 0.771251
vt 0.583037 0.770819
vt 0.581925 0.770694
vt 0.584570 0.771319
vt 0.585516 0.769639
vt 0.585835 0.770913
vt 0.577924 0.772582
vt 0.579502 0.773704
vt 0.579581 0.772906
vt 0.578460 0.772532
vt 0.581779 0.773513
vt 0.580573 0.772811
vt 0.579925 0.773327
vt 0.579863 0.772368
vt 0.579171 0.772423
vt 0.592067 0.770792
vt 0.591561 0.771230
vt 0.590993 0.770843
vt 0.593064 0.770955
vt 0.592410 0.770209
vt 0.590958 0.770123
vt 0.593523 0.769700
vt 0.593900 0.770866
vt 0.594720 0.770385
vt 0.593876 0.769904
vt 0.596003 0.769244
vt 0.597059 0.769318
vt 0.589641 0.770889
vt 0.590228 0.771184
vt 0.589020 0.772170
vt 0.588961 0.771199
vt 0.588742 0.770859
vt 0.588186 0.772387
vt 0.598123 0.769269
vt 0.597530 0.768583
vt 0.809041 0.773849
vt 0.808774 0.778305
vt 0.809076 0.779939
vt 0.809138 0.784200
vt 0.808662 0.771818
vt 0.809147 0.770922
vt 0.809630 0.771152
vt 0.809557 0.769311
vt 0.809616 0.774342
vt 0.809579 0.776991
vt 0.809603 0.782346
vt 0.808291 0.778228
vt 0.807981 0.781298
vt 0.809549 0.779749
vt 0.815604 0.768320
vt 0.816904 0.768350
vt 0.816557 0.767322
vt 0.817723 0.768405
vt 0.815138 0.767545
vt 0.811866 0.768144
vt 0.821052 0.775527
vt 0.819550 0.775085
vt 0.820551 0.775630
vt 0.810804 0.790645
vt 0.809903 0.789756
vt 0.810266 0.791817
vt 0.811761 0.787785
vt 0.812697 0.788952
vt 0.814036 0.787685
vt 0.812367 0.786211
vt 0.809840 0.786901
vt 0.809904 0.785587
vt 0.809939 0.788146
vt 0.808910 0.788731
vt 0.808797 0.786240
vt 0.807669 0.787384
vt 0.806015 0.787746
vt 0.811789 0.785115
vt 0.811881 0.783247
vt 0.810338 0.783036
vt 0.810897 0.781222
vt 0.813325 0.781736
vt 0.812096 0.779760
vt 0.813917 0.778966
vt 0.812157 0.778169
vt 0.813808 0.775323
vt 0.811833 0.775726
vt 0.812524 0.773200
vt 0.810402 0.774109
vt 0.811171 0.772267
vt 0.810303 0.771078
vt 0.810570 0.777076
vt 0.815034 0.771557
vt 0.817301 0.776562
vt 0.815734 0.779485
vt 0.817228 0.771917
vt 0.815125 0.783126
vt 0.817006 0.782791
vt 0.817295 0.785062
vt 0.817735 0.770281
vt 0.818056 0.781114
vt 0.818869 0.776891
vt 0.818303 0.784781
vt 0.818161 0.773727
vt 0.819109 0.771576
vt 0.818553 0.768520
vt 0.815203 0.784309
vt 0.814763 0.769901
vt 0.811510 0.770893
vt 0.812787 0.772210
vt 0.809970 0.767793
vt 0.819245 0.780153
vt 0.819417 0.782154
vt 0.819257 0.785578
vt 0.818264 0.786837
vt 0.816892 0.785874
vt 0.815369 0.786591
vt 0.816216 0.787383
vt 0.819046 0.788336
vt 0.817626 0.788020
vt 0.817784 0.789106
vt 0.816384 0.788627
vt 0.816364 0.790110
vt 0.817533 0.792313
vt 0.818862 0.792660
vt 0.819743 0.790098
vt 0.813617 0.783656
vt 0.814934 0.784798
vt 0.811298 0.791398
vt 0.815860 0.792017
vt 0.811180 0.778985
vt 0.817310 0.794095
vt 0.819566 0.772644
vt 0.819438 0.777984
vt 0.818456 0.796649
vt 0.806728 0.788676
vt 0.816930 0.769785
vt 0.810390 0.780012
vt 0.819927 0.769413
vt 0.820480 0.770520
vt 0.821709 0.769059
vt 0.822085 0.770683
vt 0.820229 0.772952
vt 0.820870 0.771627
vt 0.821135 0.773297
vt 0.822875 0.775147
vt 0.822051 0.778533
vt 0.821227 0.778414
vt 0.821783 0.781468
vt 0.820521 0.779576
vt 0.822840 0.781066
vt 0.822971 0.782782
vt 0.821607 0.784157
vt 0.822640 0.786694
vt 0.821113 0.786137
vt 0.820024 0.786936
vt 0.822965 0.778906
vt 0.820017 0.784799
vt 0.820884 0.782932
vt 0.822903 0.777518
vt 0.820886 0.784504
vt 0.819786 0.781378
vt 0.819935 0.777687
vt 0.820590 0.789169
vt 0.822519 0.789553
vt 0.821503 0.792007
vt 0.822876 0.792830
vt 0.821468 0.794349
vt 0.822793 0.797419
vt 0.820780 0.795565
vt 0.820880 0.798856
vt 0.822961 0.800773
vt 0.821708 0.801900
vt 0.822611 0.804263
vt 0.819675 0.804232
vt 0.820389 0.802192
vt 0.822956 0.788529
vt 0.820630 0.792151
vt 0.819277 0.768365
vt 0.818689 0.764920
vt 0.805242 0.786059
vt 0.822928 0.795404
vt 0.822895 0.768845
vt 0.822892 0.771697
vt 0.822333 0.765800
vt 0.822848 0.766887
vt 0.823039 0.764759
vt 0.821591 0.767667
vt 0.820604 0.765671
vt 0.821843 0.760125
vt 0.822811 0.762600
vt 0.820273 0.762219
vt 0.822697 0.757443
vt 0.819918 0.767324
vt 0.810390 0.781749
vt 0.819552 0.765894
vt 0.819973 0.763697
vt 0.819584 0.792988
vt 0.812133 0.790959
vt 0.812000 0.792564
vt 0.815915 0.785551
vt 0.820438 0.774036
vt 0.810098 0.775696
vt 0.820209 0.768162
vt 0.819365 0.800926
vt 0.811002 0.792396
vt 0.818446 0.804340
vt 0.819588 0.795968
vt 0.821053 0.768928
vt 0.810433 0.778479
vt 0.819546 0.806173
vt 0.814243 0.788391
vt 0.809595 0.767519
vt 0.816531 0.787946
vt 0.818619 0.801188
vt 0.822466 0.756300
vt 0.809537 0.789578
vt 0.809454 0.788582
vt 0.809133 0.789982
vt 0.818315 0.807539
vt 0.818920 0.812118
vt 0.809460 0.792210
vt 0.823020 0.785645
vt 0.823039 0.789961
vt 0.873721 0.513161
vt 0.873382 0.517011
vt 0.872113 0.516987
vt 0.872442 0.514707
vt 0.871350 0.515946
vt 0.871649 0.514325
vt 0.872470 0.513010
vt 0.870838 0.515421
vt 0.872632 0.530113
vt 0.873335 0.511644
vt 0.871389 0.531224
vt 0.870903 0.532422
vt 0.870528 0.531023
vt 0.872727 0.511184
vt 0.872182 0.511880
vt 0.871132 0.530387
vt 0.870415 0.530994
vt 0.869647 0.530182
vt 0.917827 0.522264
vt 0.919053 0.521231
vt 0.915927 0.522082
vt 0.917012 0.519639
vt 0.918654 0.519724
vt 0.919759 0.519393
vt 0.920641 0.521818
vt 0.920433 0.519961
vt 0.915666 0.519482
vt 0.920620 0.519022
vt 0.917510 0.518535
vt 0.918992 0.518442
vt 0.918375 0.517789
vt 0.916757 0.518035
vt 0.921328 0.518039
vt 0.920438 0.517656
vt 0.530074 0.734897
vt 0.527976 0.734165
vt 0.530531 0.732866
vt 0.527947 0.732919
vt 0.528450 0.732807
vt 0.529898 0.734016
vt 0.560674 0.918319
vt 0.562757 0.917416
vt 0.564117 0.918497
vt 0.561395 0.915937
vt 0.564079 0.917870
vt 0.564297 0.916564
vt 0.565075 0.917570
vt 0.562667 0.915704
vt 0.565103 0.916648
vt 0.561843 0.915289
vt 0.562915 0.914921
vt 0.564296 0.914649
vt 0.563712 0.914048
vt 0.564872 0.915209
vt 0.560925 0.919872
vt 0.564995 0.918709
vt 0.563652 0.919623
vt 0.562812 0.920115
vt 0.565141 0.914522
vt 0.565789 0.914514
vt 0.876404 0.951374
vt 0.876739 0.953687
vt 0.876127 0.951511
vt 0.875287 0.952136
vt 0.874126 0.953687
vt 0.873871 0.951296
vt 0.874361 0.952178
vt 0.874858 0.951408
vt 0.876714 0.951260
vt 0.873195 0.951903
vt 0.876973 0.951580
vt 0.877644 0.951316
vt 0.877255 0.951600
vt 0.807622 0.890588
vt 0.809933 0.889979
vt 0.811982 0.890588
vt 0.804300 0.889936
vt 0.803187 0.890519
vt 0.813556 0.889836
vt 0.802162 0.889696
vt 0.799453 0.889717
vt 0.798868 0.890394
vt 0.797009 0.890326
vt 0.797592 0.889561
vt 0.810797 0.881285
vt 0.808928 0.882264
vt 0.806195 0.881907
vt 0.813287 0.882078
vt 0.807331 0.881407
vt 0.803804 0.881508
vt 0.802575 0.881680
vt 0.812614 0.881340
vt 0.815436 0.881750
vt 0.816321 0.884177
vt 0.816601 0.884190
vt 0.814669 0.885291
vt 0.816609 0.884474
vt 0.816617 0.884685
vt 0.816343 0.885054
vt 0.804387 0.889471
vt 0.807897 0.889537
vt 0.800408 0.889094
vt 0.815948 0.882581
vt 0.816339 0.882578
vt 0.816074 0.882897
vt 0.816050 0.883198
vt 0.816972 0.881955
vt 0.816645 0.882568
vt 0.816942 0.882572
vt 0.815464 0.883469
vt 0.815754 0.883478
vt 0.815464 0.883771
vt 0.814700 0.883475
vt 0.812905 0.883371
vt 0.808279 0.883371
vt 0.804723 0.883070
vt 0.798970 0.882928
vt 0.798236 0.881678
vt 0.796410 0.882258
vt 0.795759 0.883028
vt 0.793108 0.882896
vt 0.797988 0.883318
vt 0.799473 0.883641
vt 0.802261 0.883817
vt 0.800779 0.884832
vt 0.805275 0.883807
vt 0.797225 0.885701
vt 0.801788 0.886585
vt 0.805146 0.884648
vt 0.808314 0.886549
vt 0.796699 0.884005
vt 0.804849 0.886952
vt 0.798327 0.886902
vt 0.797028 0.889201
vt 0.809590 0.889273
vt 0.811934 0.887040
vt 0.811178 0.885691
vt 0.813647 0.884402
vt 0.810988 0.884157
vt 0.808829 0.883848
vt 0.813325 0.889084
vt 0.815539 0.884044
vt 0.816307 0.883896
vt 0.796531 0.888698
vt 0.796295 0.886609
vt 0.795806 0.889017
vt 0.626057 0.975124
vt 0.624999 0.974641
vt 0.625317 0.974315
vt 0.623630 0.975124
vt 0.625681 0.974462
vt 0.619781 0.723199
vt 0.621676 0.721791
vt 0.620692 0.724725
vt 0.619776 0.724348
vt 0.620025 0.720233
vt 0.620431 0.720283
vt 0.620389 0.719818
vt 0.621913 0.758189
vt 0.621628 0.758776
vt 0.620455 0.758420
vt 0.622012 0.758868
vt 0.621442 0.759205
vt 0.611230 0.749563
vt 0.611329 0.750745
vt 0.612766 0.749415
vt 0.610537 0.753803
vt 0.609897 0.752787
vt 0.610091 0.755441
vt 0.608095 0.755248
vt 0.608587 0.756096
vt 0.610796 0.755982
vt 0.610542 0.756741
vt 0.612106 0.756531
vt 0.613383 0.756777
vt 0.611290 0.759181
vt 0.611219 0.754751
vt 0.609622 0.757819
vt 0.611915 0.754780
vt 0.608224 0.757110
vt 0.608699 0.759322
vt 0.611345 0.751947
vt 0.611785 0.753331
vt 0.612406 0.752382
vt 0.612132 0.751242
vt 0.610212 0.758611
vt 0.613438 0.758331
vt 0.614967 0.757668
vt 0.617667 0.758269
vt 0.617808 0.758857
vt 0.619829 0.759474
vt 0.612266 0.753986
vt 0.614769 0.753248
vt 0.613033 0.754319
vt 0.613792 0.756205
vt 0.614935 0.754522
vt 0.616285 0.756417
vt 0.616921 0.755612
vt 0.618268 0.756344
vt 0.618615 0.757778
vt 0.616078 0.754562
vt 0.619673 0.757100
vt 0.619874 0.758179
vt 0.619809 0.756233
vt 0.614540 0.756636
vt 0.616877 0.757222
vt 0.609121 0.759940
vt 0.612755 0.751638
vt 0.613892 0.749268
vt 0.613478 0.751911
vt 0.629743 0.816972
vt 0.632236 0.817778
vt 0.628079 0.817781
vt 0.633742 0.817043
vt 0.632875 0.817496
vt 0.633255 0.817781
vt 0.918459 0.650621
vt 0.919967 0.648984
vt 0.920767 0.650446
vt 0.921051 0.648627
vt 0.920037 0.647899
vt 0.921350 0.652013
vt 0.921673 0.649163
vt 0.918394 0.648795
vt 0.918588 0.648279
vt 0.917987 0.649483
vt 0.623377 0.781410
vt 0.619571 0.781655
vt 0.621001 0.780797
vt 0.616153 0.781489
vt 0.617134 0.780164
vt 0.613255 0.781085
vt 0.628106 0.780834
vt 0.626774 0.781695
vt 0.628813 0.781510
vt 0.630102 0.780201
vt 0.624839 0.781782
vt 0.613817 0.781782
vt 0.610687 0.781417
vt 0.552634 0.537036
vt 0.548272 0.538227
vt 0.549398 0.537425
vt 0.546032 0.537813
vt 0.545470 0.538662
vt 0.553480 0.537552
vt 0.554419 0.536768
vt 0.556202 0.537520
vt 0.543295 0.538938
vt 0.543019 0.538391
vt 0.541210 0.538721
vt 0.587545 0.556113
vt 0.587907 0.553703
vt 0.588228 0.559146
vt 0.587226 0.553248
vt 0.587268 0.558238
vt 0.587053 0.554971
vt 0.581243 0.539705
vt 0.581882 0.540439
vt 0.579490 0.539500
vt 0.578261 0.540224
vt 0.583107 0.538877
vt 0.584421 0.540223
vt 0.581003 0.539019
vt 0.589741 0.552917
vt 0.589131 0.555183
vt 0.588100 0.553025
vt 0.589491 0.558452
vt 0.588525 0.555828
vt 0.587948 0.561236
vt 0.589496 0.561716
vt 0.588092 0.563178
vt 0.589256 0.563257
vt 0.585498 0.560294
vt 0.587576 0.562240
vt 0.585696 0.562939
vt 0.588794 0.551926
vt 0.587115 0.551716
vt 0.587584 0.549201
vt 0.586132 0.549588
vt 0.585027 0.549381
vt 0.589625 0.548894
vt 0.588534 0.547785
vt 0.589317 0.546244
vt 0.587187 0.547441
vt 0.587593 0.545229
vt 0.585425 0.548406
vt 0.585506 0.544697
vt 0.588875 0.544958
vt 0.589446 0.544311
vt 0.590447 0.544676
vt 0.590057 0.542732
vt 0.589869 0.539539
vt 0.589875 0.547296
vt 0.589333 0.539617
vt 0.587599 0.542443
vt 0.588145 0.543795
vt 0.589890 0.536031
vt 0.588838 0.539483
vt 0.587776 0.539404
vt 0.587188 0.540741
vt 0.587384 0.536814
vt 0.587900 0.536309
vt 0.588200 0.534536
vt 0.587175 0.534155
vt 0.587897 0.531345
vt 0.586791 0.531873
vt 0.584760 0.530970
vt 0.587042 0.544613
vt 0.586548 0.542483
vt 0.586801 0.539438
vt 0.585622 0.541918
vt 0.584418 0.543627
vt 0.585356 0.539302
vt 0.586465 0.536763
vt 0.585024 0.537057
vt 0.584898 0.546769
vt 0.588504 0.532131
vt 0.589586 0.534259
vt 0.590225 0.532053
vt 0.589413 0.531378
vt 0.590297 0.530498
vt 0.591694 0.531195
vt 0.589618 0.529561
vt 0.590972 0.527948
vt 0.589743 0.526915
vt 0.592426 0.530297
vt 0.588531 0.529961
vt 0.589153 0.528289
vt 0.586857 0.529041
vt 0.591467 0.536082
vt 0.590237 0.538999
vt 0.591383 0.532023
vt 0.589234 0.537155
vt 0.593239 0.527932
vt 0.587033 0.528249
vt 0.591612 0.526938
vt 0.586508 0.530394
vt 0.585369 0.529073
vt 0.583825 0.530292
vt 0.583357 0.529168
vt 0.584636 0.526889
vt 0.583193 0.525277
vt 0.586065 0.527472
vt 0.583350 0.531917
vt 0.594082 0.529663
vt 0.595293 0.529231
vt 0.594762 0.530773
vt 0.582692 0.531145
vt 0.582380 0.529296
vt 0.582121 0.525401
vt 0.583082 0.523387
vt 0.584437 0.522988
vt 0.584607 0.526192
vt 0.585536 0.523015
vt 0.585314 0.521913
vt 0.584390 0.519396
vt 0.585668 0.520363
vt 0.585277 0.517995
vt 0.586585 0.521893
vt 0.588154 0.522754
vt 0.581418 0.522481
vt 0.580568 0.524534
vt 0.580758 0.525948
vt 0.581998 0.527449
vt 0.579872 0.527190
vt 0.584463 0.516556
vt 0.582618 0.517204
vt 0.582306 0.519341
vt 0.581589 0.518173
vt 0.586493 0.517130
vt 0.582712 0.521804
vt 0.581550 0.530773
vt 0.586531 0.524253
vt 0.585743 0.525152
vt 0.586434 0.526106
vt 0.587750 0.526261
vt 0.588962 0.525875
vt 0.589875 0.524491
vt 0.580803 0.531981
vt 0.580495 0.529232
vt 0.583460 0.533680
vt 0.581989 0.529711
vt 0.583274 0.534932
vt 0.584569 0.534818
vt 0.583755 0.520406
vt 0.581551 0.520748
vt 0.588606 0.526792
vt 0.580992 0.534771
vt 0.583787 0.532724
vt 0.586461 0.533618
vt 0.586757 0.535477
vt 0.584826 0.532370
vt 0.580659 0.519474
vt 0.581605 0.521492
vt 0.580770 0.528750
vt 0.580939 0.527253
vt 0.579806 0.529167
vt 0.578182 0.528504
vt 0.578384 0.530511
vt 0.579957 0.531671
vt 0.578135 0.533814
vt 0.580031 0.533488
vt 0.578838 0.534499
vt 0.580374 0.535763
vt 0.582912 0.535577
vt 0.583797 0.536141
vt 0.578421 0.537526
vt 0.578672 0.526895
vt 0.577757 0.527101
vt 0.577782 0.530267
vt 0.577488 0.531293
vt 0.577564 0.537093
vt 0.588944 0.522681
vt 0.579590 0.525269
vt 0.580535 0.523333
vt 0.596301 0.529252
vt 0.595679 0.527852
vt 0.574449 0.526575
vt 0.579587 0.521238
vt 0.578416 0.518136
vt 0.581256 0.517952
vt 0.579503 0.517264
vt 0.577455 0.517582
vt 0.575850 0.518657
vt 0.576320 0.520639
vt 0.586128 0.517971
vt 0.590489 0.525991
vt 0.581126 0.536383
vt 0.586225 0.553154
vt 0.595052 0.527388
vt 0.587534 0.563556
vt 0.586410 0.520767
vt 0.594943 0.531101
vt 0.583202 0.516366
vt 0.590686 0.543314
vt 0.585357 0.536180
vt 0.584271 0.515664
vt 0.585972 0.514899
vt 0.586772 0.516541
vt 0.584845 0.535647
vt 0.575402 0.517996
vt 0.585509 0.563750
vt 0.592708 0.526108
vt 0.589125 0.527622
vt 0.594077 0.526782
vt 0.594454 0.526085
vt 0.593959 0.525837
vt 0.578851 0.516685
vt 0.578049 0.515773
vt 0.577016 0.513400
vt 0.576034 0.514728
vt 0.576250 0.516784
vt 0.578867 0.525951
vt 0.576343 0.526120
vt 0.589867 0.563806
vt 0.590269 0.562844
vt 0.591175 0.563071
vt 0.587843 0.564171
vt 0.511039 0.521586
vt 0.512240 0.522393
vt 0.509028 0.522910
vt 0.506970 0.522939
vt 0.507663 0.523954
vt 0.535693 0.553299
vt 0.533205 0.553339
vt 0.537306 0.552607
vt 0.538025 0.553356
vt 0.539032 0.552343
vt 0.540231 0.553136
vt 0.536613 0.553839
vt 0.540544 0.551829
vt 0.539682 0.551539
vt 0.533810 0.553829
vt 0.535285 0.553464
vt 0.583788 0.515014
vt 0.582014 0.516258
vt 0.582056 0.514811
vt 0.583076 0.512738
vt 0.585090 0.512686
vt 0.575708 0.532740
vt 0.574351 0.533174
vt 0.574948 0.531862
vt 0.573365 0.532641
vt 0.576073 0.531761
vt 0.522645 0.533788
vt 0.520432 0.533197
vt 0.521970 0.532137
vt 0.542170 0.544873
vt 0.541438 0.544486
vt 0.541323 0.542858
vt 0.541681 0.541794
vt 0.541653 0.546367
vt 0.540908 0.541323
vt 0.542121 0.547978
vt 0.541201 0.540113
vt 0.534397 0.535381
vt 0.533412 0.536202
vt 0.531574 0.535957
vt 0.535708 0.535993
vt 0.530416 0.537132
vt 0.528473 0.536726
vt 0.535345 0.534618
vt 0.538339 0.534638
vt 0.539160 0.536410
vt 0.540168 0.534661
vt 0.540146 0.537509
vt 0.541027 0.535353
vt 0.539742 0.539676
vt 0.538711 0.533047
vt 0.540878 0.539594
vt 0.537328 0.538484
vt 0.536604 0.537517
vt 0.535249 0.538702
vt 0.533738 0.538368
vt 0.534192 0.539476
vt 0.532169 0.539158
vt 0.531625 0.540397
vt 0.536856 0.533063
vt 0.529868 0.540427
vt 0.529884 0.538709
vt 0.527029 0.539542
vt 0.531048 0.537414
vt 0.528364 0.538639
vt 0.533377 0.537060
vt 0.526452 0.541467
vt 0.527960 0.537766
vt 0.536238 0.531650
vt 0.534477 0.531814
vt 0.534270 0.533923
vt 0.532417 0.533153
vt 0.538372 0.530724
vt 0.530831 0.534623
vt 0.528743 0.534294
vt 0.529737 0.535919
vt 0.526966 0.536316
vt 0.525119 0.536183
vt 0.525081 0.540782
vt 0.524831 0.542683
vt 0.526198 0.543104
vt 0.526108 0.544956
vt 0.527386 0.541472
vt 0.527725 0.543903
vt 0.527385 0.546688
vt 0.530113 0.543282
vt 0.529369 0.545928
vt 0.528420 0.547370
vt 0.530638 0.547047
vt 0.528888 0.550710
vt 0.527400 0.542792
vt 0.529446 0.542191
vt 0.531416 0.542059
vt 0.532438 0.542703
vt 0.529773 0.541161
vt 0.526919 0.550840
vt 0.526487 0.547794
vt 0.525583 0.550694
vt 0.524998 0.548552
vt 0.524903 0.545456
vt 0.523925 0.551357
vt 0.526357 0.552510
vt 0.527704 0.553447
vt 0.523953 0.547308
vt 0.524058 0.542544
vt 0.522738 0.544816
vt 0.522256 0.542162
vt 0.523451 0.541262
vt 0.521244 0.538684
vt 0.522995 0.538853
vt 0.524104 0.538136
vt 0.522713 0.537600
vt 0.523934 0.536094
vt 0.522529 0.535680
vt 0.525389 0.544734
vt 0.526361 0.539061
vt 0.527059 0.538144
vt 0.526037 0.537086
vt 0.531605 0.548848
vt 0.532212 0.549708
vt 0.533847 0.545835
vt 0.536224 0.546476
vt 0.537089 0.549566
vt 0.534004 0.551260
vt 0.538123 0.546515
vt 0.537993 0.544360
vt 0.534525 0.544095
vt 0.531049 0.552209
vt 0.531671 0.553640
vt 0.525158 0.553843
vt 0.521061 0.541967
vt 0.521914 0.544244
vt 0.520048 0.544079
vt 0.520814 0.545951
vt 0.519823 0.540918
vt 0.522770 0.546978
vt 0.520892 0.547609
vt 0.529738 0.552960
vt 0.528816 0.553945
vt 0.532506 0.540901
vt 0.526613 0.554359
vt 0.523843 0.548457
vt 0.531137 0.546052
vt 0.531911 0.544529
vt 0.531512 0.543175
vt 0.525577 0.554660
vt 0.538711 0.550369
vt 0.538909 0.548604
vt 0.540013 0.547093
vt 0.540378 0.548246
vt 0.539274 0.544876
vt 0.540911 0.549159
vt 0.536945 0.530541
vt 0.537641 0.526824
vt 0.538548 0.527410
vt 0.539743 0.530257
vt 0.534671 0.530671
vt 0.523208 0.548143
vt 0.523423 0.550430
vt 0.544317 0.536070
vt 0.524210 0.549643
vt 0.531201 0.535478
vt 0.523760 0.555149
vt 0.523874 0.553691
vt 0.521845 0.554805
vt 0.523322 0.552603
vt 0.537950 0.524845
vt 0.521631 0.548224
vt 0.533272 0.535124
vt 0.540236 0.543067
vt 0.538649 0.541266
vt 0.538778 0.543191
vt 0.540536 0.546738
vt 0.520614 0.539633
vt 0.519818 0.538739
vt 0.518937 0.538537
vt 0.521932 0.549259
vt 0.522128 0.550263
vt 0.520787 0.551177
vt 0.520638 0.548745
vt 0.547468 0.536412
vt 0.547946 0.534600
vt 0.549381 0.535114
vt 0.549904 0.534485
vt 0.551457 0.534421
vt 0.551889 0.535811
vt 0.554795 0.534052
vt 0.531417 0.532439
vt 0.532034 0.531044
vt 0.528489 0.532634
vt 0.527598 0.533742
vt 0.525683 0.533143
vt 0.524043 0.532820
vt 0.527539 0.531970
vt 0.524720 0.533965
vt 0.529480 0.531470
vt 0.522284 0.531912
vt 0.542183 0.534873
vt 0.544090 0.535043
vt 0.519076 0.548220
vt 0.519272 0.549602
vt 0.519150 0.551324
vt 0.517979 0.549942
vt 0.552581 0.534898
vt 0.553494 0.534173
vt 0.551834 0.533716
vt 0.541330 0.548100
vt 0.542910 0.551091
vt 0.546083 0.534967
vt 0.546884 0.533645
vt 0.543212 0.534218
vt 0.550960 0.533055
vt 0.555077 0.532180
vt 0.556105 0.535375
vt 0.536099 0.536739
vt 0.537232 0.540039
vt 0.534931 0.540589
vt 0.538267 0.540128
vt 0.537216 0.543897
vt 0.519791 0.546426
vt 0.520709 0.553574
vt 0.520309 0.552285
vt 0.519431 0.552742
vt 0.520113 0.555316
vt 0.519555 0.555967
vt 0.520250 0.556334
vt 0.517854 0.552487
vt 0.518355 0.553547
vt 0.521057 0.556541
vt 0.520769 0.558802
vt 0.519642 0.557734
vt 0.520021 0.551600
vt 0.521645 0.551258
vt 0.522877 0.551564
vt 0.517481 0.550235
vt 0.517150 0.551050
vt 0.516606 0.548809
vt 0.517517 0.548573
vt 0.515680 0.548189
vt 0.514632 0.549395
vt 0.529381 0.554614
vt 0.528394 0.555289
vt 0.530088 0.555662
vt 0.531311 0.554566
vt 0.532351 0.555629
vt 0.532724 0.554253
vt 0.535273 0.555262
vt 0.532766 0.557426
vt 0.530997 0.558534
vt 0.529316 0.556422
vt 0.528478 0.559474
vt 0.527503 0.555871
vt 0.534953 0.557675
vt 0.536417 0.556960
vt 0.538397 0.554846
vt 0.526913 0.555311
vt 0.518251 0.549053
vt 0.518730 0.556060
vt 0.526069 0.555388
vt 0.523902 0.556175
vt 0.519103 0.554198
vt 0.517446 0.553097
vt 0.532773 0.558447
vt 0.536981 0.558031
vt 0.538122 0.557101
vt 0.539528 0.555004
vt 0.540458 0.556237
vt 0.541379 0.555410
vt 0.540740 0.554685
vt 0.516286 0.551463
vt 0.516644 0.553064
vt 0.515300 0.549590
vt 0.515504 0.552309
vt 0.521655 0.537870
vt 0.533598 0.530108
vt 0.541711 0.554000
vt 0.536013 0.541066
vt 0.524910 0.531934
vt 0.539502 0.531359
vt 0.534613 0.537133
vt 0.523016 0.551928
vt 0.528138 0.560236
vt 0.521451 0.561271
vt 0.539636 0.532446
vt 0.528810 0.561219
vt 0.532517 0.542024
vt 0.533897 0.541968
vt 0.521988 0.533637
vt 0.542526 0.552119
vt 0.528758 0.564171
vt 0.541794 0.539766
vt 0.533738 0.542536
vt 0.544650 0.539451
vt 0.529296 0.563678
vt 0.538412 0.540751
vt 0.556783 0.535276
vt 0.521451 0.564146
vt 0.520865 0.561758
vt 0.534931 0.530213
vt 0.519229 0.540442
vt 0.535817 0.541935
vt 0.534681 0.542597
vt 0.536999 0.541209
vt 0.537494 0.541442
vt 0.520256 0.530309
vt 0.517466 0.532286
vt 0.519090 0.530058
vt 0.519306 0.532701
vt 0.516412 0.531511
vt 0.519241 0.526866
vt 0.520978 0.527255
vt 0.520881 0.525065
vt 0.517901 0.525569
vt 0.522404 0.526402
vt 0.522987 0.528165
vt 0.521746 0.529477
vt 0.523807 0.526798
vt 0.518423 0.528098
vt 0.516848 0.527981
vt 0.518520 0.529577
vt 0.523537 0.529858
vt 0.526077 0.529261
vt 0.525281 0.525965
vt 0.527136 0.527726
vt 0.528337 0.526015
vt 0.528317 0.522651
vt 0.531954 0.524903
vt 0.530633 0.521094
vt 0.534210 0.521217
vt 0.535768 0.526164
vt 0.532367 0.527885
vt 0.534587 0.529195
vt 0.530010 0.528974
vt 0.527084 0.519889
vt 0.524954 0.522477
vt 0.532487 0.517746
vt 0.528189 0.518360
vt 0.524231 0.519712
vt 0.514221 0.529463
vt 0.515576 0.527261
vt 0.515429 0.525499
vt 0.513460 0.527122
vt 0.517683 0.523203
vt 0.515556 0.523847
vt 0.515702 0.519815
vt 0.517387 0.521303
vt 0.517219 0.520274
vt 0.517999 0.519159
vt 0.519747 0.520535
vt 0.520014 0.522930
vt 0.514487 0.521706
vt 0.514125 0.523113
vt 0.518911 0.524257
vt 0.520328 0.518829
vt 0.520847 0.521888
vt 0.521865 0.520313
vt 0.523341 0.521844
vt 0.523091 0.518909
vt 0.521684 0.523810
vt 0.523606 0.524372
vt 0.534671 0.518201
vt 0.536524 0.520143
vt 0.536881 0.518096
vt 0.536104 0.516324
vt 0.537694 0.516605
vt 0.538687 0.517605
vt 0.538996 0.515186
vt 0.537359 0.514753
vt 0.538860 0.513719
vt 0.541658 0.515334
vt 0.537790 0.511661
vt 0.536667 0.512167
vt 0.535923 0.510500
vt 0.538952 0.510344
vt 0.540566 0.516310
vt 0.511585 0.524666
vt 0.527940 0.531033
vt 0.517604 0.518165
vt 0.516334 0.516639
vt 0.517928 0.516663
vt 0.519456 0.516422
vt 0.514786 0.517438
vt 0.517144 0.514170
vt 0.520217 0.513714
vt 0.515224 0.514814
vt 0.512022 0.520922
vt 0.535470 0.523757
vt 0.535875 0.521301
vt 0.537020 0.523532
vt 0.537480 0.521903
vt 0.537789 0.520514
vt 0.537984 0.524181
vt 0.538370 0.523714
vt 0.537494 0.518833
vt 0.538402 0.519478
vt 0.538600 0.521639
vt 0.539451 0.520589
vt 0.539252 0.524656
vt 0.539461 0.519306
vt 0.512663 0.518780
vt 0.514751 0.520653
vt 0.514352 0.518685
vt 0.513702 0.516544
vt 0.511971 0.515933
vt 0.510536 0.517709
vt 0.511099 0.515101
vt 0.510703 0.513388
vt 0.513357 0.513507
vt 0.511349 0.511219
vt 0.513493 0.511816
vt 0.513147 0.510447
vt 0.514470 0.512150
vt 0.507599 0.517070
vt 0.509842 0.513695
vt 0.509230 0.511261
vt 0.507670 0.513669
vt 0.506509 0.512140
vt 0.507415 0.515347
vt 0.503570 0.515367
vt 0.507265 0.509521
vt 0.523038 0.517841
vt 0.528055 0.517063
vt 0.528137 0.517645
vt 0.534224 0.516008
vt 0.511882 0.519694
vt 0.509290 0.520809
vt 0.508812 0.521679
vt 0.509251 0.523831
vt 0.536169 0.513899
vt 0.521140 0.529465
vt 0.536901 0.513471
vt 0.513238 0.528280
vt 0.506636 0.522227
vt 0.512288 0.509360
vt 0.523702 0.521164
vt 0.508331 0.518573
vt 0.505043 0.518430
vt 0.505323 0.517247
vt 0.507368 0.519696
vt 0.504034 0.518184
vt 0.503228 0.517545
vt 0.508151 0.520495
vt 0.536825 0.509834
vt 0.537132 0.507093
vt 0.535578 0.505755
vt 0.533494 0.509107
vt 0.533831 0.506264
vt 0.533691 0.510295
vt 0.530968 0.510755
vt 0.538123 0.505602
vt 0.539573 0.522931
vt 0.503562 0.515963
vt 0.506389 0.516064
vt 0.540167 0.514644
vt 0.542130 0.513560
vt 0.515926 0.533631
vt 0.512088 0.530411
vt 0.509511 0.525941
vt 0.511930 0.525515
vt 0.514028 0.524576
vt 0.542541 0.516699
vt 0.544761 0.515940
vt 0.544735 0.517375
vt 0.547538 0.515712
vt 0.547187 0.519301
vt 0.550057 0.517147
vt 0.550445 0.515062
vt 0.551663 0.515670
vt 0.553375 0.516942
vt 0.552866 0.519546
vt 0.549182 0.518454
vt 0.550791 0.521442
vt 0.546513 0.523316
vt 0.549609 0.523701
vt 0.551648 0.524257
vt 0.554220 0.521772
vt 0.555231 0.524377
vt 0.549388 0.526351
vt 0.546303 0.525387
vt 0.551244 0.527650
vt 0.544950 0.524655
vt 0.552916 0.527424
vt 0.554644 0.520135
vt 0.555094 0.516638
vt 0.555347 0.514632
vt 0.555665 0.519548
vt 0.556550 0.515577
vt 0.555368 0.521965
vt 0.554542 0.513890
vt 0.558246 0.514431
vt 0.557009 0.518970
vt 0.557783 0.516997
vt 0.544027 0.522334
vt 0.545336 0.519815
vt 0.546334 0.527037
vt 0.552810 0.524841
vt 0.553786 0.526287
vt 0.544522 0.527246
vt 0.556241 0.525869
vt 0.556843 0.522840
vt 0.557277 0.520732
vt 0.555014 0.526621
vt 0.556688 0.528146
vt 0.557709 0.524533
vt 0.558217 0.523107
vt 0.558725 0.521359
vt 0.560115 0.522402
vt 0.559756 0.524761
vt 0.558336 0.525108
vt 0.559910 0.526597
vt 0.562978 0.525840
vt 0.560819 0.523166
vt 0.555050 0.528491
vt 0.563174 0.524577
vt 0.564776 0.525707
vt 0.565120 0.524527
vt 0.566846 0.520379
vt 0.569097 0.520926
vt 0.569243 0.523999
vt 0.566225 0.526170
vt 0.570718 0.523263
vt 0.563478 0.522086
vt 0.561633 0.519981
vt 0.560174 0.521051
vt 0.570867 0.518402
vt 0.566135 0.517690
vt 0.562994 0.518884
vt 0.563980 0.520623
vt 0.563930 0.516244
vt 0.565500 0.514478
vt 0.563330 0.514509
vt 0.569335 0.516150
vt 0.568872 0.513611
vt 0.565348 0.513761
vt 0.570061 0.514091
vt 0.572222 0.519517
vt 0.572667 0.516710
vt 0.569603 0.525203
vt 0.568528 0.525397
vt 0.561254 0.517780
vt 0.570764 0.516387
vt 0.572598 0.512445
vt 0.557300 0.527642
vt 0.556679 0.529827
vt 0.555902 0.531160
vt 0.556578 0.532706
vt 0.558424 0.532411
vt 0.558067 0.533660
vt 0.557883 0.528337
vt 0.559978 0.533085
vt 0.556612 0.534437
vt 0.557674 0.535031
vt 0.560709 0.533490
vt 0.514256 0.514032
vt 0.517775 0.513444
vt 0.519263 0.512401
vt 0.522612 0.512912
vt 0.519130 0.509786
vt 0.521302 0.512321
vt 0.517016 0.509528
vt 0.523614 0.511904
vt 0.527628 0.511330
vt 0.538998 0.512073
vt 0.541389 0.512847
vt 0.563083 0.531979
vt 0.563556 0.532895
vt 0.564973 0.531965
vt 0.523543 0.511054
vt 0.527138 0.510070
vt 0.524723 0.508475
vt 0.522647 0.509104
vt 0.520037 0.509262
vt 0.506535 0.521148
vt 0.504852 0.520990
vt 0.516826 0.529752
vt 0.519209 0.508717
vt 0.525805 0.507648
vt 0.543059 0.514641
vt 0.544400 0.514364
vt 0.542934 0.512585
vt 0.514651 0.532097
vt 0.514397 0.534633
vt 0.515778 0.535174
vt 0.514194 0.536046
vt 0.515864 0.536720
vt 0.513806 0.533839
vt 0.516880 0.536007
vt 0.517167 0.539289
vt 0.517580 0.534796
vt 0.517969 0.539442
vt 0.518702 0.540716
vt 0.517533 0.542271
vt 0.518640 0.542919
vt 0.517611 0.543858
vt 0.519192 0.536072
vt 0.519719 0.537006
vt 0.516736 0.542557
vt 0.516501 0.539758
vt 0.515372 0.544588
vt 0.518833 0.545159
vt 0.518342 0.547410
vt 0.515146 0.537589
vt 0.514974 0.539515
vt 0.515079 0.541240
vt 0.513429 0.534067
vt 0.524250 0.531400
vt 0.508618 0.510308
vt 0.513529 0.531484
vt 0.515230 0.531022
vt 0.557467 0.515187
vt 0.560694 0.515271
vt 0.553669 0.529996
vt 0.560559 0.531549
vt 0.504039 0.519966
vt 0.520483 0.517701
vt 0.521351 0.516164
vt 0.522330 0.516435
vt 0.544126 0.525378
vt 0.543191 0.526422
vt 0.541981 0.525588
vt 0.543088 0.522436
vt 0.540721 0.523772
vt 0.541657 0.521324
vt 0.540116 0.522321
vt 0.540064 0.520195
vt 0.542479 0.519014
vt 0.540920 0.517517
vt 0.544576 0.521136
vt 0.540324 0.525815
vt 0.539382 0.527767
vt 0.541601 0.526784
vt 0.542728 0.527710
vt 0.543401 0.528647
vt 0.542264 0.528678
vt 0.540831 0.528099
vt 0.561069 0.533989
vt 0.517903 0.544758
vt 0.516438 0.546584
vt 0.517589 0.547306
vt 0.515876 0.545201
vt 0.513730 0.545913
vt 0.514700 0.547342
vt 0.512985 0.545175
vt 0.514301 0.549202
vt 0.514223 0.547773
vt 0.513134 0.547420
vt 0.513239 0.549579
vt 0.513279 0.551272
vt 0.512599 0.545808
vt 0.571350 0.525945
vt 0.544807 0.528929
vt 0.546540 0.527989
vt 0.549061 0.526883
vt 0.514567 0.540799
vt 0.559299 0.530568
vt 0.562306 0.531114
vt 0.560753 0.519211
vt 0.558045 0.518939
vt 0.558820 0.516865
vt 0.561115 0.515719
vt 0.508244 0.515254
vt 0.525922 0.508024
vt 0.528722 0.508031
vt 0.529431 0.509276
vt 0.532870 0.506850
vt 0.567084 0.532421
vt 0.568333 0.531714
vt 0.570063 0.532214
vt 0.571712 0.530858
vt 0.572815 0.531647
vt 0.572576 0.527218
vt 0.572057 0.524027
vt 0.572985 0.526664
vt 0.572984 0.524049
vt 0.572344 0.521768
vt 0.563063 0.526675
vt 0.550058 0.513831
vt 0.548313 0.513773
vt 0.548921 0.514554
vt 0.573887 0.514658
vt 0.574880 0.513195
vt 0.573769 0.511596
vt 0.575673 0.511926
vt 0.574439 0.510088
vt 0.575317 0.507941
vt 0.572092 0.507169
vt 0.573866 0.507932
vt 0.574191 0.506815
vt 0.572653 0.505476
vt 0.575960 0.506434
vt 0.572580 0.503990
vt 0.575705 0.503987
vt 0.576180 0.510004
vt 0.575159 0.516340
vt 0.573889 0.517610
vt 0.573136 0.518887
vt 0.574797 0.520236
vt 0.573219 0.521463
vt 0.575707 0.521663
vt 0.574309 0.523839
vt 0.570771 0.505272
vt 0.575728 0.520027
vt 0.577004 0.522631
vt 0.573619 0.525263
vt 0.575343 0.525029
vt 0.570391 0.506367
vt 0.567585 0.506703
vt 0.571607 0.503015
vt 0.569277 0.502987
vt 0.567427 0.503834
vt 0.566731 0.505264
vt 0.563904 0.503506
vt 0.563810 0.506318
vt 0.562220 0.505544
vt 0.562022 0.503959
vt 0.559143 0.504537
vt 0.560291 0.506401
vt 0.560914 0.507333
vt 0.560363 0.503485
vt 0.556963 0.506752
vt 0.566187 0.506317
vt 0.567230 0.503059
vt 0.563874 0.503015
vt 0.563224 0.502554
vt 0.564991 0.502321
vt 0.568336 0.502444
vt 0.559679 0.507166
vt 0.573014 0.502172
vt 0.575602 0.503238
vt 0.572019 0.500263
vt 0.576791 0.506819
vt 0.576980 0.524967
vt 0.578492 0.525220
vt 0.578382 0.523862
vt 0.575728 0.523699
vt 0.579402 0.522277
vt 0.578936 0.522926
vt 0.548548 0.527964
vt 0.558281 0.529979
vt 0.560589 0.528911
vt 0.560826 0.530340
vt 0.518608 0.533633
vt 0.523872 0.525702
vt 0.560552 0.527610
vt 0.561261 0.528154
vt 0.563228 0.528158
vt 0.501810 0.515441
vt 0.540089 0.517115
vt 0.512635 0.526384
vt 0.562006 0.507651
vt 0.553933 0.531223
vt 0.551889 0.530930
vt 0.551894 0.529685
vt 0.550140 0.529573
vt 0.549028 0.530287
vt 0.547228 0.529975
vt 0.546599 0.530707
vt 0.547962 0.528682
vt 0.546970 0.531512
vt 0.549852 0.531109
vt 0.547859 0.532509
vt 0.549806 0.532565
vt 0.545069 0.533076
vt 0.543533 0.531912
vt 0.544199 0.533590
vt 0.542573 0.532560
vt 0.563024 0.507732
vt 0.576982 0.504546
vt 0.576890 0.502210
vt 0.561352 0.516725
vt 0.520920 0.537484
vt 0.520764 0.534539
vt 0.516346 0.530222
vt 0.565547 0.533324
vt 0.523355 0.519997
vt 0.535903 0.512451
vt 0.531317 0.511926
vt 0.523832 0.517045
vt 0.560808 0.524211
vt 0.571600 0.509624
vt 0.570787 0.508191
vt 0.570419 0.511568
vt 0.569007 0.510324
vt 0.566267 0.510969
vt 0.566203 0.509716
vt 0.569866 0.509149
vt 0.566386 0.508739
vt 0.562843 0.509036
vt 0.563923 0.511022
vt 0.560796 0.510081
vt 0.558168 0.509260
vt 0.560826 0.512276
vt 0.567156 0.507421
vt 0.565989 0.508207
vt 0.558420 0.511480
vt 0.555467 0.508701
vt 0.573778 0.529590
vt 0.575298 0.530993
vt 0.576964 0.530305
vt 0.575988 0.528652
vt 0.577118 0.528529
vt 0.575382 0.527533
vt 0.572614 0.534341
vt 0.542460 0.533654
vt 0.544213 0.518596
vt 0.530922 0.512939
vt 0.542096 0.512212
vt 0.564918 0.534139
vt 0.566266 0.533839
vt 0.567044 0.532951
vt 0.500263 0.516932
vt 0.539639 0.511168
vt 0.527816 0.513526
vt 0.577353 0.521800
vt 0.572419 0.532587
vt 0.568954 0.525979
vt 0.540660 0.529404
vt 0.541338 0.531971
vt 0.540120 0.532182
vt 0.541634 0.531089
vt 0.560315 0.513435
vt 0.576358 0.511366
vt 0.578229 0.512699
vt 0.578741 0.514572
vt 0.580328 0.513830
vt 0.579473 0.515457
vt 0.577880 0.510113
vt 0.578862 0.511570
vt 0.578338 0.508493
vt 0.580483 0.512819
vt 0.576686 0.507667
vt 0.580935 0.511119
vt 0.578652 0.509919
vt 0.581372 0.509539
vt 0.580667 0.507357
vt 0.583434 0.508563
vt 0.582416 0.507442
vt 0.585132 0.507291
vt 0.583345 0.510223
vt 0.582903 0.511774
vt 0.578026 0.506925
vt 0.582332 0.506531
vt 0.585331 0.506569
vt 0.584523 0.510779
vt 0.586865 0.507810
vt 0.587698 0.510237
vt 0.588633 0.507653
vt 0.590504 0.506614
vt 0.590937 0.507817
vt 0.595504 0.506427
vt 0.586155 0.511235
vt 0.565283 0.531246
vt 0.565653 0.530743
vt 0.569315 0.530886
vt 0.571504 0.529659
vt 0.560796 0.514292
vt 0.552021 0.528327
vt 0.554155 0.528987
vt 0.516925 0.533131
vt 0.518366 0.525162
vt 0.587054 0.512788
vt 0.587288 0.511866
vt 0.568616 0.512125
vt 0.565429 0.512373
vt 0.568186 0.513299
vt 0.558340 0.512883
vt 0.576479 0.532302
vt 0.566869 0.534193
vt 0.569962 0.533312
vt 0.516826 0.534270
vt 0.525872 0.512933
vt 0.542956 0.510136
vt 0.542241 0.511194
vt 0.544019 0.509474
vt 0.547969 0.509748
vt 0.548487 0.508987
vt 0.577965 0.521230
vt 0.515705 0.512780
vt 0.513878 0.509607
vt 0.512413 0.508644
vt 0.529896 0.511550
vt 0.533499 0.511064
vt 0.563338 0.501780
vt 0.559178 0.502927
vt 0.512522 0.548285
vt 0.550424 0.509734
vt 0.514314 0.537758
vt 0.569956 0.526650
vt 0.566326 0.526876
vt 0.542519 0.509099
vt 0.553655 0.508557
vt 0.544495 0.510811
vt 0.547510 0.510507
vt 0.567992 0.501977
vt 0.573040 0.522288
vt 0.503025 0.516954
vt 0.526224 0.512280
vt 0.513981 0.551178
vt 0.514347 0.540236
vt 0.585928 0.505702
vt 0.590092 0.504894
vt 0.591718 0.506065
vt 0.594861 0.505215
vt 0.601155 0.505697
vt 0.602122 0.504082
vt 0.605661 0.505097
vt 0.606127 0.506051
vt 0.607289 0.508251
vt 0.608571 0.503097
vt 0.611091 0.504179
vt 0.599506 0.507151
vt 0.601121 0.508801
vt 0.557861 0.508100
vt 0.545444 0.530804
vt 0.543934 0.530842
vt 0.541848 0.530843
vt 0.575881 0.533450
vt 0.551301 0.508371
vt 0.569215 0.507190
vt 0.559305 0.512294
vt 0.556436 0.512600
vt 0.538556 0.509762
vt 0.509563 0.509516
vt 0.531905 0.516270
vt 0.524127 0.523105
vt 0.569070 0.525560
vt 0.575726 0.509096
vt 0.513922 0.508694
vt 0.519475 0.534796
vt 0.518595 0.535104
vt 0.568782 0.530019
vt 0.564526 0.529500
vt 0.566203 0.529077
vt 0.569195 0.528879
vt 0.570944 0.527648
vt 0.568475 0.527810
vt 0.566460 0.527859
vt 0.563487 0.529561
vt 0.565675 0.528275
vt 0.552762 0.512255
vt 0.545375 0.529619
vt 0.542997 0.530071
vt 0.529229 0.514534
vt 0.527182 0.516586
vt 0.526121 0.515833
vt 0.526038 0.514384
vt 0.530363 0.516152
vt 0.532879 0.514829
vt 0.533895 0.515574
vt 0.534978 0.513324
vt 0.524166 0.515366
vt 0.522227 0.514980
vt 0.524106 0.513778
vt 0.521024 0.514311
vt 0.552272 0.510199
vt 0.556744 0.510919
vt 0.551426 0.513158
vt 0.548910 0.512870
vt 0.548161 0.511171
vt 0.547006 0.513433
vt 0.545218 0.513890
vt 0.544127 0.511318
vt 0.557605 0.511433
vt 0.557685 0.510244
vt 0.556617 0.507760
vt 0.552675 0.702096
vt 0.552665 0.704108
vt 0.553880 0.700961
vt 0.554059 0.704532
vt 0.552607 0.705323
vt 0.552441 0.699634
vt 0.553840 0.706549
vt 0.554059 0.698055
vt 0.739531 0.918559
vt 0.741527 0.918558
vt 0.740683 0.919412
vt 0.738863 0.919988
vt 0.738540 0.918781
vt 0.734753 0.920115
vt 0.742510 0.919905
vt 0.744907 0.918581
vt 0.745783 0.920115
vt 0.744176 0.918093
vt 0.743958 0.879555
vt 0.741864 0.880476
vt 0.740976 0.878659
vt 0.744798 0.880476
vt 0.740121 0.880430
vt 0.743450 0.878049
vt 0.746188 0.879251
vt 0.607555 0.868281
vt 0.605088 0.868036
vt 0.606284 0.868959
vt 0.610176 0.868624
vt 0.607882 0.869342
vt 0.602661 0.868837
vt 0.604516 0.869096
vt 0.621297 0.790276
vt 0.623673 0.789063
vt 0.623731 0.790276
vt 0.621027 0.789200
vt 0.624439 0.789387
vt 0.619181 0.789139
vt 0.956923 0.965417
vt 0.955036 0.962990
vt 0.954900 0.965417
vt 0.898233 0.821241
vt 0.897906 0.822230
vt 0.896351 0.821017
vt 0.895623 0.822132
vt 0.899082 0.821902
vt 0.894149 0.821342
vt 0.893714 0.822230
vt 0.892206 0.821948
vt 0.870059 0.818828
vt 0.871173 0.817555
vt 0.871129 0.818557
vt 0.870918 0.819383
vt 0.935459 0.647676
vt 0.937246 0.648217
vt 0.936418 0.647656
vt 0.937508 0.647090
vt 0.935346 0.649442
vt 0.933463 0.649006
vt 0.937508 0.650326
vt 0.934335 0.648022
vt 0.933601 0.648006
vt 0.558323 0.771505
vt 0.558123 0.769414
vt 0.559052 0.769560
vt 0.558311 0.768839
vt 0.897060 0.870232
vt 0.896765 0.868711
vt 0.896318 0.873329
vt 0.896814 0.876056
vt 0.896234 0.878485
vt 0.897016 0.879355
vt 0.897060 0.881002
vt 0.896156 0.882526
vt 0.896638 0.882448
vt 0.895666 0.882587
vt 0.895041 0.883165
vt 0.895041 0.883924
vt 0.896195 0.866934
vt 0.895411 0.867487
vt 0.895619 0.868269
vt 0.895142 0.868776
vt 0.895036 0.871150
vt 0.895389 0.873729
vt 0.895712 0.875490
vt 0.895145 0.877620
vt 0.895724 0.879365
vt 0.895201 0.880870
vt 0.896697 0.884000
vt 0.889123 0.876230
vt 0.887902 0.878178
vt 0.889181 0.878181
vt 0.887708 0.881120
vt 0.888945 0.880142
vt 0.887451 0.883055
vt 0.888255 0.876078
vt 0.889015 0.874298
vt 0.888260 0.872625
vt 0.888937 0.869549
vt 0.887697 0.875019
vt 0.890004 0.878841
vt 0.889690 0.881254
vt 0.888859 0.882724
vt 0.890558 0.882601
vt 0.892150 0.878933
vt 0.892201 0.881008
vt 0.891638 0.875664
vt 0.893096 0.874319
vt 0.891099 0.872292
vt 0.889978 0.874417
vt 0.892842 0.869867
vt 0.890903 0.869164
vt 0.889818 0.871140
vt 0.890725 0.867751
vt 0.891975 0.867479
vt 0.893835 0.867259
vt 0.889286 0.876336
vt 0.892629 0.883400
vt 0.889326 0.869013
vt 0.889096 0.875143
vt 0.889185 0.883517
vt 0.892415 0.866717
vt 0.890490 0.883461
vt 0.888344 0.883476
vt 0.887684 0.885330
vt 0.887352 0.880145
vt 0.894467 0.866319
vt 0.894422 0.866861
vt 0.890119 0.883971
vt 0.780355 0.691910
vt 0.779358 0.688040
vt 0.780915 0.690782
vt 0.781321 0.690279
vt 0.780730 0.686947
vt 0.780867 0.682824
vt 0.781378 0.687632
vt 0.779052 0.691657
vt 0.780150 0.694010
vt 0.778462 0.681968
vt 0.777773 0.689713
vt 0.778894 0.685779
vt 0.777700 0.687026
vt 0.777333 0.685038
vt 0.778279 0.684557
vt 0.777506 0.684036
vt 0.778180 0.682556
vt 0.777508 0.682315
vt 0.777543 0.690450
vt 0.553984 0.549876
vt 0.554582 0.551155
vt 0.554786 0.547979
vt 0.553655 0.546749
vt 0.554119 0.553803
vt 0.554308 0.546627
vt 0.553699 0.545287
vt 0.554407 0.545258
vt 0.555093 0.552669
vt 0.555754 0.554181
vt 0.554504 0.556749
vt 0.553680 0.548935
vt 0.571169 0.556525
vt 0.569937 0.557257
vt 0.573229 0.555845
vt 0.566367 0.559320
vt 0.564265 0.560133
vt 0.568816 0.559849
vt 0.568060 0.558785
vt 0.568650 0.560370
vt 0.569087 0.558485
vt 0.563231 0.559427
vt 0.561027 0.559407
vt 0.569198 0.555478
vt 0.571001 0.560563
vt 0.572118 0.559775
vt 0.573287 0.560362
vt 0.568468 0.553843
vt 0.562544 0.557615
vt 0.565536 0.558151
vt 0.564753 0.554860
vt 0.566561 0.554761
vt 0.562673 0.554991
vt 0.563326 0.552255
vt 0.560577 0.553863
vt 0.560655 0.556105
vt 0.558876 0.554816
vt 0.567563 0.557494
vt 0.565991 0.553075
vt 0.561411 0.550753
vt 0.563730 0.549196
vt 0.566106 0.549901
vt 0.565000 0.546400
vt 0.566437 0.551749
vt 0.567771 0.552216
vt 0.567868 0.548160
vt 0.564018 0.544817
vt 0.562428 0.545183
vt 0.563529 0.543705
vt 0.558773 0.543854
vt 0.559965 0.545076
vt 0.565976 0.544729
vt 0.560169 0.547310
vt 0.557297 0.547296
vt 0.557194 0.544461
vt 0.555958 0.544736
vt 0.560266 0.548931
vt 0.556376 0.549445
vt 0.562156 0.548834
vt 0.556388 0.555869
vt 0.556064 0.551444
vt 0.558317 0.557584
vt 0.555901 0.557109
vt 0.560337 0.557799
vt 0.564974 0.542904
vt 0.563421 0.561088
vt 0.558867 0.558503
vt 0.557015 0.560515
vt 0.558145 0.559369
vt 0.556028 0.559898
vt 0.569876 0.559185
vt 0.554393 0.560723
vt 0.571815 0.562017
vt 0.570159 0.562414
vt 0.570476 0.564063
vt 0.572704 0.563262
vt 0.574259 0.561465
vt 0.574544 0.559060
vt 0.575288 0.560532
vt 0.572951 0.558771
vt 0.573917 0.557138
vt 0.573119 0.553481
vt 0.569113 0.561364
vt 0.570491 0.569025
vt 0.566471 0.548294
vt 0.567845 0.545485
vt 0.566714 0.544999
vt 0.568062 0.544503
vt 0.554969 0.559393
vt 0.555438 0.562406
vt 0.569049 0.551663
vt 0.573519 0.564067
vt 0.568505 0.550199
vt 0.568972 0.546649
vt 0.568187 0.546937
vt 0.569107 0.543511
vt 0.558469 0.542842
vt 0.554400 0.543161
vt 0.575108 0.562777
vt 0.574925 0.551381
vt 0.562099 0.543043
vt 0.572034 0.554699
vt 0.570929 0.553946
vt 0.571889 0.553635
vt 0.569778 0.551474
vt 0.571360 0.550241
vt 0.569860 0.546688
vt 0.572091 0.545056
vt 0.569758 0.553789
vt 0.571485 0.543352
vt 0.570207 0.555545
vt 0.572954 0.543349
vt 0.572250 0.542212
vt 0.573776 0.542644
vt 0.573907 0.544989
vt 0.572996 0.546942
vt 0.575497 0.543562
vt 0.574451 0.546117
vt 0.573843 0.549026
vt 0.573511 0.541617
vt 0.572847 0.540174
vt 0.575118 0.541749
vt 0.574053 0.540408
vt 0.573130 0.538863
vt 0.573593 0.537377
vt 0.575254 0.540196
vt 0.573172 0.535049
vt 0.572442 0.536784
vt 0.572356 0.537764
vt 0.574255 0.538720
vt 0.574386 0.537414
vt 0.572607 0.545537
vt 0.572656 0.547981
vt 0.573232 0.549257
vt 0.572694 0.551672
vt 0.572068 0.539719
vt 0.554569 0.543884
vt 0.555009 0.555341
vt 0.555184 0.557803
vt 0.567655 0.544202
vt 0.554090 0.559872
vt 0.555084 0.565739
vt 0.555745 0.542546
vt 0.574819 0.556182
vt 0.575497 0.560204
vt 0.572244 0.537020
vt 0.570004 0.543095
vt 0.556138 0.558557
vt 0.557552 0.558190
vt 0.900258 0.547283
vt 0.900531 0.545066
vt 0.899576 0.545269
vt 0.900470 0.541734
vt 0.899684 0.548347
vt 0.900604 0.550036
vt 0.899732 0.542308
vt 0.900070 0.539742
vt 0.900721 0.538502
vt 0.899889 0.538689
vt 0.900052 0.537414
vt 0.899486 0.536354
vt 0.901951 0.540328
vt 0.901613 0.535081
vt 0.902988 0.537332
vt 0.900809 0.533835
vt 0.901859 0.544866
vt 0.901817 0.547395
vt 0.903377 0.547420
vt 0.903762 0.543293
vt 0.903447 0.549591
vt 0.901178 0.549734
vt 0.903144 0.540192
vt 0.902522 0.538688
vt 0.903222 0.538908
vt 0.903294 0.550419
vt 0.904696 0.538711
vt 0.903906 0.539385
vt 0.904803 0.540354
vt 0.904531 0.541958
vt 0.905418 0.543459
vt 0.904700 0.544751
vt 0.905363 0.541351
vt 0.905347 0.548002
vt 0.905554 0.549797
vt 0.903976 0.536710
vt 0.905494 0.539123
vt 0.904597 0.536997
vt 0.905140 0.536001
vt 0.905554 0.533892
vt 0.884539 0.869663
vt 0.884802 0.870024
vt 0.885495 0.869949
vt 0.885481 0.866448
vt 0.884509 0.870023
vt 0.884026 0.870280
vt 0.884803 0.870310
vt 0.884516 0.870594
vt 0.884220 0.870605
vt 0.883924 0.870891
vt 0.883626 0.870902
vt 0.883624 0.870617
vt 0.883308 0.870911
vt 0.883128 0.869974
vt 0.883904 0.870030
vt 0.884191 0.869738
vt 0.885105 0.869730
vt 0.884431 0.871222
vt 0.882795 0.871110
vt 0.885103 0.867433
vt 0.883183 0.871982
vt 0.885208 0.871441
vt 0.885734 0.868716
vt 0.884188 0.862651
vt 0.883072 0.865275
vt 0.885213 0.864643
vt 0.884425 0.865902
vt 0.885081 0.866557
vt 0.885075 0.866860
vt 0.885092 0.867147
vt 0.883196 0.867716
vt 0.885543 0.864109
vt 0.885367 0.861767
vt 0.882470 0.869624
vt 0.882062 0.870332
vt 0.881752 0.870611
vt 0.881781 0.870337
vt 0.885629 0.859959
vt 0.884464 0.857614
vt 0.884067 0.859496
vt 0.885106 0.863434
vt 0.885103 0.863717
vt 0.883059 0.858691
vt 0.885120 0.857432
vt 0.885318 0.857187
vt 0.885293 0.855619
vt 0.882960 0.857163
vt 0.884335 0.853242
vt 0.885611 0.851757
vt 0.881898 0.856286
vt 0.881609 0.858100
vt 0.885734 0.848754
vt 0.883865 0.849362
vt 0.881782 0.859335
vt 0.885064 0.864116
vt 0.882810 0.861440
vt 0.882796 0.864119
vt 0.881734 0.864315
vt 0.881475 0.865684
vt 0.882197 0.860193
vt 0.880322 0.861085
vt 0.881750 0.862386
vt 0.880653 0.859984
vt 0.881835 0.864044
vt 0.880614 0.862432
vt 0.880454 0.864222
vt 0.882281 0.866625
vt 0.883695 0.850438
vt 0.883339 0.853167
vt 0.882700 0.855037
vt 0.882109 0.853284
vt 0.881285 0.854913
vt 0.882421 0.851675
vt 0.879726 0.860367
vt 0.879748 0.858902
vt 0.881152 0.858490
vt 0.881974 0.868401
vt 0.880957 0.868423
vt 0.881555 0.869629
vt 0.880743 0.869737
vt 0.880818 0.865563
vt 0.879908 0.867019
vt 0.879900 0.864983
vt 0.879974 0.866147
vt 0.882723 0.849124
vt 0.881291 0.849636
vt 0.880929 0.852064
vt 0.879081 0.866670
vt 0.878985 0.867336
vt 0.879894 0.868410
vt 0.881114 0.852593
vt 0.878858 0.865648
vt 0.881936 0.859923
vt 0.880383 0.858056
vt 0.880677 0.858389
vt 0.883268 0.848496
vt 0.885664 0.848161
vt 0.882349 0.848117
vt 0.887756 0.924873
vt 0.889370 0.924097
vt 0.889374 0.925502
vt 0.888271 0.922335
vt 0.889374 0.921733
vt 0.888196 0.925113
vt 0.888499 0.925424
vt 0.888449 0.925735
vt 0.888741 0.926047
vt 0.888411 0.926182
vt 0.826186 0.841125
vt 0.826060 0.839505
vt 0.825130 0.841270
vt 0.826275 0.843668
vt 0.825188 0.842589
vt 0.826275 0.838410
vt 0.825062 0.838658
vt 0.610591 0.842284
vt 0.611903 0.842723
vt 0.610373 0.843071
vt 0.612305 0.843668
vt 0.609102 0.840837
vt 0.609069 0.842785
vt 0.609390 0.843668
vt 0.528525 0.621903
vt 0.527125 0.621203
vt 0.528344 0.621406
vt 0.530967 0.622069
vt 0.523207 0.621932
vt 0.525290 0.622552
vt 0.523831 0.622821
vt 0.519678 0.622520
vt 0.527187 0.622821
vt 0.531004 0.622742
vt 0.620699 0.769243
vt 0.622012 0.770633
vt 0.619990 0.770861
vt 0.622012 0.769483
vt 0.742318 0.874823
vt 0.743637 0.875075
vt 0.743764 0.874314
vt 0.745379 0.875719
vt 0.743196 0.872650
vt 0.744094 0.870705
vt 0.743825 0.869123
vt 0.744563 0.867086
vt 0.744627 0.864359
vt 0.742292 0.874101
vt 0.741210 0.874683
vt 0.740504 0.874207
vt 0.726222 0.874480
vt 0.726040 0.874220
vt 0.726006 0.874421
vt 0.726251 0.874776
vt 0.725935 0.874703
vt 0.725886 0.874988
vt 0.725654 0.874635
vt 0.725096 0.876112
vt 0.725814 0.875266
vt 0.726081 0.876054
vt 0.725754 0.874209
vt 0.726551 0.876953
vt 0.726140 0.873858
vt 0.726590 0.874051
vt 0.727282 0.873044
vt 0.725428 0.873572
vt 0.725497 0.874020
vt 0.725036 0.873757
vt 0.725281 0.874369
vt 0.729498 0.875134
vt 0.729912 0.875300
vt 0.730177 0.874978
vt 0.730216 0.875338
vt 0.730515 0.875372
vt 0.729676 0.876529
vt 0.730835 0.875223
vt 0.730786 0.875708
vt 0.730969 0.876864
vt 0.731315 0.875597
vt 0.729243 0.875500
vt 0.728923 0.875122
vt 0.729192 0.875832
vt 0.729050 0.876119
vt 0.728847 0.875414
vt 0.728766 0.875714
vt 0.728675 0.876024
vt 0.730573 0.874718
vt 0.730555 0.874927
vt 0.730878 0.874773
vt 0.726284 0.874145
vt 0.731764 0.873871
vt 0.731175 0.874802
vt 0.731468 0.874829
vt 0.731296 0.875113
vt 0.731157 0.875400
vt 0.729417 0.873718
vt 0.730869 0.872703
vt 0.729028 0.872689
vt 0.728424 0.873753
vt 0.726010 0.871852
vt 0.728732 0.874451
vt 0.728658 0.874743
vt 0.728587 0.875035
vt 0.727665 0.875685
vt 0.728514 0.875328
vt 0.727362 0.874637
vt 0.727579 0.874153
vt 0.728436 0.875621
vt 0.727001 0.874051
vt 0.726789 0.874304
vt 0.727285 0.874116
vt 0.727215 0.874401
vt 0.728350 0.875912
vt 0.723942 0.872351
vt 0.726866 0.874621
vt 0.726531 0.874715
vt 0.726796 0.874910
vt 0.726624 0.875249
vt 0.727092 0.874929
vt 0.726201 0.875062
vt 0.727015 0.875257
vt 0.727298 0.875330
vt 0.726948 0.875539
vt 0.727228 0.875615
vt 0.727369 0.875046
vt 0.726234 0.875359
vt 0.732589 0.872799
vt 0.735212 0.874117
vt 0.724967 0.870829
vt 0.735249 0.872889
vt 0.737847 0.873510
vt 0.737626 0.874620
vt 0.736567 0.875362
vt 0.736106 0.875610
vt 0.735698 0.875603
vt 0.735658 0.876019
vt 0.734303 0.876571
vt 0.735953 0.875879
vt 0.736440 0.875928
vt 0.735927 0.876171
vt 0.734528 0.875872
vt 0.734177 0.876275
vt 0.733503 0.875416
vt 0.734572 0.875454
vt 0.734252 0.875420
vt 0.734321 0.875140
vt 0.733718 0.874429
vt 0.732332 0.874920
vt 0.732305 0.875207
vt 0.731989 0.875475
vt 0.731705 0.875445
vt 0.732170 0.875685
vt 0.732075 0.876076
vt 0.731663 0.875914
vt 0.731499 0.876861
vt 0.732316 0.876401
vt 0.731366 0.875990
vt 0.731681 0.875729
vt 0.728448 0.874447
vt 0.739481 0.875034
vt 0.741174 0.875228
vt 0.742010 0.877523
vt 0.743115 0.875546
vt 0.738471 0.876661
vt 0.738147 0.876225
vt 0.737748 0.876534
vt 0.737432 0.876769
vt 0.737475 0.876497
vt 0.732511 0.876129
vt 0.737370 0.876188
vt 0.737707 0.875949
vt 0.738162 0.875735
vt 0.737332 0.875900
vt 0.730049 0.871271
vt 0.736854 0.875413
vt 0.729129 0.869793
vt 0.729964 0.868423
vt 0.731259 0.869272
vt 0.730990 0.871107
vt 0.732441 0.871723
vt 0.727396 0.877977
vt 0.727984 0.878476
vt 0.727326 0.880472
vt 0.729428 0.879872
vt 0.727232 0.871077
vt 0.733830 0.876552
vt 0.733270 0.877637
vt 0.728064 0.881116
vt 0.726508 0.882094
vt 0.730829 0.867282
vt 0.733583 0.876348
vt 0.730274 0.865501
vt 0.731267 0.862996
vt 0.732749 0.871213
vt 0.730813 0.861444
vt 0.731744 0.858205
vt 0.737688 0.860074
vt 0.740248 0.862456
vt 0.740336 0.858962
vt 0.737161 0.863947
vt 0.735427 0.863624
vt 0.741465 0.861133
vt 0.735633 0.860704
vt 0.731802 0.864548
vt 0.734014 0.867692
vt 0.738396 0.866473
vt 0.733609 0.859924
vt 0.740887 0.864849
vt 0.733879 0.869950
vt 0.735867 0.867225
vt 0.737651 0.871368
vt 0.738264 0.869070
vt 0.740284 0.868463
vt 0.736940 0.858592
vt 0.733728 0.872298
vt 0.742971 0.860822
vt 0.742581 0.859549
vt 0.739834 0.858245
vt 0.745056 0.858384
vt 0.744490 0.860150
vt 0.739884 0.866710
vt 0.741149 0.870765
vt 0.740612 0.872820
vt 0.742767 0.869345
vt 0.742537 0.867943
vt 0.741813 0.865603
vt 0.742437 0.862479
vt 0.732586 0.858662
vt 0.736231 0.857583
vt 0.740810 0.857427
vt 0.745371 0.859418
vt 0.744716 0.862125
vt 0.745379 0.862106
vt 0.743342 0.866187
vt 0.742786 0.871740
vt 0.733642 0.856611
vt 0.742470 0.865980
vt 0.743282 0.863296
vt 0.743970 0.860808
vt 0.743837 0.864517
vt 0.682053 0.791724
vt 0.680999 0.791600
vt 0.682918 0.791478
vt 0.682227 0.790027
vt 0.681296 0.789590
vt 0.683490 0.792684
vt 0.683957 0.792284
vt 0.679750 0.789063
vt 0.680116 0.790830
vt 0.678640 0.789190
vt 0.682880 0.789941
vt 0.683889 0.791567
vt 0.685516 0.791951
vt 0.683403 0.790640
vt 0.679989 0.791859
vt 0.681989 0.792704
vt 0.680728 0.792410
vt 0.679066 0.792998
vt 0.680564 0.793640
vt 0.680106 0.793917
vt 0.683911 0.793917
vt 0.724488 0.893454
vt 0.725959 0.894280
vt 0.722460 0.894496
vt 0.720429 0.893596
vt 0.728013 0.893513
vt 0.727083 0.894633
vt 0.729814 0.894162
vt 0.729842 0.892864
vt 0.730566 0.892522
vt 0.730818 0.893189
vt 0.728310 0.892638
vt 0.726768 0.892656
vt 0.728062 0.891775
vt 0.725574 0.891197
vt 0.724299 0.892725
vt 0.724505 0.891571
vt 0.721133 0.892582
vt 0.720008 0.891711
vt 0.718791 0.892407
vt 0.717126 0.891989
vt 0.721695 0.890992
vt 0.719138 0.892953
vt 0.714638 0.893831
vt 0.717060 0.894633
vt 0.970227 0.686325
vt 0.970609 0.686962
vt 0.971484 0.686418
vt 0.970337 0.687012
vt 0.970095 0.687469
vt 0.970401 0.687368
vt 0.971484 0.687781
vt 0.969965 0.687943
vt 0.969745 0.687625
vt 0.969462 0.687242
vt 0.969953 0.686329
vt 0.946090 0.571138
vt 0.946751 0.571665
vt 0.946002 0.569138
vt 0.946811 0.567812
vt 0.791031 0.776290
vt 0.791981 0.774040
vt 0.790786 0.775130
vt 0.791228 0.771747
vt 0.792425 0.771798
vt 0.791251 0.769252
vt 0.792005 0.765299
vt 0.792572 0.776436
vt 0.791797 0.777663
vt 0.791722 0.779930
vt 0.791203 0.779204
vt 0.791252 0.776953
vt 0.790224 0.778807
vt 0.792244 0.780997
vt 0.788586 0.776456
vt 0.790142 0.772625
vt 0.790143 0.781660
vt 0.788782 0.779611
vt 0.787671 0.777266
vt 0.786620 0.774358
vt 0.788196 0.772383
vt 0.784768 0.776634
vt 0.783938 0.773592
vt 0.781668 0.775375
vt 0.783244 0.770992
vt 0.780934 0.771543
vt 0.781093 0.770015
vt 0.782225 0.768748
vt 0.779284 0.771778
vt 0.780554 0.773975
vt 0.779454 0.768955
vt 0.779240 0.775719
vt 0.781074 0.778703
vt 0.784390 0.778901
vt 0.786753 0.779626
vt 0.780055 0.775700
vt 0.784475 0.780441
vt 0.781919 0.780357
vt 0.785336 0.772156
vt 0.786927 0.771559
vt 0.786731 0.768613
vt 0.787683 0.769380
vt 0.784161 0.769837
vt 0.784699 0.768165
vt 0.779621 0.777561
vt 0.787916 0.767952
vt 0.790058 0.769022
vt 0.789303 0.766839
vt 0.788436 0.766179
vt 0.790869 0.766798
vt 0.786019 0.767305
vt 0.785187 0.769230
vt 0.780550 0.780072
vt 0.787331 0.779550
vt 0.779127 0.779221
vt 0.786299 0.781690
vt 0.782235 0.781782
vt 0.788140 0.781766
vt 0.780786 0.769089
vt 0.780422 0.767497
vt 0.779309 0.766388
vt 0.780065 0.781568
vt 0.778448 0.780857
vt 0.778292 0.778494
vt 0.776928 0.779665
vt 0.777259 0.777306
vt 0.776593 0.777231
vt 0.778201 0.775047
vt 0.777259 0.774959
vt 0.777579 0.773052
vt 0.778616 0.771631
vt 0.777708 0.770948
vt 0.778474 0.768492
vt 0.776363 0.774993
vt 0.776130 0.773481
vt 0.775730 0.776182
vt 0.778891 0.777491
vt 0.776959 0.772140
vt 0.776347 0.769191
vt 0.777512 0.768703
vt 0.776219 0.768479
vt 0.775629 0.769804
vt 0.793515 0.773433
vt 0.793390 0.776014
vt 0.793265 0.778498
vt 0.794437 0.776931
vt 0.775489 0.773050
vt 0.777890 0.768674
vt 0.781962 0.764053
vt 0.781361 0.765175
vt 0.782568 0.764784
vt 0.790886 0.745082
vt 0.786521 0.745096
vt 0.782771 0.745441
vt 0.780649 0.746280
vt 0.779322 0.745703
vt 0.795185 0.744426
vt 0.792843 0.745281
vt 0.783113 0.747087
vt 0.785114 0.746659
vt 0.792619 0.748171
vt 0.795856 0.746555
vt 0.796748 0.747994
vt 0.795871 0.749086
vt 0.794182 0.750839
vt 0.788178 0.746453
vt 0.791030 0.746478
vt 0.792111 0.745191
vt 0.788763 0.748583
vt 0.787436 0.747607
vt 0.783255 0.748022
vt 0.785585 0.749270
vt 0.783752 0.749355
vt 0.780069 0.749165
vt 0.780917 0.750292
vt 0.782922 0.751378
vt 0.778745 0.748254
vt 0.784732 0.750295
vt 0.784097 0.751907
vt 0.786020 0.751592
vt 0.786765 0.750879
vt 0.788689 0.751526
vt 0.782265 0.752845
vt 0.787928 0.749314
vt 0.780315 0.752160
vt 0.789574 0.750089
vt 0.784073 0.754270
vt 0.780870 0.754458
vt 0.779020 0.755260
vt 0.778734 0.751702
vt 0.790889 0.750267
vt 0.778504 0.750620
vt 0.777409 0.749101
vt 0.780707 0.747933
vt 0.780839 0.747201
vt 0.795813 0.751692
vt 0.777378 0.747992
vt 0.776112 0.748117
vt 0.775246 0.748916
vt 0.776432 0.750451
vt 0.773675 0.750984
vt 0.774055 0.753011
vt 0.777833 0.751354
vt 0.773102 0.753188
vt 0.773819 0.756252
vt 0.775427 0.755296
vt 0.775253 0.757311
vt 0.774138 0.760630
vt 0.776104 0.758907
vt 0.776550 0.757277
vt 0.776650 0.760826
vt 0.774992 0.763405
vt 0.776851 0.764805
vt 0.776362 0.753087
vt 0.776927 0.751396
vt 0.774848 0.764916
vt 0.775781 0.765575
vt 0.773456 0.765606
vt 0.777671 0.760711
vt 0.778138 0.762743
vt 0.778144 0.758029
vt 0.777156 0.758276
vt 0.776989 0.755489
vt 0.778528 0.764445
vt 0.778597 0.765540
vt 0.777478 0.767386
vt 0.775176 0.766745
vt 0.780862 0.766503
vt 0.782814 0.765454
vt 0.782804 0.767401
vt 0.777802 0.755465
vt 0.777488 0.753169
vt 0.778601 0.761223
vt 0.793809 0.754091
vt 0.795990 0.756955
vt 0.795041 0.757091
vt 0.793198 0.756245
vt 0.793752 0.758850
vt 0.794807 0.759449
vt 0.796209 0.760088
vt 0.794626 0.761657
vt 0.795964 0.763424
vt 0.794865 0.763493
vt 0.793252 0.761670
vt 0.792851 0.763750
vt 0.793743 0.765610
vt 0.796748 0.764954
vt 0.792900 0.767520
vt 0.794881 0.766635
vt 0.795065 0.768677
vt 0.794224 0.769604
vt 0.792949 0.769762
vt 0.793194 0.771183
vt 0.784652 0.765220
vt 0.788480 0.764822
vt 0.784338 0.764512
vt 0.791238 0.762970
vt 0.791943 0.759843
vt 0.793241 0.750856
vt 0.792076 0.749193
vt 0.792603 0.751553
vt 0.791748 0.751736
vt 0.790529 0.753553
vt 0.791348 0.758969
vt 0.790665 0.756866
vt 0.788775 0.753004
vt 0.790186 0.756762
vt 0.789983 0.759710
vt 0.788494 0.759099
vt 0.786526 0.756957
vt 0.785918 0.754625
vt 0.783784 0.756492
vt 0.782848 0.758435
vt 0.780527 0.757619
vt 0.780408 0.760040
vt 0.784779 0.759211
vt 0.782083 0.753725
vt 0.786350 0.758677
vt 0.785686 0.760923
vt 0.778842 0.759058
vt 0.782619 0.760351
vt 0.788842 0.761451
vt 0.786543 0.762735
vt 0.785022 0.762695
vt 0.785452 0.752560
vt 0.788292 0.763250
vt 0.789790 0.763260
vt 0.781917 0.762387
vt 0.784127 0.760648
vt 0.786330 0.753620
vt 0.779736 0.761037
vt 0.780342 0.763277
vt 0.779278 0.762555
vt 0.780230 0.755278
vt 0.772479 0.752463
vt 0.795878 0.768730
vt 0.774652 0.769691
vt 0.774453 0.774203
vt 0.772838 0.755921
vt 0.772991 0.758301
vt 0.773368 0.771957
vt 0.774897 0.747366
vt 0.776535 0.746454
vt 0.777075 0.744111
vt 0.777538 0.744885
vt 0.774265 0.747955
vt 0.774008 0.769157
vt 0.772865 0.747528
vt 0.791837 0.754887
vt 0.792704 0.758737
vt 0.792533 0.754241
vt 0.774694 0.766242
vt 0.778005 0.753932
vt 0.827755 0.935152
vt 0.828708 0.937753
vt 0.828843 0.934809
vt 0.828166 0.933994
vt 0.829107 0.933463
vt 0.826511 0.933839
vt 0.826835 0.935598
vt 0.826476 0.936103
vt 0.825125 0.935493
vt 0.825374 0.934439
vt 0.824200 0.934704
vt 0.823848 0.935663
vt 0.640236 0.585302
vt 0.638986 0.584395
vt 0.639098 0.584837
vt 0.638192 0.585609
vt 0.638805 0.584781
vt 0.638514 0.584720
vt 0.638191 0.584635
vt 0.641362 0.584987
vt 0.641124 0.585383
vt 0.641412 0.585472
vt 0.641832 0.585609
vt 0.691371 0.664059
vt 0.691564 0.665928
vt 0.690864 0.665356
vt 0.690867 0.666934
vt 0.691561 0.667063
vt 0.691170 0.668091
vt 0.797017 0.773751
vt 0.797387 0.777572
vt 0.797355 0.774178
vt 0.797026 0.777966
vt 0.796748 0.780425
vt 0.797459 0.772380
vt 0.796933 0.770818
vt 0.797557 0.781413
vt 0.797557 0.768839
vt 0.796805 0.782329
vt 0.796997 0.785018
vt 0.922693 0.767584
vt 0.922943 0.768956
vt 0.920577 0.768440
vt 0.924392 0.767354
vt 0.921296 0.767646
vt 0.919306 0.768497
vt 0.921855 0.769648
vt 0.924564 0.768750
vt 0.923627 0.769648
vt 0.922863 0.767221
vt 0.729298 0.967730
vt 0.729043 0.967504
vt 0.730112 0.967439
vt 0.728795 0.968653
vt 0.731577 0.968653
vt 0.731627 0.967616
vt 0.836218 0.934676
vt 0.836387 0.930932
vt 0.835578 0.929599
vt 0.836387 0.926587
vt 0.656951 0.849577
vt 0.657188 0.850071
vt 0.655797 0.848522
vt 0.655180 0.850140
vt 0.659224 0.850140
vt 0.916090 0.707474
vt 0.916815 0.702908
vt 0.916258 0.703954
vt 0.594611 0.557065
vt 0.595238 0.555554
vt 0.594447 0.553580
vt 0.595283 0.553491
vt 0.595450 0.558160
vt 0.594344 0.561365
vt 0.595312 0.561495
vt 0.595159 0.564280
vt 0.594506 0.565195
vt 0.595320 0.567196
vt 0.594638 0.567694
vt 0.596353 0.568143
vt 0.597415 0.569022
vt 0.598311 0.579540
vt 0.598453 0.584693
vt 0.598552 0.581610
vt 0.597327 0.582272
vt 0.598314 0.587631
vt 0.595594 0.579953
vt 0.597047 0.577046
vt 0.595217 0.576268
vt 0.597172 0.574033
vt 0.595612 0.584650
vt 0.595470 0.582408
vt 0.595552 0.573525
vt 0.596718 0.571471
vt 0.597466 0.570766
vt 0.595785 0.569784
vt 0.594933 0.572029
vt 0.594199 0.570016
vt 0.592752 0.568666
vt 0.591141 0.569602
vt 0.590729 0.568206
vt 0.589603 0.569030
vt 0.598431 0.569200
vt 0.598204 0.574022
vt 0.598477 0.576561
vt 0.598280 0.566934
vt 0.593092 0.566790
vt 0.590821 0.567253
vt 0.590678 0.570659
vt 0.589683 0.567774
vt 0.589249 0.565960
vt 0.597033 0.565417
vt 0.598223 0.564325
vt 0.593113 0.564098
vt 0.597917 0.562470
vt 0.598552 0.560844
vt 0.598282 0.559896
vt 0.596452 0.554981
vt 0.596531 0.553488
vt 0.597213 0.557255
vt 0.596790 0.559687
vt 0.597091 0.555030
vt 0.596920 0.554605
vt 0.596572 0.561766
vt 0.596151 0.563410
vt 0.596969 0.563492
vt 0.596504 0.554612
vt 0.596916 0.554317
vt 0.597223 0.554029
vt 0.597650 0.553712
vt 0.596767 0.554036
vt 0.597054 0.553735
vt 0.596755 0.553749
vt 0.596487 0.554329
vt 0.597350 0.553724
vt 0.597635 0.553420
vt 0.597947 0.553701
vt 0.598178 0.552037
vt 0.597028 0.553441
vt 0.598180 0.554824
vt 0.598274 0.553694
vt 0.598417 0.557099
vt 0.598358 0.554013
vt 0.598350 0.554304
vt 0.598009 0.554651
vt 0.734957 0.506239
vt 0.735915 0.507129
vt 0.732436 0.507139
vt 0.737382 0.507042
vt 0.736220 0.505522
vt 0.739976 0.506070
vt 0.739294 0.506987
vt 0.742273 0.506320
vt 0.742800 0.507139
vt 0.745739 0.505970
vt 0.746648 0.506731
vt 0.749424 0.506058
vt 0.854511 0.835357
vt 0.854323 0.831531
vt 0.853913 0.837090
vt 0.853611 0.839631
vt 0.854153 0.840076
vt 0.854500 0.829265
vt 0.855063 0.833023
vt 0.854892 0.836791
vt 0.862827 0.839864
vt 0.859081 0.839171
vt 0.859612 0.840571
vt 0.856011 0.839599
vt 0.857009 0.836872
vt 0.855009 0.838957
vt 0.859548 0.837339
vt 0.856282 0.841461
vt 0.860539 0.835165
vt 0.858568 0.833832
vt 0.861236 0.838663
vt 0.862953 0.837011
vt 0.862567 0.835232
vt 0.862197 0.832744
vt 0.855709 0.834366
vt 0.860523 0.832991
vt 0.859034 0.831278
vt 0.861645 0.830294
vt 0.856621 0.833311
vt 0.856704 0.830700
vt 0.860702 0.829032
vt 0.863494 0.840243
vt 0.862866 0.841292
vt 0.854477 0.842108
vt 0.859388 0.829645
vt 0.858964 0.841702
vt 0.860073 0.842546
vt 0.863510 0.826136
vt 0.863218 0.828668
vt 0.862996 0.832691
vt 0.862204 0.825504
vt 0.860089 0.825808
vt 0.863588 0.838406
vt 0.855974 0.829576
vt 0.856878 0.827563
vt 0.858737 0.826541
vt 0.855019 0.827741
vt 0.856071 0.824833
vt 0.854794 0.825065
vt 0.855413 0.822495
vt 0.854321 0.822604
vt 0.853116 0.823274
vt 0.853214 0.822343
vt 0.851740 0.826852
vt 0.853171 0.827736
vt 0.851499 0.829162
vt 0.852556 0.830812
vt 0.851958 0.822945
vt 0.852367 0.822230
vt 0.851706 0.824993
vt 0.857366 0.822925
vt 0.859088 0.824399
vt 0.851136 0.829989
vt 0.850780 0.831581
vt 0.852585 0.834472
vt 0.850991 0.835344
vt 0.852616 0.838362
vt 0.852048 0.838761
vt 0.850667 0.841537
vt 0.852080 0.840443
vt 0.851480 0.842045
vt 0.850283 0.845530
vt 0.851647 0.845365
vt 0.851342 0.847607
vt 0.857679 0.825606
vt 0.850819 0.828382
vt 0.854307 0.827442
vt 0.849860 0.847966
vt 0.849750 0.850922
vt 0.850973 0.850986
vt 0.859763 0.828521
vt 0.853491 0.841109
vt 0.849744 0.854324
vt 0.851290 0.854239
vt 0.850366 0.855767
vt 0.849541 0.857622
vt 0.851491 0.857145
vt 0.851958 0.848685
vt 0.863651 0.837142
vt 0.852424 0.843651
vt 0.863469 0.834525
vt 0.863328 0.836276
vt 0.864452 0.828692
vt 0.864023 0.830618
vt 0.864215 0.832041
vt 0.859790 0.826650
vt 0.863786 0.842100
vt 0.864161 0.841077
vt 0.853970 0.832059
vt 0.863498 0.832451
vt 0.853429 0.846351
vt 0.853869 0.842699
vt 0.853149 0.851810
vt 0.853465 0.848938
vt 0.852898 0.856111
vt 0.852352 0.857825
vt 0.850336 0.833023
vt 0.854615 0.845144
vt 0.864701 0.844902
vt 0.854409 0.849949
vt 0.862731 0.842019
vt 0.849331 0.836886
vt 0.864320 0.844851
vt 0.864691 0.846734
vt 0.853719 0.850765
vt 0.864571 0.826054
vt 0.864701 0.827578
vt 0.860628 0.824646
vt 0.634944 0.870833
vt 0.636142 0.869602
vt 0.635176 0.868602
vt 0.636824 0.868301
vt 0.636700 0.870137
vt 0.636033 0.871804
vt 0.627503 0.874189
vt 0.627828 0.874229
vt 0.627915 0.872942
vt 0.627501 0.874681
vt 0.627226 0.874143
vt 0.626786 0.873648
vt 0.627014 0.874108
vt 0.624527 0.882265
vt 0.625256 0.881536
vt 0.625026 0.881205
vt 0.624748 0.881145
vt 0.625684 0.881631
vt 0.624035 0.880878
vt 0.625517 0.881891
vt 0.626488 0.877724
vt 0.627366 0.876162
vt 0.627430 0.875891
vt 0.627300 0.876433
vt 0.627232 0.876703
vt 0.628712 0.876644
vt 0.627165 0.876972
vt 0.627531 0.875469
vt 0.628463 0.874167
vt 0.629723 0.874413
vt 0.626994 0.875603
vt 0.630383 0.876635
vt 0.627098 0.877238
vt 0.629989 0.878217
vt 0.632494 0.879146
vt 0.633961 0.878754
vt 0.632200 0.876383
vt 0.631677 0.879589
vt 0.628294 0.878450
vt 0.630440 0.874189
vt 0.632153 0.874380
vt 0.633195 0.876074
vt 0.626737 0.878780
vt 0.629724 0.874025
vt 0.628394 0.871056
vt 0.629527 0.871755
vt 0.630685 0.871668
vt 0.629344 0.869908
vt 0.628448 0.870206
vt 0.628189 0.870043
vt 0.628024 0.870296
vt 0.627778 0.869956
vt 0.627592 0.870219
vt 0.633471 0.879608
vt 0.627289 0.875274
vt 0.627045 0.875066
vt 0.626800 0.874867
vt 0.626698 0.875272
vt 0.626470 0.874488
vt 0.626522 0.874799
vt 0.626500 0.875677
vt 0.626409 0.875948
vt 0.626470 0.876257
vt 0.626049 0.876146
vt 0.626405 0.876536
vt 0.625995 0.876439
vt 0.625964 0.877651
vt 0.625978 0.875842
vt 0.626041 0.875564
vt 0.624911 0.875188
vt 0.626106 0.875286
vt 0.626316 0.875631
vt 0.626388 0.875357
vt 0.626453 0.875077
vt 0.626242 0.874729
vt 0.625187 0.876636
vt 0.624399 0.879195
vt 0.624071 0.875109
vt 0.634470 0.876573
vt 0.635313 0.878809
vt 0.635810 0.877428
vt 0.634593 0.874709
vt 0.636657 0.876321
vt 0.635083 0.872943
vt 0.636513 0.873584
vt 0.637744 0.875929
vt 0.638800 0.874258
vt 0.638669 0.872271
vt 0.640032 0.872564
vt 0.639606 0.876775
vt 0.638529 0.876934
vt 0.637380 0.877631
vt 0.638927 0.878614
vt 0.636923 0.879019
vt 0.636394 0.879494
vt 0.636991 0.880245
vt 0.638631 0.881617
vt 0.639291 0.871184
vt 0.641347 0.871235
vt 0.641447 0.873001
vt 0.640107 0.874608
vt 0.641120 0.869318
vt 0.638752 0.869392
vt 0.637186 0.871931
vt 0.640524 0.867775
vt 0.643969 0.868809
vt 0.642231 0.871044
vt 0.642954 0.868128
vt 0.643880 0.867110
vt 0.627550 0.870505
vt 0.639419 0.866906
vt 0.627343 0.869935
vt 0.638431 0.868706
vt 0.627310 0.870184
vt 0.640532 0.875237
vt 0.642752 0.873481
vt 0.641593 0.876756
vt 0.640186 0.877663
vt 0.641169 0.880419
vt 0.642729 0.871594
vt 0.643423 0.872324
vt 0.639764 0.881002
vt 0.640287 0.883386
vt 0.639976 0.883774
vt 0.638447 0.882615
vt 0.639643 0.878470
vt 0.634881 0.879741
vt 0.636993 0.882865
vt 0.635607 0.882098
vt 0.633873 0.881103
vt 0.633446 0.881956
vt 0.630187 0.880334
vt 0.629382 0.881173
vt 0.631396 0.883921
vt 0.633144 0.883494
vt 0.627112 0.879526
vt 0.627371 0.881758
vt 0.626345 0.880506
vt 0.626459 0.880078
vt 0.626517 0.879799
vt 0.626163 0.880077
vt 0.626114 0.880285
vt 0.624971 0.880172
vt 0.626259 0.880911
vt 0.626049 0.880565
vt 0.625771 0.880499
vt 0.625706 0.880778
vt 0.625983 0.880844
vt 0.625515 0.881230
vt 0.626195 0.881192
vt 0.626443 0.879483
vt 0.626099 0.879096
vt 0.626034 0.879377
vt 0.626240 0.879723
vt 0.625969 0.879654
vt 0.625695 0.879591
vt 0.625484 0.879253
vt 0.624976 0.880484
vt 0.625880 0.878748
vt 0.625534 0.878967
vt 0.625596 0.878683
vt 0.625567 0.878157
vt 0.625920 0.881128
vt 0.625850 0.881403
vt 0.636710 0.884029
vt 0.634757 0.884441
vt 0.636581 0.884804
vt 0.638235 0.885847
vt 0.642281 0.866658
vt 0.639560 0.884483
vt 0.639023 0.885252
vt 0.641934 0.885953
vt 0.641169 0.884939
vt 0.643671 0.885945
vt 0.644663 0.887352
vt 0.629390 0.882870
vt 0.644663 0.867225
vt 0.640412 0.866279
vt 0.644621 0.864297
vt 0.624532 0.874457
vt 0.625954 0.878467
vt 0.641169 0.882071
vt 0.643260 0.884719
vt 0.634615 0.879979
vt 0.633302 0.874254
vt 0.632292 0.872460
vt 0.630411 0.873480
vt 0.631016 0.871683
vt 0.524471 0.955709
vt 0.521701 0.955709
vt 0.523199 0.954737
vt 0.524875 0.954435
vt 0.525480 0.954727
vt 0.525746 0.954195
vt 0.522289 0.954600
vt 0.521718 0.954647
vt 0.522513 0.953991
vt 0.523440 0.953687
vt 0.965012 0.942361
vt 0.964608 0.940353
vt 0.965012 0.938317
vt 0.951296 0.948744
vt 0.950626 0.949777
vt 0.950451 0.947733
vt 0.951665 0.947215
vt 0.951665 0.952878
vt 0.825062 0.588145
vt 0.824253 0.589050
vt 0.825062 0.590703
vt 0.824511 0.592889
vt 0.824667 0.586822
vt 0.853537 0.670190
vt 0.854278 0.670367
vt 0.853376 0.669033
vt 0.854798 0.672572
vt 0.854807 0.669366
vt 0.855802 0.672000
vt 0.854305 0.668528
vt 0.855802 0.668639
vt 0.655505 0.884090
vt 0.652930 0.884510
vt 0.654705 0.883375
vt 0.653493 0.883307
vt 0.652656 0.883563
vt 0.651981 0.884567
vt 0.654757 0.884756
vt 0.655590 0.885290
vt 0.653593 0.885420
vt 0.655277 0.883334
vt 0.656500 0.885423
vt 0.656155 0.883842
vt 0.656539 0.883378
vt 0.657202 0.884010
vt 0.647695 0.884932
vt 0.647404 0.884892
vt 0.646937 0.884562
vt 0.646307 0.885480
vt 0.646640 0.885139
vt 0.647054 0.885278
vt 0.646325 0.884815
vt 0.646161 0.884303
vt 0.647406 0.885314
vt 0.644262 0.885254
vt 0.648035 0.885041
vt 0.648100 0.884594
vt 0.649398 0.884733
vt 0.645387 0.883630
vt 0.646043 0.883943
vt 0.644259 0.884167
vt 0.648019 0.885368
vt 0.648625 0.885459
vt 0.649755 0.885475
vt 0.650412 0.884832
vt 0.650943 0.885733
vt 0.650429 0.884003
vt 0.652498 0.885725
vt 0.651088 0.884058
vt 0.559298 0.756502
vt 0.558591 0.756574
vt 0.559165 0.759124
vt 0.559318 0.753469
vt 0.558509 0.759706
vt 0.559318 0.760345
vt 0.941861 0.672150
vt 0.942540 0.670588
vt 0.941833 0.670072
vt 0.942561 0.674909
vt 0.941552 0.674699
vt 0.942143 0.669619
vt 0.942766 0.676213
vt 0.941992 0.668846
vt 0.942766 0.667719
vt 0.813742 0.950795
vt 0.813000 0.951741
vt 0.813872 0.951319
vt 0.812870 0.950916
vt 0.814522 0.950356
vt 0.812527 0.951057
vt 0.814775 0.950876
vt 0.814950 0.950619
vt 0.814496 0.952830
vt 0.813506 0.953599
vt 0.814950 0.953687
vt 0.812118 0.952066
vt 0.814560 0.949642
vt 0.812235 0.951303
vt 0.812350 0.952959
vt 0.912302 0.680913
vt 0.912834 0.677459
vt 0.912025 0.678310
vt 0.912834 0.683493
vt 0.912048 0.673381
vt 0.847567 0.951888
vt 0.846803 0.951497
vt 0.846099 0.952608
vt 0.845356 0.951676
vt 0.847713 0.953282
vt 0.847713 0.950451
vt 0.844072 0.951678
vt 0.865403 0.937623
vt 0.867616 0.937508
vt 0.867213 0.938721
vt 0.869504 0.938721
vt 0.870059 0.937898
vt 0.864701 0.938372
vt 0.871173 0.938215
vt 0.568316 0.623226
vt 0.569074 0.621713
vt 0.567407 0.621824
vt 0.696841 0.701427
vt 0.697650 0.699268
vt 0.697650 0.703717
vt 0.965825 0.785465
vt 0.966786 0.786611
vt 0.967070 0.785689
vt 0.966138 0.785872
vt 0.966059 0.786155
vt 0.965821 0.785814
vt 0.967844 0.785423
vt 0.967844 0.787445
vt 0.620624 0.960066
vt 0.619585 0.959510
vt 0.619647 0.961243
vt 0.621203 0.958945
vt 0.621203 0.962181
vt 0.620461 0.962127
vt 0.690774 0.703717
vt 0.689561 0.703717
vt 0.690046 0.701201
vt 0.689863 0.700886
vt 0.560903 0.920519
vt 0.560291 0.921328
vt 0.563767 0.921328
vt 0.558509 0.921043
vt 0.550419 0.567003
vt 0.549206 0.565658
vt 0.550419 0.564980
vt 0.774502 0.962990
vt 0.774221 0.962181
vt 0.771739 0.962990
vt 0.770457 0.962314
vt 0.773658 0.837067
vt 0.773796 0.836234
vt 0.776386 0.837401
vt 0.771223 0.835651
vt 0.770052 0.834652
vt 0.793258 0.832503
vt 0.795517 0.834426
vt 0.794144 0.833390
vt 0.793455 0.833356
vt 0.799979 0.842219
vt 0.798311 0.842714
vt 0.801472 0.841741
vt 0.799517 0.841513
vt 0.796815 0.841046
vt 0.795513 0.842715
vt 0.797601 0.844280
vt 0.795722 0.844886
vt 0.799112 0.839878
vt 0.802363 0.841121
vt 0.793270 0.844085
vt 0.793806 0.841544
vt 0.795242 0.841234
vt 0.792805 0.842254
vt 0.794979 0.845754
vt 0.797005 0.846499
vt 0.800107 0.839020
vt 0.802122 0.840048
vt 0.795058 0.839019
vt 0.795962 0.839001
vt 0.795576 0.837707
vt 0.796906 0.837841
vt 0.802864 0.842319
vt 0.804438 0.842082
vt 0.803985 0.841053
vt 0.805440 0.839862
vt 0.807683 0.840222
vt 0.806275 0.842084
vt 0.804827 0.838290
vt 0.802069 0.838466
vt 0.806673 0.843712
vt 0.802905 0.836232
vt 0.801092 0.835696
vt 0.799769 0.837944
vt 0.799563 0.836314
vt 0.798277 0.837745
vt 0.797430 0.834685
vt 0.796569 0.835069
vt 0.797885 0.833595
vt 0.797697 0.832420
vt 0.795428 0.836939
vt 0.795354 0.835643
vt 0.794447 0.836798
vt 0.796920 0.832764
vt 0.799256 0.834980
vt 0.793258 0.835965
vt 0.792253 0.843030
vt 0.791402 0.843569
vt 0.800295 0.834546
vt 0.804393 0.835166
vt 0.804798 0.836601
vt 0.798756 0.832318
vt 0.799781 0.833415
vt 0.801872 0.833652
vt 0.800984 0.831500
vt 0.805554 0.833346
vt 0.803418 0.831524
vt 0.805791 0.835785
vt 0.807908 0.835664
vt 0.807151 0.836794
vt 0.809694 0.837381
vt 0.810889 0.835770
vt 0.811672 0.837614
vt 0.805865 0.832153
vt 0.809094 0.833550
vt 0.803743 0.830792
vt 0.807128 0.831267
vt 0.808268 0.832177
vt 0.799644 0.831077
vt 0.803618 0.843543
vt 0.809158 0.842309
vt 0.811827 0.839777
vt 0.811364 0.841328
vt 0.810255 0.843868
vt 0.812540 0.840210
vt 0.793282 0.840816
vt 0.790148 0.841246
vt 0.793704 0.838519
vt 0.812709 0.837963
vt 0.810542 0.838547
vt 0.808375 0.838532
vt 0.806381 0.837614
vt 0.807105 0.837088
vt 0.792396 0.840518
vt 0.789253 0.839261
vt 0.786911 0.839702
vt 0.786825 0.837206
vt 0.790830 0.838437
vt 0.790411 0.837402
vt 0.787065 0.835732
vt 0.784662 0.835534
vt 0.793983 0.837468
vt 0.783543 0.836500
vt 0.782233 0.833783
vt 0.780465 0.835045
vt 0.781110 0.836581
vt 0.780601 0.832659
vt 0.782202 0.838321
vt 0.777125 0.836137
vt 0.779446 0.837220
vt 0.778812 0.831963
vt 0.777140 0.834443
vt 0.784901 0.839181
vt 0.784654 0.839955
vt 0.778381 0.830569
vt 0.779691 0.829708
vt 0.781351 0.830951
vt 0.782840 0.832551
vt 0.789578 0.835794
vt 0.791149 0.835698
vt 0.790672 0.834266
vt 0.783241 0.830888
vt 0.785182 0.833215
vt 0.788064 0.834440
vt 0.789638 0.834713
vt 0.788625 0.833179
vt 0.786140 0.832339
vt 0.775566 0.835602
vt 0.812190 0.835513
vt 0.811577 0.834208
vt 0.814201 0.835904
vt 0.813550 0.837870
vt 0.813478 0.840746
vt 0.812448 0.844645
vt 0.813733 0.844195
vt 0.814300 0.845414
vt 0.815018 0.841858
vt 0.815058 0.835948
vt 0.815917 0.837127
vt 0.816592 0.839891
vt 0.817537 0.839161
vt 0.799526 0.830142
vt 0.797641 0.829846
vt 0.798363 0.828952
vt 0.799415 0.828674
vt 0.796826 0.828184
vt 0.797816 0.827231
vt 0.795156 0.829358
vt 0.796611 0.831707
vt 0.794634 0.831706
vt 0.792871 0.831589
vt 0.793177 0.831007
vt 0.791153 0.830456
vt 0.798496 0.828261
vt 0.798666 0.825958
vt 0.800542 0.824657
vt 0.807966 0.844104
vt 0.809749 0.845043
vt 0.786696 0.833685
vt 0.799562 0.825235
vt 0.779215 0.837838
vt 0.780727 0.837349
vt 0.784080 0.830191
vt 0.809846 0.833150
vt 0.811444 0.833611
vt 0.815549 0.843774
vt 0.817543 0.845567
vt 0.817781 0.846499
vt 0.802231 0.832484
vt 0.792971 0.844589
vt 0.810257 0.832134
vt 0.809052 0.831748
vt 0.791081 0.842854
vt 0.789422 0.842692
vt 0.795165 0.830893
vt 0.796412 0.830695
vt 0.792663 0.830301
vt 0.776032 0.834196
vt 0.785669 0.840764
vt 0.798467 0.843755
vt 0.811678 0.843141
vt 0.799781 0.843018
vt 0.782654 0.839178
vt 0.783117 0.840194
vt 0.785649 0.841241
vt 0.786030 0.841071
vt 0.786307 0.841158
vt 0.779635 0.838932
vt 0.780789 0.839850
vt 0.777028 0.838113
vt 0.783767 0.841033
vt 0.807407 0.830353
vt 0.788663 0.832359
vt 0.791385 0.844002
vt 0.790699 0.842533
vt 0.774925 0.835382
vt 0.812716 0.835278
vt 0.794585 0.838046
vt 0.794574 0.837518
vt 0.811351 0.844509
vt 0.786832 0.842157
vt 0.800767 0.842248
vt 0.802532 0.843044
vt 0.778839 0.829672
vt 0.797222 0.826504
vt 0.813812 0.835037
vt 0.958136 0.519828
vt 0.957144 0.519245
vt 0.958117 0.518966
vt 0.957042 0.517251
vt 0.956114 0.719688
vt 0.957327 0.720597
vt 0.957290 0.718865
vt 0.957327 0.716661
vt 0.956766 0.721110
vt 0.634571 0.619128
vt 0.634663 0.618275
vt 0.633650 0.618150
vt 0.636978 0.619181
vt 0.633005 0.619181
vt 0.632529 0.617572
vt 0.633397 0.617158
vt 0.635382 0.617736
vt 0.891496 0.957702
vt 0.891132 0.958945
vt 0.890348 0.957838
vt 0.891171 0.956518
vt 0.890339 0.957204
vt 0.889374 0.958945
vt 0.892099 0.956539
vt 0.508081 0.954496
vt 0.507914 0.955220
vt 0.506330 0.954711
vt 0.506720 0.955286
vt 0.508674 0.954835
vt 0.509971 0.955611
vt 0.509040 0.956518
vt 0.507086 0.956518
vt 0.506472 0.956327
vt 0.509851 0.956389
vt 0.622657 0.782187
vt 0.623319 0.782958
vt 0.621799 0.782996
vt 0.620394 0.782221
vt 0.624035 0.782996
vt 0.956923 0.964203
vt 0.958395 0.963350
vt 0.958674 0.963979
vt 0.960159 0.964203
vt 0.959907 0.962990
vt 0.971484 0.556891
vt 0.970475 0.557788
vt 0.970695 0.558185
vt 0.971484 0.559318
vt 0.970592 0.557264
vt 0.970271 0.557527
vt 0.970598 0.558711
vt 0.726587 0.514825
vt 0.727447 0.516871
vt 0.727582 0.514936
vt 0.726368 0.516732
vt 0.727582 0.518060
vt 0.634013 0.632150
vt 0.635618 0.632313
vt 0.634931 0.632671
vt 0.635049 0.633134
vt 0.634583 0.633142
vt 0.634823 0.633138
vt 0.634818 0.632911
vt 0.635054 0.631969
vt 0.634825 0.631965
vt 0.634596 0.631955
vt 0.635386 0.636237
vt 0.635158 0.635998
vt 0.635691 0.636191
vt 0.635155 0.636230
vt 0.634923 0.636219
vt 0.634683 0.636437
vt 0.634454 0.636221
vt 0.634453 0.636658
vt 0.634590 0.632527
vt 0.634850 0.633347
vt 0.634579 0.633368
vt 0.634571 0.633594
vt 0.634802 0.633601
vt 0.633510 0.634375
vt 0.632326 0.632720
vt 0.634874 0.634353
vt 0.625916 0.632254
vt 0.628551 0.630582
vt 0.627457 0.632065
vt 0.625880 0.630415
vt 0.624228 0.631160
vt 0.624411 0.633336
vt 0.621870 0.632682
vt 0.629686 0.631127
vt 0.629498 0.633120
vt 0.627185 0.633624
vt 0.630920 0.631254
vt 0.631819 0.632455
vt 0.632176 0.630721
vt 0.631548 0.627794
vt 0.630303 0.628724
vt 0.629483 0.627952
vt 0.628293 0.627193
vt 0.623157 0.630189
vt 0.625250 0.629324
vt 0.623298 0.626865
vt 0.632977 0.629174
vt 0.622006 0.631328
vt 0.621749 0.629774
vt 0.620559 0.631396
vt 0.619631 0.630006
vt 0.619646 0.632062
vt 0.620785 0.627813
vt 0.621928 0.627164
vt 0.620307 0.626348
vt 0.619121 0.626816
vt 0.618640 0.625458
vt 0.616752 0.626244
vt 0.619528 0.623761
vt 0.624741 0.627407
vt 0.626116 0.628054
vt 0.626987 0.629725
vt 0.616181 0.625749
vt 0.620144 0.633025
vt 0.630422 0.626856
vt 0.612879 0.626117
vt 0.611308 0.625629
vt 0.618252 0.630697
vt 0.608618 0.625863
vt 0.620581 0.624936
vt 0.621789 0.625471
vt 0.620678 0.622814
vt 0.619086 0.622387
vt 0.621696 0.624418
vt 0.621819 0.622781
vt 0.622789 0.624080
vt 0.623912 0.623151
vt 0.624266 0.624711
vt 0.623313 0.625775
vt 0.625838 0.625750
vt 0.626320 0.624354
vt 0.624610 0.623696
vt 0.626561 0.622969
vt 0.628506 0.623652
vt 0.630320 0.623893
vt 0.629496 0.625672
vt 0.631732 0.624783
vt 0.628549 0.626056
vt 0.632156 0.623206
vt 0.629753 0.623129
vt 0.631990 0.633951
vt 0.633219 0.623439
vt 0.632989 0.625225
vt 0.624160 0.626553
vt 0.621515 0.626132
vt 0.618064 0.622944
vt 0.632938 0.627966
vt 0.626014 0.627078
vt 0.633961 0.623636
vt 0.634507 0.624678
vt 0.635701 0.625107
vt 0.635765 0.623171
vt 0.632824 0.626158
vt 0.634668 0.626005
vt 0.635686 0.626360
vt 0.634774 0.626238
vt 0.634543 0.626463
vt 0.634770 0.626469
vt 0.622241 0.633720
vt 0.620910 0.634414
vt 0.623252 0.634501
vt 0.625704 0.633939
vt 0.626026 0.634435
vt 0.629463 0.633935
vt 0.628309 0.634824
vt 0.630105 0.635204
vt 0.631398 0.635620
vt 0.632246 0.634826
vt 0.630173 0.636625
vt 0.632030 0.636905
vt 0.632732 0.633307
vt 0.629241 0.635454
vt 0.627652 0.636380
vt 0.625535 0.635188
vt 0.625647 0.636737
vt 0.624148 0.635133
vt 0.622615 0.637220
vt 0.622397 0.635403
vt 0.620688 0.637030
vt 0.620183 0.634474
vt 0.619975 0.634955
vt 0.627277 0.637384
vt 0.630256 0.637511
vt 0.633347 0.637514
vt 0.632359 0.635445
vt 0.633566 0.635275
vt 0.635612 0.635323
vt 0.634553 0.634827
vt 0.635682 0.634036
vt 0.631917 0.627098
vt 0.619885 0.635975
vt 0.634823 0.623708
vt 0.635099 0.623016
vt 0.634844 0.622998
vt 0.633572 0.622808
vt 0.619059 0.636755
vt 0.606972 0.625002
vt 0.618774 0.633880
vt 0.618322 0.626749
vt 0.631958 0.625955
vt 0.633089 0.632191
vt 0.619464 0.634289
vt 0.633050 0.627332
vt 0.624603 0.637413
vt 0.615334 0.622607
vt 0.629560 0.626552
vt 0.630212 0.626162
vt 0.618252 0.637205
vt 0.627559 0.626592
vt 0.625771 0.626144
vt 0.624013 0.626186
vt 0.625608 0.622452
vt 0.621529 0.622372
vt 0.626780 0.621987
vt 0.630305 0.622080
vt 0.630035 0.622525
vt 0.632971 0.622020
vt 0.620531 0.621912
vt 0.633254 0.637762
vt 0.612691 0.621906
vt 0.612423 0.622459
vt 0.611365 0.622436
vt 0.615716 0.637048
vt 0.629950 0.626109
vt 0.615116 0.625258
vt 0.617235 0.625231
vt 0.633153 0.626898
vt 0.634420 0.637787
vt 0.623216 0.621741
vt 0.622190 0.620940
vt 0.624397 0.621413
vt 0.629800 0.626066
vt 0.628244 0.621451
vt 0.618493 0.634782
vt 0.611646 0.625203
vt 0.609103 0.625035
vt 0.634996 0.626489
vt 0.635223 0.626506
vt 0.629668 0.626190
vt 0.631595 0.626353
vt 0.630573 0.621573
vt 0.608848 0.635092
vt 0.607955 0.634520
vt 0.609520 0.634719
vt 0.608302 0.635529
vt 0.590482 0.622759
vt 0.590954 0.620429
vt 0.591534 0.622884
vt 0.592104 0.620236
vt 0.593546 0.622045
vt 0.592947 0.623632
vt 0.595677 0.623259
vt 0.596562 0.624087
vt 0.595696 0.622129
vt 0.598303 0.622802
vt 0.591321 0.623798
vt 0.598481 0.621667
vt 0.595652 0.621125
vt 0.597604 0.623765
vt 0.598461 0.624010
vt 0.601087 0.622022
vt 0.600297 0.623274
vt 0.593642 0.620690
vt 0.600944 0.623744
vt 0.602618 0.621773
vt 0.601894 0.624517
vt 0.603871 0.623591
vt 0.604800 0.621975
vt 0.600745 0.624857
vt 0.599449 0.624236
vt 0.604390 0.624882
vt 0.605743 0.621314
vt 0.605605 0.625500
vt 0.606074 0.624162
vt 0.609062 0.622308
vt 0.607541 0.622020
vt 0.609949 0.624195
vt 0.611254 0.623028
vt 0.612039 0.623320
vt 0.613361 0.623986
vt 0.615368 0.623786
vt 0.616639 0.624095
vt 0.618225 0.624215
vt 0.603969 0.625697
vt 0.604994 0.626316
vt 0.606461 0.626211
vt 0.604811 0.628974
vt 0.606524 0.628916
vt 0.607301 0.626909
vt 0.606431 0.631409
vt 0.603820 0.627981
vt 0.604441 0.633311
vt 0.605714 0.632566
vt 0.603323 0.630241
vt 0.602814 0.627118
vt 0.601672 0.628454
vt 0.603305 0.632344
vt 0.602406 0.633316
vt 0.604645 0.634228
vt 0.608551 0.633363
vt 0.601099 0.633997
vt 0.598133 0.632836
vt 0.596991 0.634300
vt 0.598438 0.634564
vt 0.602761 0.635154
vt 0.607492 0.632734
vt 0.607649 0.630912
vt 0.610042 0.632643
vt 0.609508 0.630293
vt 0.607779 0.629703
vt 0.608033 0.628416
vt 0.609936 0.628377
vt 0.611620 0.629528
vt 0.611249 0.632099
vt 0.611495 0.626755
vt 0.612461 0.627906
vt 0.613298 0.629540
vt 0.614950 0.630483
vt 0.612927 0.631687
vt 0.614107 0.627761
vt 0.615711 0.630995
vt 0.616661 0.629670
vt 0.615810 0.628753
vt 0.614869 0.628882
vt 0.617815 0.628019
vt 0.617591 0.630133
vt 0.600125 0.632316
vt 0.596443 0.631605
vt 0.609014 0.627360
vt 0.609142 0.626322
vt 0.610440 0.627568
vt 0.612583 0.626544
vt 0.615767 0.626848
vt 0.601861 0.625678
vt 0.601373 0.629536
vt 0.616941 0.631233
vt 0.613396 0.632462
vt 0.614877 0.632893
vt 0.616660 0.632075
vt 0.610297 0.622835
vt 0.606241 0.621658
vt 0.603408 0.621414
vt 0.588761 0.619823
vt 0.600668 0.628191
vt 0.595402 0.633618
vt 0.598071 0.624537
vt 0.594681 0.632628
vt 0.592484 0.633100
vt 0.590092 0.632158
vt 0.588656 0.633140
vt 0.590723 0.633950
vt 0.587818 0.635320
vt 0.585878 0.634619
vt 0.586113 0.632965
vt 0.584246 0.632905
vt 0.584085 0.635243
vt 0.584408 0.636653
vt 0.581186 0.635429
vt 0.582183 0.632800
vt 0.593006 0.619589
vt 0.597159 0.620343
vt 0.607125 0.619763
vt 0.608899 0.620480
vt 0.591032 0.619414
vt 0.600700 0.625241
vt 0.597486 0.624958
vt 0.582830 0.631932
vt 0.589907 0.621513
vt 0.589200 0.620466
vt 0.589075 0.622264
vt 0.589164 0.623353
vt 0.616196 0.627949
vt 0.616945 0.627552
vt 0.617508 0.627180
vt 0.596609 0.621402
vt 0.601470 0.621612
vt 0.599618 0.621403
vt 0.592037 0.631514
vt 0.612778 0.633561
vt 0.610606 0.634094
vt 0.612788 0.634093
vt 0.615749 0.633938
vt 0.606166 0.635046
vt 0.607409 0.636750
vt 0.604963 0.634474
vt 0.617285 0.632745
vt 0.617888 0.633802
vt 0.617085 0.634606
vt 0.616903 0.635681
vt 0.615994 0.635765
vt 0.614668 0.634590
vt 0.614762 0.635550
vt 0.613654 0.635077
vt 0.613164 0.635969
vt 0.612476 0.634819
vt 0.612169 0.637110
vt 0.611190 0.635181
vt 0.609823 0.636339
vt 0.609061 0.637118
vt 0.614637 0.636173
vt 0.618574 0.632149
vt 0.618029 0.631619
vt 0.589405 0.635677
vt 0.592120 0.634905
vt 0.593396 0.635904
vt 0.594833 0.634628
vt 0.596093 0.635170
vt 0.598270 0.636000
vt 0.594621 0.637041
vt 0.592117 0.636967
vt 0.605245 0.635423
vt 0.603748 0.636724
vt 0.604430 0.635636
vt 0.604056 0.634581
vt 0.600837 0.636896
vt 0.600139 0.635517
vt 0.600988 0.634518
vt 0.598358 0.636984
vt 0.605695 0.637004
vt 0.604500 0.620428
vt 0.605144 0.617967
vt 0.592495 0.633946
vt 0.594081 0.634216
vt 0.601788 0.620360
vt 0.597601 0.620855
vt 0.611076 0.621449
vt 0.610188 0.635203
vt 0.599294 0.619950
vt 0.595083 0.619573
vt 0.616948 0.626785
vt 0.612192 0.620847
vt 0.615183 0.621582
vt 0.619225 0.621675
vt 0.602781 0.637010
vt 0.595673 0.634114
vt 0.617211 0.624328
vt 0.634869 0.626822
vt 0.686818 0.795535
vt 0.687038 0.794975
vt 0.690071 0.794621
vt 0.685181 0.794819
vt 0.690849 0.795467
vt 0.682684 0.795447
vt 0.690869 0.793970
vt 0.692846 0.793917
vt 0.693800 0.795535
vt 0.695157 0.794072
vt 0.695628 0.795086
vt 0.543138 0.972124
vt 0.542384 0.971889
vt 0.541925 0.973066
vt 0.543138 0.973911
vt 0.542031 0.973880
vt 0.789215 0.950855
vt 0.789924 0.950047
vt 0.791490 0.950855
vt 0.791328 0.950214
vt 0.788659 0.950428
vt 0.809283 0.735149
vt 0.808074 0.735891
vt 0.809287 0.736531
vt 0.809006 0.734250
vt 0.809287 0.734255
vt 0.808535 0.734126
vt 0.808150 0.734053
vt 0.809002 0.736524
vt 0.808978 0.736885
vt 0.808564 0.736879
vt 0.808123 0.736562
vt 0.879744 0.608301
vt 0.879379 0.609250
vt 0.879305 0.605090
vt 0.880476 0.610750
vt 0.880365 0.608537
vt 0.880111 0.611887
vt 0.879040 0.611717
vt 0.879930 0.613212
vt 0.878883 0.613647
vt 0.879599 0.615136
vt 0.880434 0.606686
vt 0.880020 0.603237
vt 0.878676 0.602587
vt 0.879330 0.601159
vt 0.880476 0.602148
vt 0.880388 0.600593
vt 0.879397 0.598762
vt 0.878618 0.598742
vt 0.878669 0.610143
vt 0.878453 0.605959
vt 0.878509 0.604490
vt 0.878601 0.598148
vt 0.765794 0.922967
vt 0.766257 0.924160
vt 0.765371 0.923326
vt 0.766072 0.923109
vt 0.766539 0.923593
vt 0.763176 0.923350
vt 0.765089 0.923270
vt 0.764518 0.923143
vt 0.767510 0.924160
vt 0.766936 0.922946
vt 0.767625 0.922996
vt 0.862894 0.823444
vt 0.861525 0.822230
vt 0.863892 0.823056
vt 0.861159 0.823444
vt 0.860252 0.823121
vt 0.685785 0.962990
vt 0.685644 0.963406
vt 0.685223 0.963246
vt 0.685080 0.964203
vt 0.683898 0.963099
vt 0.686095 0.963055
vt 0.686316 0.963521
vt 0.687134 0.964203
vt 0.593592 0.816322
vt 0.596172 0.816012
vt 0.597371 0.816354
vt 0.593248 0.815864
vt 0.590659 0.815768
vt 0.598807 0.815617
vt 0.598190 0.816514
vt 0.578692 0.815775
vt 0.578549 0.816192
vt 0.575984 0.816568
vt 0.580905 0.815867
vt 0.580844 0.814718
vt 0.582655 0.815604
vt 0.578939 0.814591
vt 0.583135 0.813819
vt 0.580634 0.812305
vt 0.577460 0.812544
vt 0.586756 0.814594
vt 0.586496 0.812544
vt 0.576839 0.814868
vt 0.575915 0.813694
vt 0.575995 0.815451
vt 0.574815 0.815234
vt 0.587569 0.815999
vt 0.589117 0.813560
vt 0.586971 0.813658
vt 0.591123 0.814182
vt 0.591391 0.813095
vt 0.594014 0.814407
vt 0.595312 0.813320
vt 0.600382 0.813396
vt 0.600542 0.815907
vt 0.602806 0.815959
vt 0.605017 0.815280
vt 0.607139 0.812509
vt 0.607202 0.815106
vt 0.611898 0.815286
vt 0.606547 0.816162
vt 0.608703 0.816032
vt 0.611757 0.815973
vt 0.613955 0.816018
vt 0.616191 0.815805
vt 0.615453 0.814096
vt 0.619377 0.815315
vt 0.624608 0.815230
vt 0.627534 0.814254
vt 0.631550 0.814069
vt 0.630046 0.815462
vt 0.611780 0.814526
vt 0.631960 0.815495
vt 0.633432 0.815375
vt 0.636647 0.814239
vt 0.574719 0.815962
vt 0.626611 0.816128
vt 0.574845 0.816511
vt 0.622785 0.815837
vt 0.636923 0.815663
vt 0.639190 0.814643
vt 0.638680 0.815721
vt 0.610262 0.816568
vt 0.574283 0.815322
vt 0.620002 0.815953
vt 0.585039 0.816302
vt 0.639809 0.815440
vt 0.560927 0.745202
vt 0.561903 0.746177
vt 0.561117 0.746188
vt 0.563163 0.745859
vt 0.561932 0.740264
vt 0.562844 0.739312
vt 0.562360 0.740327
vt 0.563884 0.740772
vt 0.562221 0.741115
vt 0.561672 0.740243
vt 0.563667 0.742281
vt 0.560757 0.741865
vt 0.561104 0.743598
vt 0.563279 0.744448
vt 0.565298 0.742081
vt 0.566041 0.741438
vt 0.563949 0.744161
vt 0.563727 0.739770
vt 0.565468 0.743653
vt 0.565114 0.745339
vt 0.562743 0.744937
vt 0.561967 0.739972
vt 0.566194 0.744239
vt 0.565718 0.746188
vt 0.561211 0.740522
vt 0.560832 0.744807
vt 0.560531 0.744784
vt 0.562383 0.740889
vt 0.561516 0.740564
vt 0.560885 0.740258
vt 0.681706 0.969057
vt 0.679044 0.969866
vt 0.681875 0.969866
vt 0.503260 0.932775
vt 0.506045 0.932050
vt 0.504559 0.932823
vt 0.504484 0.932201
vt 0.508057 0.933194
vt 0.509992 0.932886
vt 0.507849 0.931845
vt 0.503604 0.932015
vt 0.502897 0.931857
vt 0.508821 0.934676
vt 0.511893 0.934163
vt 0.511700 0.933545
vt 0.513611 0.933828
vt 0.844072 0.659628
vt 0.843376 0.660536
vt 0.844072 0.657607
vt 0.843375 0.663269
vt 0.843263 0.658865
vt 0.938264 0.556240
vt 0.937823 0.558509
vt 0.937508 0.555855
vt 0.938317 0.557590
vt 0.938317 0.553168
vt 0.937615 0.552441
vt 0.730009 0.564411
vt 0.731058 0.566194
vt 0.731222 0.564869
vt 0.731222 0.563767
vt 0.518060 0.554868
vt 0.514719 0.554059
vt 0.516244 0.554806
vt 0.514420 0.554868
vt 0.812961 0.970672
vt 0.812173 0.970675
vt 0.811969 0.969462
vt 0.810905 0.970675
vt 0.813332 0.969708
vt 0.929822 0.968248
vt 0.929231 0.966282
vt 0.928548 0.967036
vt 0.928885 0.967988
vt 0.927800 0.968248
vt 0.928091 0.966226
vt 0.509574 0.923677
vt 0.509724 0.925437
vt 0.509355 0.924526
vt 0.508757 0.923520
vt 0.508880 0.924887
vt 0.509509 0.926991
vt 0.509153 0.925964
vt 0.781782 0.676654
vt 0.782591 0.675808
vt 0.782591 0.677831
vt 0.934266 0.714286
vt 0.935890 0.713737
vt 0.934249 0.715043
vt 0.932505 0.714346
vt 0.926991 0.969462
vt 0.929822 0.969462
vt 0.928599 0.968653
vt 0.890829 0.960176
vt 0.891996 0.960016
vt 0.891623 0.959713
vt 0.891982 0.959674
vt 0.891279 0.959688
vt 0.891614 0.959367
vt 0.891969 0.959350
vt 0.891393 0.960563
vt 0.889374 0.960563
vt 0.893015 0.960563
vt 0.854757 0.881285
vt 0.853780 0.882094
vt 0.855398 0.882094
vt 0.777394 0.504713
vt 0.776524 0.505522
vt 0.779355 0.505522
vt 0.517251 0.620512
vt 0.520923 0.620335
vt 0.519170 0.620799
vt 0.522212 0.620799
vt 0.520947 0.619585
vt 0.522914 0.620146
vt 0.587601 0.973468
vt 0.588101 0.973506
vt 0.587669 0.972697
vt 0.586013 0.973506
vt 0.588440 0.972891
vt 0.850958 0.960928
vt 0.849941 0.960396
vt 0.850234 0.961211
vt 0.848522 0.961282
vt 0.851353 0.962181
vt 0.851353 0.960159
vt 0.850880 0.961956
vt 0.850590 0.962062
vt 0.500668 0.830725
vt 0.500263 0.828790
vt 0.500668 0.826275
vt 0.911936 0.939530
vt 0.913643 0.940743
vt 0.911856 0.940371
vt 0.910407 0.940743
vt 0.649646 0.963023
vt 0.649729 0.963699
vt 0.648629 0.963464
vt 0.647899 0.963799
vt 0.651539 0.963799
vt 0.648184 0.962990
vt 0.785827 0.963799
vt 0.785827 0.967439
vt 0.785423 0.966404
vt 0.688496 0.940847
vt 0.686325 0.940804
vt 0.688224 0.940247
vt 0.690062 0.940423
vt 0.689330 0.941521
vt 0.690457 0.940770
vt 0.690258 0.941594
vt 0.691595 0.941758
vt 0.692949 0.940990
vt 0.692181 0.940436
vt 0.687298 0.941636
vt 0.692895 0.939935
vt 0.694010 0.941126
vt 0.734053 0.505117
vt 0.736885 0.505117
vt 0.735192 0.504713
vt 0.952878 0.578328
vt 0.952069 0.577538
vt 0.952878 0.576306
vt 0.615541 0.969462
vt 0.613114 0.970324
vt 0.614773 0.970003
vt 0.615541 0.970675
vt 0.866073 0.939354
vt 0.865670 0.940743
vt 0.864962 0.940264
vt 0.864297 0.940599
vt 0.784818 0.725695
vt 0.784950 0.725261
vt 0.785520 0.725496
vt 0.785213 0.725136
vt 0.785455 0.727177
vt 0.784599 0.724838
vt 0.783990 0.725454
vt 0.784888 0.724271
vt 0.784204 0.723132
vt 0.785142 0.724123
vt 0.784623 0.724398
vt 0.786232 0.723468
vt 0.784357 0.724508
vt 0.782220 0.725057
vt 0.782845 0.725858
vt 0.779673 0.727037
vt 0.780789 0.725718
vt 0.778546 0.727177
vt 0.784954 0.724726
vt 0.781563 0.726843
vt 0.908717 0.758404
vt 0.909092 0.759908
vt 0.909194 0.757407
vt 0.908728 0.758108
vt 0.908706 0.758700
vt 0.907849 0.758924
vt 0.908082 0.759439
vt 0.907758 0.759684
vt 0.906871 0.760498
vt 0.907842 0.758074
vt 0.908410 0.758689
vt 0.908126 0.758382
vt 0.907832 0.758370
vt 0.908203 0.759873
vt 0.908027 0.760629
vt 0.907765 0.759856
vt 0.909194 0.761118
vt 0.908035 0.763209
vt 0.906932 0.763910
vt 0.905700 0.763901
vt 0.908443 0.757802
vt 0.905511 0.762693
vt 0.905967 0.759929
vt 0.905964 0.757334
vt 0.907117 0.757514
vt 0.909026 0.761506
vt 0.909103 0.763465
vt 0.907729 0.764219
vt 0.909057 0.764794
vt 0.908147 0.757791
vt 0.907852 0.757779
vt 0.907896 0.757109
vt 0.904745 0.759140
vt 0.905646 0.761191
vt 0.838313 0.972697
vt 0.836792 0.973102
vt 0.839623 0.973102
vt 0.762047 0.623920
vt 0.762772 0.624439
vt 0.761076 0.624078
vt 0.761264 0.622821
vt 0.758727 0.623371
vt 0.759691 0.623006
vt 0.758753 0.624439
vt 0.937496 0.742530
vt 0.937793 0.742033
vt 0.936846 0.741925
vt 0.935890 0.740438
vt 0.937912 0.743761
vt 0.937912 0.740121
vt 0.848939 0.969336
vt 0.850218 0.969993
vt 0.849887 0.969199
vt 0.849043 0.968736
vt 0.849665 0.968653
vt 0.848926 0.970271
vt 0.850949 0.970066
vt 0.850949 0.968743
vt 0.792299 0.705335
vt 0.791894 0.704347
vt 0.792299 0.702099
vt 0.692423 0.866723
vt 0.691366 0.865994
vt 0.691667 0.865105
vt 0.690370 0.865515
vt 0.692659 0.866050
vt 0.692796 0.865245
vt 0.690925 0.866723
vt 0.826988 0.785018
vt 0.826228 0.785827
vt 0.826293 0.785290
vt 0.825466 0.785670
vt 0.827893 0.785827
vt 0.941148 0.746997
vt 0.939941 0.747682
vt 0.941148 0.748210
vt 0.939530 0.748124
vt 0.963799 0.797599
vt 0.963799 0.796785
vt 0.962181 0.797962
vt 0.962288 0.796142
vt 0.963709 0.795130
vt 0.859443 0.788659
vt 0.858113 0.788254
vt 0.855802 0.788659
vt 0.826368 0.976742
vt 0.824657 0.977551
vt 0.826680 0.977551
vt 0.702504 0.973506
vt 0.701695 0.972339
vt 0.702504 0.971080
vt 0.972697 0.673786
vt 0.971584 0.672572
vt 0.971598 0.673786
vt 0.970675 0.673356
vt 0.972399 0.672574
vt 0.983051 0.619990
vt 0.982464 0.620685
vt 0.982405 0.621203
vt 0.983618 0.621203
vt 0.969866 0.917284
vt 0.969462 0.916186
vt 0.969866 0.914048
vt 0.872254 0.916879
vt 0.871437 0.915781
vt 0.872865 0.916102
vt 0.871275 0.916754
vt 0.873831 0.915843
vt 0.875232 0.916269
vt 0.876090 0.915807
vt 0.876535 0.916879
vt 0.873415 0.916593
vt 0.869555 0.916533
vt 0.656945 0.931440
vt 0.656798 0.930274
vt 0.657648 0.930043
vt 0.657988 0.929762
vt 0.658610 0.930297
vt 0.659945 0.930285
vt 0.660842 0.931440
vt 0.657104 0.929013
vt 0.659676 0.931437
vt 0.905725 0.971889
vt 0.904656 0.972106
vt 0.905766 0.973102
vt 0.904340 0.973102
vt 0.906363 0.972230
vt 0.975124 0.952069
vt 0.974315 0.951475
vt 0.975124 0.950047
vt 0.982001 0.584140
vt 0.982405 0.583991
vt 0.982405 0.586013
vt 0.906363 0.983590
vt 0.907576 0.982405
vt 0.907576 0.983618
vt 0.774097 0.851758
vt 0.774280 0.850949
vt 0.775575 0.851038
vt 0.776524 0.851758
vt 0.969275 0.863216
vt 0.969563 0.862453
vt 0.969033 0.862999
vt 0.969496 0.863488
vt 0.968533 0.861911
vt 0.969866 0.861465
vt 0.968248 0.862716
vt 0.969866 0.863196
vt 0.890588 0.933867
vt 0.892049 0.933674
vt 0.893419 0.933867
vt 0.893390 0.933058
vt 0.682140 0.685809
vt 0.683061 0.686208
vt 0.682199 0.686443
vt 0.683397 0.685629
vt 0.682405 0.685111
vt 0.681681 0.685565
vt 0.684476 0.686525
vt 0.683201 0.686808
vt 0.684042 0.687577
vt 0.685541 0.687087
vt 0.685396 0.688242
vt 0.683581 0.688947
vt 0.683569 0.687635
vt 0.682299 0.687767
vt 0.682817 0.689250
vt 0.681471 0.689561
vt 0.685870 0.689561
vt 0.686729 0.689530
vt 0.684867 0.685735
vt 0.683793 0.685277
vt 0.681487 0.686120
vt 0.532217 0.850544
vt 0.530468 0.849735
vt 0.530195 0.850544
vt 0.864359 0.625245
vt 0.864255 0.624714
vt 0.863487 0.624839
vt 0.864701 0.623226
vt 0.864701 0.626057
vt 0.975529 0.952473
vt 0.977551 0.952473
vt 0.975859 0.951664
vt 0.856846 0.981596
vt 0.856611 0.982405
vt 0.858229 0.982405
vt 0.632124 0.662056
vt 0.631720 0.660261
vt 0.632124 0.658820
vt 0.651818 0.958902
vt 0.652348 0.957327
vt 0.651829 0.960446
vt 0.651135 0.958763
vt 0.652348 0.960968
vt 0.534644 0.983214
vt 0.533431 0.982960
vt 0.534644 0.982001
vt 0.966630 0.845690
vt 0.966630 0.849331
vt 0.966226 0.848064
vt 0.972293 0.598150
vt 0.972697 0.596934
vt 0.972697 0.599766
vt 0.884594 0.975933
vt 0.883307 0.976742
vt 0.885330 0.976742
vt 0.585078 0.975991
vt 0.584676 0.976329
vt 0.583963 0.975529
vt 0.583586 0.976742
vt 0.585204 0.976742
vt 0.721614 0.786262
vt 0.723942 0.787041
vt 0.721110 0.786428
vt 0.721941 0.786232
vt 0.721394 0.787041
vt 0.875924 0.981596
vt 0.875622 0.982810
vt 0.876835 0.982810
vt 0.557700 0.982405
vt 0.557018 0.981596
vt 0.556082 0.982405
vt 0.970914 0.909614
vt 0.971207 0.909590
vt 0.970427 0.910407
vt 0.971889 0.910407
vt 0.970271 0.908789
vt 0.971151 0.909098
vt 0.971533 0.909189
vt 0.672168 0.888161
vt 0.673786 0.888161
vt 0.673284 0.887352
vt 0.502541 0.938317
vt 0.502286 0.940328
vt 0.503095 0.939079
vt 0.503095 0.941552
vt 0.588845 0.855608
vt 0.588940 0.855940
vt 0.589654 0.856611
vt 0.589109 0.856254
vt 0.589654 0.854589
vt 0.724346 0.649517
vt 0.724346 0.651539
vt 0.723537 0.649753
vt 0.895037 0.980683
vt 0.895173 0.981060
vt 0.895095 0.981347
vt 0.895846 0.981596
vt 0.895846 0.980454
vt 0.895153 0.979978
vt 0.754500 0.981192
vt 0.753469 0.982001
vt 0.755087 0.982001
vt 0.560936 0.903531
vt 0.560936 0.905958
vt 0.560531 0.904161
vt 0.531408 0.858327
vt 0.530599 0.857060
vt 0.531408 0.856901
vt 0.530686 0.858634
vt 0.530684 0.855802
vt 0.516847 0.560936
vt 0.515392 0.560127
vt 0.515229 0.560936
vt 0.988877 0.684417
vt 0.990090 0.683898
vt 0.990090 0.684707
vt 0.991304 0.786636
vt 0.991304 0.787850
vt 0.990495 0.787624
vt 0.990495 0.727177
vt 0.990495 0.728391
vt 0.989686 0.727198
vt 0.533835 0.828702
vt 0.532948 0.827489
vt 0.532622 0.828702
vt 0.982405 0.764794
vt 0.982001 0.763603
vt 0.982405 0.762772
vt 0.982405 0.697246
vt 0.982001 0.695892
vt 0.982405 0.695223
vt 0.752255 0.746997
vt 0.752255 0.750233
vt 0.751851 0.748737
vt 0.858229 0.573070
vt 0.858229 0.574688
vt 0.857420 0.574104
vt 0.918092 0.505926
vt 0.917688 0.505005
vt 0.918092 0.503095
vt 0.636978 0.948833
vt 0.636574 0.948170
vt 0.636978 0.946406
vt 0.778115 0.674595
vt 0.776120 0.674595
vt 0.776630 0.674342
vt 0.777770 0.673786
vt 0.779355 0.673885
vt 0.879828 0.968248
vt 0.880661 0.969016
vt 0.879482 0.968825
vt 0.879480 0.968255
vt 0.879262 0.969462
vt 0.881689 0.969462
vt 0.976338 0.746252
vt 0.975933 0.745442
vt 0.976338 0.744166
vt 0.975952 0.746592
vt 0.949238 0.981596
vt 0.947924 0.980787
vt 0.947620 0.981596
vt 0.841646 0.793091
vt 0.841148 0.793917
vt 0.840837 0.792552
vt 0.841588 0.791069
vt 0.841102 0.789863
vt 0.841056 0.791144
vt 0.841646 0.789063
vt 0.976088 0.552782
vt 0.976742 0.552200
vt 0.976742 0.553655
vt 0.975978 0.552420
vt 0.975847 0.553055
vt 0.975610 0.552563
vt 0.975529 0.552284
vt 0.975732 0.552037
vt 0.980787 0.604724
vt 0.981596 0.603811
vt 0.980894 0.604390
vt 0.980893 0.604027
vt 0.981596 0.605428
vt 0.685920 0.990899
vt 0.687538 0.990899
vt 0.687058 0.990495
vt 0.612305 0.502286
vt 0.612305 0.505117
vt 0.611900 0.503805
vt 0.980383 0.635850
vt 0.980787 0.634956
vt 0.980787 0.636978
vt 0.593617 0.924908
vt 0.595316 0.925106
vt 0.593148 0.925225
vt 0.596018 0.924298
vt 0.587854 0.926491
vt 0.587227 0.926672
vt 0.587584 0.925871
vt 0.594277 0.926095
vt 0.592507 0.926551
vt 0.590795 0.925429
vt 0.590893 0.926591
vt 0.592268 0.924353
vt 0.593800 0.923755
vt 0.589319 0.925239
vt 0.588906 0.927458
vt 0.587852 0.927800
vt 0.595026 0.926421
vt 0.596666 0.925756
vt 0.596479 0.924598
vt 0.597322 0.925133
vt 0.597196 0.926392
vt 0.597979 0.925836
vt 0.598236 0.924803
vt 0.596396 0.926798
vt 0.596630 0.927800
vt 0.598552 0.925482
vt 0.762046 0.882860
vt 0.763176 0.882903
vt 0.761889 0.882171
vt 0.761013 0.882171
vt 0.761520 0.881285
vt 0.760778 0.882903
vt 0.759536 0.882673
vt 0.528577 0.870203
vt 0.529386 0.868746
vt 0.529386 0.870218
vt 0.529331 0.871173
vt 0.554059 0.707762
vt 0.552834 0.706953
vt 0.553024 0.707129
vt 0.552037 0.707762
vt 0.709785 0.990076
vt 0.710594 0.988877
vt 0.710594 0.990090
vt 0.500263 0.838352
vt 0.501072 0.839779
vt 0.500450 0.840028
vt 0.501072 0.834769
vt 0.595721 0.964203
vt 0.597743 0.964203
vt 0.597344 0.963799
vt 0.960968 0.784689
vt 0.961230 0.785827
vt 0.961796 0.785570
vt 0.961274 0.782996
vt 0.962586 0.783752
vt 0.962586 0.785215
vt 0.872386 0.891801
vt 0.873600 0.891801
vt 0.872574 0.890992
vt 0.848926 0.713318
vt 0.848317 0.712417
vt 0.848545 0.713280
vt 0.848926 0.711807
vt 0.848117 0.713425
vt 0.552381 0.968843
vt 0.551681 0.967732
vt 0.552052 0.968717
vt 0.552527 0.968536
vt 0.552671 0.968228
vt 0.551887 0.969016
vt 0.552846 0.969462
vt 0.552846 0.967439
vt 0.551845 0.969391
vt 0.551393 0.969161
vt 0.551228 0.969458
vt 0.861061 0.601778
vt 0.861663 0.602659
vt 0.861171 0.603002
vt 0.861870 0.601384
vt 0.861511 0.603001
vt 0.861870 0.602383
vt 0.716141 0.965417
vt 0.713829 0.965417
vt 0.714663 0.965012
vt 0.717470 0.965255
vt 0.670364 0.954958
vt 0.670413 0.955371
vt 0.669337 0.955130
vt 0.670050 0.954834
vt 0.670708 0.955339
vt 0.669754 0.954866
vt 0.670003 0.955709
vt 0.670015 0.954550
vt 0.670674 0.955055
vt 0.670640 0.954770
vt 0.670969 0.955023
vt 0.672071 0.955337
vt 0.670935 0.954738
vt 0.670901 0.954455
vt 0.670644 0.954538
vt 0.670312 0.954513
vt 0.670572 0.954201
vt 0.670866 0.954171
vt 0.671196 0.954424
vt 0.673381 0.955709
vt 0.671680 0.954091
vt 0.669403 0.954790
vt 0.996157 0.654603
vt 0.996966 0.654371
vt 0.996966 0.655180
vt 0.822230 0.884521
vt 0.823444 0.884521
vt 0.822763 0.883712
vt 0.726368 0.980429
vt 0.725559 0.981319
vt 0.725968 0.979978
vt 0.726368 0.981596
vt 0.996157 0.833960
vt 0.996966 0.833960
vt 0.996965 0.833151
vt 0.721247 0.738925
vt 0.720133 0.739298
vt 0.718369 0.739616
vt 0.723183 0.739328
vt 0.725752 0.738907
vt 0.725488 0.740849
vt 0.724070 0.740134
vt 0.722518 0.740561
vt 0.722810 0.742122
vt 0.721032 0.741071
vt 0.719752 0.740650
vt 0.727935 0.739703
vt 0.728269 0.741426
vt 0.727047 0.742270
vt 0.730443 0.743505
vt 0.727220 0.743491
vt 0.731578 0.741485
vt 0.730975 0.740737
vt 0.725014 0.741857
vt 0.722310 0.743324
vt 0.718311 0.741677
vt 0.718279 0.744570
vt 0.734053 0.742011
vt 0.732314 0.744570
vt 0.729832 0.744348
vt 0.835983 0.981192
vt 0.835146 0.980787
vt 0.833960 0.981192
vt 0.500599 0.949275
vt 0.501453 0.949366
vt 0.500263 0.949894
vt 0.501625 0.948685
vt 0.502108 0.949553
vt 0.502413 0.948429
vt 0.502412 0.950628
vt 0.504713 0.950855
vt 0.500514 0.950855
vt 0.880880 0.931845
vt 0.879880 0.931440
vt 0.879549 0.931623
vt 0.876835 0.931845
vt 0.835285 0.674547
vt 0.834769 0.674399
vt 0.835259 0.675026
vt 0.835578 0.673381
vt 0.835578 0.676213
vt 0.980383 0.612941
vt 0.980787 0.611900
vt 0.980787 0.613923
vt 0.506330 0.506735
vt 0.503557 0.506380
vt 0.505043 0.506330
vt 0.502690 0.506735
vt 0.954496 0.554729
vt 0.955227 0.553733
vt 0.954706 0.553655
vt 0.955404 0.555070
vt 0.956477 0.554000
vt 0.956518 0.554676
vt 0.956518 0.555816
vt 0.955329 0.557295
vt 0.863487 0.982405
vt 0.863172 0.982001
vt 0.861870 0.982405
vt 0.654792 0.807265
vt 0.652753 0.807669
vt 0.655989 0.807669
vt 0.853787 0.912433
vt 0.854589 0.913144
vt 0.853780 0.911920
vt 0.854043 0.912773
vt 0.854099 0.913239
vt 0.854589 0.911822
vt 0.854182 0.911621
vt 0.503499 0.948994
vt 0.504308 0.948775
vt 0.504045 0.948152
vt 0.503878 0.947882
vt 0.504308 0.949642
vt 0.503704 0.947620
vt 0.826712 0.838166
vt 0.826680 0.838830
vt 0.827489 0.838005
vt 0.827203 0.839161
vt 0.827489 0.840432
vt 0.946211 0.595171
vt 0.946811 0.594390
vt 0.946003 0.594418
vt 0.945371 0.594463
vt 0.945805 0.593699
vt 0.946495 0.593860
vt 0.945193 0.595126
vt 0.946151 0.596125
vt 0.945422 0.595355
vt 0.946811 0.595990
vt 0.939935 0.833317
vt 0.940339 0.832343
vt 0.940339 0.836387
vt 0.619585 0.779760
vt 0.621608 0.779760
vt 0.620988 0.779355
vt 0.718394 0.783439
vt 0.718393 0.782798
vt 0.718264 0.783119
vt 0.712616 0.869150
vt 0.715447 0.869150
vt 0.713722 0.868746
vt 0.936294 0.802006
vt 0.935890 0.801475
vt 0.936294 0.799579
vt 0.600610 0.530704
vt 0.600545 0.531061
vt 0.598851 0.531125
vt 0.600251 0.530702
vt 0.599517 0.530195
vt 0.602200 0.531813
vt 0.598148 0.531813
vt 0.598377 0.531024
vt 0.986886 0.811714
vt 0.986854 0.812523
vt 0.988068 0.812523
vt 0.954900 0.785827
vt 0.954900 0.787445
vt 0.954496 0.786552
vt 0.880856 0.905069
vt 0.880604 0.904474
vt 0.881285 0.903936
vt 0.881200 0.906363
vt 0.879478 0.906122
vt 0.878828 0.905029
vt 0.875847 0.906156
vt 0.875014 0.905279
vt 0.869697 0.906003
vt 0.868784 0.905681
vt 0.865257 0.906363
vt 0.863487 0.906071
vt 0.865185 0.905590
vt 0.873292 0.904991
vt 0.870037 0.905120
vt 0.877200 0.904652
vt 0.873479 0.904332
vt 0.969057 0.933867
vt 0.969057 0.935081
vt 0.968248 0.934620
vt 0.503018 0.640541
vt 0.502863 0.641121
vt 0.503305 0.641282
vt 0.503529 0.641094
vt 0.502596 0.641250
vt 0.503055 0.641427
vt 0.502286 0.641047
vt 0.502350 0.641413
vt 0.503319 0.640774
vt 0.503051 0.640018
vt 0.506370 0.640096
vt 0.506412 0.638687
vt 0.504935 0.639323
vt 0.505116 0.640198
vt 0.506720 0.639680
vt 0.507274 0.639821
vt 0.507544 0.639227
vt 0.507369 0.638893
vt 0.506728 0.640272
vt 0.507544 0.640442
vt 0.507098 0.641126
vt 0.506500 0.641050
vt 0.505176 0.641015
vt 0.504374 0.640816
vt 0.504031 0.640814
vt 0.503855 0.640493
vt 0.504332 0.639260
vt 0.503228 0.639314
vt 0.502826 0.638357
vt 0.504137 0.638489
vt 0.503914 0.637787
vt 0.503826 0.641026
vt 0.589249 0.573105
vt 0.589654 0.571856
vt 0.589654 0.573879
vt 0.754760 0.819399
vt 0.753469 0.819804
vt 0.755491 0.819804
vt 0.764390 0.929418
vt 0.766817 0.929418
vt 0.765260 0.929013
vt 0.959754 0.918092
vt 0.958995 0.917688
vt 0.958136 0.918093
vt 0.845690 0.821422
vt 0.845690 0.825466
vt 0.845286 0.823594
vt 0.995348 0.957732
vt 0.996157 0.957732
vt 0.996052 0.956923
vt 0.754230 0.513611
vt 0.752660 0.513495
vt 0.753069 0.513219
vt 0.754183 0.512947
vt 0.755123 0.512802
vt 0.756300 0.513611
vt 0.987663 0.660033
vt 0.987663 0.661651
vt 0.987259 0.661216
vt 0.988068 0.832343
vt 0.988012 0.831981
vt 0.987259 0.832343
vt 0.987740 0.831129
vt 0.978137 0.752660
vt 0.977956 0.751851
vt 0.979169 0.752660
vt 0.979078 0.752221
vt 0.878439 0.930913
vt 0.877644 0.930876
vt 0.878709 0.930793
vt 0.878154 0.931036
vt 0.879162 0.930227
vt 0.879106 0.930864
vt 0.879349 0.930676
vt 0.879751 0.930668
vt 0.880489 0.930282
vt 0.880506 0.930561
vt 0.881689 0.931036
vt 0.793917 0.966226
vt 0.793871 0.965047
vt 0.793108 0.965201
vt 0.793917 0.964608
vt 0.987452 0.958945
vt 0.986450 0.959754
vt 0.987663 0.959252
vt 0.987638 0.959754
vt 0.649099 0.589004
vt 0.650040 0.589957
vt 0.649240 0.588689
vt 0.648186 0.590201
vt 0.650209 0.587435
vt 0.650425 0.589364
vt 0.651303 0.589410
vt 0.649413 0.588970
vt 0.651539 0.592889
vt 0.649360 0.588392
vt 0.649346 0.588095
vt 0.650232 0.590940
vt 0.651539 0.587330
vt 0.649045 0.588095
vt 0.649042 0.587795
vt 0.648731 0.587806
vt 0.648428 0.587828
vt 0.648421 0.587509
vt 0.647899 0.587501
vt 0.648957 0.586013
vt 0.749019 0.633742
vt 0.748210 0.632956
vt 0.749019 0.632529
vt 0.828276 0.777123
vt 0.828702 0.776524
vt 0.828702 0.777737
vt 0.827489 0.776972
vt 0.771297 0.937508
vt 0.771392 0.937843
vt 0.770457 0.937912
vt 0.772884 0.937912
vt 0.705059 0.564858
vt 0.705091 0.565536
vt 0.704428 0.565336
vt 0.704878 0.564596
vt 0.703863 0.566002
vt 0.702128 0.563767
vt 0.704078 0.563779
vt 0.701695 0.565599
vt 0.703271 0.567329
vt 0.702232 0.567536
vt 0.702295 0.567904
vt 0.703663 0.568216
vt 0.705072 0.567161
vt 0.705576 0.567773
vt 0.705583 0.568216
vt 0.704430 0.566726
vt 0.704736 0.566710
vt 0.704005 0.566900
vt 0.706020 0.567850
vt 0.705001 0.566723
vt 0.705284 0.566753
vt 0.706549 0.568035
vt 0.986854 0.690774
vt 0.987259 0.690774
vt 0.986910 0.689156
vt 0.987259 0.871173
vt 0.987259 0.872791
vt 0.986854 0.872586
vt 0.591676 0.819399
vt 0.591272 0.817579
vt 0.591676 0.816568
vt 0.763631 0.571281
vt 0.764031 0.570209
vt 0.764045 0.571124
vt 0.763733 0.573201
vt 0.790386 0.591956
vt 0.786775 0.592655
vt 0.784932 0.591918
vt 0.792361 0.592593
vt 0.779484 0.592223
vt 0.792348 0.593482
vt 0.780290 0.590492
vt 0.781378 0.590273
vt 0.787482 0.590281
vt 0.793695 0.592646
vt 0.784628 0.590341
vt 0.796866 0.593680
vt 0.792450 0.590158
vt 0.790607 0.589726
vt 0.788482 0.587157
vt 0.790646 0.586702
vt 0.789713 0.585744
vt 0.787728 0.584675
vt 0.788851 0.581420
vt 0.785158 0.586661
vt 0.785460 0.582811
vt 0.782875 0.586662
vt 0.780318 0.587437
vt 0.780904 0.583264
vt 0.792157 0.587285
vt 0.783251 0.581708
vt 0.780332 0.578659
vt 0.781972 0.577625
vt 0.781325 0.592882
vt 0.784490 0.593359
vt 0.778971 0.593462
vt 0.781877 0.593607
vt 0.779852 0.580945
vt 0.780020 0.584514
vt 0.783983 0.594769
vt 0.787707 0.594932
vt 0.784180 0.581336
vt 0.784805 0.577939
vt 0.785972 0.580207
vt 0.788231 0.578569
vt 0.785886 0.576668
vt 0.789874 0.577358
vt 0.781184 0.595056
vt 0.778666 0.596289
vt 0.790998 0.580725
vt 0.789716 0.583364
vt 0.779344 0.597619
vt 0.782854 0.596508
vt 0.783501 0.596791
vt 0.782835 0.598672
vt 0.780657 0.598239
vt 0.787227 0.581729
vt 0.780110 0.600222
vt 0.782841 0.600105
vt 0.781703 0.576424
vt 0.779156 0.576153
vt 0.787750 0.593094
vt 0.788685 0.576539
vt 0.791656 0.576490
vt 0.789942 0.575496
vt 0.785574 0.575698
vt 0.782165 0.575197
vt 0.791650 0.575145
vt 0.793612 0.576336
vt 0.793749 0.575145
vt 0.796028 0.576859
vt 0.794650 0.577590
vt 0.793889 0.579301
vt 0.796700 0.580534
vt 0.790090 0.584861
vt 0.785028 0.574867
vt 0.779670 0.581984
vt 0.792279 0.573344
vt 0.790831 0.570953
vt 0.789748 0.573460
vt 0.786795 0.574080
vt 0.788258 0.573093
vt 0.785738 0.572125
vt 0.789380 0.571038
vt 0.786611 0.569678
vt 0.784669 0.571165
vt 0.783721 0.573621
vt 0.783120 0.572391
vt 0.781074 0.570037
vt 0.783194 0.569602
vt 0.781781 0.566640
vt 0.783091 0.565647
vt 0.780377 0.562002
vt 0.780133 0.563210
vt 0.782525 0.563327
vt 0.781644 0.561659
vt 0.785032 0.567288
vt 0.785474 0.564813
vt 0.787855 0.567025
vt 0.788489 0.562853
vt 0.785486 0.562130
vt 0.790050 0.564566
vt 0.789998 0.566120
vt 0.789964 0.568622
vt 0.792097 0.567772
vt 0.792419 0.566064
vt 0.787296 0.568882
vt 0.787982 0.571633
vt 0.784508 0.569588
vt 0.785353 0.573726
vt 0.792024 0.569798
vt 0.792866 0.569414
vt 0.793084 0.567224
vt 0.781309 0.573379
vt 0.779728 0.574566
vt 0.780116 0.571732
vt 0.783297 0.561953
vt 0.792150 0.571136
vt 0.783266 0.600346
vt 0.784767 0.600139
vt 0.784378 0.597198
vt 0.784132 0.595632
vt 0.786958 0.598380
vt 0.786934 0.595744
vt 0.788469 0.596986
vt 0.793275 0.572025
vt 0.793635 0.565704
vt 0.793678 0.568015
vt 0.793724 0.569870
vt 0.794324 0.566882
vt 0.782125 0.559944
vt 0.782563 0.559264
vt 0.780575 0.559103
vt 0.780903 0.560878
vt 0.785464 0.559594
vt 0.787898 0.561445
vt 0.788303 0.559153
vt 0.790354 0.560427
vt 0.791677 0.559337
vt 0.785037 0.558465
vt 0.779640 0.562809
vt 0.783142 0.558711
vt 0.784391 0.563713
vt 0.790999 0.563607
vt 0.792075 0.563840
vt 0.792179 0.561722
vt 0.791654 0.579579
vt 0.791477 0.582455
vt 0.792421 0.579279
vt 0.778887 0.591928
vt 0.776768 0.592545
vt 0.773764 0.593247
vt 0.774635 0.592095
vt 0.778456 0.594586
vt 0.775351 0.595302
vt 0.775703 0.597192
vt 0.778773 0.597719
vt 0.773921 0.595603
vt 0.773373 0.594912
vt 0.772383 0.595631
vt 0.769886 0.593244
vt 0.770386 0.592342
vt 0.773935 0.592356
vt 0.769105 0.592144
vt 0.767742 0.593403
vt 0.767298 0.594474
vt 0.765016 0.592864
vt 0.764459 0.594594
vt 0.765566 0.592171
vt 0.774019 0.589362
vt 0.774808 0.590372
vt 0.775434 0.587247
vt 0.774740 0.585989
vt 0.773183 0.587552
vt 0.770730 0.590296
vt 0.770957 0.587771
vt 0.773397 0.584387
vt 0.770428 0.584541
vt 0.771022 0.581463
vt 0.769821 0.586948
vt 0.769764 0.582269
vt 0.773101 0.581845
vt 0.768918 0.585360
vt 0.768922 0.580179
vt 0.774804 0.581791
vt 0.769626 0.589512
vt 0.773725 0.578438
vt 0.767210 0.591811
vt 0.767208 0.588830
vt 0.766166 0.590489
vt 0.763571 0.592410
vt 0.765827 0.588071
vt 0.763139 0.591231
vt 0.763947 0.588770
vt 0.765320 0.586632
vt 0.767477 0.586446
vt 0.767598 0.581976
vt 0.765585 0.582713
vt 0.765621 0.579758
vt 0.767505 0.578670
vt 0.769332 0.577239
vt 0.767819 0.576602
vt 0.765023 0.576870
vt 0.774151 0.596745
vt 0.769723 0.595321
vt 0.763764 0.585881
vt 0.763186 0.589393
vt 0.763334 0.578786
vt 0.764069 0.582190
vt 0.763461 0.575343
vt 0.764841 0.575796
vt 0.771882 0.591253
vt 0.775043 0.598118
vt 0.772032 0.579219
vt 0.779769 0.589541
vt 0.771282 0.596083
vt 0.773611 0.597662
vt 0.769856 0.597075
vt 0.766609 0.596082
vt 0.765331 0.595507
vt 0.764216 0.597427
vt 0.765214 0.598312
vt 0.763968 0.598892
vt 0.764752 0.600163
vt 0.767490 0.598330
vt 0.763408 0.602743
vt 0.762548 0.599902
vt 0.768060 0.597474
vt 0.785300 0.598541
vt 0.786420 0.600889
vt 0.787262 0.601107
vt 0.785639 0.602401
vt 0.785642 0.600354
vt 0.783854 0.601274
vt 0.792195 0.581792
vt 0.790032 0.596260
vt 0.791832 0.597884
vt 0.791627 0.595980
vt 0.793101 0.596008
vt 0.795812 0.596395
vt 0.795083 0.597924
vt 0.783512 0.564632
vt 0.778665 0.598860
vt 0.775661 0.599304
vt 0.773087 0.598762
vt 0.770105 0.597790
vt 0.769054 0.599274
vt 0.771869 0.600079
vt 0.770540 0.600900
vt 0.773568 0.600907
vt 0.776286 0.600177
vt 0.778802 0.600064
vt 0.776569 0.601489
vt 0.780096 0.601994
vt 0.773629 0.603444
vt 0.770964 0.603358
vt 0.782258 0.602616
vt 0.783691 0.602211
vt 0.766981 0.600162
vt 0.769760 0.601577
vt 0.767375 0.602670
vt 0.769328 0.603380
vt 0.768916 0.604869
vt 0.766361 0.605038
vt 0.767630 0.606050
vt 0.764816 0.604218
vt 0.764348 0.602637
vt 0.765694 0.600790
vt 0.768500 0.607159
vt 0.770068 0.605886
vt 0.772112 0.607172
vt 0.770531 0.604324
vt 0.770583 0.603101
vt 0.768448 0.596619
vt 0.774113 0.606396
vt 0.773986 0.607451
vt 0.776430 0.603521
vt 0.778237 0.605222
vt 0.780489 0.604476
vt 0.776068 0.602869
vt 0.779573 0.602907
vt 0.781785 0.603359
vt 0.784464 0.604777
vt 0.785717 0.603601
vt 0.788179 0.605067
vt 0.787184 0.603336
vt 0.788861 0.605445
vt 0.789965 0.604987
vt 0.783792 0.603229
vt 0.791097 0.605817
vt 0.788105 0.602391
vt 0.789514 0.603816
vt 0.790722 0.603144
vt 0.789416 0.601808
vt 0.781066 0.605212
vt 0.791173 0.599610
vt 0.792017 0.602253
vt 0.770270 0.581895
vt 0.790712 0.595287
vt 0.792742 0.594638
vt 0.787976 0.593605
vt 0.779189 0.558790
vt 0.778404 0.560707
vt 0.762426 0.576573
vt 0.762794 0.572811
vt 0.762289 0.569268
vt 0.762157 0.579894
vt 0.763205 0.582833
vt 0.762292 0.581651
vt 0.762187 0.585139
vt 0.762845 0.588812
vt 0.761545 0.590143
vt 0.762672 0.592273
vt 0.762277 0.593975
vt 0.763337 0.594535
vt 0.763935 0.593209
vt 0.792956 0.562441
vt 0.763381 0.605056
vt 0.793061 0.576646
vt 0.793197 0.588164
vt 0.791574 0.585575
vt 0.763502 0.595444
vt 0.763863 0.580932
vt 0.781593 0.558479
vt 0.795697 0.595691
vt 0.794084 0.595166
vt 0.796270 0.594698
vt 0.762701 0.602344
vt 0.762483 0.604779
vt 0.762048 0.603790
vt 0.761533 0.597766
vt 0.762459 0.596090
vt 0.761154 0.604968
vt 0.769802 0.579281
vt 0.793629 0.559249
vt 0.794701 0.580333
vt 0.795341 0.581757
vt 0.794355 0.581450
vt 0.794469 0.584911
vt 0.795650 0.583173
vt 0.796066 0.584464
vt 0.795796 0.586523
vt 0.794375 0.590242
vt 0.795277 0.590293
vt 0.796461 0.589846
vt 0.797071 0.586815
vt 0.796975 0.592576
vt 0.797962 0.592985
vt 0.762720 0.597271
vt 0.779074 0.580765
vt 0.779761 0.579702
vt 0.774583 0.596684
vt 0.797014 0.596987
vt 0.797938 0.598143
vt 0.791473 0.603945
vt 0.781122 0.575278
vt 0.762937 0.598199
vt 0.775653 0.607399
vt 0.769955 0.604353
vt 0.793633 0.562587
vt 0.793302 0.564750
vt 0.794408 0.563959
vt 0.794201 0.572334
vt 0.766364 0.575879
vt 0.767361 0.575508
vt 0.768704 0.575628
vt 0.774480 0.576805
vt 0.775157 0.578799
vt 0.766094 0.575446
vt 0.761696 0.607057
vt 0.788494 0.598595
vt 0.778888 0.575313
vt 0.780587 0.558104
vt 0.795262 0.598676
vt 0.775764 0.579736
vt 0.788918 0.606038
vt 0.796751 0.596100
vt 0.791163 0.587685
vt 0.791680 0.586110
vt 0.769260 0.575949
vt 0.778566 0.573684
vt 0.779199 0.572156
vt 0.795133 0.592791
vt 0.770413 0.578579
vt 0.770032 0.576384
vt 0.769674 0.575778
vt 0.769915 0.575809
vt 0.769671 0.575254
vt 0.770154 0.575805
vt 0.796086 0.575827
vt 0.770404 0.575707
vt 0.776707 0.591729
vt 0.792130 0.604761
vt 0.762504 0.607121
vt 0.770698 0.576758
vt 0.779240 0.563138
vt 0.761380 0.587617
vt 0.792664 0.588467
vt 0.762303 0.607451
vt 0.771711 0.575615
vt 0.794166 0.559869
vt 0.794114 0.563005
vt 0.797477 0.596898
vt 0.919906 0.915190
vt 0.920201 0.913817
vt 0.921360 0.914569
vt 0.920231 0.914449
vt 0.921733 0.913643
vt 0.811713 0.744486
vt 0.810500 0.744931
vt 0.810868 0.745245
vt 0.810515 0.744634
vt 0.810540 0.744166
vt 0.811225 0.745557
vt 0.811581 0.745872
vt 0.811173 0.745816
vt 0.811418 0.746347
vt 0.811714 0.746191
vt 0.811713 0.746592
vt 0.810626 0.745979
vt 0.860310 0.652348
vt 0.859847 0.652753
vt 0.861061 0.652753
vt 0.986045 0.679448
vt 0.987663 0.679448
vt 0.987026 0.679044
vt 0.777149 0.946280
vt 0.777333 0.948024
vt 0.777333 0.945811
vt 0.776182 0.944788
vt 0.776120 0.947210
vt 0.715043 0.960563
vt 0.716256 0.960563
vt 0.715503 0.960159
vt 0.542734 0.850140
vt 0.544025 0.849735
vt 0.544333 0.849756
vt 0.544756 0.850140
vt 0.734053 0.726368
vt 0.733649 0.724952
vt 0.734053 0.724750
vt 0.522914 0.943353
vt 0.522914 0.942849
vt 0.522510 0.942962
vt 0.522816 0.941552
vt 0.522638 0.944384
vt 0.907240 0.946265
vt 0.906767 0.946002
vt 0.906970 0.946674
vt 0.907967 0.946711
vt 0.909194 0.948412
vt 0.909194 0.946078
vt 0.907097 0.948001
vt 0.909112 0.950451
vt 0.907152 0.949940
vt 0.994944 0.635489
vt 0.995348 0.634956
vt 0.995348 0.636169
vt 0.995753 0.922137
vt 0.995753 0.923351
vt 0.995348 0.922413
vt 0.617642 0.704122
vt 0.616754 0.704526
vt 0.618776 0.704526
vt 0.665696 0.608839
vt 0.666101 0.607855
vt 0.666101 0.609878
vt 0.648380 0.971527
vt 0.649112 0.971750
vt 0.648527 0.971199
vt 0.647494 0.971889
vt 0.648719 0.970763
vt 0.648769 0.970317
vt 0.649112 0.970271
vt 0.640618 0.995753
vt 0.640343 0.995348
vt 0.639405 0.995753
vt 0.672992 0.571452
vt 0.672572 0.570501
vt 0.673381 0.570690
vt 0.673381 0.570239
vt 0.931645 0.979241
vt 0.932249 0.978360
vt 0.932249 0.979574
vt 0.931440 0.979529
vt 0.741334 0.814950
vt 0.741334 0.816568
vt 0.740930 0.815845
vt 0.844072 0.934228
vt 0.843853 0.934228
vt 0.843738 0.935029
vt 0.842718 0.935008
vt 0.843736 0.933867
vt 0.843389 0.933907
vt 0.605055 0.517911
vt 0.604752 0.518181
vt 0.604312 0.517904
vt 0.604215 0.518465
vt 0.604776 0.517656
vt 0.604931 0.518465
vt 0.605190 0.518234
vt 0.605833 0.518269
vt 0.986854 0.683493
vt 0.986854 0.682299
vt 0.986475 0.682613
vt 0.986254 0.682280
vt 0.986045 0.682717
vt 0.967844 0.595368
vt 0.968248 0.594103
vt 0.968248 0.597339
vt 0.842454 0.943979
vt 0.843322 0.943544
vt 0.843020 0.943249
vt 0.843224 0.942471
vt 0.843603 0.942547
vt 0.842459 0.941552
vt 0.843476 0.942890
vt 0.845286 0.942469
vt 0.843019 0.942901
vt 0.843591 0.942225
vt 0.842722 0.942575
vt 0.843919 0.943216
vt 0.843317 0.943199
vt 0.843613 0.943203
vt 0.843626 0.943578
vt 0.843934 0.943585
vt 0.844235 0.943853
vt 0.845286 0.943670
vt 0.843303 0.941929
vt 0.843576 0.941913
vt 0.842560 0.941877
vt 0.842457 0.942316
vt 0.938721 0.947620
vt 0.937384 0.947215
vt 0.936294 0.947620
vt 0.936294 0.610687
vt 0.935983 0.611700
vt 0.936294 0.612305
vt 0.935890 0.612015
vt 0.722934 0.672320
vt 0.723132 0.670972
vt 0.723133 0.673381
vt 0.722339 0.670727
vt 0.722512 0.669337
vt 0.722324 0.672758
vt 0.763900 0.801602
vt 0.763581 0.801420
vt 0.764242 0.801197
vt 0.764794 0.801602
vt 0.844223 0.821524
vt 0.844496 0.821078
vt 0.843791 0.821218
vt 0.843668 0.820612
vt 0.844881 0.820770
vt 0.844319 0.821794
vt 0.844578 0.821539
vt 0.844881 0.821826
vt 0.921328 0.705047
vt 0.921733 0.703717
vt 0.921733 0.705740
vt 0.507544 0.793409
vt 0.507096 0.793108
vt 0.507263 0.793512
vt 0.506330 0.793512
vt 0.931172 0.924969
vt 0.931440 0.925627
vt 0.931036 0.926255
vt 0.931436 0.925304
vt 0.931432 0.925956
vt 0.931389 0.926271
vt 0.931436 0.927396
vt 0.672977 0.538440
vt 0.673381 0.537071
vt 0.673381 0.538689
vt 0.681066 0.719492
vt 0.681066 0.722324
vt 0.680662 0.721159
vt 0.552776 0.542734
vt 0.552037 0.543138
vt 0.553250 0.543138
vt 0.928609 0.986854
vt 0.927518 0.986854
vt 0.927988 0.986275
vt 0.927396 0.986045
vt 0.961899 0.916879
vt 0.962425 0.917675
vt 0.962074 0.917817
vt 0.962990 0.918902
vt 0.961476 0.918586
vt 0.961372 0.918902
vt 0.605833 0.763176
vt 0.607855 0.763176
vt 0.606581 0.762772
vt 0.937508 0.577924
vt 0.937103 0.577555
vt 0.937508 0.576710
vt 0.552730 0.936322
vt 0.552846 0.936699
vt 0.552846 0.935081
vt 0.552441 0.935916
vt 0.527364 0.794075
vt 0.527722 0.794261
vt 0.527768 0.793271
vt 0.527372 0.793108
vt 0.527768 0.794726
vt 0.736076 0.999393
vt 0.735267 0.999006
vt 0.736076 0.998989
vt 0.968653 0.685624
vt 0.969057 0.685111
vt 0.969057 0.686325
vt 0.816568 0.999393
vt 0.817048 0.999391
vt 0.817212 0.998989
vt 0.817377 0.999393
vt 0.621203 0.994540
vt 0.620803 0.994135
vt 0.619990 0.994540
vt 0.997205 0.912834
vt 0.996966 0.913239
vt 0.997775 0.913239
vt 0.929014 0.583545
vt 0.929418 0.582373
vt 0.929418 0.583991
vt 0.508689 0.998989
vt 0.507948 0.999393
vt 0.508757 0.999393
vt 0.998584 0.974315
vt 0.998037 0.973911
vt 0.997775 0.974315
vt 0.569834 0.951574
vt 0.570239 0.950451
vt 0.570238 0.952878
vt 0.838385 0.909605
vt 0.838410 0.909976
vt 0.838814 0.909598
vt 0.838814 0.910003
vt 0.838005 0.909948
vt 0.501072 0.909598
vt 0.500263 0.909502
vt 0.500643 0.909140
vt 0.501072 0.908789
vt 0.892479 0.702099
vt 0.892206 0.701792
vt 0.893419 0.702049
vt 0.892528 0.701662
vt 0.893419 0.700976
vt 0.892838 0.700482
vt 0.797961 0.586826
vt 0.797557 0.586877
vt 0.797628 0.586418
vt 0.994540 0.522105
vt 0.994407 0.521296
vt 0.993730 0.522105
vt 0.933463 0.619585
vt 0.933085 0.618776
vt 0.932654 0.619585
vt 0.739377 0.663319
vt 0.739278 0.663019
vt 0.738907 0.663384
vt 0.739509 0.663688
vt 0.739716 0.663082
vt 0.739716 0.664078
vt 0.738929 0.662460
vt 0.642236 0.904340
vt 0.642236 0.905958
vt 0.641832 0.904718
vt 0.796321 0.605024
vt 0.795939 0.605428
vt 0.796748 0.605428
vt 0.673676 0.946449
vt 0.673786 0.945193
vt 0.673786 0.946811
vt 0.673381 0.946109
vt 0.959350 0.716256
vt 0.958987 0.715333
vt 0.958945 0.715634
vt 0.959350 0.715043
vt 0.959089 0.715945
vt 0.850580 0.677426
vt 0.851353 0.677831
vt 0.849331 0.677831
vt 0.851023 0.677536
vt 0.798366 0.623630
vt 0.798366 0.624439
vt 0.797962 0.624101
vt 0.821422 0.759131
vt 0.821422 0.756300
vt 0.821358 0.757899
vt 0.821315 0.757600
vt 0.820194 0.756850
vt 0.820980 0.757723
vt 0.819804 0.757642
vt 0.820609 0.757535
vt 0.792703 0.900295
vt 0.793917 0.900295
vt 0.793623 0.899891
vt 0.535858 0.910407
vt 0.537476 0.910407
vt 0.537190 0.910003
vt 0.909591 0.811832
vt 0.909508 0.811471
vt 0.909092 0.811837
vt 0.910003 0.811478
vt 0.908637 0.812336
vt 0.908385 0.812121
vt 0.908529 0.812668
vt 0.909026 0.812264
vt 0.908950 0.812608
vt 0.909261 0.811309
vt 0.908850 0.812962
vt 0.909091 0.813126
vt 0.909282 0.812901
vt 0.908726 0.813736
vt 0.910003 0.813736
vt 0.979169 0.941552
vt 0.980383 0.941552
vt 0.979613 0.941290
vt 0.980007 0.941148
vt 0.615541 0.744166
vt 0.617158 0.744166
vt 0.615983 0.743761
vt 0.972293 0.777313
vt 0.972697 0.776929
vt 0.972697 0.778142
vt 0.886947 0.703400
vt 0.887352 0.701695
vt 0.887352 0.703717
vt 0.509971 0.822635
vt 0.509566 0.821342
vt 0.509971 0.820208
vt 0.975933 0.532217
vt 0.977551 0.532217
vt 0.977217 0.531813
vt 0.890183 0.589654
vt 0.890183 0.591272
vt 0.889779 0.590773
vt 0.613114 0.893297
vt 0.613518 0.892610
vt 0.613518 0.893824
vt 0.509162 0.979574
vt 0.508757 0.978979
vt 0.509162 0.977551
vt 0.604345 0.969904
vt 0.603979 0.969931
vt 0.604086 0.969462
vt 0.604461 0.970209
vt 0.604466 0.970553
vt 0.603923 0.970917
vt 0.604404 0.970915
vt 0.603811 0.971484
vt 0.605024 0.971484
vt 0.995408 0.738907
vt 0.995348 0.739312
vt 0.995753 0.739312
vt 0.815243 0.761162
vt 0.814545 0.761562
vt 0.815354 0.761550
vt 0.814551 0.761963
vt 0.814748 0.761154
vt 0.815269 0.761963
vt 0.998180 0.666514
vt 0.997797 0.666143
vt 0.998180 0.666101
vt 0.997782 0.666910
vt 0.997775 0.666515
vt 0.998154 0.666886
vt 0.659224 0.831938
vt 0.659629 0.831938
vt 0.659587 0.831534
vt 0.554059 0.998180
vt 0.553983 0.997775
vt 0.553250 0.998180
vt 0.906767 0.990495
vt 0.907172 0.990495
vt 0.906994 0.990090
vt 0.734863 0.939123
vt 0.734458 0.939126
vt 0.734520 0.938802
vt 0.734645 0.938512
vt 0.734863 0.937508
vt 0.702908 0.973102
vt 0.705335 0.973102
vt 0.703974 0.972697
vt 0.702099 0.668528
vt 0.702110 0.668148
vt 0.702445 0.668125
vt 0.702504 0.668528
vt 0.702326 0.667719
vt 0.979978 0.833151
vt 0.979455 0.832747
vt 0.979169 0.833151
vt 0.561681 0.534644
vt 0.561340 0.535049
vt 0.561744 0.535049
vt 0.826680 0.992517
vt 0.826275 0.992382
vt 0.826680 0.992113
vt 0.996562 0.910812
vt 0.996157 0.910497
vt 0.996562 0.910003
vt 0.775715 0.991708
vt 0.776929 0.991708
vt 0.776614 0.991304
vt 0.782187 0.843822
vt 0.782591 0.843668
vt 0.782591 0.844072
vt 0.616015 0.920924
vt 0.616465 0.921404
vt 0.616161 0.921391
vt 0.615855 0.921377
vt 0.614895 0.922137
vt 0.617158 0.922137
vt 0.614944 0.920934
vt 0.614769 0.921325
vt 0.614327 0.921005
vt 0.615250 0.920948
vt 0.986450 0.519274
vt 0.986450 0.520892
vt 0.986045 0.519916
vt 0.989686 0.645877
vt 0.990899 0.645877
vt 0.990560 0.645472
vt 0.998131 0.572261
vt 0.997775 0.572665
vt 0.998584 0.572665
vt 0.744346 0.675092
vt 0.744063 0.674821
vt 0.744090 0.675119
vt 0.744242 0.675404
vt 0.743909 0.674192
vt 0.744333 0.674794
vt 0.744308 0.674496
vt 0.744280 0.674198
vt 0.744730 0.673546
vt 0.744974 0.674960
vt 0.743579 0.673062
vt 0.743615 0.673359
vt 0.743357 0.674249
vt 0.743852 0.673035
vt 0.743826 0.672737
vt 0.743811 0.672438
vt 0.744974 0.672176
vt 0.743503 0.672168
vt 0.977551 0.871173
vt 0.979574 0.871173
vt 0.977907 0.870768
vt 0.514616 0.617563
vt 0.514420 0.617967
vt 0.514825 0.617967
vt 0.964203 0.989655
vt 0.964608 0.989281
vt 0.964608 0.989686
vt 0.998584 0.936699
vt 0.998180 0.936438
vt 0.998584 0.935890
vt 0.655202 0.552828
vt 0.654793 0.552474
vt 0.654930 0.552743
vt 0.655283 0.552564
vt 0.654924 0.554753
vt 0.655123 0.553096
vt 0.654209 0.553923
vt 0.654583 0.552233
vt 0.652813 0.554703
vt 0.653258 0.556269
vt 0.653710 0.557362
vt 0.654060 0.557755
vt 0.653791 0.557675
vt 0.653323 0.557233
vt 0.652988 0.556843
vt 0.652289 0.556715
vt 0.653950 0.553030
vt 0.652038 0.552819
vt 0.653325 0.550807
vt 0.653862 0.553293
vt 0.653590 0.557982
vt 0.656591 0.538508
vt 0.655468 0.538579
vt 0.655737 0.539627
vt 0.655213 0.540599
vt 0.654477 0.538305
vt 0.653697 0.541087
vt 0.655188 0.535859
vt 0.655214 0.542313
vt 0.657026 0.539963
vt 0.656033 0.541311
vt 0.658303 0.543385
vt 0.657294 0.542109
vt 0.653717 0.538248
vt 0.656420 0.536640
vt 0.657112 0.534870
vt 0.657719 0.536640
vt 0.657697 0.538485
vt 0.658080 0.539971
vt 0.658347 0.540062
vt 0.658479 0.539678
vt 0.658696 0.539903
vt 0.658774 0.540270
vt 0.659066 0.539712
vt 0.659347 0.540047
vt 0.659270 0.539189
vt 0.658453 0.540593
vt 0.658859 0.540727
vt 0.659099 0.540496
vt 0.659261 0.538688
vt 0.656886 0.543238
vt 0.657151 0.543339
vt 0.657418 0.543436
vt 0.657686 0.543530
vt 0.657954 0.543624
vt 0.658221 0.543719
vt 0.659629 0.540125
vt 0.649545 0.536072
vt 0.650251 0.537741
vt 0.650668 0.536057
vt 0.648227 0.538614
vt 0.649921 0.539496
vt 0.652437 0.565637
vt 0.651746 0.564530
vt 0.651660 0.564798
vt 0.652017 0.564617
vt 0.652151 0.566791
vt 0.651524 0.565640
vt 0.650966 0.565622
vt 0.651818 0.565448
vt 0.651214 0.565250
vt 0.650949 0.565165
vt 0.651035 0.564901
vt 0.651301 0.564985
vt 0.651478 0.565338
vt 0.651566 0.565073
vt 0.651898 0.565017
vt 0.649475 0.565096
vt 0.651390 0.564715
vt 0.651143 0.564556
vt 0.650686 0.565971
vt 0.650580 0.566298
vt 0.649944 0.566538
vt 0.649057 0.566295
vt 0.649459 0.566830
vt 0.646659 0.566151
vt 0.650205 0.566620
vt 0.650475 0.566692
vt 0.650319 0.566228
vt 0.650746 0.566762
vt 0.650056 0.566151
vt 0.651144 0.566847
vt 0.651388 0.566523
vt 0.650427 0.565885
vt 0.650164 0.565807
vt 0.650187 0.565513
vt 0.648141 0.565604
vt 0.650567 0.565441
vt 0.650933 0.567098
vt 0.651194 0.567171
vt 0.651734 0.567407
vt 0.656392 0.545411
vt 0.655689 0.545728
vt 0.656662 0.545501
vt 0.656961 0.545848
vt 0.655946 0.545139
vt 0.654227 0.545368
vt 0.653480 0.544555
vt 0.653185 0.545830
vt 0.654559 0.547292
vt 0.652297 0.546751
vt 0.651217 0.546344
vt 0.655989 0.546608
vt 0.655734 0.547961
vt 0.655073 0.543747
vt 0.656604 0.544082
vt 0.656243 0.546826
vt 0.656673 0.547953
vt 0.656576 0.552268
vt 0.655546 0.551762
vt 0.655420 0.552173
vt 0.655140 0.552068
vt 0.655266 0.551701
vt 0.655551 0.552649
vt 0.655638 0.552383
vt 0.655366 0.551400
vt 0.655725 0.552117
vt 0.655763 0.554001
vt 0.655687 0.551379
vt 0.655999 0.551327
vt 0.655587 0.550806
vt 0.655080 0.551302
vt 0.654970 0.551689
vt 0.654777 0.551348
vt 0.654651 0.551728
vt 0.655090 0.550925
vt 0.655359 0.550516
vt 0.655450 0.550244
vt 0.655117 0.550295
vt 0.655337 0.548579
vt 0.654567 0.551974
vt 0.651830 0.564263
vt 0.652167 0.564259
vt 0.651916 0.563995
vt 0.652088 0.563784
vt 0.652979 0.563427
vt 0.652357 0.563550
vt 0.651598 0.564054
vt 0.651476 0.564444
vt 0.651329 0.563962
vt 0.651056 0.563881
vt 0.650303 0.562914
vt 0.648810 0.562929
vt 0.649036 0.560757
vt 0.650734 0.561995
vt 0.647472 0.562253
vt 0.646978 0.564451
vt 0.647006 0.561000
vt 0.647571 0.558713
vt 0.649636 0.558908
vt 0.650296 0.556061
vt 0.648796 0.555758
vt 0.652184 0.559016
vt 0.651544 0.561198
vt 0.651089 0.555275
vt 0.646895 0.558540
vt 0.646232 0.560184
vt 0.647755 0.556379
vt 0.646357 0.563168
vt 0.645342 0.563316
vt 0.645947 0.565195
vt 0.644785 0.561355
vt 0.644090 0.563107
vt 0.644405 0.565527
vt 0.643495 0.564660
vt 0.643583 0.561518
vt 0.641981 0.565871
vt 0.643627 0.567532
vt 0.645281 0.566948
vt 0.644704 0.559481
vt 0.642723 0.559208
vt 0.644979 0.568789
vt 0.647038 0.569345
vt 0.648450 0.567676
vt 0.650271 0.568390
vt 0.651274 0.563199
vt 0.651167 0.553002
vt 0.648729 0.554066
vt 0.649604 0.551946
vt 0.646300 0.552899
vt 0.645563 0.554051
vt 0.651755 0.563314
vt 0.651728 0.563638
vt 0.651188 0.563468
vt 0.642307 0.568459
vt 0.644116 0.553163
vt 0.645245 0.551494
vt 0.651359 0.562932
vt 0.644779 0.569745
vt 0.645546 0.558376
vt 0.644984 0.556152
vt 0.647100 0.551810
vt 0.650547 0.568467
vt 0.646621 0.550678
vt 0.645190 0.549801
vt 0.646830 0.548994
vt 0.645976 0.547287
vt 0.644557 0.547134
vt 0.648512 0.546179
vt 0.647121 0.545194
vt 0.646648 0.543241
vt 0.645091 0.543855
vt 0.643208 0.546160
vt 0.642503 0.549684
vt 0.643800 0.549693
vt 0.642267 0.552262
vt 0.642881 0.554391
vt 0.641362 0.553642
vt 0.643997 0.544481
vt 0.641925 0.545012
vt 0.642065 0.543505
vt 0.644508 0.541149
vt 0.646389 0.541592
vt 0.648052 0.543512
vt 0.649604 0.544018
vt 0.649340 0.542035
vt 0.647449 0.541081
vt 0.648486 0.539292
vt 0.641537 0.549733
vt 0.649462 0.540155
vt 0.650392 0.541758
vt 0.652136 0.541599
vt 0.652196 0.540163
vt 0.651596 0.539531
vt 0.653099 0.538008
vt 0.652179 0.537360
vt 0.645137 0.555315
vt 0.651714 0.543705
vt 0.652864 0.542774
vt 0.652763 0.543835
vt 0.653844 0.543804
vt 0.651502 0.562520
vt 0.650626 0.568184
vt 0.647923 0.549419
vt 0.648373 0.551094
vt 0.647155 0.555061
vt 0.646816 0.555941
vt 0.640146 0.549412
vt 0.640644 0.552818
vt 0.653538 0.535482
vt 0.651763 0.562600
vt 0.652012 0.562718
vt 0.652005 0.562278
vt 0.652252 0.562624
vt 0.652399 0.562381
vt 0.642421 0.562752
vt 0.642860 0.540693
vt 0.653010 0.557522
vt 0.653662 0.558920
vt 0.653061 0.561028
vt 0.653057 0.557162
vt 0.652079 0.563457
vt 0.652802 0.557082
vt 0.643060 0.557619
vt 0.652859 0.534807
vt 0.654119 0.534066
vt 0.653393 0.533062
vt 0.652443 0.533642
vt 0.654398 0.562408
vt 0.653540 0.561836
vt 0.654269 0.559955
vt 0.655917 0.558524
vt 0.656879 0.559157
vt 0.641877 0.551675
vt 0.651632 0.551559
vt 0.650755 0.551333
vt 0.648715 0.549191
vt 0.650817 0.550728
vt 0.649864 0.546849
vt 0.651912 0.549279
vt 0.651148 0.547326
vt 0.652844 0.547674
vt 0.653958 0.549989
vt 0.651941 0.550462
vt 0.654880 0.550084
vt 0.654799 0.550349
vt 0.654281 0.550731
vt 0.654979 0.550697
vt 0.654397 0.551641
vt 0.654521 0.551246
vt 0.654636 0.550877
vt 0.654161 0.535637
vt 0.654297 0.536756
vt 0.643816 0.539682
vt 0.650141 0.568830
vt 0.652243 0.562914
vt 0.639405 0.557996
vt 0.654359 0.532217
vt 0.652676 0.562450
vt 0.651397 0.561711
vt 0.651682 0.561834
vt 0.651632 0.561473
vt 0.651970 0.561892
vt 0.653070 0.541857
vt 0.650462 0.568753
vt 0.650382 0.569037
vt 0.651824 0.569834
vt 0.650293 0.569324
vt 0.650021 0.569230
vt 0.649934 0.569511
vt 0.649787 0.569017
vt 0.641406 0.554235
vt 0.652143 0.551993
vt 0.650482 0.567673
vt 0.650707 0.567910
vt 0.650760 0.567627
vt 0.650579 0.567328
vt 0.650277 0.567491
vt 0.650324 0.567221
vt 0.650945 0.568379
vt 0.643370 0.555292
vt 0.652100 0.560707
vt 0.652240 0.561972
vt 0.652631 0.562086
vt 0.652752 0.561841
vt 0.653272 0.542371
vt 0.654934 0.542708
vt 0.650758 0.568822
vt 0.651951 0.535266
vt 0.659629 0.559191
vt 0.640526 0.556372
vt 0.640542 0.557877
vt 0.644708 0.556798
vt 0.551844 0.790258
vt 0.552548 0.791068
vt 0.552318 0.790888
vt 0.552776 0.790861
vt 0.551711 0.790889
vt 0.550014 0.789791
vt 0.550280 0.791085
vt 0.551332 0.788523
vt 0.550584 0.788888
vt 0.550574 0.788468
vt 0.550518 0.787962
vt 0.550766 0.787854
vt 0.550774 0.787445
vt 0.553250 0.791085
vt 0.552798 0.790213
vt 0.551905 0.789661
vt 0.551908 0.789257
vt 0.552136 0.789855
vt 0.552712 0.789063
vt 0.974315 0.624439
vt 0.975123 0.624636
vt 0.974683 0.624612
vt 0.974437 0.625068
vt 0.975529 0.624674
vt 0.975529 0.626057
vt 0.821249 0.942766
vt 0.822635 0.943170
vt 0.820931 0.942996
vt 0.820613 0.943170
vt 0.958945 0.906363
vt 0.958945 0.907172
vt 0.958541 0.906875
vt 0.797979 0.787041
vt 0.797153 0.787445
vt 0.798366 0.787445
vt 0.797962 0.668123
vt 0.797962 0.668932
vt 0.797557 0.668476
vt 0.559722 0.610282
vt 0.559722 0.611091
vt 0.559318 0.610735
vt 0.662056 0.550823
vt 0.661500 0.551429
vt 0.661309 0.551707
vt 0.662056 0.553655
vt 0.661247 0.551988
vt 0.600575 0.991707
vt 0.600979 0.991304
vt 0.600978 0.992113
vt 0.778547 0.867128
vt 0.778142 0.867531
vt 0.778951 0.867532
vt 0.532875 0.821422
vt 0.537476 0.822635
vt 0.532358 0.822635
vt 0.528577 0.821541
vt 0.535761 0.821796
vt 0.893485 0.947620
vt 0.890183 0.947041
vt 0.892487 0.946406
vt 0.891860 0.947615
vt 0.891564 0.947613
vt 0.891269 0.947613
vt 0.890973 0.947614
vt 0.890677 0.947617
vt 0.890381 0.947620
vt 0.893336 0.946592
vt 0.893632 0.946586
vt 0.893929 0.946921
vt 0.894228 0.947398
vt 0.709380 0.633846
vt 0.710594 0.632529
vt 0.710594 0.635360
vt 0.585661 0.503097
vt 0.585252 0.502224
vt 0.588440 0.501932
vt 0.584935 0.503409
vt 0.584022 0.503468
vt 0.583060 0.503971
vt 0.583305 0.502868
vt 0.584122 0.503748
vt 0.584288 0.503355
vt 0.585193 0.504790
vt 0.584189 0.503075
vt 0.584083 0.502794
vt 0.583978 0.502513
vt 0.583609 0.502341
vt 0.583343 0.502447
vt 0.583076 0.502555
vt 0.582810 0.502663
vt 0.582545 0.502771
vt 0.582645 0.503051
vt 0.583010 0.503228
vt 0.583856 0.503860
vt 0.583591 0.503970
vt 0.584454 0.502964
vt 0.584825 0.503132
vt 0.584509 0.502295
vt 0.584406 0.502016
vt 0.584614 0.502573
vt 0.584720 0.502852
vt 0.584529 0.503581
vt 0.584218 0.502334
vt 0.581403 0.501477
vt 0.582144 0.502526
vt 0.580228 0.503067
vt 0.581745 0.503098
vt 0.582114 0.503266
vt 0.579146 0.501858
vt 0.582379 0.503159
vt 0.581479 0.503204
vt 0.583644 0.503178
vt 0.581865 0.503795
vt 0.582749 0.503334
vt 0.580931 0.505048
vt 0.580749 0.504152
vt 0.580514 0.503922
vt 0.580558 0.503584
vt 0.580246 0.504016
vt 0.580417 0.504266
vt 0.578796 0.504333
vt 0.581027 0.503639
vt 0.582522 0.504185
vt 0.580696 0.504496
vt 0.578733 0.505117
vt 0.583244 0.505117
vt 0.580063 0.504363
vt 0.539902 0.823848
vt 0.538389 0.822794
vt 0.539457 0.822230
vt 0.538376 0.823752
vt 0.537071 0.823848
vt 0.824253 0.940743
vt 0.822975 0.940743
vt 0.822584 0.939126
vt 0.821978 0.940743
vt 0.821738 0.939271
vt 0.821454 0.939285
vt 0.821424 0.939770
vt 0.821422 0.940094
vt 0.821731 0.940593
vt 0.779760 0.841241
vt 0.779146 0.840028
vt 0.777632 0.841241
vt 0.777333 0.840431
vt 0.834538 0.561565
vt 0.833061 0.561299
vt 0.832466 0.560585
vt 0.834047 0.560127
vt 0.835922 0.560998
vt 0.835013 0.560436
vt 0.831604 0.560961
vt 0.853780 0.539498
vt 0.853780 0.536667
vt 0.853381 0.539335
vt 0.852971 0.539194
vt 0.852982 0.538743
vt 0.510780 0.766888
vt 0.511184 0.765199
vt 0.511184 0.767105
vt 0.510800 0.767221
vt 0.978765 0.926587
vt 0.978369 0.924969
vt 0.978162 0.925234
vt 0.978765 0.925110
vt 0.977956 0.925501
vt 0.586906 0.704931
vt 0.585609 0.704931
vt 0.586526 0.704526
vt 0.586192 0.704591
vt 0.586871 0.704530
vt 0.587227 0.704899
vt 0.993730 0.818590
vt 0.993326 0.817748
vt 0.993730 0.817377
vt 0.694129 0.887023
vt 0.694586 0.886543
vt 0.694819 0.887141
vt 0.694588 0.887431
vt 0.694010 0.887307
vt 0.694242 0.887653
vt 0.694819 0.887756
vt 0.877240 0.723537
vt 0.876835 0.722077
vt 0.877240 0.721515
vt 0.992587 0.753873
vt 0.992922 0.753558
vt 0.991708 0.753873
vt 0.992455 0.753469
vt 0.785423 0.900700
vt 0.785423 0.901509
vt 0.785018 0.900903
vt 0.728115 0.973102
vt 0.728848 0.973530
vt 0.728574 0.973714
vt 0.728913 0.973911
vt 0.729200 0.973457
vt 0.727177 0.973911
vt 0.910407 0.691159
vt 0.910136 0.690663
vt 0.909598 0.691178
vt 0.909664 0.690501
vt 0.910407 0.689965
vt 0.554464 0.899082
vt 0.554464 0.899891
vt 0.554059 0.899383
vt 0.915666 0.924160
vt 0.915261 0.923845
vt 0.915666 0.923755
vt 0.619036 0.649262
vt 0.618729 0.649862
vt 0.618699 0.649112
vt 0.618372 0.649265
vt 0.618403 0.649921
vt 0.619069 0.649921
vt 0.619366 0.649174
vt 0.619393 0.649809
vt 0.619728 0.649797
vt 0.619698 0.649180
vt 0.620063 0.649830
vt 0.620057 0.649152
vt 0.620394 0.649796
vt 0.920666 0.856203
vt 0.918217 0.854681
vt 0.920107 0.857830
vt 0.919740 0.853756
vt 0.921272 0.854099
vt 0.922104 0.854567
vt 0.916475 0.856295
vt 0.921742 0.852455
vt 0.920852 0.852486
vt 0.921429 0.851231
vt 0.922319 0.854671
vt 0.923351 0.852340
vt 0.919286 0.852775
vt 0.922572 0.856734
vt 0.922436 0.858127
vt 0.917022 0.859460
vt 0.922512 0.851468
vt 0.919347 0.859748
vt 0.918009 0.860252
vt 0.917019 0.853210
vt 0.918124 0.853417
vt 0.922214 0.850140
vt 0.923243 0.850964
vt 0.921324 0.850343
vt 0.920641 0.859532
vt 0.922966 0.857000
vt 0.923344 0.857332
vt 0.923351 0.857012
vt 0.922902 0.858147
vt 0.921795 0.859039
vt 0.918159 0.852766
vt 0.916522 0.852065
vt 0.921090 0.859910
vt 0.920839 0.859987
vt 0.920447 0.859994
vt 0.921347 0.859834
vt 0.813869 0.682681
vt 0.813385 0.678794
vt 0.811527 0.681714
vt 0.811379 0.685077
vt 0.813857 0.684720
vt 0.814715 0.685252
vt 0.811062 0.684676
vt 0.810765 0.681148
vt 0.811042 0.677676
vt 0.810343 0.677819
vt 0.810658 0.674182
vt 0.812951 0.676078
vt 0.812747 0.674018
vt 0.811674 0.672928
vt 0.812425 0.672024
vt 0.810406 0.671050
vt 0.809982 0.674359
vt 0.812904 0.677816
vt 0.811764 0.670206
vt 0.813030 0.686139
vt 0.811137 0.686535
vt 0.809332 0.669374
vt 0.810140 0.668952
vt 0.810228 0.666586
vt 0.809030 0.666932
vt 0.811657 0.667181
vt 0.811949 0.664297
vt 0.810739 0.663572
vt 0.811516 0.661364
vt 0.812198 0.661905
vt 0.811839 0.660305
vt 0.812648 0.660798
vt 0.813060 0.664228
vt 0.813001 0.668066
vt 0.813679 0.662955
vt 0.814567 0.665916
vt 0.815027 0.667648
vt 0.816534 0.665619
vt 0.815440 0.662758
vt 0.818232 0.667834
vt 0.815929 0.669445
vt 0.814702 0.669593
vt 0.813750 0.670391
vt 0.816659 0.670238
vt 0.811356 0.659240
vt 0.811725 0.657543
vt 0.810414 0.661487
vt 0.812369 0.667035
vt 0.817351 0.662002
vt 0.817238 0.658998
vt 0.818743 0.660987
vt 0.818783 0.658170
vt 0.820573 0.659671
vt 0.815756 0.658188
vt 0.816352 0.656425
vt 0.819206 0.655843
vt 0.816920 0.653495
vt 0.815262 0.654097
vt 0.814834 0.653477
vt 0.815875 0.652344
vt 0.814447 0.652608
vt 0.813557 0.653624
vt 0.812392 0.651487
vt 0.819225 0.651864
vt 0.818509 0.652924
vt 0.818651 0.654005
vt 0.819059 0.654805
vt 0.814790 0.655221
vt 0.819654 0.652255
vt 0.813232 0.651557
vt 0.819886 0.657648
vt 0.819912 0.660661
vt 0.821212 0.658486
vt 0.822000 0.659550
vt 0.822273 0.657252
vt 0.822395 0.662051
vt 0.821352 0.656179
vt 0.815040 0.672550
vt 0.816272 0.672147
vt 0.815602 0.674876
vt 0.818404 0.671274
vt 0.814277 0.675078
vt 0.813332 0.676454
vt 0.812804 0.670768
vt 0.813366 0.660400
vt 0.819850 0.673056
vt 0.819600 0.674750
vt 0.820869 0.673288
vt 0.821317 0.670795
vt 0.822162 0.671691
vt 0.822255 0.670000
vt 0.821687 0.668989
vt 0.820509 0.669316
vt 0.820564 0.667532
vt 0.822754 0.668118
vt 0.821654 0.667743
vt 0.822775 0.671318
vt 0.822508 0.673405
vt 0.823306 0.674426
vt 0.823331 0.671278
vt 0.823202 0.669801
vt 0.825316 0.669111
vt 0.822805 0.677278
vt 0.824283 0.671280
vt 0.825389 0.670883
vt 0.826264 0.670697
vt 0.826974 0.670090
vt 0.827403 0.673095
vt 0.826821 0.667121
vt 0.824543 0.673266
vt 0.823656 0.668779
vt 0.822072 0.673993
vt 0.817681 0.676674
vt 0.820556 0.676863
vt 0.819194 0.676615
vt 0.819356 0.679344
vt 0.816470 0.681345
vt 0.819396 0.683344
vt 0.818817 0.685056
vt 0.821420 0.683781
vt 0.820715 0.682190
vt 0.821819 0.681003
vt 0.821003 0.679741
vt 0.822374 0.678975
vt 0.822652 0.681837
vt 0.821966 0.683124
vt 0.820737 0.685751
vt 0.817200 0.685809
vt 0.818478 0.686528
vt 0.815384 0.687153
vt 0.816666 0.688633
vt 0.814311 0.688284
vt 0.815752 0.690860
vt 0.813581 0.689819
vt 0.817286 0.690008
vt 0.816997 0.692164
vt 0.817816 0.690734
vt 0.815306 0.693678
vt 0.818080 0.692815
vt 0.816666 0.694788
vt 0.817570 0.695375
vt 0.815532 0.695286
vt 0.814597 0.692385
vt 0.818392 0.691305
vt 0.819092 0.688899
vt 0.813323 0.686485
vt 0.812671 0.688460
vt 0.812720 0.692319
vt 0.812213 0.689963
vt 0.812648 0.696032
vt 0.812163 0.692395
vt 0.821144 0.686144
vt 0.815444 0.685007
vt 0.815141 0.683103
vt 0.820065 0.680529
vt 0.819059 0.663703
vt 0.820201 0.665625
vt 0.820599 0.663066
vt 0.812397 0.655161
vt 0.811490 0.654209
vt 0.822272 0.667333
vt 0.822802 0.665453
vt 0.823328 0.666614
vt 0.824843 0.665760
vt 0.824041 0.662400
vt 0.825484 0.663949
vt 0.826879 0.665360
vt 0.822436 0.661415
vt 0.824978 0.658276
vt 0.826767 0.656821
vt 0.826318 0.655042
vt 0.827489 0.653251
vt 0.826917 0.652905
vt 0.826213 0.653458
vt 0.826866 0.658865
vt 0.826865 0.661263
vt 0.823377 0.658068
vt 0.823632 0.654439
vt 0.822736 0.656991
vt 0.822694 0.652986
vt 0.823255 0.652556
vt 0.824919 0.653530
vt 0.824013 0.651782
vt 0.825013 0.651778
vt 0.823511 0.661626
vt 0.824856 0.654963
vt 0.826520 0.651135
vt 0.823217 0.664190
vt 0.827341 0.658192
vt 0.827489 0.662557
vt 0.822751 0.660995
vt 0.813964 0.694530
vt 0.814546 0.678479
vt 0.821459 0.665549
vt 0.826350 0.663625
vt 0.811783 0.669128
vt 0.820556 0.688602
vt 0.821883 0.687383
vt 0.822210 0.690013
vt 0.823102 0.690269
vt 0.822485 0.692269
vt 0.821191 0.691126
vt 0.819522 0.670597
vt 0.813644 0.655784
vt 0.811184 0.656418
vt 0.810926 0.657853
vt 0.819677 0.691315
vt 0.821453 0.661678
vt 0.821053 0.660606
vt 0.821455 0.674137
vt 0.812807 0.658317
vt 0.821776 0.677599
vt 0.810206 0.659253
vt 0.821309 0.652122
vt 0.809418 0.659739
vt 0.821117 0.654893
vt 0.821914 0.652060
vt 0.822574 0.686536
vt 0.808478 0.663804
vt 0.820946 0.653368
vt 0.820298 0.654791
vt 0.812413 0.669113
vt 0.812841 0.673476
vt 0.813291 0.675497
vt 0.820332 0.654381
vt 0.805331 0.895218
vt 0.806768 0.896804
vt 0.807554 0.898677
vt 0.807916 0.895204
vt 0.804815 0.894423
vt 0.806924 0.894334
vt 0.809240 0.895128
vt 0.808965 0.892610
vt 0.810747 0.893470
vt 0.810526 0.896248
vt 0.803220 0.894425
vt 0.810902 0.895275
vt 0.815084 0.895388
vt 0.816672 0.897180
vt 0.813657 0.896706
vt 0.816772 0.898391
vt 0.822635 0.898677
vt 0.815003 0.898399
vt 0.814269 0.897607
vt 0.811907 0.896935
vt 0.854589 0.781378
vt 0.853535 0.782302
vt 0.854589 0.785155
vt 0.852971 0.784674
vt 0.853280 0.788254
vt 0.854088 0.788100
vt 0.784351 0.788254
vt 0.785018 0.786596
vt 0.782187 0.785895
vt 0.784520 0.784772
vt 0.783732 0.783126
vt 0.785018 0.782591
vt 0.902739 0.732436
vt 0.903127 0.732009
vt 0.903005 0.727984
vt 0.902318 0.728378
vt 0.903127 0.723946
vt 0.902626 0.723350
vt 0.903114 0.721515
vt 0.713425 0.703831
vt 0.715447 0.699673
vt 0.714401 0.700068
vt 0.715447 0.704931
vt 0.762367 0.927811
vt 0.763581 0.929418
vt 0.762468 0.925373
vt 0.763581 0.926591
vt 0.631733 0.673284
vt 0.631720 0.674830
vt 0.633338 0.676617
vt 0.633338 0.672168
vt 0.537287 0.956114
vt 0.537761 0.954596
vt 0.539093 0.954780
vt 0.535964 0.954496
vt 0.535049 0.956114
vt 0.625248 0.886139
vt 0.623630 0.886139
vt 0.623756 0.885330
vt 0.767625 0.824422
vt 0.768839 0.825871
vt 0.768274 0.824701
vt 0.767767 0.821907
vt 0.768839 0.821032
vt 0.767958 0.819399
vt 0.633746 0.601342
vt 0.634434 0.601914
vt 0.633640 0.604114
vt 0.632467 0.602831
vt 0.630053 0.603650
vt 0.630806 0.601576
vt 0.627736 0.602002
vt 0.626765 0.599961
vt 0.625995 0.601756
vt 0.625716 0.600691
vt 0.624811 0.601759
vt 0.632057 0.605158
vt 0.632091 0.606568
vt 0.630395 0.605682
vt 0.628993 0.606438
vt 0.628438 0.608457
vt 0.631445 0.608900
vt 0.629096 0.609146
vt 0.632775 0.608906
vt 0.626460 0.607488
vt 0.626713 0.609155
vt 0.625337 0.608613
vt 0.626947 0.605834
vt 0.625769 0.606062
vt 0.631345 0.610470
vt 0.628069 0.604742
vt 0.633590 0.607410
vt 0.625364 0.610483
vt 0.632338 0.600532
vt 0.625244 0.606389
vt 0.632142 0.612644
vt 0.629591 0.612213
vt 0.628596 0.613738
vt 0.626216 0.613052
vt 0.630526 0.614492
vt 0.632156 0.616112
vt 0.629950 0.616305
vt 0.631231 0.617538
vt 0.631640 0.619181
vt 0.629217 0.618764
vt 0.625314 0.614902
vt 0.624286 0.614224
vt 0.624311 0.616013
vt 0.625349 0.616404
vt 0.625707 0.617471
vt 0.626524 0.616343
vt 0.627594 0.616722
vt 0.625161 0.612532
vt 0.624615 0.611314
vt 0.627563 0.615282
vt 0.626803 0.611509
vt 0.625510 0.609725
vt 0.626402 0.604511
vt 0.628813 0.616386
vt 0.625159 0.603187
vt 0.624374 0.605884
vt 0.624384 0.602945
vt 0.623614 0.604743
vt 0.622831 0.609028
vt 0.857420 0.926991
vt 0.855398 0.926991
vt 0.856123 0.925373
vt 0.857154 0.925640
vt 0.540982 0.664989
vt 0.541991 0.665164
vt 0.540113 0.666368
vt 0.539726 0.665361
vt 0.542728 0.665726
vt 0.540859 0.666910
vt 0.542415 0.664281
vt 0.540431 0.664003
vt 0.542316 0.667460
vt 0.540904 0.667856
vt 0.542298 0.662847
vt 0.539879 0.667456
vt 0.538943 0.663893
vt 0.539872 0.661755
vt 0.543198 0.666464
vt 0.543495 0.667009
vt 0.544904 0.666270
vt 0.544452 0.665018
vt 0.541635 0.664392
vt 0.546049 0.667743
vt 0.546218 0.666449
vt 0.547750 0.666773
vt 0.547372 0.668420
vt 0.548120 0.670443
vt 0.547177 0.669497
vt 0.547403 0.670708
vt 0.545741 0.671233
vt 0.546244 0.668899
vt 0.548324 0.668591
vt 0.548884 0.671434
vt 0.549358 0.669339
vt 0.550715 0.669874
vt 0.550033 0.668273
vt 0.548295 0.672121
vt 0.547077 0.671973
vt 0.551396 0.667830
vt 0.552882 0.670788
vt 0.548967 0.672843
vt 0.550197 0.674894
vt 0.551007 0.674186
vt 0.550938 0.676225
vt 0.550253 0.676119
vt 0.550892 0.672282
vt 0.551829 0.673296
vt 0.552477 0.675662
vt 0.548918 0.674682
vt 0.546507 0.672539
vt 0.543891 0.672723
vt 0.544790 0.674007
vt 0.542316 0.674707
vt 0.545078 0.675359
vt 0.543442 0.676327
vt 0.547937 0.676054
vt 0.540344 0.676136
vt 0.541175 0.677942
vt 0.540349 0.673817
vt 0.544767 0.677579
vt 0.547243 0.674855
vt 0.541368 0.680587
vt 0.540651 0.679952
vt 0.541914 0.680081
vt 0.542878 0.682912
vt 0.542433 0.684967
vt 0.543795 0.684879
vt 0.544656 0.684079
vt 0.545095 0.685854
vt 0.546564 0.685064
vt 0.546952 0.686562
vt 0.547381 0.685342
vt 0.545667 0.680961
vt 0.546847 0.682170
vt 0.545901 0.680177
vt 0.549346 0.680293
vt 0.548998 0.679019
vt 0.542835 0.687803
vt 0.548662 0.682021
vt 0.552847 0.680441
vt 0.552754 0.679298
vt 0.550946 0.681643
vt 0.552167 0.681590
vt 0.551319 0.682281
vt 0.556901 0.680888
vt 0.552608 0.682507
vt 0.544765 0.681987
vt 0.551439 0.683596
vt 0.547320 0.687644
vt 0.548384 0.686589
vt 0.548169 0.688614
vt 0.552417 0.669098
vt 0.549089 0.667731
vt 0.548352 0.685118
vt 0.551376 0.666491
vt 0.555155 0.679325
vt 0.554231 0.681625
vt 0.551657 0.671170
vt 0.544709 0.688276
vt 0.542187 0.672637
vt 0.543650 0.671399
vt 0.544248 0.670976
vt 0.542945 0.670556
vt 0.554369 0.677577
vt 0.554916 0.676942
vt 0.554043 0.676774
vt 0.555763 0.678356
vt 0.556458 0.677497
vt 0.555265 0.674778
vt 0.557149 0.675499
vt 0.557654 0.677704
vt 0.558792 0.676012
vt 0.558953 0.677592
vt 0.558407 0.679053
vt 0.559620 0.677677
vt 0.557097 0.673503
vt 0.553669 0.677188
vt 0.542725 0.678297
vt 0.539731 0.673508
vt 0.548120 0.678211
vt 0.556944 0.678810
vt 0.553311 0.668901
vt 0.554362 0.670724
vt 0.556759 0.669929
vt 0.556056 0.671545
vt 0.558332 0.670720
vt 0.558245 0.671407
vt 0.561170 0.670885
vt 0.559664 0.671658
vt 0.561152 0.673466
vt 0.561766 0.671494
vt 0.562740 0.670548
vt 0.564159 0.671083
vt 0.564952 0.669898
vt 0.563725 0.668755
vt 0.566228 0.669215
vt 0.565956 0.670358
vt 0.566168 0.672242
vt 0.566984 0.671057
vt 0.567488 0.672820
vt 0.569339 0.672175
vt 0.568853 0.670934
vt 0.569726 0.671350
vt 0.571115 0.671996
vt 0.569672 0.673584
vt 0.566876 0.674670
vt 0.568807 0.674718
vt 0.568163 0.676192
vt 0.565173 0.675683
vt 0.564685 0.674957
vt 0.563769 0.675504
vt 0.564072 0.676697
vt 0.566617 0.677222
vt 0.565086 0.677950
vt 0.566700 0.678707
vt 0.567900 0.679457
vt 0.565685 0.680704
vt 0.563393 0.676934
vt 0.562524 0.674712
vt 0.562631 0.676780
vt 0.561308 0.675537
vt 0.561332 0.678834
vt 0.563123 0.678732
vt 0.563781 0.673536
vt 0.567346 0.676529
vt 0.570713 0.675591
vt 0.569728 0.677026
vt 0.570726 0.677474
vt 0.571224 0.673883
vt 0.568757 0.679888
vt 0.569376 0.683067
vt 0.569668 0.682870
vt 0.569379 0.684557
vt 0.567161 0.683936
vt 0.566709 0.685210
vt 0.568632 0.686002
vt 0.570587 0.685554
vt 0.569034 0.687042
vt 0.564731 0.683080
vt 0.572554 0.687501
vt 0.570445 0.688347
vt 0.574091 0.689033
vt 0.573963 0.685927
vt 0.574689 0.687400
vt 0.574623 0.685738
vt 0.575731 0.688932
vt 0.570378 0.691479
vt 0.573995 0.691745
vt 0.574696 0.692706
vt 0.569520 0.690010
vt 0.567649 0.690876
vt 0.567208 0.693233
vt 0.565176 0.691057
vt 0.565865 0.689272
vt 0.565623 0.694318
vt 0.563285 0.690515
vt 0.564111 0.693148
vt 0.562532 0.688595
vt 0.564968 0.696148
vt 0.566378 0.698545
vt 0.565989 0.699178
vt 0.564193 0.695623
vt 0.567455 0.699565
vt 0.565229 0.698956
vt 0.563587 0.696652
vt 0.563058 0.693851
vt 0.562367 0.693572
vt 0.560813 0.688907
vt 0.561749 0.693472
vt 0.564091 0.698353
vt 0.563128 0.699392
vt 0.564395 0.700982
vt 0.564215 0.702031
vt 0.561594 0.701191
vt 0.562258 0.703136
vt 0.562253 0.698388
vt 0.561600 0.703608
vt 0.559864 0.701667
vt 0.561451 0.704775
vt 0.560969 0.705301
vt 0.559496 0.703794
vt 0.563034 0.705050
vt 0.565098 0.704749
vt 0.558417 0.699699
vt 0.558511 0.701475
vt 0.558564 0.703736
vt 0.558204 0.705058
vt 0.557273 0.703555
vt 0.558890 0.698596
vt 0.557139 0.695440
vt 0.557359 0.693861
vt 0.556074 0.693434
vt 0.555744 0.691110
vt 0.556320 0.690544
vt 0.553776 0.691057
vt 0.553811 0.689073
vt 0.551865 0.689793
vt 0.552271 0.691496
vt 0.551467 0.690855
vt 0.552206 0.692228
vt 0.553365 0.693693
vt 0.552722 0.693290
vt 0.554198 0.694438
vt 0.553595 0.695296
vt 0.554940 0.695921
vt 0.555035 0.697196
vt 0.555392 0.698229
vt 0.556389 0.698726
vt 0.552937 0.693898
vt 0.552932 0.693481
vt 0.552061 0.688699
vt 0.553744 0.687854
vt 0.555037 0.687407
vt 0.553251 0.686350
vt 0.553847 0.684993
vt 0.555055 0.685005
vt 0.555449 0.686340
vt 0.557414 0.684801
vt 0.555334 0.684239
vt 0.557406 0.685868
vt 0.559466 0.685584
vt 0.560196 0.684213
vt 0.561611 0.685381
vt 0.561919 0.683472
vt 0.559885 0.682520
vt 0.561922 0.682563
vt 0.561205 0.681693
vt 0.564151 0.682792
vt 0.563336 0.681932
vt 0.558149 0.683399
vt 0.559021 0.682141
vt 0.560460 0.687914
vt 0.561047 0.687481
vt 0.562973 0.687402
vt 0.559849 0.680911
vt 0.558247 0.687547
vt 0.558737 0.689130
vt 0.556608 0.688488
vt 0.557120 0.690522
vt 0.557572 0.691043
vt 0.555984 0.688411
vt 0.557688 0.692610
vt 0.555347 0.693611
vt 0.564933 0.705500
vt 0.560102 0.698981
vt 0.559764 0.704828
vt 0.562717 0.703848
vt 0.566404 0.705004
vt 0.568316 0.704454
vt 0.566700 0.705449
vt 0.565193 0.700762
vt 0.566178 0.703672
vt 0.567629 0.703727
vt 0.569597 0.703213
vt 0.570042 0.704293
vt 0.571350 0.704506
vt 0.570479 0.705148
vt 0.571884 0.702373
vt 0.573023 0.703902
vt 0.574016 0.702415
vt 0.572737 0.704641
vt 0.574489 0.704205
vt 0.573997 0.701276
vt 0.575005 0.702124
vt 0.574891 0.700931
vt 0.573480 0.700000
vt 0.576214 0.699437
vt 0.576378 0.701027
vt 0.578758 0.702091
vt 0.578667 0.699090
vt 0.579114 0.701295
vt 0.579485 0.703042
vt 0.579063 0.703935
vt 0.577845 0.703190
vt 0.580506 0.701808
vt 0.577840 0.703635
vt 0.576583 0.703318
vt 0.575718 0.702595
vt 0.576919 0.704118
vt 0.575616 0.703501
vt 0.575012 0.703136
vt 0.576105 0.701892
vt 0.576180 0.704734
vt 0.578850 0.704469
vt 0.580236 0.700717
vt 0.580337 0.703136
vt 0.579299 0.698947
vt 0.583028 0.701272
vt 0.581419 0.702690
vt 0.582078 0.698846
vt 0.577504 0.697773
vt 0.580933 0.698126
vt 0.583141 0.700641
vt 0.584140 0.702127
vt 0.574075 0.697930
vt 0.573511 0.696844
vt 0.578290 0.695856
vt 0.571241 0.698447
vt 0.569843 0.700468
vt 0.568560 0.702264
vt 0.583573 0.702993
vt 0.584784 0.703579
vt 0.585111 0.702007
vt 0.585073 0.700298
vt 0.586709 0.701017
vt 0.584574 0.698776
vt 0.586117 0.703196
vt 0.585179 0.696856
vt 0.587350 0.700114
vt 0.586722 0.697119
vt 0.587843 0.696994
vt 0.587608 0.693196
vt 0.588305 0.693495
vt 0.586830 0.693220
vt 0.586589 0.689831
vt 0.585473 0.690980
vt 0.588623 0.697761
vt 0.588958 0.701936
vt 0.590012 0.701430
vt 0.589899 0.699321
vt 0.590312 0.698285
vt 0.589372 0.703162
vt 0.591558 0.702452
vt 0.590329 0.703443
vt 0.592346 0.703446
vt 0.592247 0.701648
vt 0.592707 0.702831
vt 0.593707 0.702294
vt 0.595802 0.701302
vt 0.594294 0.699723
vt 0.595174 0.699221
vt 0.597627 0.699662
vt 0.599886 0.700576
vt 0.596465 0.697095
vt 0.598450 0.698480
vt 0.594115 0.697324
vt 0.598018 0.701899
vt 0.597349 0.702701
vt 0.594588 0.702867
vt 0.599873 0.702365
vt 0.600874 0.701426
vt 0.588631 0.703502
vt 0.585748 0.689925
vt 0.585722 0.687037
vt 0.587371 0.688702
vt 0.587240 0.686017
vt 0.588101 0.687453
vt 0.589449 0.690112
vt 0.590338 0.689248
vt 0.588603 0.687303
vt 0.591154 0.688213
vt 0.591828 0.690200
vt 0.592865 0.689075
vt 0.594581 0.691469
vt 0.593825 0.693423
vt 0.595229 0.690035
vt 0.596891 0.694692
vt 0.597083 0.692611
vt 0.599861 0.695069
vt 0.599749 0.690585
vt 0.600925 0.693465
vt 0.601164 0.691659
vt 0.601937 0.691419
vt 0.601721 0.694602
vt 0.602683 0.691180
vt 0.602471 0.695137
vt 0.601849 0.700438
vt 0.602956 0.698252
vt 0.604075 0.700913
vt 0.604049 0.701781
vt 0.606119 0.700486
vt 0.605139 0.695908
vt 0.604963 0.698360
vt 0.606292 0.701635
vt 0.607604 0.702758
vt 0.608889 0.701546
vt 0.607500 0.699383
vt 0.609567 0.699561
vt 0.611313 0.702260
vt 0.610511 0.698646
vt 0.609723 0.696942
vt 0.608453 0.697189
vt 0.611383 0.696012
vt 0.610707 0.694247
vt 0.611481 0.699205
vt 0.612830 0.696970
vt 0.612942 0.699115
vt 0.611205 0.701372
vt 0.613863 0.694766
vt 0.612052 0.693756
vt 0.613667 0.692878
vt 0.615897 0.692252
vt 0.611289 0.689303
vt 0.613739 0.688740
vt 0.615023 0.698204
vt 0.612826 0.701254
vt 0.609977 0.702807
vt 0.616158 0.695500
vt 0.609873 0.692409
vt 0.608331 0.692859
vt 0.609052 0.690732
vt 0.610525 0.689506
vt 0.607135 0.687968
vt 0.607141 0.692731
vt 0.609905 0.688365
vt 0.613309 0.697779
vt 0.605448 0.702821
vt 0.603471 0.702714
vt 0.603918 0.703398
vt 0.610732 0.692355
vt 0.606636 0.689688
vt 0.606689 0.685857
vt 0.605546 0.686557
vt 0.606017 0.689431
vt 0.605395 0.688770
vt 0.604785 0.690556
vt 0.601871 0.686447
vt 0.604128 0.685995
vt 0.603959 0.684811
vt 0.605449 0.684224
vt 0.604737 0.683490
vt 0.606699 0.683972
vt 0.606602 0.682652
vt 0.603268 0.681573
vt 0.606336 0.681017
vt 0.602773 0.680825
vt 0.601930 0.681758
vt 0.601798 0.679658
vt 0.600434 0.679843
vt 0.600890 0.682749
vt 0.601704 0.683210
vt 0.599194 0.680695
vt 0.598803 0.678854
vt 0.597339 0.678461
vt 0.597695 0.678040
vt 0.598992 0.678038
vt 0.595813 0.677689
vt 0.595920 0.678994
vt 0.597299 0.676319
vt 0.594483 0.678445
vt 0.593841 0.679732
vt 0.594758 0.681747
vt 0.596491 0.681254
vt 0.596911 0.683040
vt 0.595871 0.683250
vt 0.594121 0.683716
vt 0.592898 0.682353
vt 0.591590 0.683478
vt 0.593891 0.685080
vt 0.591598 0.684938
vt 0.589880 0.684239
vt 0.589116 0.682196
vt 0.587921 0.683780
vt 0.587716 0.681776
vt 0.589934 0.685071
vt 0.590394 0.681738
vt 0.596757 0.685338
vt 0.592848 0.677490
vt 0.593489 0.676952
vt 0.592788 0.675617
vt 0.591959 0.675877
vt 0.591451 0.673800
vt 0.593784 0.673397
vt 0.594152 0.674333
vt 0.597272 0.673979
vt 0.596377 0.673476
vt 0.598651 0.673680
vt 0.601614 0.673949
vt 0.598387 0.672902
vt 0.600399 0.672970
vt 0.602389 0.673622
vt 0.601550 0.672463
vt 0.602394 0.670926
vt 0.602780 0.671862
vt 0.603331 0.669956
vt 0.602049 0.669661
vt 0.598849 0.669293
vt 0.599914 0.669049
vt 0.596915 0.668533
vt 0.599189 0.668311
vt 0.595665 0.667851
vt 0.595427 0.668626
vt 0.598028 0.669676
vt 0.598075 0.671412
vt 0.596179 0.669647
vt 0.591501 0.668694
vt 0.590944 0.667722
vt 0.589171 0.668493
vt 0.587753 0.666761
vt 0.594990 0.669998
vt 0.589933 0.669723
vt 0.585873 0.667827
vt 0.588439 0.669321
vt 0.589002 0.671024
vt 0.592764 0.669875
vt 0.585266 0.666374
vt 0.586383 0.665772
vt 0.588408 0.665664
vt 0.599166 0.670160
vt 0.596305 0.670273
vt 0.592687 0.667815
vt 0.604496 0.671369
vt 0.584956 0.665173
vt 0.590868 0.671068
vt 0.584625 0.667328
vt 0.580794 0.665944
vt 0.583670 0.667252
vt 0.581952 0.667487
vt 0.583342 0.669145
vt 0.582068 0.669930
vt 0.582515 0.671995
vt 0.581625 0.671174
vt 0.581159 0.672200
vt 0.582973 0.673088
vt 0.580512 0.670676
vt 0.579332 0.671519
vt 0.579931 0.669494
vt 0.584152 0.670319
vt 0.583066 0.664894
vt 0.598372 0.667539
vt 0.596266 0.666663
vt 0.598042 0.666893
vt 0.595654 0.665649
vt 0.596289 0.665131
vt 0.597698 0.665573
vt 0.599181 0.664934
vt 0.596401 0.664362
vt 0.597589 0.663417
vt 0.594814 0.663005
vt 0.600104 0.664245
vt 0.601719 0.665257
vt 0.602703 0.664502
vt 0.602743 0.666158
vt 0.603556 0.666140
vt 0.603455 0.667165
vt 0.602868 0.668310
vt 0.601832 0.663762
vt 0.591327 0.665048
vt 0.593522 0.666340
vt 0.590887 0.666112
vt 0.589907 0.664705
vt 0.604494 0.665111
vt 0.601370 0.666674
vt 0.595488 0.667025
vt 0.592958 0.664717
vt 0.598910 0.666086
vt 0.605398 0.670913
vt 0.605367 0.668401
vt 0.583620 0.663589
vt 0.581904 0.664883
vt 0.587903 0.670627
vt 0.585745 0.664703
vt 0.586877 0.668541
vt 0.606215 0.672056
vt 0.580530 0.664850
vt 0.580812 0.662716
vt 0.579787 0.663469
vt 0.580182 0.662405
vt 0.580727 0.660373
vt 0.579538 0.661457
vt 0.581910 0.661016
vt 0.580510 0.658624
vt 0.579221 0.659254
vt 0.578911 0.657710
vt 0.580853 0.657979
vt 0.578680 0.656605
vt 0.576449 0.656416
vt 0.578238 0.655581
vt 0.576829 0.658050
vt 0.574548 0.655475
vt 0.573058 0.657734
vt 0.573670 0.656101
vt 0.571516 0.655506
vt 0.571788 0.657098
vt 0.570333 0.658481
vt 0.568572 0.656419
vt 0.569364 0.655995
vt 0.568168 0.657774
vt 0.568167 0.655764
vt 0.573985 0.658577
vt 0.574642 0.653908
vt 0.579571 0.655609
vt 0.576521 0.654562
vt 0.573039 0.655528
vt 0.572127 0.653666
vt 0.571008 0.654502
vt 0.571161 0.653034
vt 0.572847 0.650765
vt 0.573728 0.654665
vt 0.569681 0.654313
vt 0.582362 0.659943
vt 0.585324 0.663639
vt 0.603192 0.673474
vt 0.604141 0.672438
vt 0.604522 0.675354
vt 0.579353 0.665194
vt 0.606114 0.670315
vt 0.581214 0.663275
vt 0.601818 0.675889
vt 0.603939 0.676557
vt 0.605781 0.675693
vt 0.606244 0.676634
vt 0.604505 0.677116
vt 0.607321 0.676990
vt 0.603903 0.678297
vt 0.605478 0.679115
vt 0.607626 0.679055
vt 0.609009 0.678092
vt 0.608367 0.675950
vt 0.609142 0.675389
vt 0.609975 0.677847
vt 0.609654 0.679775
vt 0.610705 0.679222
vt 0.609835 0.681106
vt 0.611860 0.678086
vt 0.612083 0.680311
vt 0.612951 0.680643
vt 0.614669 0.682917
vt 0.614187 0.679661
vt 0.611397 0.681208
vt 0.607922 0.674070
vt 0.611086 0.677059
vt 0.609250 0.673631
vt 0.610524 0.673655
vt 0.608528 0.672901
vt 0.609863 0.672632
vt 0.613824 0.674505
vt 0.611721 0.674393
vt 0.610860 0.675436
vt 0.613191 0.675878
vt 0.607324 0.680423
vt 0.604683 0.679811
vt 0.605390 0.680777
vt 0.607697 0.672784
vt 0.608995 0.680103
vt 0.603332 0.678856
vt 0.611655 0.672492
vt 0.613011 0.672347
vt 0.601146 0.676718
vt 0.613347 0.672107
vt 0.615867 0.673556
vt 0.615278 0.672647
vt 0.617447 0.673579
vt 0.613127 0.671674
vt 0.610323 0.670953
vt 0.610866 0.670352
vt 0.608588 0.669528
vt 0.610539 0.669393
vt 0.617572 0.672628
vt 0.615466 0.671892
vt 0.616926 0.671499
vt 0.618089 0.673540
vt 0.615942 0.670320
vt 0.618835 0.672499
vt 0.618372 0.671032
vt 0.618135 0.676031
vt 0.619550 0.674809
vt 0.618542 0.679221
vt 0.619590 0.676960
vt 0.619279 0.680473
vt 0.617966 0.683611
vt 0.619226 0.683799
vt 0.617930 0.680829
vt 0.617537 0.678336
vt 0.617152 0.679699
vt 0.615905 0.678174
vt 0.618526 0.685891
vt 0.617056 0.682357
vt 0.613585 0.671022
vt 0.617514 0.686605
vt 0.617847 0.689444
vt 0.616077 0.688747
vt 0.616557 0.689668
vt 0.617084 0.691254
vt 0.618533 0.692050
vt 0.616475 0.690229
vt 0.618627 0.690514
vt 0.619761 0.692749
vt 0.619706 0.694415
vt 0.617860 0.694758
vt 0.618072 0.696066
vt 0.615911 0.686467
vt 0.613415 0.686989
vt 0.612971 0.685182
vt 0.614488 0.684789
vt 0.615844 0.684455
vt 0.615121 0.683981
vt 0.610369 0.686720
vt 0.617476 0.696445
vt 0.615494 0.683644
vt 0.614415 0.683397
vt 0.616895 0.685505
vt 0.619379 0.695469
vt 0.619750 0.697387
vt 0.619918 0.672371
vt 0.619055 0.669862
vt 0.619601 0.668815
vt 0.617585 0.668540
vt 0.618029 0.667223
vt 0.617421 0.667560
vt 0.617525 0.669637
vt 0.614944 0.668491
vt 0.615172 0.669582
vt 0.618788 0.666041
vt 0.619966 0.665597
vt 0.619814 0.663019
vt 0.620599 0.667558
vt 0.620298 0.671113
vt 0.617717 0.665622
vt 0.620697 0.663956
vt 0.616010 0.667757
vt 0.614086 0.682001
vt 0.616797 0.675339
vt 0.620368 0.669044
vt 0.600685 0.675154
vt 0.601264 0.676517
vt 0.601034 0.674701
vt 0.596779 0.673056
vt 0.596765 0.675298
vt 0.597664 0.674932
vt 0.610416 0.671243
vt 0.594762 0.675663
vt 0.588710 0.672658
vt 0.583885 0.659762
vt 0.584286 0.661451
vt 0.582762 0.662343
vt 0.600544 0.684204
vt 0.585443 0.661049
vt 0.600642 0.678645
vt 0.597160 0.679991
vt 0.585004 0.659073
vt 0.592727 0.680329
vt 0.608995 0.683646
vt 0.587064 0.660625
vt 0.586104 0.662733
vt 0.587649 0.660907
vt 0.587146 0.662700
vt 0.588354 0.660820
vt 0.586209 0.664199
vt 0.587006 0.664929
vt 0.587966 0.662979
vt 0.603414 0.682708
vt 0.606220 0.691129
vt 0.598172 0.662918
vt 0.602410 0.703255
vt 0.606516 0.697408
vt 0.590468 0.663638
vt 0.592313 0.663760
vt 0.589884 0.663069
vt 0.589217 0.663972
vt 0.589146 0.662577
vt 0.590068 0.660387
vt 0.589221 0.660875
vt 0.589117 0.659069
vt 0.616975 0.692879
vt 0.595836 0.686028
vt 0.598282 0.686230
vt 0.599472 0.685523
vt 0.598594 0.684612
vt 0.598460 0.686962
vt 0.599570 0.686625
vt 0.599038 0.685991
vt 0.597209 0.683377
vt 0.572818 0.659941
vt 0.571094 0.659881
vt 0.581505 0.657372
vt 0.600324 0.688632
vt 0.597193 0.690674
vt 0.596379 0.688986
vt 0.601733 0.688439
vt 0.592348 0.693097
vt 0.597957 0.688628
vt 0.593647 0.688152
vt 0.594604 0.695093
vt 0.590074 0.691464
vt 0.583794 0.687572
vt 0.584562 0.686376
vt 0.582215 0.686031
vt 0.582799 0.684662
vt 0.583064 0.688084
vt 0.581241 0.684379
vt 0.582046 0.683221
vt 0.580784 0.681725
vt 0.579462 0.682069
vt 0.579536 0.683725
vt 0.578208 0.682607
vt 0.578682 0.684699
vt 0.577489 0.683896
vt 0.577755 0.682105
vt 0.577026 0.682348
vt 0.576481 0.683095
vt 0.576990 0.680817
vt 0.582084 0.681282
vt 0.580628 0.680408
vt 0.581973 0.680098
vt 0.583118 0.680410
vt 0.584794 0.681468
vt 0.583657 0.682958
vt 0.584356 0.679884
vt 0.585077 0.682799
vt 0.586575 0.682528
vt 0.587927 0.681293
vt 0.585416 0.683698
vt 0.586119 0.680737
vt 0.582541 0.679013
vt 0.584096 0.683823
vt 0.577444 0.684569
vt 0.581092 0.686013
vt 0.585872 0.686480
vt 0.583941 0.688896
vt 0.585820 0.694193
vt 0.584366 0.695139
vt 0.584469 0.696148
vt 0.584090 0.693231
vt 0.583566 0.694857
vt 0.575971 0.697786
vt 0.584140 0.699300
vt 0.581509 0.695701
vt 0.576842 0.702093
vt 0.582733 0.695628
vt 0.581263 0.693204
vt 0.582327 0.692288
vt 0.583274 0.693670
vt 0.581154 0.690170
vt 0.579303 0.690875
vt 0.579325 0.689789
vt 0.578582 0.689402
vt 0.578656 0.687732
vt 0.580358 0.688581
vt 0.583070 0.690197
vt 0.580082 0.694247
vt 0.579431 0.694385
vt 0.575030 0.702291
vt 0.569122 0.702503
vt 0.569352 0.704994
vt 0.576780 0.659450
vt 0.575789 0.659621
vt 0.576845 0.661143
vt 0.577458 0.660505
vt 0.577038 0.662136
vt 0.578011 0.662347
vt 0.578214 0.661206
vt 0.578503 0.660522
vt 0.575679 0.661686
vt 0.576957 0.662928
vt 0.616521 0.697614
vt 0.617117 0.697201
vt 0.618197 0.698186
vt 0.562858 0.691139
vt 0.566825 0.696890
vt 0.565068 0.689133
vt 0.566704 0.688695
vt 0.570144 0.694742
vt 0.576646 0.694057
vt 0.575418 0.691062
vt 0.574170 0.694731
vt 0.572889 0.684736
vt 0.564130 0.685465
vt 0.576361 0.688577
vt 0.577432 0.653491
vt 0.576757 0.652633
vt 0.579437 0.653725
vt 0.578822 0.653507
vt 0.580577 0.651847
vt 0.580607 0.652729
vt 0.581709 0.650730
vt 0.580365 0.654049
vt 0.592678 0.670539
vt 0.570374 0.682183
vt 0.571082 0.680417
vt 0.570511 0.682452
vt 0.592113 0.700032
vt 0.600418 0.663168
vt 0.573232 0.679386
vt 0.602171 0.663221
vt 0.604002 0.663212
vt 0.601212 0.662253
vt 0.570793 0.670533
vt 0.568204 0.669169
vt 0.567972 0.669932
vt 0.572717 0.662309
vt 0.586980 0.669241
vt 0.566466 0.669667
vt 0.603598 0.663776
vt 0.559684 0.673926
vt 0.563700 0.672646
vt 0.564966 0.665529
vt 0.560822 0.662461
vt 0.552486 0.667016
vt 0.552970 0.666923
vt 0.578799 0.693857
vt 0.621069 0.666028
vt 0.601040 0.697202
vt 0.591290 0.696539
vt 0.588122 0.664420
vt 0.600843 0.698182
vt 0.611142 0.703337
vt 0.610956 0.703825
vt 0.613733 0.703510
vt 0.613712 0.702570
vt 0.615599 0.703694
vt 0.617102 0.702963
vt 0.615200 0.701765
vt 0.616945 0.703624
vt 0.617950 0.702889
vt 0.618956 0.701671
vt 0.576367 0.673283
vt 0.617103 0.701387
vt 0.612579 0.669141
vt 0.610099 0.667872
vt 0.612486 0.668618
vt 0.611314 0.666206
vt 0.609598 0.666376
vt 0.611137 0.664560
vt 0.612742 0.667478
vt 0.610097 0.664717
vt 0.610596 0.663408
vt 0.609133 0.662951
vt 0.608438 0.663465
vt 0.608480 0.665595
vt 0.607642 0.666198
vt 0.608021 0.661880
vt 0.610451 0.662013
vt 0.607783 0.660743
vt 0.611974 0.661982
vt 0.612457 0.661351
vt 0.613980 0.662210
vt 0.606754 0.659440
vt 0.612819 0.703831
vt 0.614025 0.666979
vt 0.592254 0.679890
vt 0.591329 0.680840
vt 0.608096 0.666937
vt 0.590776 0.679782
vt 0.591347 0.678282
vt 0.607894 0.686063
vt 0.609727 0.685631
vt 0.575026 0.667841
vt 0.595929 0.687711
vt 0.593689 0.686451
vt 0.567752 0.687970
vt 0.612536 0.663267
vt 0.584685 0.663064
vt 0.597390 0.675721
vt 0.578299 0.680126
vt 0.589442 0.692501
vt 0.590314 0.694760
vt 0.588653 0.692458
vt 0.591699 0.695533
vt 0.606839 0.671726
vt 0.580725 0.678760
vt 0.582508 0.678115
vt 0.584132 0.678532
vt 0.580264 0.677991
vt 0.607195 0.673582
vt 0.581215 0.677317
vt 0.600202 0.671881
vt 0.578512 0.677856
vt 0.575766 0.652773
vt 0.578438 0.678659
vt 0.588419 0.680391
vt 0.567364 0.682093
vt 0.614215 0.669195
vt 0.588239 0.685981
vt 0.571862 0.671739
vt 0.558092 0.672394
vt 0.587984 0.690857
vt 0.605710 0.696877
vt 0.593210 0.697076
vt 0.555190 0.682693
vt 0.560501 0.691002
vt 0.565564 0.673467
vt 0.585362 0.679280
vt 0.561978 0.695473
vt 0.571686 0.670043
vt 0.583836 0.697096
vt 0.586951 0.702926
vt 0.556786 0.683318
vt 0.601893 0.679001
vt 0.564101 0.680502
vt 0.568919 0.653781
vt 0.567872 0.654785
vt 0.600121 0.697361
vt 0.582717 0.702726
vt 0.584536 0.703602
vt 0.583420 0.703942
vt 0.583421 0.704230
vt 0.583066 0.704190
vt 0.582930 0.704468
vt 0.584310 0.704796
vt 0.583025 0.705045
vt 0.601741 0.667836
vt 0.608575 0.667854
vt 0.543626 0.664672
vt 0.544478 0.663655
vt 0.545550 0.664305
vt 0.546512 0.663177
vt 0.545121 0.661612
vt 0.546599 0.661200
vt 0.547176 0.662059
vt 0.545692 0.660860
vt 0.546261 0.658538
vt 0.546704 0.663811
vt 0.548679 0.663824
vt 0.543348 0.662990
vt 0.548327 0.674045
vt 0.590896 0.685872
vt 0.602052 0.702018
vt 0.589193 0.695378
vt 0.550413 0.682293
vt 0.603588 0.669331
vt 0.611431 0.683328
vt 0.555222 0.672707
vt 0.613195 0.676726
vt 0.610919 0.676499
vt 0.577744 0.668465
vt 0.592927 0.681665
vt 0.549542 0.665829
vt 0.583187 0.691371
vt 0.568634 0.678039
vt 0.542116 0.661602
vt 0.542858 0.661724
vt 0.541177 0.658130
vt 0.542798 0.658497
vt 0.543763 0.660383
vt 0.590162 0.666835
vt 0.581520 0.704012
vt 0.581762 0.704811
vt 0.557413 0.701541
vt 0.592932 0.695475
vt 0.579444 0.679152
vt 0.595536 0.672181
vt 0.556729 0.697571
vt 0.544032 0.668198
vt 0.586642 0.703730
vt 0.587758 0.703978
vt 0.593340 0.698605
vt 0.540765 0.671551
vt 0.538883 0.670870
vt 0.539303 0.669968
vt 0.541519 0.669464
vt 0.559736 0.680477
vt 0.548003 0.675117
vt 0.587148 0.678725
vt 0.586021 0.677010
vt 0.584222 0.677057
vt 0.586997 0.676885
vt 0.587380 0.676942
vt 0.584854 0.676499
vt 0.584337 0.675256
vt 0.584669 0.674433
vt 0.583118 0.674209
vt 0.544094 0.661954
vt 0.544624 0.660673
vt 0.620780 0.661475
vt 0.621203 0.660394
vt 0.620202 0.659992
vt 0.621200 0.658404
vt 0.620316 0.658187
vt 0.620277 0.657074
vt 0.619715 0.659212
vt 0.619179 0.659415
vt 0.619555 0.660486
vt 0.617655 0.659655
vt 0.618240 0.661349
vt 0.615770 0.659656
vt 0.616697 0.662193
vt 0.615705 0.661588
vt 0.618915 0.662144
vt 0.617609 0.664033
vt 0.616690 0.664627
vt 0.615426 0.665046
vt 0.614801 0.662551
vt 0.618540 0.663525
vt 0.613980 0.660092
vt 0.613370 0.659830
vt 0.612775 0.658850
vt 0.614406 0.657462
vt 0.611834 0.658318
vt 0.610452 0.657996
vt 0.613577 0.657133
vt 0.609473 0.657660
vt 0.608300 0.658740
vt 0.606574 0.658588
vt 0.607489 0.659128
vt 0.604898 0.657914
vt 0.605264 0.659188
vt 0.604436 0.658682
vt 0.604825 0.661652
vt 0.605663 0.660783
vt 0.604163 0.659307
vt 0.606850 0.659630
vt 0.606510 0.662153
vt 0.605313 0.662857
vt 0.604435 0.662433
vt 0.605217 0.663759
vt 0.608503 0.662661
vt 0.607562 0.663033
vt 0.603824 0.663611
vt 0.604869 0.664731
vt 0.607118 0.664309
vt 0.608075 0.663636
vt 0.604050 0.658365
vt 0.609110 0.659781
vt 0.616920 0.658730
vt 0.619738 0.662250
vt 0.608828 0.695179
vt 0.561009 0.693417
vt 0.560623 0.698348
vt 0.579805 0.697940
vt 0.575573 0.671942
vt 0.602102 0.685011
vt 0.602052 0.685934
vt 0.619592 0.657554
vt 0.618182 0.657385
vt 0.562445 0.680814
vt 0.580531 0.703656
vt 0.584163 0.685255
vt 0.596091 0.671153
vt 0.597955 0.671133
vt 0.558581 0.674418
vt 0.550145 0.684468
vt 0.550858 0.685317
vt 0.559889 0.695253
vt 0.600166 0.677250
vt 0.598784 0.676140
vt 0.599031 0.675682
vt 0.578559 0.686342
vt 0.551869 0.677486
vt 0.594120 0.685821
vt 0.551019 0.686979
vt 0.592999 0.686050
vt 0.616046 0.657619
vt 0.559679 0.705670
vt 0.592184 0.696865
vt 0.546532 0.665459
vt 0.581932 0.663891
vt 0.598891 0.672064
vt 0.574746 0.652757
vt 0.614678 0.663872
vt 0.614184 0.664658
vt 0.614617 0.666028
vt 0.614735 0.667337
vt 0.614348 0.667327
vt 0.613507 0.664853
vt 0.574297 0.683362
vt 0.612435 0.659656
vt 0.610245 0.660539
vt 0.613390 0.661210
vt 0.590341 0.677158
vt 0.616268 0.666265
vt 0.582363 0.661584
vt 0.555550 0.703539
vt 0.585012 0.669213
vt 0.582757 0.683515
vt 0.553253 0.673346
vt 0.538284 0.666482
vt 0.539533 0.668855
vt 0.593421 0.676117
vt 0.591444 0.672686
vt 0.599839 0.687312
vt 0.582205 0.688474
vt 0.556649 0.706101
vt 0.576690 0.678874
vt 0.598924 0.671178
vt 0.597885 0.687664
vt 0.556416 0.706953
vt 0.555834 0.706566
vt 0.555294 0.703982
vt 0.557514 0.706721
vt 0.606319 0.694117
vt 0.584668 0.692038
vt 0.617327 0.670405
vt 0.575517 0.684588
vt 0.578956 0.663185
vt 0.589542 0.675853
vt 0.608619 0.684453
vt 0.566570 0.702206
vt 0.564873 0.703372
vt 0.599024 0.674714
vt 0.554155 0.682288
vt 0.581822 0.686831
vt 0.605513 0.693530
vt 0.603634 0.693008
vt 0.551590 0.685780
vt 0.588703 0.675589
vt 0.578926 0.697059
vt 0.545283 0.669821
vt 0.571540 0.684040
vt 0.603223 0.680403
vt 0.617946 0.699874
vt 0.543282 0.668698
vt 0.599208 0.675492
vt 0.553825 0.672635
vt 0.571271 0.683403
vt 0.559218 0.691986
vt 0.549898 0.677260
vt 0.548496 0.675189
vt 0.587217 0.665607
vt 0.555839 0.696005
vt 0.600148 0.666150
vt 0.558737 0.695147
vt 0.599112 0.661776
vt 0.599340 0.660761
vt 0.601880 0.660735
vt 0.600145 0.659709
vt 0.603275 0.659938
vt 0.601103 0.658854
vt 0.577567 0.705196
vt 0.578500 0.706005
vt 0.578130 0.706953
vt 0.577797 0.706774
vt 0.598092 0.683180
vt 0.601606 0.699701
vt 0.589414 0.679178
vt 0.616896 0.676867
vt 0.577035 0.706302
vt 0.577364 0.706938
vt 0.607683 0.670654
vt 0.586423 0.674056
vt 0.613296 0.682194
vt 0.618589 0.664552
vt 0.606859 0.669387
vt 0.564954 0.687701
vt 0.600469 0.678117
vt 0.577874 0.659240
vt 0.587620 0.678802
vt 0.601795 0.678029
vt 0.600408 0.677627
vt 0.572448 0.693504
vt 0.609610 0.682128
vt 0.560540 0.676805
vt 0.568457 0.697853
vt 0.919609 0.938853
vt 0.918065 0.941148
vt 0.917234 0.938942
vt 0.921136 0.940521
vt 0.922866 0.938347
vt 0.921425 0.938317
vt 0.916475 0.940280
vt 0.923012 0.940941
vt 0.923755 0.941148
vt 0.811309 0.960563
vt 0.811309 0.958136
vt 0.808883 0.959857
vt 0.882500 0.814466
vt 0.883464 0.815786
vt 0.884521 0.814141
vt 0.884521 0.815720
vt 0.882498 0.815458
vt 0.883591 0.816568
vt 0.884236 0.816306
vt 0.691987 0.962990
vt 0.690485 0.964955
vt 0.691987 0.965417
vt 0.690370 0.963953
vt 0.986045 0.643854
vt 0.986045 0.642641
vt 0.985236 0.643109
vt 0.905647 0.964513
vt 0.905327 0.965417
vt 0.903936 0.965417
vt 0.904068 0.963783
vt 0.905396 0.963394
vt 0.905958 0.964376
vt 0.710998 0.953282
vt 0.712373 0.951260
vt 0.713973 0.953282
vt 0.714638 0.951364
vt 0.556082 0.566194
vt 0.554464 0.567120
vt 0.556082 0.568621
vt 0.958510 0.746446
vt 0.956114 0.747806
vt 0.956145 0.746115
vt 0.958541 0.747806
vt 0.958130 0.744974
vt 0.613114 0.944570
vt 0.616696 0.942766
vt 0.614555 0.944163
vt 0.616792 0.944604
vt 0.613131 0.945492
vt 0.615135 0.945597
vt 0.618372 0.944531
vt 0.618323 0.945597
vt 0.707309 0.699708
vt 0.705740 0.700915
vt 0.706869 0.702027
vt 0.708357 0.700444
vt 0.708976 0.699673
vt 0.708936 0.701148
vt 0.707897 0.702370
vt 0.708976 0.703313
vt 0.722728 0.878020
vt 0.724905 0.878688
vt 0.725559 0.877240
vt 0.723687 0.879265
vt 0.725559 0.882094
vt 0.546374 0.647494
vt 0.546868 0.645877
vt 0.549206 0.647494
vt 0.548180 0.646081
vt 0.676963 0.929672
vt 0.677189 0.931036
vt 0.677426 0.927117
vt 0.676701 0.928799
vt 0.676027 0.925383
vt 0.676940 0.925499
vt 0.674249 0.927155
vt 0.674747 0.924893
vt 0.673347 0.927161
vt 0.673543 0.925594
vt 0.672977 0.924544
vt 0.674618 0.923100
vt 0.675945 0.922542
vt 0.677426 0.922765
vt 0.519274 0.937912
vt 0.517206 0.937459
vt 0.519013 0.935759
vt 0.516999 0.935656
vt 0.515723 0.935717
vt 0.515399 0.935988
vt 0.517165 0.933463
vt 0.514410 0.936556
vt 0.513084 0.937912
vt 0.512594 0.936156
vt 0.518944 0.934261
vt 0.513226 0.935491
vt 0.512828 0.934839
vt 0.511184 0.936973
vt 0.960563 0.783400
vt 0.960563 0.779355
vt 0.959754 0.781263
vt 0.704122 0.953861
vt 0.704390 0.956114
vt 0.706402 0.955303
vt 0.706549 0.954116
vt 0.706549 0.952954
vt 0.704745 0.952878
vt 0.579786 0.550970
vt 0.581335 0.552432
vt 0.580787 0.549923
vt 0.579140 0.547755
vt 0.582819 0.552441
vt 0.582498 0.550267
vt 0.582468 0.548480
vt 0.581496 0.548660
vt 0.580939 0.547456
vt 0.579957 0.546671
vt 0.578369 0.546498
vt 0.583627 0.551811
vt 0.580370 0.545880
vt 0.578474 0.545506
vt 0.581570 0.545962
vt 0.582526 0.545588
vt 0.583735 0.547725
vt 0.578260 0.544093
vt 0.583991 0.551017
vt 0.582034 0.544986
vt 0.577573 0.544783
vt 0.583341 0.544655
vt 0.583991 0.542329
vt 0.579606 0.542810
vt 0.577115 0.543719
vt 0.577885 0.542343
vt 0.571041 0.537755
vt 0.570287 0.536401
vt 0.570191 0.538640
vt 0.569430 0.536322
vt 0.571452 0.538689
vt 0.571452 0.535049
vt 0.886947 0.639405
vt 0.886543 0.641692
vt 0.886947 0.643450
vt 0.697728 0.948508
vt 0.698864 0.948833
vt 0.694010 0.948833
vt 0.696430 0.948151
vt 0.695777 0.946923
vt 0.694359 0.946406
vt 0.573879 0.902572
vt 0.576129 0.901773
vt 0.573958 0.900734
vt 0.575037 0.903694
vt 0.576870 0.903133
vt 0.577536 0.904849
vt 0.577019 0.905660
vt 0.579136 0.907172
vt 0.575181 0.900536
vt 0.575225 0.899156
vt 0.579137 0.905708
vt 0.577727 0.898686
vt 0.576535 0.897580
vt 0.578136 0.897464
vt 0.579137 0.898391
vt 0.870768 0.547588
vt 0.870768 0.543543
vt 0.869959 0.545202
vt 0.740617 0.713020
vt 0.741334 0.712022
vt 0.739526 0.711288
vt 0.740416 0.709124
vt 0.738503 0.710134
vt 0.741269 0.709316
vt 0.741334 0.707479
vt 0.740519 0.707358
vt 0.593756 0.856901
vt 0.596934 0.858634
vt 0.596410 0.855485
vt 0.593082 0.852971
vt 0.596934 0.853361
vt 0.592485 0.854952
vt 0.744016 0.572665
vt 0.745379 0.573879
vt 0.742952 0.573879
vt 0.732031 0.644254
vt 0.731077 0.640618
vt 0.730413 0.645118
vt 0.732031 0.646686
vt 0.590530 0.624635
vt 0.592091 0.626461
vt 0.590058 0.626461
vt 0.592889 0.624439
vt 0.657265 0.757918
vt 0.656386 0.756300
vt 0.659629 0.756569
vt 0.654371 0.757918
vt 0.687618 0.768703
vt 0.687396 0.765622
vt 0.689156 0.767128
vt 0.685938 0.767235
vt 0.685032 0.766703
vt 0.685171 0.765603
vt 0.683493 0.768839
vt 0.685871 0.768839
vt 0.910407 0.864273
vt 0.911903 0.862831
vt 0.913678 0.865114
vt 0.912002 0.866319
vt 0.914247 0.863695
vt 0.916475 0.866319
vt 0.915948 0.864199
vt 0.914903 0.862679
vt 0.700975 0.937870
vt 0.699786 0.938701
vt 0.698915 0.937103
vt 0.700721 0.939857
vt 0.698055 0.939671
vt 0.701692 0.938116
vt 0.702908 0.939733
vt 0.702884 0.941552
vt 0.698633 0.941552
vt 0.550014 0.970271
vt 0.550014 0.968248
vt 0.549173 0.968511
vt 0.548801 0.969709
vt 0.681146 0.967439
vt 0.682016 0.968029
vt 0.680257 0.968653
vt 0.682684 0.968653
vt 0.772479 0.735665
vt 0.774195 0.736830
vt 0.774502 0.733649
vt 0.774502 0.738907
vt 0.900810 0.925671
vt 0.901104 0.922946
vt 0.899082 0.925640
vt 0.899292 0.926259
vt 0.901104 0.927396
vt 0.638089 0.806051
vt 0.639000 0.807669
vt 0.635073 0.807669
vt 0.634956 0.806643
vt 0.646309 0.905857
vt 0.647494 0.906950
vt 0.647494 0.903531
vt 0.645558 0.904273
vt 0.644663 0.905547
vt 0.646024 0.908385
vt 0.814545 0.871173
vt 0.813332 0.872423
vt 0.814545 0.874004
vt 0.946881 0.761589
vt 0.947404 0.760911
vt 0.945193 0.760330
vt 0.947620 0.762772
vt 0.947620 0.759299
vt 0.945852 0.758322
vt 0.519873 0.957732
vt 0.516443 0.958541
vt 0.517409 0.957974
vt 0.520892 0.958541
vt 0.677858 0.904079
vt 0.677678 0.905332
vt 0.675511 0.904046
vt 0.678958 0.903936
vt 0.674999 0.905958
vt 0.679044 0.905958
vt 0.746997 0.954091
vt 0.743887 0.954091
vt 0.744919 0.952878
vt 0.742548 0.952938
vt 0.965012 0.688421
vt 0.965012 0.686325
vt 0.963633 0.687598
vt 0.963394 0.688752
vt 0.597271 0.534403
vt 0.597180 0.531813
vt 0.598206 0.533256
vt 0.598770 0.534776
vt 0.596171 0.532962
vt 0.595321 0.533014
vt 0.598755 0.536568
vt 0.600285 0.537320
vt 0.601284 0.536121
vt 0.603001 0.538285
vt 0.603406 0.536441
vt 0.595267 0.536041
vt 0.595375 0.537249
vt 0.597394 0.534954
vt 0.593699 0.538285
vt 0.929199 0.822119
vt 0.929614 0.820233
vt 0.928751 0.820302
vt 0.928441 0.821739
vt 0.927891 0.821050
vt 0.927471 0.820505
vt 0.927493 0.819063
vt 0.928724 0.823789
vt 0.925810 0.823329
vt 0.926807 0.826000
vt 0.926432 0.822312
vt 0.925799 0.824933
vt 0.924969 0.822575
vt 0.928024 0.825728
vt 0.930227 0.826275
vt 0.928288 0.817799
vt 0.930227 0.819733
vt 0.926671 0.816568
vt 0.630506 0.767221
vt 0.627982 0.767221
vt 0.628314 0.766008
vt 0.625652 0.766377
vt 0.938721 0.532785
vt 0.938226 0.529790
vt 0.936852 0.531116
vt 0.936993 0.533725
vt 0.935485 0.533561
vt 0.935558 0.535452
vt 0.936993 0.537476
vt 0.938670 0.535932
vt 0.938721 0.537196
vt 0.736885 0.965417
vt 0.734053 0.965417
vt 0.734288 0.964203
vt 0.786924 0.859184
vt 0.785827 0.861024
vt 0.788254 0.862343
vt 0.787906 0.858765
vt 0.786180 0.863488
vt 0.787026 0.855802
vt 0.787744 0.856751
vt 0.788254 0.856900
vt 0.788098 0.855886
vt 0.586418 0.958541
vt 0.581969 0.958541
vt 0.583202 0.957732
vt 0.777385 0.938452
vt 0.779062 0.937103
vt 0.779566 0.938682
vt 0.780253 0.937643
vt 0.776563 0.940339
vt 0.774906 0.939635
vt 0.775172 0.938453
vt 0.781179 0.938425
vt 0.779961 0.939566
vt 0.781089 0.939567
vt 0.782430 0.940339
vt 0.782591 0.938632
vt 0.898677 0.763894
vt 0.899891 0.766412
vt 0.899891 0.760345
vt 0.899006 0.766123
vt 0.581969 0.885952
vt 0.582073 0.887344
vt 0.584406 0.886161
vt 0.584349 0.884451
vt 0.586299 0.885290
vt 0.584961 0.886788
vt 0.582223 0.884046
vt 0.585881 0.887620
vt 0.584611 0.888161
vt 0.585856 0.883325
vt 0.586418 0.887407
vt 0.586418 0.882498
vt 0.828768 0.950047
vt 0.828298 0.947833
vt 0.829867 0.947215
vt 0.830517 0.949199
vt 0.831829 0.947403
vt 0.832343 0.948267
vt 0.831016 0.950047
vt 0.553250 0.662865
vt 0.555293 0.663532
vt 0.553660 0.664887
vt 0.555574 0.664261
vt 0.556891 0.664887
vt 0.875622 0.688347
vt 0.873505 0.687513
vt 0.874774 0.686650
vt 0.873195 0.686325
vt 0.873457 0.688347
vt 0.839219 0.592889
vt 0.840243 0.595665
vt 0.840837 0.593066
vt 0.839462 0.595678
vt 0.840837 0.597743
vt 0.507867 0.524911
vt 0.505926 0.525746
vt 0.505980 0.524532
vt 0.508757 0.525746
vt 0.939827 0.740646
vt 0.938317 0.742560
vt 0.941148 0.743400
vt 0.939402 0.746997
vt 0.941148 0.739312
vt 0.543821 0.857742
vt 0.543669 0.856352
vt 0.545435 0.857366
vt 0.546039 0.855802
vt 0.542572 0.856867
vt 0.541520 0.857546
vt 0.548013 0.856703
vt 0.542945 0.858634
vt 0.548342 0.857951
vt 0.550014 0.858634
vt 0.704794 0.734458
vt 0.706549 0.734833
vt 0.702099 0.735671
vt 0.705452 0.735671
vt 0.943861 0.960159
vt 0.945597 0.960285
vt 0.944092 0.960968
vt 0.941957 0.960968
vt 0.672282 0.937912
vt 0.672109 0.936294
vt 0.673786 0.936503
vt 0.670253 0.937047
vt 0.668850 0.937912
vt 0.668965 0.936872
vt 0.666566 0.936925
vt 0.665235 0.937712
vt 0.662865 0.937598
vt 0.676375 0.653388
vt 0.677426 0.654870
vt 0.674968 0.655584
vt 0.674208 0.654794
vt 0.674665 0.652870
vt 0.672774 0.652753
vt 0.672657 0.655584
vt 0.671763 0.653386
vt 0.676617 0.756704
vt 0.678274 0.755491
vt 0.680257 0.756704
vt 0.603052 0.582459
vt 0.604249 0.581462
vt 0.603611 0.579946
vt 0.604407 0.582766
vt 0.602847 0.584269
vt 0.603668 0.584791
vt 0.604995 0.583390
vt 0.605014 0.582600
vt 0.604232 0.585078
vt 0.606136 0.583009
vt 0.605995 0.584381
vt 0.607451 0.583070
vt 0.605479 0.586494
vt 0.606730 0.589214
vt 0.604658 0.590260
vt 0.606295 0.592889
vt 0.603073 0.586397
vt 0.602212 0.586429
vt 0.607451 0.591144
vt 0.601788 0.587952
vt 0.950047 0.573070
vt 0.948191 0.568216
vt 0.948024 0.572405
vt 0.950047 0.569785
vt 0.825576 0.808072
vt 0.826680 0.808883
vt 0.826042 0.804796
vt 0.824231 0.804286
vt 0.824251 0.806986
vt 0.823444 0.805875
vt 0.825066 0.802437
vt 0.826625 0.802312
vt 0.825558 0.800148
vt 0.826680 0.798642
vt 0.825530 0.797557
vt 0.824562 0.798117
vt 0.824268 0.801486
vt 0.544616 0.915497
vt 0.545730 0.917028
vt 0.542491 0.918004
vt 0.541849 0.921092
vt 0.545472 0.914857
vt 0.545000 0.919572
vt 0.545915 0.918935
vt 0.544012 0.920865
vt 0.542526 0.922542
vt 0.540307 0.922215
vt 0.547787 0.916808
vt 0.548277 0.918700
vt 0.544271 0.922112
vt 0.545962 0.915173
vt 0.549651 0.916088
vt 0.545607 0.920967
vt 0.547053 0.915190
vt 0.548287 0.921293
vt 0.547044 0.922536
vt 0.548320 0.922177
vt 0.551228 0.922542
vt 0.617563 0.548801
vt 0.619240 0.547992
vt 0.620394 0.548801
vt 0.690539 0.918497
vt 0.687271 0.918594
vt 0.687134 0.920390
vt 0.690966 0.922483
vt 0.692013 0.920445
vt 0.692392 0.918952
vt 0.688451 0.921660
vt 0.689361 0.923235
vt 0.691752 0.924160
vt 0.692392 0.923443
vt 0.602253 0.922097
vt 0.600241 0.920716
vt 0.602622 0.920440
vt 0.603379 0.922036
vt 0.604185 0.920596
vt 0.600550 0.918667
vt 0.598537 0.918998
vt 0.595731 0.921651
vt 0.597600 0.921932
vt 0.596278 0.922096
vt 0.596926 0.919649
vt 0.598148 0.916879
vt 0.605024 0.922661
vt 0.603442 0.922892
vt 0.602530 0.922946
vt 0.593765 0.922946
vt 0.592889 0.920837
vt 0.594715 0.921263
vt 0.934198 0.677300
vt 0.934417 0.675235
vt 0.935403 0.677338
vt 0.935899 0.674595
vt 0.936885 0.675343
vt 0.937015 0.676462
vt 0.934046 0.678568
vt 0.934856 0.679574
vt 0.933463 0.680257
vt 0.936028 0.677903
vt 0.935570 0.679799
vt 0.938274 0.677147
vt 0.939126 0.679491
vt 0.937818 0.680257
vt 0.511969 0.766412
vt 0.512342 0.767898
vt 0.511184 0.769243
vt 0.512398 0.769243
vt 0.502614 0.861465
vt 0.502432 0.858790
vt 0.501657 0.858738
vt 0.503752 0.856095
vt 0.503063 0.859166
vt 0.504308 0.857297
vt 0.504308 0.854076
vt 0.503159 0.852162
vt 0.501477 0.855283
vt 0.765715 0.939708
vt 0.768564 0.939789
vt 0.764390 0.940743
vt 0.768348 0.938905
vt 0.770379 0.938851
vt 0.770199 0.938317
vt 0.772884 0.938438
vt 0.772847 0.938900
vt 0.770152 0.939431
vt 0.771675 0.940743
vt 0.772422 0.940095
vt 0.929822 0.648807
vt 0.929838 0.651135
vt 0.930283 0.649630
vt 0.930275 0.650073
vt 0.930520 0.648887
vt 0.931440 0.649485
vt 0.931440 0.647090
vt 0.945193 0.574428
vt 0.945597 0.574688
vt 0.945597 0.571856
vt 0.633742 0.621608
vt 0.635294 0.620799
vt 0.636978 0.621608
vt 0.949238 0.562249
vt 0.950451 0.560767
vt 0.949614 0.560127
vt 0.950451 0.563980
vt 0.950399 0.565789
vt 0.804838 0.968493
vt 0.805647 0.970675
vt 0.805647 0.968248
vt 0.625248 0.768434
vt 0.623862 0.767872
vt 0.624494 0.767221
vt 0.622932 0.768434
vt 0.622012 0.767719
vt 0.918901 0.821422
vt 0.918092 0.821422
vt 0.918441 0.821017
vt 0.656900 0.667440
vt 0.652148 0.667736
vt 0.654282 0.668483
vt 0.654630 0.669153
vt 0.657259 0.668515
vt 0.658266 0.667690
vt 0.660875 0.668159
vt 0.660995 0.667083
vt 0.663437 0.667407
vt 0.652306 0.668816
vt 0.663416 0.665803
vt 0.660444 0.666059
vt 0.659087 0.666299
vt 0.664483 0.663548
vt 0.663075 0.664056
vt 0.661130 0.663436
vt 0.663646 0.662619
vt 0.659595 0.662990
vt 0.661547 0.662122
vt 0.662769 0.659505
vt 0.660806 0.659904
vt 0.658342 0.658608
vt 0.657935 0.660139
vt 0.655784 0.658686
vt 0.654904 0.659813
vt 0.663507 0.658460
vt 0.663006 0.657698
vt 0.664673 0.656069
vt 0.665268 0.658268
vt 0.663428 0.654013
vt 0.661851 0.656740
vt 0.658902 0.656168
vt 0.661222 0.654321
vt 0.658335 0.653107
vt 0.665143 0.659978
vt 0.655078 0.661185
vt 0.652017 0.660113
vt 0.652307 0.661835
vt 0.654329 0.663136
vt 0.655880 0.662784
vt 0.653531 0.663732
vt 0.664246 0.652484
vt 0.663529 0.650324
vt 0.664422 0.648598
vt 0.663648 0.646604
vt 0.660993 0.648929
vt 0.661375 0.646021
vt 0.665603 0.647152
vt 0.665264 0.645232
vt 0.666505 0.646193
vt 0.666516 0.645913
vt 0.660610 0.647610
vt 0.659854 0.646192
vt 0.658558 0.651617
vt 0.656808 0.649588
vt 0.657329 0.646104
vt 0.655412 0.648331
vt 0.653534 0.649622
vt 0.652648 0.648211
vt 0.651409 0.648283
vt 0.651659 0.650290
vt 0.652416 0.651572
vt 0.651062 0.651295
vt 0.655010 0.652584
vt 0.658941 0.645580
vt 0.649232 0.650199
vt 0.649131 0.660405
vt 0.649838 0.658919
vt 0.647533 0.659322
vt 0.648161 0.662630
vt 0.647188 0.661131
vt 0.646979 0.663465
vt 0.646411 0.659516
vt 0.645146 0.661012
vt 0.666009 0.649918
vt 0.647058 0.657847
vt 0.655006 0.645741
vt 0.648519 0.662751
vt 0.652472 0.658950
vt 0.650642 0.663116
vt 0.665844 0.657206
vt 0.657069 0.663808
vt 0.647785 0.657353
vt 0.658121 0.657394
vt 0.646523 0.662062
vt 0.658850 0.661723
vt 0.664674 0.653990
vt 0.660369 0.664492
vt 0.660630 0.650584
vt 0.650032 0.657698
vt 0.649297 0.655873
vt 0.648214 0.653581
vt 0.649944 0.654343
vt 0.651570 0.656572
vt 0.647225 0.655659
vt 0.666638 0.647521
vt 0.666462 0.646432
vt 0.667165 0.646191
vt 0.667317 0.647067
vt 0.667534 0.648780
vt 0.667338 0.646790
vt 0.653329 0.658239
vt 0.665244 0.654194
vt 0.652146 0.645859
vt 0.651795 0.658155
vt 0.657335 0.650472
vt 0.652925 0.653595
vt 0.655206 0.664812
vt 0.666494 0.653122
vt 0.666806 0.651277
vt 0.667547 0.651020
vt 0.667117 0.649828
vt 0.667555 0.653179
vt 0.667388 0.653460
vt 0.667248 0.653762
vt 0.667526 0.653732
vt 0.668136 0.652846
vt 0.667498 0.654567
vt 0.650599 0.668221
vt 0.649685 0.669337
vt 0.646969 0.651595
vt 0.646937 0.649772
vt 0.662230 0.645385
vt 0.662226 0.644912
vt 0.657293 0.644477
vt 0.658512 0.643737
vt 0.653576 0.644067
vt 0.652470 0.643104
vt 0.654949 0.642802
vt 0.651631 0.642659
vt 0.653081 0.641105
vt 0.654649 0.641739
vt 0.657579 0.642311
vt 0.656912 0.640491
vt 0.660343 0.641565
vt 0.659180 0.640168
vt 0.662001 0.640339
vt 0.663394 0.641718
vt 0.664962 0.640657
vt 0.654508 0.639721
vt 0.649666 0.643152
vt 0.650536 0.641418
vt 0.659166 0.643346
vt 0.648837 0.641128
vt 0.647963 0.642364
vt 0.648089 0.640589
vt 0.648339 0.638869
vt 0.646602 0.639207
vt 0.645760 0.640126
vt 0.643834 0.638999
vt 0.643716 0.640605
vt 0.640318 0.639064
vt 0.640119 0.641113
vt 0.637836 0.641178
vt 0.639777 0.638298
vt 0.635765 0.638191
vt 0.647531 0.643186
vt 0.645141 0.641918
vt 0.647901 0.645342
vt 0.649454 0.644817
vt 0.651116 0.644409
vt 0.646159 0.641522
vt 0.649953 0.638771
vt 0.650574 0.645436
vt 0.666506 0.654999
vt 0.649403 0.652378
vt 0.653382 0.644455
vt 0.651792 0.640120
vt 0.666886 0.655971
vt 0.667159 0.656113
vt 0.667455 0.655989
vt 0.666866 0.656388
vt 0.667159 0.656552
vt 0.668528 0.657305
vt 0.652230 0.657531
vt 0.651967 0.664679
vt 0.664056 0.660466
vt 0.663569 0.643679
vt 0.665694 0.643221
vt 0.665903 0.639833
vt 0.667185 0.642660
vt 0.667203 0.640676
vt 0.668528 0.641102
vt 0.668164 0.644605
vt 0.667492 0.640291
vt 0.667643 0.644563
vt 0.667209 0.640250
vt 0.667392 0.639974
vt 0.666963 0.644969
vt 0.666589 0.655962
vt 0.667507 0.639572
vt 0.667810 0.639945
vt 0.667817 0.639560
vt 0.668098 0.639960
vt 0.668107 0.640265
vt 0.668518 0.639963
vt 0.654864 0.657819
vt 0.666648 0.645298
vt 0.666941 0.645323
vt 0.667233 0.645350
vt 0.667527 0.645359
vt 0.667820 0.645371
vt 0.668126 0.645364
vt 0.667799 0.640281
vt 0.656326 0.644969
vt 0.649308 0.647527
vt 0.652677 0.656645
vt 0.503904 0.983214
vt 0.503904 0.982001
vt 0.503400 0.982275
vt 0.503095 0.982183
vt 0.853780 0.570239
vt 0.855398 0.571452
vt 0.852971 0.571452
vt 0.792866 0.709921
vt 0.791894 0.708696
vt 0.792176 0.712211
vt 0.794726 0.709777
vt 0.794726 0.706502
vt 0.793792 0.702504
vt 0.897868 0.891169
vt 0.896655 0.892403
vt 0.897868 0.893824
vt 0.896969 0.890588
vt 0.939399 0.778142
vt 0.941552 0.780164
vt 0.938639 0.780164
vt 0.937912 0.778719
vt 0.855020 0.611900
vt 0.856207 0.611480
vt 0.855821 0.609933
vt 0.854184 0.607862
vt 0.856207 0.607660
vt 0.854290 0.605833
vt 0.813925 0.933800
vt 0.812670 0.930096
vt 0.811714 0.931245
vt 0.814641 0.932306
vt 0.813881 0.928818
vt 0.816163 0.933867
vt 0.816163 0.929495
vt 0.814125 0.925373
vt 0.524532 0.852567
vt 0.525027 0.850929
vt 0.526446 0.849735
vt 0.527380 0.852540
vt 0.528930 0.850162
vt 0.529994 0.851191
vt 0.532119 0.852567
vt 0.533212 0.851512
vt 0.536667 0.851369
vt 0.534215 0.849851
vt 0.967439 0.558913
vt 0.966630 0.560860
vt 0.967439 0.561744
vt 0.616362 0.833556
vt 0.619585 0.834769
vt 0.615541 0.834769
vt 0.835425 0.547762
vt 0.836514 0.547519
vt 0.836855 0.546134
vt 0.838723 0.545595
vt 0.835957 0.545540
vt 0.835634 0.548684
vt 0.837203 0.544680
vt 0.837197 0.549189
vt 0.835036 0.548876
vt 0.836709 0.542619
vt 0.838179 0.542850
vt 0.838117 0.541511
vt 0.836240 0.541784
vt 0.839546 0.542634
vt 0.835310 0.540666
vt 0.836674 0.540726
vt 0.838991 0.541203
vt 0.838044 0.539184
vt 0.837914 0.538091
vt 0.843388 0.540540
vt 0.844959 0.541294
vt 0.847541 0.543023
vt 0.844779 0.542712
vt 0.841272 0.540735
vt 0.840329 0.539521
vt 0.836231 0.539610
vt 0.833690 0.539277
vt 0.832768 0.540038
vt 0.835112 0.538555
vt 0.833153 0.537551
vt 0.832543 0.537518
vt 0.840670 0.541872
vt 0.841940 0.542449
vt 0.844851 0.543932
vt 0.836082 0.537344
vt 0.845283 0.542921
vt 0.840572 0.543877
vt 0.839956 0.540271
vt 0.841891 0.541758
vt 0.846789 0.543428
vt 0.840506 0.546463
vt 0.839088 0.549373
vt 0.835752 0.551013
vt 0.835783 0.552211
vt 0.837793 0.552500
vt 0.839695 0.551559
vt 0.842754 0.550312
vt 0.841078 0.553327
vt 0.843541 0.553289
vt 0.845220 0.548776
vt 0.845867 0.550601
vt 0.847152 0.547220
vt 0.845185 0.546701
vt 0.847159 0.551313
vt 0.847814 0.552132
vt 0.848320 0.549674
vt 0.847698 0.545723
vt 0.842585 0.554909
vt 0.844969 0.554086
vt 0.840453 0.555479
vt 0.841535 0.557384
vt 0.838510 0.555333
vt 0.839129 0.558210
vt 0.838201 0.557197
vt 0.837333 0.555278
vt 0.841524 0.559091
vt 0.837517 0.559246
vt 0.840997 0.560158
vt 0.834923 0.558457
vt 0.843209 0.559790
vt 0.843805 0.560602
vt 0.845578 0.560662
vt 0.844881 0.559642
vt 0.846524 0.559850
vt 0.846358 0.558829
vt 0.847351 0.557751
vt 0.846977 0.557178
vt 0.847659 0.555869
vt 0.847603 0.559118
vt 0.847594 0.560374
vt 0.850060 0.551961
vt 0.848794 0.557835
vt 0.850697 0.551967
vt 0.850284 0.556115
vt 0.851559 0.552293
vt 0.851894 0.549430
vt 0.852805 0.549525
vt 0.853137 0.550977
vt 0.853376 0.548394
vt 0.854184 0.546437
vt 0.852226 0.547505
vt 0.851530 0.547822
vt 0.851684 0.553970
vt 0.851096 0.556850
vt 0.852533 0.554428
vt 0.853284 0.555376
vt 0.851879 0.557169
vt 0.850127 0.558253
vt 0.849524 0.557414
vt 0.850766 0.549858
vt 0.851269 0.558857
vt 0.852397 0.557843
vt 0.852626 0.557463
vt 0.852893 0.557528
vt 0.852598 0.558377
vt 0.851425 0.559896
vt 0.850349 0.560537
vt 0.853097 0.557308
vt 0.847080 0.560848
vt 0.844968 0.562958
vt 0.845246 0.558227
vt 0.835943 0.554074
vt 0.839481 0.553792
vt 0.843246 0.557860
vt 0.844810 0.556481
vt 0.844389 0.557768
vt 0.846049 0.562487
vt 0.847542 0.562108
vt 0.847016 0.553792
vt 0.848922 0.561320
vt 0.848865 0.551444
vt 0.848480 0.562039
vt 0.849453 0.562514
vt 0.835452 0.556289
vt 0.846488 0.556442
vt 0.848407 0.546703
vt 0.849393 0.546588
vt 0.842077 0.547914
vt 0.843115 0.559272
vt 0.834886 0.554208
vt 0.835218 0.552451
vt 0.833984 0.554976
vt 0.848872 0.559271
vt 0.835627 0.549560
vt 0.850567 0.561751
vt 0.849391 0.548451
vt 0.834943 0.550799
vt 0.844878 0.542784
vt 0.850069 0.544938
vt 0.849848 0.562572
vt 0.906363 0.774468
vt 0.907171 0.772950
vt 0.906436 0.771266
vt 0.907172 0.774906
vt 0.960866 0.674190
vt 0.961776 0.675404
vt 0.959327 0.674326
vt 0.958541 0.675404
vt 0.748765 0.937103
vt 0.753469 0.937335
vt 0.752087 0.937912
vt 0.748615 0.937912
vt 0.506735 0.819699
vt 0.509162 0.823848
vt 0.509158 0.820274
vt 0.509162 0.817434
vt 0.508959 0.814950
vt 0.887756 0.583874
vt 0.889776 0.586013
vt 0.887917 0.586013
vt 0.890183 0.583182
vt 0.870330 0.846095
vt 0.869150 0.845032
vt 0.871619 0.844477
vt 0.871415 0.845483
vt 0.872755 0.846095
vt 0.874004 0.844985
vt 0.795245 0.547183
vt 0.795130 0.548936
vt 0.797153 0.549755
vt 0.797153 0.547521
vt 0.795902 0.550823
vt 0.962181 0.829511
vt 0.962181 0.826680
vt 0.960968 0.827496
vt 0.949238 0.728533
vt 0.949678 0.728351
vt 0.949468 0.726368
vt 0.950047 0.731627
vt 0.950047 0.728225
vt 0.732840 0.757513
vt 0.729200 0.757513
vt 0.732537 0.756704
vt 0.714234 0.793512
vt 0.715712 0.792299
vt 0.716152 0.793512
vt 0.718279 0.792814
vt 0.579208 0.806005
vt 0.580264 0.805159
vt 0.579351 0.807106
vt 0.581483 0.802722
vt 0.581056 0.801963
vt 0.581564 0.800702
vt 0.580209 0.807795
vt 0.580167 0.806554
vt 0.814916 0.593607
vt 0.815750 0.596487
vt 0.816654 0.595671
vt 0.815267 0.592896
vt 0.816519 0.592866
vt 0.818396 0.594117
vt 0.817054 0.598185
vt 0.818768 0.596620
vt 0.817922 0.591632
vt 0.819409 0.596936
vt 0.819711 0.595010
vt 0.816626 0.589740
vt 0.818176 0.588717
vt 0.819138 0.591131
vt 0.818709 0.599187
vt 0.816158 0.588039
vt 0.815550 0.592095
vt 0.818958 0.593410
vt 0.814532 0.598278
vt 0.816057 0.598035
vt 0.817601 0.587475
vt 0.817163 0.587160
vt 0.817615 0.587180
vt 0.817610 0.586402
vt 0.817929 0.586896
vt 0.816716 0.587014
vt 0.819479 0.587725
vt 0.818892 0.587418
vt 0.818243 0.586614
vt 0.818233 0.587003
vt 0.818254 0.586313
vt 0.818266 0.586013
vt 0.819804 0.588710
vt 0.818588 0.587458
vt 0.817919 0.587195
vt 0.818554 0.587162
vt 0.818550 0.586852
vt 0.815575 0.589721
vt 0.815822 0.588924
vt 0.819342 0.598898
vt 0.818849 0.600900
vt 0.816501 0.600839
vt 0.818540 0.602094
vt 0.817464 0.603095
vt 0.818568 0.604585
vt 0.817805 0.605847
vt 0.818612 0.607461
vt 0.817456 0.607973
vt 0.817051 0.606338
vt 0.815488 0.607290
vt 0.814619 0.606905
vt 0.816353 0.608374
vt 0.815092 0.608666
vt 0.816552 0.609855
vt 0.814675 0.607995
vt 0.818553 0.609434
vt 0.818585 0.611284
vt 0.816388 0.611379
vt 0.816678 0.613383
vt 0.818005 0.614610
vt 0.816174 0.615308
vt 0.816777 0.617730
vt 0.818312 0.617888
vt 0.818559 0.615949
vt 0.815507 0.619461
vt 0.815392 0.616594
vt 0.818180 0.624925
vt 0.819175 0.621818
vt 0.819484 0.624810
vt 0.819149 0.626667
vt 0.819804 0.627348
vt 0.819241 0.629276
vt 0.817370 0.630851
vt 0.817294 0.627624
vt 0.817816 0.634558
vt 0.816282 0.632955
vt 0.818925 0.632114
vt 0.818532 0.636199
vt 0.817288 0.636795
vt 0.815943 0.623118
vt 0.819260 0.619573
vt 0.818861 0.612692
vt 0.819006 0.616310
vt 0.815472 0.635349
vt 0.815181 0.639966
vt 0.816861 0.638946
vt 0.816599 0.640022
vt 0.814652 0.642353
vt 0.816741 0.642193
vt 0.817788 0.640514
vt 0.815317 0.643522
vt 0.816866 0.644340
vt 0.815366 0.644726
vt 0.816073 0.645296
vt 0.815804 0.646499
vt 0.816181 0.646093
vt 0.814273 0.645051
vt 0.817623 0.643119
vt 0.814030 0.647090
vt 0.818215 0.638689
vt 0.815763 0.614516
vt 0.815122 0.613945
vt 0.815877 0.610944
vt 0.816537 0.624497
vt 0.816269 0.631336
vt 0.814908 0.600038
vt 0.814938 0.600750
vt 0.814684 0.609591
vt 0.942361 0.615945
vt 0.941957 0.616131
vt 0.942361 0.617563
vt 0.971080 0.600632
vt 0.969866 0.601055
vt 0.970211 0.601199
vt 0.971080 0.602597
vt 0.969934 0.600575
vt 0.970236 0.601534
vt 0.970179 0.601866
vt 0.970165 0.602190
vt 0.844794 0.620070
vt 0.843825 0.620799
vt 0.843668 0.619585
vt 0.845286 0.620799
vt 0.885144 0.726857
vt 0.883580 0.726192
vt 0.884203 0.727147
vt 0.881611 0.726514
vt 0.880132 0.725834
vt 0.880080 0.726701
vt 0.884411 0.725752
vt 0.878421 0.727007
vt 0.885744 0.727641
vt 0.885907 0.726855
vt 0.886947 0.727703
vt 0.886366 0.725994
vt 0.882355 0.727504
vt 0.877992 0.728854
vt 0.877403 0.726727
vt 0.876853 0.729468
vt 0.878963 0.730369
vt 0.880465 0.729398
vt 0.877946 0.725296
vt 0.878829 0.724951
vt 0.876977 0.725696
vt 0.876710 0.725337
vt 0.876618 0.724984
vt 0.876109 0.724569
vt 0.876358 0.724890
vt 0.876448 0.725256
vt 0.878200 0.730553
vt 0.880865 0.731186
vt 0.877807 0.731406
vt 0.876991 0.731223
vt 0.877731 0.732508
vt 0.876986 0.732577
vt 0.876723 0.733446
vt 0.877273 0.733806
vt 0.876405 0.735805
vt 0.875861 0.734855
vt 0.874825 0.732516
vt 0.875967 0.729047
vt 0.876634 0.727290
vt 0.876649 0.726865
vt 0.876771 0.726472
vt 0.876112 0.726927
vt 0.876500 0.726396
vt 0.876416 0.726658
vt 0.875601 0.736359
vt 0.878635 0.733094
vt 0.876964 0.737110
vt 0.876149 0.726579
vt 0.876232 0.726317
vt 0.875551 0.730792
vt 0.876776 0.726129
vt 0.877105 0.724825
vt 0.875502 0.726274
vt 0.876444 0.727519
vt 0.876293 0.728133
vt 0.876400 0.739070
vt 0.877263 0.738330
vt 0.877450 0.739387
vt 0.877569 0.741186
vt 0.878532 0.740742
vt 0.876776 0.742994
vt 0.877622 0.745072
vt 0.878241 0.744605
vt 0.878331 0.746188
vt 0.879852 0.742542
vt 0.880862 0.742901
vt 0.880528 0.741704
vt 0.881211 0.741367
vt 0.880777 0.740644
vt 0.881567 0.740016
vt 0.882156 0.742382
vt 0.880680 0.739496
vt 0.881044 0.738795
vt 0.879399 0.737270
vt 0.879903 0.736608
vt 0.881462 0.745542
vt 0.879510 0.738789
vt 0.879300 0.742038
vt 0.877889 0.747782
vt 0.876169 0.727444
vt 0.875662 0.726930
vt 0.876256 0.725163
vt 0.878361 0.738244
vt 0.875784 0.727338
vt 0.880865 0.747018
vt 0.879376 0.748037
vt 0.883032 0.747857
vt 0.881485 0.748314
vt 0.881052 0.748775
vt 0.882126 0.749424
vt 0.882571 0.747456
vt 0.883234 0.748434
vt 0.885342 0.748666
vt 0.883706 0.749265
vt 0.882409 0.749229
vt 0.886682 0.747752
vt 0.886947 0.749316
vt 0.882162 0.745120
vt 0.878126 0.748633
vt 0.885363 0.747181
vt 0.881559 0.727995
vt 0.884760 0.745974
vt 0.883753 0.744425
vt 0.885510 0.742537
vt 0.884574 0.741914
vt 0.882618 0.741754
vt 0.883941 0.739794
vt 0.882311 0.739810
vt 0.886177 0.744294
vt 0.886670 0.746001
vt 0.879243 0.737749
vt 0.875305 0.727483
vt 0.875537 0.727662
vt 0.874813 0.728066
vt 0.875032 0.727461
vt 0.875439 0.728070
vt 0.875376 0.728328
vt 0.875561 0.728662
vt 0.882715 0.744359
vt 0.883996 0.732731
vt 0.876658 0.725726
vt 0.876304 0.726090
vt 0.878552 0.724346
vt 0.877308 0.724603
vt 0.881922 0.728671
vt 0.878594 0.740319
vt 0.879840 0.734881
vt 0.914548 0.760237
vt 0.914348 0.758469
vt 0.913705 0.759725
vt 0.915375 0.759197
vt 0.914689 0.762342
vt 0.913656 0.761752
vt 0.915984 0.761639
vt 0.916070 0.757109
vt 0.915398 0.764219
vt 0.912834 0.759548
vt 0.916070 0.766008
vt 0.572591 0.916475
vt 0.571255 0.917990
vt 0.570227 0.916806
vt 0.569485 0.918077
vt 0.570706 0.918653
vt 0.569354 0.919045
vt 0.573169 0.919228
vt 0.573501 0.920095
vt 0.570322 0.920916
vt 0.568114 0.919431
vt 0.568508 0.920769
vt 0.576032 0.920315
vt 0.575353 0.920946
vt 0.577900 0.921733
vt 0.578822 0.921310
vt 0.579542 0.920780
vt 0.569157 0.921467
vt 0.567407 0.917690
vt 0.576714 0.919919
vt 0.577211 0.919229
vt 0.574500 0.919473
vt 0.568390 0.921733
vt 0.973506 0.683898
vt 0.973339 0.683274
vt 0.972293 0.683160
vt 0.973135 0.682826
vt 0.973506 0.682280
vt 0.937912 0.899703
vt 0.939126 0.901509
vt 0.939126 0.897868
vt 0.901913 0.961776
vt 0.899082 0.962711
vt 0.901913 0.963394
vt 0.554133 0.973506
vt 0.552441 0.973506
vt 0.552855 0.973012
vt 0.553117 0.972697
vt 0.553575 0.972729
vt 0.554023 0.972827
vt 0.554464 0.973005
vt 0.828733 0.587227
vt 0.829107 0.588845
vt 0.828702 0.588845
vt 0.567812 0.969462
vt 0.568417 0.968248
vt 0.569834 0.969462
vt 0.912025 0.584395
vt 0.912025 0.583182
vt 0.911621 0.583521
vt 0.952794 0.749678
vt 0.953282 0.749700
vt 0.953282 0.745783
vt 0.951665 0.748389
vt 0.951778 0.750233
vt 0.755040 0.716288
vt 0.756329 0.720587
vt 0.756053 0.718925
vt 0.756180 0.715374
vt 0.756562 0.717343
vt 0.758579 0.720101
vt 0.757817 0.717089
vt 0.757905 0.718292
vt 0.759082 0.719386
vt 0.542650 0.836523
vt 0.543679 0.836167
vt 0.543010 0.836979
vt 0.543438 0.834806
vt 0.541074 0.835093
vt 0.543024 0.833923
vt 0.541223 0.834199
vt 0.539041 0.833871
vt 0.539093 0.834962
vt 0.540473 0.835801
vt 0.540169 0.832757
vt 0.537935 0.834183
vt 0.544233 0.836056
vt 0.536537 0.833014
vt 0.536079 0.833435
vt 0.535161 0.832905
vt 0.536808 0.831608
vt 0.535065 0.831570
vt 0.534013 0.833714
vt 0.533477 0.833164
vt 0.539115 0.836595
vt 0.532595 0.833916
vt 0.541250 0.836790
vt 0.531817 0.833003
vt 0.536518 0.835211
vt 0.532086 0.834604
vt 0.530740 0.833113
vt 0.530164 0.832373
vt 0.531461 0.831980
vt 0.530106 0.831551
vt 0.530270 0.830105
vt 0.528370 0.831385
vt 0.531983 0.830168
vt 0.532907 0.831120
vt 0.533381 0.830596
vt 0.533697 0.830556
vt 0.532700 0.832564
vt 0.543580 0.838770
vt 0.534037 0.834972
vt 0.532650 0.835346
vt 0.531000 0.835198
vt 0.534706 0.835699
vt 0.532630 0.836377
vt 0.534505 0.836643
vt 0.532974 0.837774
vt 0.531743 0.836980
vt 0.532293 0.838354
vt 0.533459 0.838201
vt 0.533334 0.838951
vt 0.530327 0.839658
vt 0.532627 0.840521
vt 0.528918 0.840322
vt 0.526890 0.839148
vt 0.533063 0.841266
vt 0.534653 0.840864
vt 0.528783 0.840677
vt 0.528522 0.842531
vt 0.526019 0.841794
vt 0.526708 0.843809
vt 0.536571 0.842063
vt 0.536280 0.841251
vt 0.536559 0.841294
vt 0.533643 0.843364
vt 0.536318 0.843513
vt 0.539297 0.841931
vt 0.539397 0.843722
vt 0.538455 0.845399
vt 0.540697 0.844605
vt 0.537988 0.847289
vt 0.540787 0.846479
vt 0.539086 0.848141
vt 0.536289 0.847082
vt 0.534196 0.846116
vt 0.542273 0.843988
vt 0.541766 0.846900
vt 0.542270 0.845547
vt 0.536138 0.847569
vt 0.535387 0.844727
vt 0.541752 0.842592
vt 0.540357 0.848168
vt 0.536315 0.840895
vt 0.543132 0.844398
vt 0.525233 0.844406
vt 0.526534 0.845566
vt 0.525364 0.845842
vt 0.525514 0.846593
vt 0.527487 0.846265
vt 0.526899 0.847460
vt 0.523242 0.848192
vt 0.529145 0.846567
vt 0.530793 0.845421
vt 0.531674 0.846240
vt 0.533184 0.845161
vt 0.531246 0.844790
vt 0.533046 0.844587
vt 0.533843 0.846412
vt 0.533813 0.845484
vt 0.531594 0.846969
vt 0.524635 0.845233
vt 0.524095 0.844673
vt 0.525007 0.848335
vt 0.528227 0.847661
vt 0.529573 0.846831
vt 0.529864 0.845492
vt 0.522173 0.847626
vt 0.520080 0.849331
vt 0.524994 0.843001
vt 0.526115 0.840260
vt 0.519201 0.848726
vt 0.536259 0.835871
vt 0.534051 0.839837
vt 0.530546 0.837599
vt 0.536859 0.841188
vt 0.537121 0.841354
vt 0.536600 0.837106
vt 0.536983 0.836824
vt 0.537282 0.838460
vt 0.539703 0.839208
vt 0.541313 0.838500
vt 0.539617 0.840666
vt 0.538129 0.840542
vt 0.541145 0.840552
vt 0.542462 0.840456
vt 0.542736 0.838063
vt 0.530477 0.834198
vt 0.529620 0.835719
vt 0.542891 0.846871
vt 0.544337 0.843591
vt 0.543790 0.841800
vt 0.545170 0.842576
vt 0.545370 0.839620
vt 0.545731 0.844638
vt 0.542256 0.848499
vt 0.544284 0.839631
vt 0.544309 0.845308
vt 0.542959 0.848567
vt 0.546333 0.841278
vt 0.536032 0.840884
vt 0.540224 0.841426
vt 0.527229 0.831748
vt 0.527065 0.830527
vt 0.541228 0.848131
vt 0.527054 0.829517
vt 0.526284 0.828204
vt 0.527677 0.829041
vt 0.526807 0.827946
vt 0.525838 0.829615
vt 0.526647 0.826254
vt 0.528473 0.827456
vt 0.527447 0.824731
vt 0.526219 0.823848
vt 0.529723 0.828879
vt 0.525589 0.831335
vt 0.523895 0.830333
vt 0.524188 0.829952
vt 0.523295 0.831257
vt 0.524199 0.831913
vt 0.525242 0.833272
vt 0.522629 0.833036
vt 0.521278 0.834221
vt 0.523639 0.834404
vt 0.525445 0.834475
vt 0.526510 0.833425
vt 0.526522 0.834766
vt 0.527671 0.834708
vt 0.526841 0.835915
vt 0.525677 0.836140
vt 0.527295 0.838643
vt 0.525891 0.838457
vt 0.526576 0.839479
vt 0.524423 0.838940
vt 0.527644 0.837199
vt 0.527552 0.833542
vt 0.528399 0.834258
vt 0.528972 0.835138
vt 0.530220 0.834604
vt 0.528216 0.833189
vt 0.522198 0.835446
vt 0.520274 0.833738
vt 0.519318 0.834195
vt 0.520440 0.833284
vt 0.517418 0.834052
vt 0.518917 0.835832
vt 0.516991 0.835544
vt 0.514413 0.835639
vt 0.513961 0.836736
vt 0.516728 0.833085
vt 0.514632 0.834193
vt 0.513552 0.833438
vt 0.515382 0.831991
vt 0.512402 0.832869
vt 0.510254 0.833894
vt 0.510341 0.833055
vt 0.509566 0.833225
vt 0.509718 0.836201
vt 0.512442 0.832251
vt 0.519218 0.831142
vt 0.516810 0.836154
vt 0.517206 0.836849
vt 0.520183 0.836241
vt 0.516973 0.838427
vt 0.520346 0.837877
vt 0.519784 0.839436
vt 0.517185 0.840228
vt 0.519063 0.840376
vt 0.522728 0.838016
vt 0.515749 0.840923
vt 0.514641 0.837417
vt 0.512242 0.836263
vt 0.511958 0.836699
vt 0.513188 0.837410
vt 0.511493 0.835401
vt 0.518614 0.833306
vt 0.513509 0.837389
vt 0.512954 0.838163
vt 0.513791 0.837325
vt 0.520476 0.835269
vt 0.524495 0.834959
vt 0.522487 0.830481
vt 0.521975 0.832018
vt 0.509839 0.832236
vt 0.511330 0.831688
vt 0.538430 0.836874
vt 0.530349 0.834297
vt 0.536704 0.840698
vt 0.534998 0.838103
vt 0.514134 0.839800
vt 0.526512 0.832508
vt 0.537933 0.831951
vt 0.543327 0.847818
vt 0.514094 0.841400
vt 0.513025 0.840890
vt 0.512751 0.842215
vt 0.512238 0.840813
vt 0.511446 0.841489
vt 0.512780 0.842727
vt 0.512846 0.840191
vt 0.520234 0.830856
vt 0.542691 0.842827
vt 0.529125 0.839440
vt 0.528002 0.838518
vt 0.527773 0.839276
vt 0.535021 0.834750
vt 0.544025 0.849331
vt 0.544848 0.849180
vt 0.539947 0.837889
vt 0.519745 0.832519
vt 0.528272 0.835854
vt 0.530281 0.836917
vt 0.540500 0.848751
vt 0.534755 0.830349
vt 0.529979 0.843083
vt 0.537027 0.840780
vt 0.514031 0.837333
vt 0.532601 0.829176
vt 0.510925 0.837525
vt 0.533618 0.831997
vt 0.959754 0.719492
vt 0.959754 0.716661
vt 0.957732 0.719099
vt 0.957947 0.716846
vt 0.918092 0.685111
vt 0.916879 0.686613
vt 0.918092 0.687134
vt 0.938733 0.791107
vt 0.939569 0.793108
vt 0.936818 0.792598
vt 0.937565 0.790402
vt 0.936469 0.790262
vt 0.935406 0.792600
vt 0.934790 0.792637
vt 0.934272 0.793108
vt 0.934833 0.790318
vt 0.939752 0.792371
vt 0.939808 0.790953
vt 0.937828 0.789467
vt 0.940246 0.790589
vt 0.936146 0.793065
vt 0.941148 0.791421
vt 0.533975 0.826750
vt 0.532622 0.825680
vt 0.534200 0.825076
vt 0.535165 0.825376
vt 0.536654 0.825831
vt 0.535819 0.826771
vt 0.534501 0.827881
vt 0.537735 0.827059
vt 0.539046 0.829107
vt 0.539999 0.826788
vt 0.540449 0.828541
vt 0.541626 0.826288
vt 0.541828 0.829107
vt 0.540355 0.824253
vt 0.539108 0.824985
vt 0.542907 0.828889
vt 0.544000 0.828078
vt 0.544174 0.826869
vt 0.538376 0.826403
vt 0.625319 0.906363
vt 0.623630 0.905900
vt 0.624361 0.904737
vt 0.626725 0.906017
vt 0.627288 0.903936
vt 0.628484 0.905284
vt 0.628110 0.906363
vt 0.870755 0.920180
vt 0.874004 0.918093
vt 0.869693 0.918260
vt 0.873658 0.920465
vt 0.871169 0.922570
vt 0.868746 0.924160
vt 0.872894 0.922558
vt 0.874004 0.922199
vt 0.793558 0.607046
vt 0.794617 0.605428
vt 0.795939 0.607046
vt 0.792299 0.606027
vt 0.795675 0.606060
vt 0.795878 0.606341
vt 0.929428 0.816805
vt 0.933046 0.814967
vt 0.932120 0.816972
vt 0.935662 0.816972
vt 0.935890 0.813658
vt 0.930407 0.815505
vt 0.931604 0.813884
vt 0.934479 0.813550
vt 0.932703 0.813128
vt 0.932681 0.812525
vt 0.930162 0.812513
vt 0.929418 0.812884
vt 0.932258 0.811942
vt 0.930021 0.811390
vt 0.929014 0.811386
vt 0.932374 0.811000
vt 0.930761 0.810500
vt 0.593294 0.897464
vt 0.594239 0.896655
vt 0.596934 0.897464
vt 0.596638 0.897271
vt 0.613114 0.835578
vt 0.613759 0.833960
vt 0.615136 0.835578
vt 0.636978 0.886543
vt 0.634956 0.886543
vt 0.635366 0.885330
vt 0.971484 0.799064
vt 0.970696 0.797859
vt 0.970271 0.799175
vt 0.971449 0.797966
vt 0.971484 0.797153
vt 0.891397 0.825657
vt 0.892206 0.827893
vt 0.892206 0.825062
vt 0.946406 0.815831
vt 0.947215 0.817781
vt 0.947215 0.814950
vt 0.809139 0.826068
vt 0.809607 0.826251
vt 0.809873 0.822988
vt 0.808540 0.825494
vt 0.810494 0.823218
vt 0.810504 0.825764
vt 0.811635 0.824731
vt 0.811402 0.827535
vt 0.812695 0.823263
vt 0.812927 0.825102
vt 0.810250 0.827419
vt 0.812197 0.820909
vt 0.812080 0.826407
vt 0.810952 0.821231
vt 0.811081 0.818857
vt 0.811831 0.818457
vt 0.812537 0.819092
vt 0.812768 0.817506
vt 0.811172 0.817735
vt 0.810079 0.822092
vt 0.812026 0.816551
vt 0.811517 0.816297
vt 0.810477 0.816923
vt 0.812638 0.816163
vt 0.812896 0.816733
vt 0.810470 0.818650
vt 0.812927 0.827018
vt 0.808212 0.823173
vt 0.807254 0.826351
vt 0.806612 0.824161
vt 0.806758 0.825816
vt 0.806456 0.825765
vt 0.807322 0.820823
vt 0.809560 0.818321
vt 0.808161 0.818347
vt 0.807102 0.818387
vt 0.807455 0.817819
vt 0.807763 0.816677
vt 0.808600 0.816975
vt 0.776122 0.870849
vt 0.776807 0.870296
vt 0.777156 0.871858
vt 0.778122 0.870963
vt 0.774029 0.871452
vt 0.772161 0.872231
vt 0.771632 0.871738
vt 0.765335 0.873252
vt 0.764130 0.873999
vt 0.765149 0.872067
vt 0.762661 0.872976
vt 0.766699 0.872244
vt 0.768341 0.871258
vt 0.768247 0.872132
vt 0.767855 0.872623
vt 0.761702 0.873502
vt 0.760857 0.873538
vt 0.760600 0.873000
vt 0.759274 0.873238
vt 0.760037 0.872374
vt 0.758322 0.871938
vt 0.770174 0.871216
vt 0.782008 0.870760
vt 0.783217 0.869555
vt 0.781835 0.869577
vt 0.780005 0.870162
vt 0.779858 0.871310
vt 0.779158 0.870593
vt 0.636075 0.947734
vt 0.635358 0.948039
vt 0.634956 0.947283
vt 0.636169 0.946311
vt 0.636078 0.945080
vt 0.635477 0.944384
vt 0.833151 0.857400
vt 0.831322 0.855398
vt 0.833151 0.855409
vt 0.895413 0.841340
vt 0.895483 0.842859
vt 0.894518 0.842259
vt 0.727566 0.820901
vt 0.728779 0.821436
vt 0.729027 0.822573
vt 0.730023 0.822643
vt 0.726615 0.820897
vt 0.727190 0.823289
vt 0.726238 0.823379
vt 0.726852 0.824371
vt 0.724772 0.824527
vt 0.724661 0.823461
vt 0.725478 0.826471
vt 0.721930 0.827167
vt 0.726981 0.826345
vt 0.726421 0.826956
vt 0.728701 0.826055
vt 0.725878 0.822317
vt 0.720131 0.825690
vt 0.722548 0.828073
vt 0.720799 0.827866
vt 0.720442 0.825015
vt 0.717804 0.825834
vt 0.718545 0.824981
vt 0.720126 0.824328
vt 0.718502 0.823563
vt 0.722754 0.821239
vt 0.717767 0.823845
vt 0.717166 0.826832
vt 0.715405 0.825569
vt 0.716888 0.823755
vt 0.714751 0.823974
vt 0.714006 0.826871
vt 0.712108 0.828013
vt 0.715120 0.828488
vt 0.714380 0.829358
vt 0.716349 0.828827
vt 0.710158 0.829616
vt 0.712465 0.825848
vt 0.716747 0.827983
vt 0.712198 0.830011
vt 0.709975 0.830725
vt 0.716818 0.829351
vt 0.719034 0.828478
vt 0.722972 0.823463
vt 0.732711 0.822743
vt 0.731474 0.824078
vt 0.732899 0.824194
vt 0.730326 0.825569
vt 0.734300 0.825560
vt 0.737388 0.824434
vt 0.738098 0.825247
vt 0.740156 0.825430
vt 0.741117 0.824873
vt 0.742892 0.825221
vt 0.746575 0.826329
vt 0.745343 0.825389
vt 0.749329 0.826218
vt 0.748764 0.826435
vt 0.749166 0.826510
vt 0.744970 0.827300
vt 0.749672 0.828353
vt 0.746194 0.829184
vt 0.742724 0.827603
vt 0.742747 0.828889
vt 0.749531 0.829850
vt 0.750252 0.826725
vt 0.751980 0.827625
vt 0.742644 0.824980
vt 0.751305 0.829951
vt 0.741915 0.826594
vt 0.749364 0.826212
vt 0.737412 0.824090
vt 0.734532 0.823585
vt 0.739162 0.826921
vt 0.732472 0.827029
vt 0.729609 0.826489
vt 0.735272 0.827482
vt 0.728277 0.825722
vt 0.734205 0.823109
vt 0.730466 0.826968
vt 0.749442 0.826533
vt 0.728383 0.826745
vt 0.710900 0.826048
vt 0.738018 0.827688
vt 0.741524 0.828934
vt 0.753635 0.829775
vt 0.754245 0.828410
vt 0.754326 0.829183
vt 0.754433 0.829483
vt 0.754604 0.829221
vt 0.754884 0.829257
vt 0.754847 0.829532
vt 0.754800 0.828661
vt 0.754769 0.829831
vt 0.754813 0.828143
vt 0.755115 0.827904
vt 0.754831 0.827833
vt 0.754905 0.827435
vt 0.753985 0.830725
vt 0.755487 0.830541
vt 0.755525 0.827982
vt 0.754511 0.828062
vt 0.755448 0.827663
vt 0.756221 0.827263
vt 0.756598 0.827776
vt 0.757513 0.826983
vt 0.754954 0.827014
vt 0.755188 0.826755
vt 0.755580 0.828412
vt 0.755048 0.829918
vt 0.755342 0.829916
vt 0.755570 0.830241
vt 0.737300 0.828205
vt 0.755120 0.829582
vt 0.755254 0.829309
vt 0.756851 0.829635
vt 0.717750 0.824501
vt 0.710235 0.827102
vt 0.710214 0.828401
vt 0.717704 0.828441
vt 0.938655 0.578226
vt 0.940178 0.579113
vt 0.938772 0.576398
vt 0.937912 0.579137
vt 0.941707 0.576678
vt 0.941957 0.578941
vt 0.913520 0.579098
vt 0.915666 0.580924
vt 0.915635 0.578943
vt 0.913477 0.581160
vt 0.914034 0.577441
vt 0.913774 0.576320
vt 0.911956 0.575901
vt 0.911277 0.577853
vt 0.911216 0.579033
vt 0.915666 0.577744
vt 0.912615 0.580616
vt 0.915023 0.576581
vt 0.712833 0.646352
vt 0.712355 0.646026
vt 0.712184 0.646422
vt 0.712663 0.645877
vt 0.713063 0.646128
vt 0.713316 0.646625
vt 0.712799 0.646793
vt 0.712513 0.646592
vt 0.711403 0.647859
vt 0.712115 0.646941
vt 0.711776 0.646989
vt 0.712063 0.646609
vt 0.712690 0.647105
vt 0.712986 0.647177
vt 0.712883 0.647489
vt 0.712393 0.648929
vt 0.711403 0.648610
vt 0.713181 0.647566
vt 0.713425 0.647758
vt 0.713425 0.649139
vt 0.712847 0.650326
vt 0.970572 0.900809
vt 0.971484 0.900180
vt 0.970271 0.900552
vt 0.971445 0.901229
vt 0.970977 0.900215
vt 0.971082 0.899891
vt 0.970705 0.901227
vt 0.970844 0.901659
vt 0.971080 0.901913
vt 0.971484 0.901534
vt 0.970366 0.901096
vt 0.970506 0.901517
vt 0.536334 0.970165
vt 0.536050 0.969963
vt 0.536603 0.969866
vt 0.536667 0.970675
vt 0.534240 0.970675
vt 0.994137 0.612305
vt 0.994135 0.611900
vt 0.994551 0.612086
vt 0.994944 0.612305
vt 0.586407 0.894225
vt 0.587008 0.895145
vt 0.588424 0.894982
vt 0.585506 0.895473
vt 0.584288 0.894518
vt 0.584561 0.895640
vt 0.586948 0.896250
vt 0.589779 0.894147
vt 0.594010 0.893885
vt 0.596820 0.893979
vt 0.595226 0.895062
vt 0.594146 0.895317
vt 0.596361 0.895547
vt 0.598212 0.894811
vt 0.597457 0.896250
vt 0.595932 0.896098
vt 0.595769 0.895656
vt 0.592003 0.894793
vt 0.591986 0.895598
vt 0.590358 0.895504
vt 0.595445 0.895731
vt 0.594909 0.896195
vt 0.589124 0.895270
vt 0.590834 0.893634
vt 0.960968 0.743595
vt 0.959350 0.743362
vt 0.960581 0.744974
vt 0.894228 0.804673
vt 0.893564 0.805578
vt 0.893995 0.807027
vt 0.892464 0.806174
vt 0.892078 0.807479
vt 0.892769 0.808478
vt 0.894228 0.807808
vt 0.893144 0.804693
vt 0.892034 0.804433
vt 0.891397 0.806466
vt 0.985236 0.899891
vt 0.985236 0.898677
vt 0.984427 0.899042
vt 0.595721 0.768143
vt 0.596530 0.768030
vt 0.596530 0.768839
vt 0.851613 0.939041
vt 0.851052 0.940357
vt 0.849664 0.940303
vt 0.849579 0.941148
vt 0.850594 0.938317
vt 0.847125 0.939670
vt 0.847761 0.938831
vt 0.846499 0.939135
vt 0.851057 0.941148
vt 0.852607 0.940219
vt 0.852971 0.938951
vt 0.852726 0.938367
vt 0.530178 0.894233
vt 0.532217 0.894593
vt 0.530486 0.895131
vt 0.531968 0.895846
vt 0.530935 0.893470
vt 0.531621 0.893578
vt 0.530927 0.893015
vt 0.529384 0.893212
vt 0.527188 0.894503
vt 0.527914 0.893552
vt 0.528217 0.894334
vt 0.526354 0.894042
vt 0.526208 0.894977
vt 0.525341 0.894988
vt 0.526368 0.895846
vt 0.619984 0.586620
vt 0.619112 0.586013
vt 0.617967 0.587227
vt 0.618028 0.586628
vt 0.620799 0.586476
vt 0.620562 0.587227
vt 0.621203 0.696032
vt 0.620394 0.697246
vt 0.621203 0.697021
vt 0.620549 0.696484
vt 0.537071 0.825062
vt 0.538284 0.825062
vt 0.537852 0.824253
vt 0.831533 0.603002
vt 0.831048 0.602597
vt 0.830320 0.603002
vt 0.735671 0.962181
vt 0.737289 0.962181
vt 0.736675 0.961776
vt 0.806456 0.631315
vt 0.806456 0.632933
vt 0.806051 0.631906
vt 0.871173 0.827489
vt 0.870768 0.827402
vt 0.871173 0.826680
vt 0.904745 0.763985
vt 0.904340 0.763140
vt 0.904745 0.761963
vt 0.516418 0.845652
vt 0.515722 0.846066
vt 0.516070 0.846063
vt 0.516443 0.846095
vt 0.515555 0.845658
vt 0.515229 0.843215
vt 0.515575 0.843660
vt 0.516279 0.843515
vt 0.515231 0.842913
vt 0.515923 0.843664
vt 0.515957 0.844124
vt 0.515979 0.844426
vt 0.516000 0.844726
vt 0.516034 0.845200
vt 0.515687 0.845221
vt 0.515583 0.842984
vt 0.515621 0.842599
vt 0.515642 0.842296
vt 0.516359 0.842153
vt 0.515447 0.841819
vt 0.516005 0.841838
vt 0.516443 0.841646
vt 0.992922 0.537476
vt 0.993673 0.536860
vt 0.993730 0.537476
vt 0.993131 0.536667
vt 0.872386 0.547992
vt 0.871982 0.547628
vt 0.872386 0.547588
vt 0.871984 0.547857
vt 0.690778 0.787452
vt 0.691179 0.787445
vt 0.690774 0.787737
vt 0.691179 0.787850
vt 0.878858 0.993714
vt 0.878049 0.993731
vt 0.878168 0.992995
vt 0.878858 0.992922
vt 0.961372 0.665947
vt 0.961776 0.666505
vt 0.961776 0.665696
vt 0.961416 0.666479
vt 0.802006 0.681875
vt 0.802006 0.682280
vt 0.801602 0.681972
vt 0.700597 0.968557
vt 0.700094 0.968689
vt 0.700871 0.968248
vt 0.700080 0.968351
vt 0.700519 0.968261
vt 0.775749 0.505926
vt 0.775715 0.505522
vt 0.776120 0.505926
vt 0.775998 0.505563
vt 0.956584 0.530599
vt 0.956520 0.529790
vt 0.956227 0.529839
vt 0.956923 0.530213
vt 0.956114 0.530599
vt 0.780164 0.890227
vt 0.779997 0.890588
vt 0.779760 0.890071
vt 0.780164 0.889779
vt 0.659739 0.605955
vt 0.660033 0.605428
vt 0.660033 0.606237
vt 0.659629 0.605492
vt 0.840837 0.865914
vt 0.841606 0.865523
vt 0.840878 0.865510
vt 0.841646 0.865914
vt 0.872514 0.991540
vt 0.872095 0.991925
vt 0.872439 0.992026
vt 0.871982 0.991381
vt 0.872791 0.991304
vt 0.872791 0.992113
vt 0.735539 0.889186
vt 0.736301 0.889379
vt 0.735595 0.888891
vt 0.735649 0.888598
vt 0.735625 0.888220
vt 0.736215 0.888161
vt 0.735231 0.888850
vt 0.735286 0.888555
vt 0.734939 0.888374
vt 0.734923 0.889191
vt 0.734863 0.888812
vt 0.735083 0.889638
vt 0.735405 0.890117
vt 0.735689 0.890149
vt 0.736062 0.890183
vt 0.736480 0.890183
vt 0.736480 0.888348
vt 0.961776 0.775715
vt 0.961686 0.774097
vt 0.961372 0.775715
vt 0.519322 0.630102
vt 0.518060 0.630506
vt 0.519678 0.630506
vt 0.998182 0.710842
vt 0.998584 0.711403
vt 0.998180 0.711403
vt 0.998584 0.710594
vt 0.588845 0.598148
vt 0.588588 0.597743
vt 0.588440 0.598148
vt 0.560531 0.680647
vt 0.560936 0.680662
vt 0.560543 0.680135
vt 0.560936 0.679853
vt 0.749019 0.662860
vt 0.749018 0.662056
vt 0.749424 0.662865
vt 0.749424 0.662371
vt 0.748615 0.662095
vt 0.964661 0.668123
vt 0.965012 0.668123
vt 0.964819 0.667719
vt 0.964203 0.667720
vt 0.988009 0.656393
vt 0.987259 0.656393
vt 0.987559 0.655836
vt 0.988068 0.655584
vt 0.613923 0.726611
vt 0.614046 0.725964
vt 0.614327 0.726773
vt 0.614327 0.726245
vt 0.837238 0.930195
vt 0.837601 0.930723
vt 0.837109 0.930555
vt 0.837254 0.931088
vt 0.837601 0.929825
vt 0.837592 0.931440
vt 0.837274 0.929822
vt 0.836792 0.930082
vt 0.867128 0.835200
vt 0.867937 0.835488
vt 0.867937 0.834900
vt 0.867181 0.834769
vt 0.867691 0.835850
vt 0.867192 0.835983
vt 0.543138 0.853298
vt 0.543543 0.852971
vt 0.543543 0.853376
vt 0.527364 0.558913
vt 0.527294 0.558511
vt 0.526959 0.558913
vt 0.526978 0.558509
vt 0.618106 0.653562
vt 0.618776 0.653966
vt 0.617967 0.653966
vt 0.618496 0.653569
vt 0.641832 0.992113
vt 0.641832 0.992922
vt 0.641306 0.992340
vt 0.641023 0.992649
vt 0.948429 0.741023
vt 0.948090 0.740525
vt 0.948024 0.740901
vt 0.948429 0.740533
vt 0.948123 0.741334
vt 0.925762 0.787041
vt 0.925381 0.787041
vt 0.925703 0.786232
vt 0.925778 0.786619
vt 0.925373 0.786651
vt 0.996966 0.537476
vt 0.997775 0.537079
vt 0.997209 0.537071
vt 0.997775 0.537382
vt 0.646281 0.674593
vt 0.647087 0.674910
vt 0.647090 0.674619
vt 0.646603 0.674190
vt 0.647087 0.674328
vt 0.646655 0.674999
vt 0.775715 0.590832
vt 0.775311 0.590825
vt 0.775715 0.591212
vt 0.775312 0.591272
vt 0.775312 0.590463
vt 0.829916 0.755491
vt 0.829914 0.755896
vt 0.829511 0.755581
vt 0.829538 0.755896
vt 0.545970 0.936699
vt 0.545653 0.936755
vt 0.545643 0.937508
vt 0.545970 0.937261
vt 0.545565 0.937095
vt 0.505522 0.964203
vt 0.504986 0.963836
vt 0.504713 0.964203
vt 0.505402 0.963799
vt 0.790310 0.645144
vt 0.790681 0.645470
vt 0.790276 0.645472
vt 0.790681 0.645068
vt 0.587631 0.704931
vt 0.587632 0.704556
vt 0.588036 0.704901
vt 0.588036 0.704526
vt 0.831938 0.840028
vt 0.831533 0.840351
vt 0.831902 0.840837
vt 0.831546 0.840837
vt 0.758745 0.990899
vt 0.758727 0.991304
vt 0.759536 0.991304
vt 0.759304 0.990910
vt 0.506332 0.998180
vt 0.506735 0.998578
vt 0.506330 0.998584
vt 0.506735 0.998180
vt 0.598148 0.521296
vt 0.597743 0.520892
vt 0.597755 0.521264
vt 0.598148 0.520911
vt 0.678642 0.688752
vt 0.679037 0.688752
vt 0.679044 0.688347
vt 0.678640 0.688446
vt 0.929822 0.699268
vt 0.929822 0.699805
vt 0.929419 0.699423
vt 0.929418 0.700077
vt 0.670145 0.871577
vt 0.669302 0.871323
vt 0.668932 0.871577
vt 0.669675 0.871173
vt 0.636978 0.528396
vt 0.637382 0.528172
vt 0.637382 0.528577
vt 0.853376 0.857197
vt 0.853780 0.857016
vt 0.853780 0.857420
vt 0.984023 0.981596
vt 0.983996 0.981192
vt 0.983618 0.981596
vt 0.681066 0.507139
vt 0.680095 0.506330
vt 0.679044 0.507139
vt 0.746592 0.903531
vt 0.746592 0.905554
vt 0.745783 0.904077
vt 0.745379 0.905026
vt 0.545970 0.989028
vt 0.546779 0.988877
vt 0.546779 0.989686
vt 0.829107 0.993326
vt 0.828955 0.992517
vt 0.828298 0.993326
vt 0.904688 0.615081
vt 0.905252 0.612153
vt 0.903250 0.613555
vt 0.903744 0.610850
vt 0.904540 0.610219
vt 0.903127 0.612280
vt 0.903829 0.615416
vt 0.903879 0.616320
vt 0.904947 0.617912
vt 0.903770 0.609069
vt 0.906602 0.614056
vt 0.906259 0.616757
vt 0.906692 0.615919
vt 0.906095 0.618372
vt 0.906767 0.617029
vt 0.906767 0.612322
vt 0.904854 0.609628
vt 0.834602 0.784313
vt 0.832931 0.784212
vt 0.833675 0.785370
vt 0.834026 0.783348
vt 0.832477 0.782759
vt 0.831533 0.783869
vt 0.833006 0.781514
vt 0.834969 0.780023
vt 0.833914 0.779869
vt 0.833036 0.780460
vt 0.834385 0.778977
vt 0.835578 0.782858
vt 0.835390 0.781026
vt 0.833021 0.785723
vt 0.832141 0.784963
vt 0.831982 0.786469
vt 0.834999 0.778546
vt 0.834598 0.786202
vt 0.834051 0.787471
vt 0.834978 0.787859
vt 0.835578 0.787563
vt 0.835472 0.785509
vt 0.832491 0.787575
vt 0.833429 0.788232
vt 0.834002 0.788857
vt 0.835163 0.789063
vt 0.833032 0.788773
vt 0.673602 0.633713
vt 0.674824 0.634513
vt 0.673517 0.634487
vt 0.672168 0.634551
vt 0.675395 0.633338
vt 0.675808 0.634551
vt 0.501881 0.654775
vt 0.502690 0.654775
vt 0.502631 0.653562
vt 0.506735 0.952473
vt 0.506735 0.954091
vt 0.506330 0.952854
vt 0.886616 0.883801
vt 0.885330 0.884925
vt 0.886582 0.884300
vt 0.886809 0.884925
vt 0.886289 0.883925
vt 0.886902 0.884035
vt 0.886947 0.883712
vt 0.885528 0.884214
vt 0.736480 0.995348
vt 0.737289 0.995348
vt 0.736765 0.994944
vt 0.737289 0.754226
vt 0.737694 0.753873
vt 0.737694 0.755087
vt 0.993525 0.645877
vt 0.993654 0.646237
vt 0.993013 0.646122
vt 0.993730 0.646686
vt 0.992922 0.646686
vt 0.675404 0.685111
vt 0.675808 0.685111
vt 0.675618 0.684707
vt 0.634551 0.698864
vt 0.635360 0.698864
vt 0.634954 0.698459
vt 0.880071 0.713020
vt 0.880880 0.713020
vt 0.880477 0.712616
vt 0.937912 0.507544
vt 0.937912 0.507948
vt 0.937508 0.507548
vt 0.985641 0.594507
vt 0.985236 0.594311
vt 0.985641 0.594103
vt 0.996966 0.594904
vt 0.997371 0.594904
vt 0.997163 0.594507
vt 0.996987 0.595316
vt 0.997371 0.595316
vt 0.884925 0.906363
vt 0.884925 0.906767
vt 0.884521 0.906767
vt 0.519274 0.829107
vt 0.519678 0.829107
vt 0.519675 0.828702
vt 0.982455 0.888161
vt 0.982810 0.888565
vt 0.982411 0.888553
vt 0.982008 0.888565
vt 0.982001 0.888214
vt 0.638942 0.643450
vt 0.638999 0.643837
vt 0.638596 0.643854
vt 0.639405 0.643496
vt 0.639405 0.643843
f 1050/1050 1047/1047 1052/1052
f 1047/1047 1021/1021 1046/1046
f 2620/2620 2617/2617 2635/2635
f 1049/1049 1047/1047 1050/1050
f 2636/2636 2583/2583 2635/2635
f 2617/2617 2634/2634 2635/2635
f 2634/2634 2636/2636 2635/2635
f 1048/1048 1047/1047 1049/1049
f 2636/2636 2634/2634 2607/2607
f 10633/10633 10610/10610 10611/10611
f 10633/10633 10611/10611 10629/10629
f 1021/1021 1047/1047 1048/1048
f 10128/10128 10126/10126 10125/10125
f 10129/10129 10134/10134 10133/10133
f 10125/10125 10147/10147 10129/10129
f 10672/10672 10643/10643 10644/10644
f 10644/10644 10643/10643 10623/10623
f 10125/10125 10126/10126 10127/10127
f 10129/10129 10147/10147 10134/10134
f 10643/10643 10633/10633 10623/10623
f 10126/10126 10162/10162 10127/10127
f 10137/10137 10162/10162 10126/10126
f 10162/10162 10125/10125 10127/10127
f 10134/10134 10147/10147 10145/10145
f 10147/10147 10370/10370 10145/10145
f 10370/10370 10347/10347 10145/10145
f 10415/10415 10413/10413 10417/10417
f 10417/10417 10413/10413 10418/10418
f 10413/10413 10422/10422 10418/10418
f 10413/10413 10411/10411 10422/10422
f 10415/10415 10414/10414 10413/10413
f 10414/10414 10412/10412 10413/10413
f 10413/10413 10412/10412 10411/10411
f 9488/9488 9477/9477 9489/9489
f 9488/9488 9475/9475 9477/9477
f 10588/10588 10597/10597 10590/10590
f 9514/9514 9475/9475 9488/9488
f 9475/9475 9514/9514 9474/9474
f 9488/9488 9508/9508 9514/9514
f 10677/10677 10642/10642 10592/10592
f 9568/9568 9569/9569 9570/9570
f 9488/9488 9507/9507 9508/9508
f 10591/10591 10597/10597 10588/10588
f 10592/10592 10642/10642 10597/10597
f 10592/10592 10597/10597 10591/10591
f 9507/9507 9511/9511 9508/9508
f 9553/9553 9511/9511 9507/9507
f 9571/9571 9569/9569 9568/9568
f 9511/9511 9407/9407 9451/9451
f 9407/9407 9406/9406 9451/9451
f 9553/9553 9407/9407 9511/9511
f 1014/1014 1064/1064 1063/1063
f 1014/1014 1063/1063 1032/1032
f 1032/1032 1058/1058 1030/1030
f 1058/1058 1062/1062 1030/1030
f 1063/1063 1058/1058 1032/1032
f 1063/1063 1055/1055 1058/1058
f 1055/1055 1063/1063 1057/1057
f 1057/1057 1053/1053 1055/1055
f 1055/1055 1054/1054 1058/1058
f 1053/1053 1054/1054 1055/1055
f 2776/2776 2763/2763 2775/2775
f 2786/2786 2788/2788 2775/2775
f 7029/7029 7025/7025 7030/7030
f 4185/4185 4186/4186 4187/4187
f 4187/4187 4186/4186 4188/4188
f 4188/4188 4193/4193 4187/4187
f 5481/5481 5484/5484 5483/5483
f 4186/4186 4185/4185 4189/4189
f 9413/9413 9407/9407 9553/9553
f 5483/5483 5482/5482 5481/5481
f 7025/7025 7028/7028 7030/7030
f 9407/9407 9405/9405 9406/9406
f 9408/9408 9405/9405 9407/9407
f 9413/9413 9408/9408 9407/9407
f 4193/4193 4188/4188 4192/4192
f 9409/9409 9405/9405 9408/9408
f 2776/2776 2777/2777 2763/2763
f 9413/9413 9410/9410 9408/9408
f 5480/5480 5481/5481 5482/5482
f 133/133 134/134 135/135
f 7027/7027 7028/7028 7025/7025
f 9513/9513 9410/9410 9413/9413
f 9410/9410 9409/9409 9408/9408
f 4192/4192 4188/4188 4186/4186
f 9576/9576 9577/9577 9578/9578
f 5078/5078 5080/5080 5084/5084
f 136/136 137/137 138/138
f 4189/4189 4190/4190 4186/4186
f 5280/5280 5279/5279 5282/5282
f 5267/5267 5266/5266 5268/5268
f 5080/5080 5078/5078 5077/5077
f 5474/5474 5477/5477 5479/5479
f 6172/6172 6174/6174 6175/6175
f 4186/4186 4190/4190 4191/4191
f 4186/4186 4191/4191 4192/4192
f 5297/5297 5280/5280 5282/5282
f 5265/5265 5266/5266 5267/5267
f 5265/5265 5269/5269 5266/5266
f 5077/5077 5078/5078 5079/5079
f 5474/5474 5476/5476 5477/5477
f 6172/6172 6173/6173 6174/6174
f 6912/6912 6913/6913 6914/6914
f 5301/5301 5298/5298 5297/5297
f 5081/5081 5083/5083 5079/5079
f 5079/5079 5078/5078 5081/5081
f 9427/9427 9386/9386 9385/9385
f 5280/5280 5286/5286 5281/5281
f 5474/5474 5475/5475 5476/5476
f 5297/5297 5298/5298 5296/5296
f 5297/5297 5296/5296 5280/5280
f 5296/5296 5295/5295 5280/5280
f 5280/5280 5295/5295 5286/5286
f 4998/4998 4999/4999 5000/5000
f 2580/2580 2578/2578 2600/2600
f 9523/9523 9388/9388 9427/9427
f 9427/9427 9388/9388 9386/9386
f 5301/5301 5304/5304 5298/5298
f 4190/4190 4194/4194 4191/4191
f 5078/5078 5082/5082 5081/5081
f 5000/5000 5003/5003 5002/5002
f 4998/4998 5000/5000 5002/5002
f 2578/2578 2593/2593 2600/2600
f 5001/5001 5000/5000 4999/4999
f 5004/5004 5001/5001 4999/4999
f 2528/2528 2577/2577 2578/2578
f 2577/2577 2593/2593 2578/2578
f 5300/5300 5299/5299 5298/5298
f 5298/5298 5299/5299 5296/5296
f 5302/5302 5295/5295 5296/5296
f 5205/5205 5206/5206 5207/5207
f 2526/2526 2574/2574 2528/2528
f 2528/2528 2574/2574 2577/2577
f 10745/10745 10744/10744 10743/10743
f 5299/5299 5303/5303 5296/5296
f 10741/10741 10746/10746 10740/10740
f 2526/2526 2575/2575 2574/2574
f 2577/2577 2574/2574 2576/2576
f 3016/3016 2995/2995 3017/3017
f 3016/3016 2992/2992 2995/2995
f 3016/3016 2984/2984 2992/2992
f 3024/3024 2984/2984 3016/3016
f 2573/2573 2591/2591 2569/2569
f 2984/2984 2983/2983 2981/2981
f 2643/2643 2591/2591 2573/2573
f 10002/10002 9985/9985 9984/9984
f 9987/9987 9986/9986 9985/9985
f 9985/9985 10002/10002 9987/9987
f 9988/9988 9986/9986 9987/9987
f 9988/9988 10001/10001 9986/9986
f 10113/10113 10114/10114 10111/10111
f 9999/9999 9987/9987 10002/10002
f 10790/10790 10789/10789 10788/10788
f 10808/10808 10806/10806 10807/10807
f 10808/10808 10807/10807 10809/10809
f 10835/10835 10836/10836 10837/10837
f 2487/2487 2486/2486 2484/2484
f 2487/2487 2489/2489 2486/2486
f 10514/10514 10516/10516 10517/10517
f 10517/10517 10516/10516 10518/10518
f 10519/10519 10518/10518 10516/10516
f 3344/3344 3346/3346 3345/3345
f 10520/10520 10519/10519 10516/10516
f 3342/3342 3344/3344 3345/3345
f 3342/3342 3343/3343 3344/3344
f 10515/10515 10504/10504 10516/10516
f 10504/10504 10520/10520 10516/10516
f 10514/10514 10515/10515 10516/10516
f 3342/3342 3345/3345 3347/3347
f 10495/10495 10515/10515 10514/10514
f 3348/3348 3342/3342 3347/3347
f 9454/9454 9409/9409 9410/9410
f 9575/9575 9572/9572 9574/9574
f 2612/2612 2514/2514 2604/2604
f 2606/2606 2604/2604 2605/2605
f 9439/9439 9440/9440 9513/9513
f 9438/9438 9440/9440 9439/9439
f 2612/2612 2604/2604 2610/2610
f 2606/2606 2610/2610 2604/2604
f 9572/9572 9573/9573 9574/9574
f 9441/9441 9454/9454 9440/9440
f 9438/9438 9441/9441 9440/9440
f 9430/9430 9438/9438 9439/9439
f 9430/9430 9437/9437 9438/9438
f 2606/2606 2592/2592 2610/2610
f 2610/2610 2525/2525 2612/2612
f 9437/9437 9441/9441 9438/9438
f 9430/9430 9415/9415 9437/9437
f 2525/2525 2610/2610 2592/2592
f 9554/9554 9441/9441 9522/9522
f 9437/9437 9452/9452 9441/9441
f 9441/9441 9452/9452 9522/9522
f 2592/2592 2529/2529 2525/2525
f 2592/2592 2594/2594 2529/2529
f 2546/2546 2529/2529 2594/2594
f 2992/2992 2978/2978 2966/2966
f 2966/2966 2978/2978 2965/2965
f 2965/2965 2962/2962 2966/2966
f 2980/2980 2965/2965 2978/2978
f 2529/2529 2533/2533 2539/2539
f 9979/9979 9970/9970 9968/9968
f 9980/9980 9970/9970 9979/9979
f 9968/9968 9970/9970 9958/9958
f 9958/9958 9959/9959 9968/9968
f 2546/2546 2533/2533 2529/2529
f 9958/9958 9956/9956 9959/9959
f 2545/2545 2540/2540 2546/2546
f 9958/9958 9957/9957 9956/9956
f 2546/2546 2540/2540 2533/2533
f 10006/10006 9970/9970 9980/9980
f 2533/2533 2531/2531 2539/2539
f 4368/4368 4280/4280 4346/4346
f 4280/4280 4326/4326 4346/4346
f 4280/4280 4325/4325 4326/4326
f 4326/4326 4325/4325 4327/4327
f 4325/4325 4328/4328 4327/4327
f 4328/4328 4329/4329 4327/4327
f 4280/4280 4249/4249 4325/4325
f 4325/4325 4249/4249 4248/4248
f 4264/4264 4247/4247 4249/4249
f 4280/4280 4266/4266 4249/4249
f 4266/4266 4264/4264 4249/4249
f 4266/4266 4265/4265 4264/4264
f 4265/4265 4260/4260 4264/4264
f 4264/4264 4260/4260 4247/4247
f 10577/10577 10580/10580 10570/10570
f 10603/10603 10580/10580 10583/10583
f 10603/10603 10570/10570 10580/10580
f 10603/10603 10583/10583 10585/10585
f 3265/3265 3338/3338 3266/3266
f 3338/3338 3272/3272 3266/3266
f 3265/3265 3339/3339 3338/3338
f 3337/3337 3338/3338 3339/3339
f 3337/3337 3286/3286 3338/3338
f 3337/3337 3292/3292 3286/3286
f 3293/3293 3296/3296 3292/3292
f 3295/3295 3296/3296 3293/3293
f 3295/3295 3297/3297 3296/3296
f 3297/3297 3310/3310 3296/3296
f 2612/2612 2515/2515 2514/2514
f 2527/2527 2572/2572 2519/2519
f 2519/2519 2521/2521 2526/2526
f 2584/2584 2526/2526 2521/2521
f 2612/2612 2525/2525 2515/2515
f 2525/2525 2522/2522 2515/2515
f 2515/2515 2522/2522 2572/2572
f 2522/2522 2519/2519 2572/2572
f 2529/2529 2520/2520 2525/2525
f 2525/2525 2520/2520 2522/2522
f 2519/2519 2522/2522 2520/2520
f 2529/2529 2539/2539 2520/2520
f 2517/2517 2519/2519 2520/2520
f 2521/2521 2519/2519 2518/2518
f 2539/2539 2517/2517 2520/2520
f 2539/2539 2531/2531 2517/2517
f 2517/2517 2518/2518 2519/2519
f 2575/2575 2576/2576 2574/2574
f 9357/9357 9349/9349 9466/9466
f 2526/2526 2584/2584 2575/2575
f 9467/9467 9357/9357 9466/9466
f 3008/3008 3020/3020 3019/3019
f 3019/3019 3020/3020 3021/3021
f 3020/3020 2835/2835 3021/3021
f 3008/3008 3026/3026 3020/3020
f 3026/3026 3008/3008 3027/3027
f 3007/3007 3008/3008 3019/3019
f 3007/3007 3004/3004 3008/3008
f 3008/3008 3004/3004 3027/3027
f 3004/3004 3026/3026 3027/3027
f 3004/3004 3015/3015 3026/3026
f 3007/3007 3005/3005 3004/3004
f 2560/2560 2558/2558 2541/2541
f 2558/2558 2560/2560 2554/2554
f 2558/2558 2538/2538 2541/2541
f 2554/2554 2555/2555 2558/2558
f 2558/2558 2559/2559 2538/2538
f 2555/2555 2559/2559 2558/2558
f 10419/10419 10416/10416 10415/10415
f 10412/10412 10410/10410 10411/10411
f 10416/10416 10414/10414 10415/10415
f 10243/10243 10242/10242 10240/10240
f 3403/3403 3405/3405 3404/3404
f 3402/3402 3403/3403 3404/3404
f 4173/4173 4177/4177 4171/4171
f 3807/3807 3806/3806 3808/3808
f 5110/5110 5111/5111 5112/5112
f 6119/6119 6120/6120 6117/6117
f 4171/4171 4170/4170 4173/4173
f 10247/10247 10243/10243 10248/10248
f 6117/6117 6118/6118 6119/6119
f 6120/6120 6121/6121 6117/6117
f 10247/10247 10246/10246 10243/10243
f 10243/10243 10244/10244 10242/10242
f 10246/10246 10244/10244 10243/10243
f 3803/3803 3806/3806 3807/3807
f 10244/10244 10245/10245 10242/10242
f 5446/5446 5447/5447 5448/5448
f 4796/4796 4794/4794 4793/4793
f 3402/3402 3406/3406 3403/3403
f 4172/4172 4177/4177 4176/4176
f 4669/4669 4670/4670 4671/4671
f 3806/3806 3803/3803 3805/3805
f 4170/4170 4171/4171 4172/4172
f 4792/4792 4793/4793 4794/4794
f 4174/4174 4170/4170 4172/4172
f 6691/6691 6738/6738 6739/6739
f 6808/6808 6738/6738 6691/6691
f 6738/6738 6732/6732 6740/6740
f 10849/10849 10838/10838 10848/10848
f 10465/10465 10466/10466 10467/10467
f 6738/6738 6744/6744 6732/6732
f 10850/10850 10838/10838 10849/10849
f 4669/4669 4672/4672 4670/4670
f 6842/6842 6798/6798 6738/6738
f 6798/6798 6797/6797 6738/6738
f 6738/6738 6788/6788 6744/6744
f 6797/6797 6788/6788 6738/6738
f 10851/10851 10838/10838 10850/10850
f 10263/10263 10203/10203 10189/10189
f 4175/4175 4172/4172 4176/4176
f 4174/4174 4172/4172 4175/4175
f 6798/6798 6842/6842 6800/6800
f 6800/6800 6799/6799 6798/6798
f 6797/6797 6798/6798 6799/6799
f 10852/10852 10838/10838 10851/10851
f 10842/10842 10838/10838 10852/10852
f 6800/6800 6801/6801 6799/6799
f 6801/6801 6869/6869 6799/6799
f 6870/6870 6869/6869 6801/6801
f 6799/6799 6869/6869 6849/6849
f 10842/10842 10839/10839 10838/10838
f 10838/10838 10839/10839 10840/10840
f 10838/10838 10840/10840 10841/10841
f 6870/6870 6868/6868 6869/6869
f 6871/6871 6868/6868 6870/6870
f 6869/6869 6868/6868 6849/6849
f 6849/6849 6848/6848 6847/6847
f 6868/6868 6848/6848 6849/6849
f 6847/6847 6848/6848 6846/6846
f 6868/6868 6710/6710 6848/6848
f 6235/6235 6230/6230 6232/6232
f 6230/6230 6235/6235 6233/6233
f 6230/6230 6233/6233 6231/6231
f 1069/1069 1044/1044 1067/1067
f 1068/1068 1067/1067 1044/1044
f 1068/1068 1044/1044 1043/1043
f 3633/3633 3630/3630 3772/3772
f 3631/3631 3630/3630 3633/3633
f 1043/1043 1033/1033 1040/1040
f 1040/1040 1033/1033 1041/1041
f 1045/1045 1016/1016 1044/1044
f 1044/1044 1018/1018 1043/1043
f 1018/1018 1033/1033 1043/1043
f 1016/1016 1018/1018 1044/1044
f 1018/1018 1023/1023 1033/1033
f 10647/10647 10645/10645 10646/10646
f 10645/10645 10647/10647 10648/10648
f 10647/10647 10649/10649 10648/10648
f 10620/10620 10626/10626 10628/10628
f 9832/9832 9824/9824 9831/9831
f 10647/10647 10646/10646 10652/10652
f 1015/1015 1018/1018 1016/1016
f 1018/1018 1015/1015 1022/1022
f 1023/1023 1018/1018 1022/1022
f 10628/10628 10626/10626 10645/10645
f 10645/10645 10626/10626 10646/10646
f 10628/10628 10645/10645 10658/10658
f 10624/10624 10620/10620 10628/10628
f 4562/4562 4566/4566 4389/4389
f 3175/3175 3164/3164 3162/3162
f 4560/4560 4566/4566 4562/4562
f 9595/9595 9593/9593 9594/9594
f 9597/9597 9596/9596 9595/9595
f 9596/9596 9593/9593 9595/9595
f 4566/4566 4556/4556 4389/4389
f 2645/2645 2601/2601 2582/2582
f 4566/4566 4560/4560 4558/4558
f 2601/2601 2583/2583 2582/2582
f 4558/4558 4556/4556 4566/4566
f 2635/2635 2583/2583 2620/2620
f 2583/2583 2516/2516 2582/2582
f 4561/4561 4559/4559 4560/4560
f 4560/4560 4559/4559 4558/4558
f 2605/2605 2583/2583 2636/2636
f 2516/2516 2583/2583 2603/2603
f 2603/2603 2514/2514 2516/2516
f 4558/4558 4557/4557 4556/4556
f 2636/2636 2607/2607 2605/2605
f 2583/2583 2605/2605 2603/2603
f 2603/2603 2605/2605 2604/2604
f 4557/4557 4559/4559 4561/4561
f 2603/2603 2604/2604 2514/2514
f 4557/4557 4558/4558 4559/4559
f 4561/4561 4547/4547 4557/4557
f 4557/4557 4548/4548 4556/4556
f 4547/4547 4548/4548 4557/4557
f 2562/2562 2511/2511 2561/2561
f 2510/2510 2511/2511 2562/2562
f 2564/2564 2561/2561 2511/2511
f 2503/2503 2510/2510 2562/2562
f 2511/2511 2639/2639 2564/2564
f 2512/2512 2511/2511 2506/2506
f 49/49 50/50 51/51
f 2510/2510 2506/2506 2511/2511
f 2503/2503 2502/2502 2506/2506
f 2506/2506 2510/2510 2503/2503
f 10314/10314 10315/10315 10320/10320
f 10311/10311 10314/10314 10321/10321
f 10311/10311 10313/10313 10314/10314
f 10313/10313 10315/10315 10314/10314
f 10311/10311 10312/10312 10313/10313
f 4374/4374 4389/4389 4362/4362
f 4374/4374 4362/4362 4345/4345
f 4389/4389 4556/4556 4362/4362
f 4362/4362 4555/4555 4400/4400
f 4556/4556 4555/4555 4362/4362
f 4362/4362 4357/4357 4345/4345
f 4364/4364 4357/4357 4362/4362
f 4400/4400 4555/4555 4553/4553
f 4362/4362 4400/4400 4364/4364
f 4364/4364 4368/4368 4357/4357
f 4368/4368 4347/4347 4357/4357
f 4556/4556 4554/4554 4555/4555
f 4346/4346 4347/4347 4368/4368
f 4555/4555 4554/4554 4553/4553
f 4548/4548 4554/4554 4556/4556
f 4553/4553 4364/4364 4400/4400
f 10581/10581 10580/10580 10577/10577
f 10581/10581 10582/10582 10580/10580
f 10581/10581 10676/10676 10582/10582
f 4387/4387 4386/4386 4371/4371
f 10582/10582 10676/10676 10586/10586
f 4386/4386 4592/4592 4598/4598
f 4592/4592 4597/4597 4598/4598
f 6934/6934 6935/6935 6932/6932
f 3130/3130 3109/3109 3135/3135
f 9502/9502 9499/9499 9497/9497
f 3109/3109 3108/3108 3104/3104
f 9499/9499 9498/9498 9497/9497
f 9497/9497 9498/9498 9496/9496
f 10588/10588 10581/10581 10587/10587
f 9500/9500 9498/9498 9499/9499
f 3128/3128 3109/3109 3130/3130
f 10582/10582 10583/10583 10580/10580
f 2898/2898 2904/2904 2903/2903
f 2905/2905 2903/2903 2904/2904
f 2904/2904 2906/2906 2905/2905
f 3128/3128 3108/3108 3109/3109
f 3171/3171 3172/3172 3174/3174
f 10582/10582 10586/10586 10584/10584
f 10582/10582 10584/10584 10583/10583
f 3172/3172 3173/3173 3174/3174
f 10860/10860 10861/10861 10862/10862
f 10863/10863 10861/10861 10860/10860
f 2839/2839 2842/2842 2904/2904
f 2904/2904 2842/2842 2906/2906
f 2906/2906 2842/2842 2908/2908
f 2906/2906 2908/2908 2914/2914
f 3130/3130 3129/3129 3128/3128
f 10864/10864 10865/10865 10866/10866
f 10867/10867 10865/10865 10864/10864
f 3171/3171 3281/3281 3093/3093
f 10870/10870 10869/10869 10871/10871
f 10868/10868 10869/10869 10870/10870
f 2842/2842 2844/2844 2908/2908
f 2843/2843 2844/2844 2842/2842
f 2908/2908 2847/2847 2914/2914
f 2844/2844 2847/2847 2908/2908
f 3281/3281 3280/3280 3093/3093
f 2840/2840 2849/2849 2841/2841
f 2841/2841 2845/2845 2843/2843
f 2849/2849 2845/2845 2841/2841
f 2843/2843 2846/2846 2844/2844
f 2845/2845 2846/2846 2843/2843
f 2844/2844 2846/2846 2847/2847
f 3276/3276 3093/3093 3280/3280
f 3093/3093 3092/3092 3090/3090
f 2855/2855 2857/2857 2849/2849
f 6594/6594 6589/6589 6593/6593
f 6593/6593 6586/6586 6576/6576
f 6589/6589 6586/6586 6593/6593
f 6586/6586 6585/6585 6576/6576
f 3129/3129 3127/3127 3128/3128
f 3093/3093 3094/3094 3092/3092
f 6595/6595 6591/6591 6589/6589
f 6588/6588 6586/6586 6589/6589
f 10589/10589 10581/10581 10588/10588
f 3092/3092 3091/3091 3090/3090
f 6589/6589 6591/6591 6590/6590
f 10588/10588 10590/10590 10589/10589
f 6586/6586 6588/6588 6587/6587
f 6586/6586 6584/6584 6585/6585
f 6587/6587 6584/6584 6586/6586
f 3094/3094 3104/3104 3092/3092
f 6589/6589 6590/6590 6588/6588
f 10589/10589 10676/10676 10581/10581
f 3104/3104 3091/3091 3092/3092
f 6588/6588 6584/6584 6587/6587
f 3129/3129 3131/3131 3127/3127
f 3140/3140 3131/3131 3129/3129
f 6584/6584 6588/6588 6590/6590
f 3135/3135 3104/3104 3094/3094
f 3127/3127 3108/3108 3128/3128
f 3135/3135 3109/3109 3104/3104
f 6591/6591 6592/6592 6590/6590
f 6438/6438 6439/6439 6435/6435
f 3127/3127 3111/3111 3108/3108
f 6592/6592 6584/6584 6590/6590
f 6438/6438 6440/6440 6439/6439
f 3131/3131 3113/3113 3127/3127
f 7433/7433 7432/7432 7431/7431
f 10872/10872 10873/10873 10874/10874
f 10875/10875 10872/10872 10874/10874
f 6584/6584 6592/6592 6596/6596
f 3666/3666 3664/3664 3662/3662
f 3664/3664 3663/3663 3662/3662
f 7453/7453 7442/7442 7441/7441
f 3113/3113 3111/3111 3127/3127
f 3726/3726 3667/3667 3666/3666
f 3728/3728 3667/3667 3726/3726
f 3665/3665 3666/3666 3667/3667
f 3666/3666 3665/3665 3664/3664
f 3665/3665 3663/3663 3664/3664
f 7454/7454 7429/7429 7430/7430
f 7434/7434 7482/7482 7432/7432
f 10099/10099 10100/10100 10095/10095
f 3724/3724 3667/3667 3728/3728
f 3667/3667 3659/3659 3665/3665
f 3724/3724 3659/3659 3667/3667
f 3665/3665 3659/3659 3663/3663
f 7453/7453 7450/7450 7442/7442
f 7450/7450 7447/7447 7442/7442
f 7480/7480 7453/7453 7432/7432
f 7432/7432 7482/7482 7480/7480
f 10098/10098 10099/10099 10095/10095
f 10040/10040 10037/10037 10041/10041
f 7439/7439 7440/7440 7430/7430
f 7430/7430 7440/7440 7454/7454
f 7440/7440 7446/7446 7454/7454
f 7450/7450 7453/7453 7480/7480
f 10095/10095 10097/10097 10098/10098
f 10039/10039 10037/10037 10040/10040
f 7436/7436 7482/7482 7434/7434
f 7480/7480 7451/7451 7450/7450
f 7432/7432 7439/7439 7430/7430
f 10095/10095 10096/10096 10097/10097
f 7074/7074 7075/7075 7077/7077
f 10036/10036 10037/10037 10039/10039
f 7457/7457 7480/7480 7482/7482
f 7457/7457 7451/7451 7480/7480
f 7431/7431 7432/7432 7430/7430
f 7441/7441 7440/7440 7439/7439
f 7441/7441 7442/7442 7440/7440
f 7453/7453 7439/7439 7432/7432
f 7453/7453 7441/7441 7439/7439
f 10606/10606 10632/10632 10609/10609
f 10609/10609 10632/10632 10631/10631
f 10632/10632 10606/10606 10638/10638
f 10608/10608 10609/10609 10610/10610
f 10608/10608 10606/10606 10609/10609
f 10606/10606 10604/10604 10638/10638
f 2743/2743 2742/2742 2787/2787
f 2742/2742 2738/2738 2739/2739
f 2743/2743 2738/2738 2742/2742
f 2743/2743 2758/2758 2738/2738
f 2787/2787 2786/2786 2743/2743
f 2775/2775 2743/2743 2786/2786
f 2743/2743 2763/2763 2758/2758
f 2775/2775 2763/2763 2743/2743
f 9609/9609 9613/9613 9646/9646
f 9609/9609 9607/9607 9613/9613
f 9608/9608 9607/9607 9609/9609
f 2437/2437 2436/2436 2461/2461
f 2464/2464 2461/2461 2436/2436
f 9611/9611 9613/9613 9607/9607
f 9611/9611 9739/9739 9613/9613
f 9606/9606 9607/9607 9608/9608
f 9610/9610 9608/9608 9612/9612
f 9646/9646 9647/9647 9733/9733
f 9607/9607 9606/9606 9611/9611
f 9739/9739 9611/9611 9614/9614
f 9733/9733 9647/9647 9652/9652
f 9606/9606 9608/9608 9610/9610
f 9606/9606 9614/9614 9611/9611
f 9647/9647 9651/9651 9652/9652
f 2464/2464 2462/2462 2461/2461
f 10132/10132 10353/10353 10135/10135
f 10141/10141 10353/10353 10132/10132
f 2461/2461 2462/2462 2460/2460
f 9646/9646 9613/9613 9647/9647
f 10131/10131 10132/10132 10135/10135
f 10132/10132 10138/10138 10141/10141
f 2462/2462 2463/2463 2460/2460
f 2463/2463 2470/2470 2460/2460
f 9662/9662 9657/9657 9731/9731
f 1138/1138 1139/1139 1140/1140
f 9645/9645 9639/9639 9744/9744
f 9758/9758 9761/9761 9762/9762
f 1139/1139 1138/1138 1096/1096
f 2724/2724 2725/2725 2704/2704
f 6402/6402 6405/6405 6403/6403
f 2724/2724 2727/2727 2725/2725
f 2769/2769 2727/2727 2724/2724
f 2725/2725 2726/2726 2704/2704
f 2727/2727 2726/2726 2725/2725
f 2709/2709 2704/2704 2726/2726
f 9662/9662 9658/9658 9657/9657
f 10876/10876 10877/10877 10878/10878
f 10879/10879 10877/10877 10876/10876
f 9628/9628 9645/9645 9627/9627
f 9645/9645 9641/9641 9639/9639
f 3080/3080 3078/3078 3081/3081
f 6312/6312 6313/6313 6314/6314
f 2727/2727 2769/2769 2726/2726
f 6895/6895 6898/6898 6897/6897
f 3079/3079 3078/3078 3080/3080
f 6397/6397 6401/6401 6399/6399
f 9782/9782 9785/9785 9783/9783
f 100/100 101/101 102/102
f 3084/3084 3083/3083 3078/3078
f 3078/3078 3083/3083 3082/3082
f 3078/3078 3082/3082 3081/3081
f 9641/9641 9645/9645 9743/9743
f 9758/9758 9760/9760 9761/9761
f 9781/9781 9782/9782 9783/9783
f 6398/6398 6395/6395 6399/6399
f 6393/6393 6395/6395 6398/6398
f 6399/6399 6395/6395 6397/6397
f 5467/5467 5468/5468 5469/5469
f 5467/5467 5470/5470 5468/5468
f 10708/10708 10707/10707 10709/10709
f 6393/6393 6396/6396 6395/6395
f 6395/6395 6396/6396 6397/6397
f 5470/5470 5471/5471 5468/5468
f 157/157 158/158 159/159
f 10707/10707 10705/10705 10709/10709
f 10706/10706 10705/10705 10707/10707
f 5257/5257 5262/5262 5260/5260
f 10880/10880 10881/10881 10882/10882
f 7086/7086 7087/7087 7088/7088
f 10698/10698 10699/10699 10700/10700
f 10706/10706 10704/10704 10705/10705
f 10710/10710 10704/10704 10706/10706
f 10705/10705 10704/10704 10698/10698
f 10701/10701 10699/10699 10698/10698
f 6881/6881 6882/6882 6883/6883
f 10701/10701 10698/10698 10702/10702
f 10710/10710 10703/10703 10704/10704
f 10711/10711 10703/10703 10710/10710
f 10704/10704 10703/10703 10698/10698
f 10702/10702 10698/10698 10703/10703
f 3850/3850 3854/3854 3855/3855
f 6893/6893 6881/6881 6883/6883
f 3851/3851 3854/3854 3850/3850
f 3849/3849 3853/3853 3850/3850
f 3853/3853 3852/3852 3850/3850
f 3848/3848 3849/3849 3850/3850
f 10883/10883 10885/10885 10887/10887
f 4339/4339 4349/4349 4348/4348
f 4335/4335 4336/4336 4349/4349
f 4282/4282 4279/4279 4274/4274
f 4341/4341 4339/4339 4348/4348
f 4339/4339 4335/4335 4349/4349
f 4282/4282 4283/4283 4279/4279
f 4339/4339 4338/4338 4335/4335
f 4335/4335 4332/4332 4333/4333
f 4391/4391 4283/4283 4401/4401
f 4391/4391 4279/4279 4283/4283
f 4392/4392 4279/4279 4391/4391
f 4338/4338 4332/4332 4335/4335
f 4340/4340 4331/4331 4339/4339
f 4339/4339 4331/4331 4338/4338
f 4445/4445 4446/4446 4401/4401
f 4446/4446 4391/4391 4401/4401
f 4331/4331 4340/4340 4329/4329
f 4391/4391 4448/4448 4392/4392
f 4338/4338 4331/4331 4332/4332
f 4331/4331 4330/4330 4332/4332
f 4332/4332 4307/4307 4333/4333
f 4331/4331 4329/4329 4330/4330
f 4332/4332 4330/4330 4307/4307
f 4391/4391 4447/4447 4448/4448
f 4446/4446 4447/4447 4391/4391
f 4371/4371 4447/4447 4446/4446
f 4387/4387 4371/4371 4446/4446
f 9665/9665 9667/9667 9666/9666
f 9653/9653 9665/9665 9663/9663
f 9668/9668 9671/9671 9666/9666
f 9667/9667 9668/9668 9666/9666
f 9668/9668 9672/9672 9671/9671
f 9667/9667 9669/9669 9668/9668
f 9718/9718 9667/9667 9665/9665
f 10275/10275 10274/10274 10272/10272
f 9670/9670 9669/9669 9667/9667
f 9668/9668 9674/9674 9672/9672
f 10272/10272 10268/10268 10275/10275
f 10270/10270 10268/10268 10272/10272
f 3169/3169 3255/3255 3170/3170
f 3255/3255 3325/3325 3170/3170
f 3245/3245 3246/3246 3340/3340
f 2616/2616 2619/2619 2618/2618
f 3255/3255 3335/3335 3325/3325
f 5064/5064 5065/5065 5066/5066
f 2615/2615 2616/2616 2618/2618
f 2616/2616 2617/2617 2619/2619
f 2617/2617 2620/2620 2619/2619
f 2613/2613 2616/2616 2615/2615
f 2615/2615 2614/2614 2613/2613
f 2613/2613 2617/2617 2616/2616
f 2617/2617 2613/2613 2633/2633
f 2613/2613 2609/2609 2633/2633
f 2634/2634 2617/2617 2633/2633
f 2614/2614 2611/2611 2613/2613
f 2611/2611 2609/2609 2613/2613
f 9740/9740 9728/9728 9745/9745
f 2609/2609 2634/2634 2633/2633
f 9725/9725 9728/9728 9740/9740
f 9728/9728 9725/9725 9727/9727
f 4976/4976 4979/4979 4977/4977
f 4974/4974 4976/4976 4977/4977
f 4974/4974 4975/4975 4976/4976
f 3045/3045 3044/3044 3047/3047
f 3045/3045 3047/3047 3046/3046
f 3048/3048 3046/3046 3047/3047
f 3045/3045 3029/3029 3044/3044
f 3046/3046 3043/3043 3045/3045
f 3045/3045 3030/3030 3029/3029
f 3043/3043 3030/3030 3045/3045
f 3037/3037 3030/3030 3043/3043
f 3036/3036 3037/3037 3038/3038
f 3036/3036 3033/3033 3030/3030
f 3036/3036 3030/3030 3037/3037
f 4565/4565 4564/4564 4562/4562
f 4563/4563 4562/4562 4564/4564
f 4593/4593 4564/4564 4411/4411
f 4562/4562 4561/4561 4560/4560
f 4411/4411 4408/4408 4593/4593
f 4563/4563 4564/4564 4593/4593
f 4561/4561 4562/4562 4563/4563
f 4408/4408 4410/4410 4593/4593
f 4410/4410 4546/4546 4593/4593
f 4593/4593 4546/4546 4563/4563
f 4408/4408 4409/4409 4410/4410
f 4410/4410 4409/4409 4546/4546
f 4563/4563 4546/4546 4561/4561
f 4546/4546 4409/4409 4466/4466
f 4546/4546 4547/4547 4561/4561
f 4546/4546 4545/4545 4547/4547
f 9533/9533 9531/9531 9528/9528
f 9533/9533 9536/9536 9531/9531
f 9546/9546 9547/9547 9536/9536
f 9547/9547 9548/9548 9536/9536
f 9548/9548 9549/9549 9536/9536
f 9536/9536 9550/9550 9531/9531
f 9549/9549 9550/9550 9536/9536
f 6976/6976 6975/6975 6980/6980
f 6962/6962 6975/6975 6976/6976
f 6980/6980 6982/6982 6979/6979
f 6975/6975 6982/6982 6980/6980
f 6979/6979 6982/6982 6977/6977
f 6977/6977 6982/6982 6978/6978
f 6962/6962 6963/6963 6975/6975
f 6961/6961 6963/6963 6962/6962
f 6975/6975 6964/6964 6982/6982
f 6963/6963 6964/6964 6975/6975
f 6964/6964 6965/6965 6982/6982
f 6961/6961 6991/6991 6963/6963
f 6957/6957 6991/6991 6961/6961
f 6963/6963 6991/6991 6964/6964
f 6964/6964 6991/6991 6965/6965
f 6965/6965 6966/6966 6982/6982
f 6991/6991 6966/6966 6965/6965
f 6991/6991 6967/6967 6966/6966
f 6991/6991 6968/6968 6967/6967
f 6991/6991 6969/6969 6968/6968
f 9445/9445 9446/9446 9448/9448
f 9443/9443 9446/9446 9445/9445
f 6972/6972 6971/6971 6991/6991
f 6993/6993 6971/6971 6972/6972
f 6991/6991 6970/6970 6969/6969
f 6971/6971 6970/6970 6991/6991
f 6993/6993 6989/6989 6971/6971
f 7002/7002 6989/6989 6993/6993
f 6971/6971 6984/6984 6970/6970
f 6989/6989 6984/6984 6971/6971
f 7002/7002 6987/6987 6989/6989
f 6987/6987 6984/6984 6989/6989
f 6987/6987 6986/6986 6984/6984
f 7002/7002 6986/6986 6987/6987
f 7002/7002 6990/6990 6986/6986
f 7002/7002 7001/7001 6990/6990
f 7434/7434 7432/7432 7433/7433
f 7436/7436 7434/7434 7435/7435
f 2916/2916 2923/2923 2922/2922
f 2918/2918 2916/2916 2919/2919
f 2997/2997 3003/3003 2999/2999
f 3003/3003 2918/2918 2999/2999
f 2915/2915 2916/2916 2918/2918
f 2935/2935 2934/2934 2916/2916
f 2916/2916 2933/2933 2932/2932
f 2934/2934 2933/2933 2916/2916
f 2935/2935 2931/2931 2934/2934
f 2933/2933 2934/2934 2931/2931
f 2982/2982 3003/3003 2997/2997
f 2915/2915 2918/2918 3003/3003
f 2915/2915 2879/2879 2916/2916
f 2879/2879 2935/2935 2916/2916
f 2982/2982 2915/2915 3003/3003
f 2966/2966 2982/2982 2997/2997
f 2982/2982 2968/2968 2915/2915
f 2935/2935 2936/2936 2931/2931
f 2879/2879 2936/2936 2935/2935
f 2936/2936 2937/2937 2931/2931
f 2936/2936 2879/2879 2937/2937
f 9357/9357 9350/9350 9349/9349
f 9348/9348 9349/9349 9350/9350
f 9348/9348 9350/9350 9351/9351
f 9351/9351 9352/9352 9348/9348
f 2885/2885 2879/2879 2915/2915
f 9348/9348 9352/9352 9353/9353
f 9357/9357 9351/9351 9350/9350
f 2835/2835 2833/2833 2834/2834
f 3028/3028 3022/3022 2835/2835
f 2835/2835 3022/3022 2833/2833
f 3028/3028 2835/2835 3020/3020
f 3013/3013 2833/2833 3022/3022
f 3020/3020 3026/3026 3028/3028
f 3022/3022 3028/3028 3026/3026
f 3025/3025 3013/3013 3022/3022
f 3026/3026 3025/3025 3022/3022
f 3026/3026 3014/3014 3025/3025
f 3026/3026 3015/3015 3014/3014
f 3025/3025 3014/3014 3013/3013
f 4350/4350 4385/4385 4349/4349
f 4385/4385 4350/4350 4394/4394
f 4349/4349 4336/4336 4350/4350
f 3479/3479 3478/3478 3482/3482
f 3479/3479 3471/3471 3478/3478
f 3477/3477 3471/3471 3479/3479
f 3477/3477 3476/3476 3471/3471
f 3479/3479 3476/3476 3477/3477
f 4335/4335 4333/4333 4336/4336
f 3476/3476 3479/3479 3473/3473
f 3479/3479 3480/3480 3473/3473
f 4351/4351 4350/4350 4336/4336
f 4350/4350 4351/4351 4352/4352
f 3480/3480 3474/3474 3473/3473
f 4234/4234 4350/4350 4232/4232
f 4350/4350 4353/4353 4232/4232
f 4336/4336 4333/4333 4351/4351
f 4352/4352 4353/4353 4350/4350
f 4334/4334 4351/4351 4333/4333
f 4333/4333 4307/4307 4334/4334
f 4354/4354 4352/4352 4240/4240
f 4351/4351 4334/4334 4352/4352
f 4240/4240 4352/4352 4334/4334
f 4354/4354 4353/4353 4352/4352
f 6789/6789 6860/6860 6631/6631
f 6861/6861 6860/6860 6789/6789
f 4240/4240 4242/4242 4354/4354
f 6862/6862 6860/6860 6861/6861
f 6860/6860 6864/6864 6631/6631
f 6862/6862 6863/6863 6860/6860
f 6647/6647 6863/6863 6862/6862
f 10890/10890 10889/10889 10891/10891
f 10888/10888 10889/10889 10890/10890
f 6865/6865 6631/6631 6864/6864
f 6647/6647 6631/6631 6863/6863
f 6645/6645 6631/6631 6647/6647
f 6863/6863 6631/6631 6865/6865
f 6636/6636 6631/6631 6645/6645
f 6636/6636 6645/6645 6638/6638
f 6634/6634 6631/6631 6636/6636
f 6633/6633 6631/6631 6634/6634
f 6629/6629 6631/6631 6633/6633
f 6638/6638 6613/6613 6636/6636
f 6636/6636 6628/6628 6634/6634
f 6613/6613 6628/6628 6636/6636
f 6634/6634 6635/6635 6633/6633
f 6628/6628 6635/6635 6634/6634
f 6633/6633 6637/6637 6629/6629
f 6635/6635 6637/6637 6633/6633
f 6613/6613 6627/6627 6628/6628
f 6628/6628 6640/6640 6635/6635
f 6627/6627 6640/6640 6628/6628
f 6635/6635 6641/6641 6637/6637
f 6640/6640 6641/6641 6635/6635
f 6615/6615 6627/6627 6613/6613
f 10892/10892 10893/10893 10894/10894
f 10892/10892 10894/10894 10896/10896
f 6642/6642 6641/6641 6640/6640
f 10895/10895 10893/10893 10892/10892
f 10859/10859 10858/10858 10856/10856
f 10857/10857 10856/10856 10858/10858
f 6614/6614 6617/6617 6615/6615
f 6621/6621 6617/6617 6614/6614
f 6617/6617 6618/6618 6615/6615
f 10857/10857 10855/10855 10856/10856
f 6621/6621 6620/6620 6617/6617
f 6622/6622 6620/6620 6621/6621
f 6617/6617 6619/6619 6618/6618
f 6620/6620 6619/6619 6617/6617
f 10855/10855 10845/10845 10856/10856
f 10854/10854 10845/10845 10855/10855
f 6622/6622 6625/6625 6620/6620
f 10897/10897 10898/10898 10899/10899
f 6620/6620 6626/6626 6619/6619
f 6625/6625 6626/6626 6620/6620
f 10853/10853 10845/10845 10854/10854
f 6611/6611 6695/6695 6625/6625
f 6610/6610 6695/6695 6611/6611
f 10846/10846 10845/10845 10853/10853
f 10843/10843 10845/10845 10846/10846
f 6610/6610 6694/6694 6695/6695
f 6688/6688 6694/6694 6610/6610
f 10843/10843 10844/10844 10845/10845
f 6694/6694 6696/6696 6695/6695
f 10844/10844 10847/10847 10845/10845
f 6690/6690 6694/6694 6688/6688
f 10901/10901 10902/10902 10903/10903
f 10904/10904 10902/10902 10901/10901
f 6694/6694 6738/6738 6696/6696
f 6739/6739 6738/6738 6694/6694
f 6696/6696 6740/6740 6697/6697
f 6738/6738 6740/6740 6696/6696
f 10847/10847 10838/10838 10845/10845
f 10848/10848 10838/10838 10847/10847
f 9406/9406 9405/9405 9404/9404
f 9404/9404 9405/9405 9402/9402
f 9405/9405 9411/9411 9402/9402
f 9409/9409 9411/9411 9405/9405
f 9411/9411 9453/9453 9402/9402
f 9409/9409 9454/9454 9411/9411
f 9566/9566 9563/9563 9565/9565
f 4550/4550 4585/4585 4578/4578
f 4565/4565 4585/4585 4550/4550
f 4291/4291 4379/4379 4293/4293
f 4379/4379 4291/4291 4288/4288
f 4579/4579 4577/4577 4578/4578
f 4578/4578 4577/4577 4550/4550
f 4550/4550 4564/4564 4565/4565
f 4379/4379 4378/4378 4293/4293
f 4379/4379 4384/4384 4380/4380
f 4379/4379 4380/4380 4378/4378
f 4577/4577 4549/4549 4550/4550
f 4564/4564 4550/4550 4411/4411
f 4384/4384 4395/4395 4380/4380
f 4551/4551 4577/4577 4579/4579
f 4550/4550 4409/4409 4411/4411
f 4549/4549 4409/4409 4550/4550
f 4384/4384 4396/4396 4395/4395
f 4408/4408 4411/4411 4409/4409
f 4396/4396 4397/4397 4395/4395
f 9515/9515 9478/9478 9487/9487
f 4465/4465 4551/4551 4579/4579
f 4549/4549 4577/4577 4551/4551
f 9515/9515 9510/9510 9489/9489
f 9491/9491 9489/9489 9510/9510
f 4549/4549 4466/4466 4409/4409
f 9489/9489 9477/9477 9515/9515
f 9477/9477 9478/9478 9515/9515
f 4551/4551 4466/4466 4549/4549
f 6472/6472 6473/6473 6474/6474
f 2948/2948 2952/2952 2950/2950
f 4465/4465 4466/4466 4551/4551
f 4458/4458 4466/4466 4465/4465
f 993/993 996/996 991/991
f 5440/5440 5437/5437 5439/5439
f 9491/9491 9488/9488 9489/9489
f 5437/5437 5438/5438 5439/5439
f 992/992 991/991 999/999
f 9477/9477 9476/9476 9478/9478
f 9476/9476 9479/9479 9478/9478
f 992/992 999/999 1001/1001
f 1001/1001 999/999 1002/1002
f 1003/1003 1001/1001 1002/1002
f 2948/2948 2953/2953 2952/2952
f 6370/6370 6371/6371 6372/6372
f 6370/6370 6373/6373 6371/6371
f 6547/6547 6549/6549 6552/6552
f 6547/6547 6548/6548 6549/6549
f 6550/6550 6548/6548 6547/6547
f 2953/2953 2954/2954 2952/2952
f 2960/2960 2959/2959 2953/2953
f 6667/6667 6668/6668 6550/6550
f 2958/2958 2953/2953 2959/2959
f 2953/2953 2956/2956 2954/2954
f 2958/2958 2956/2956 2953/2953
f 2954/2954 2955/2955 2952/2952
f 6681/6681 6835/6835 6687/6687
f 10905/10905 10906/10906 10907/10907
f 10908/10908 10906/10906 10905/10905
f 2961/2961 2958/2958 2959/2959
f 6679/6679 6680/6680 6681/6681
f 6681/6681 6836/6836 6835/6835
f 6680/6680 6836/6836 6681/6681
f 6666/6666 6672/6672 6669/6669
f 6675/6675 6672/6672 6666/6666
f 6669/6669 6678/6678 6679/6679
f 6672/6672 6678/6678 6669/6669
f 6678/6678 6680/6680 6679/6679
f 6675/6675 6677/6677 6672/6672
f 6672/6672 6682/6682 6678/6678
f 6677/6677 6682/6682 6672/6672
f 6678/6678 6682/6682 6680/6680
f 6680/6680 6837/6837 6836/6836
f 6682/6682 6837/6837 6680/6680
f 10913/10913 10911/10911 10914/10914
f 10909/10909 10911/10911 10913/10913
f 6677/6677 6683/6683 6682/6682
f 6682/6682 6685/6685 6834/6834
f 6683/6683 6685/6685 6682/6682
f 10909/10909 10910/10910 10911/10911
f 10912/10912 10910/10910 10909/10909
f 10251/10251 10354/10354 10260/10260
f 10257/10257 10199/10199 10251/10251
f 10257/10257 10266/10266 10199/10199
f 10194/10194 10195/10195 10193/10193
f 10204/10204 10195/10195 10194/10194
f 10257/10257 10251/10251 10260/10260
f 10199/10199 10266/10266 10204/10204
f 4798/4798 4797/4797 4800/4800
f 4797/4797 4798/4798 4799/4799
f 4797/4797 4799/4799 4801/4801
f 10257/10257 10374/10374 10266/10266
f 10479/10479 10480/10480 10481/10481
f 2366/2366 2362/2362 2365/2365
f 2364/2364 2363/2363 2368/2368
f 2363/2363 2369/2369 2368/2368
f 2362/2362 2364/2364 2365/2365
f 2362/2362 2363/2363 2364/2364
f 2498/2498 2497/2497 2496/2496
f 2497/2497 2494/2494 2496/2496
f 2496/2496 2494/2494 2495/2495
f 2495/2495 2484/2484 2493/2493
f 2494/2494 2484/2484 2495/2495
f 2484/2484 2494/2494 2492/2492
f 2492/2492 2488/2488 2484/2484
f 2484/2484 2488/2488 2487/2487
f 6692/6692 6693/6693 6691/6691
f 6693/6693 6808/6808 6691/6691
f 9603/9603 9604/9604 9605/9605
f 6815/6815 6692/6692 6609/6609
f 6693/6693 6738/6738 6808/6808
f 6692/6692 6738/6738 6693/6693
f 9365/9365 9364/9364 9366/9366
f 6692/6692 6842/6842 6738/6738
f 6692/6692 6800/6800 6842/6842
f 9365/9365 9363/9363 9364/9364
f 9364/9364 9361/9361 9524/9524
f 6815/6815 6816/6816 6692/6692
f 6816/6816 6845/6845 6692/6692
f 6692/6692 6801/6801 6800/6800
f 6845/6845 6801/6801 6692/6692
f 9363/9363 9361/9361 9364/9364
f 6816/6816 6870/6870 6845/6845
f 6845/6845 6870/6870 6801/6801
f 9361/9361 9363/9363 9362/9362
f 6870/6870 6816/6816 6871/6871
f 6868/6868 6871/6871 6816/6816
f 6144/6144 6143/6143 6145/6145
f 3321/3321 3252/3252 3320/3320
f 9435/9435 9358/9358 9362/9362
f 3261/3261 3248/3248 3321/3321
f 3321/3321 3248/3248 3252/3252
f 6817/6817 6816/6816 6815/6815
f 6144/6144 6141/6141 6143/6143
f 9358/9358 9361/9361 9362/9362
f 6815/6815 6818/6818 6817/6817
f 3252/3252 3241/3241 3253/3253
f 3248/3248 3241/3241 3252/3252
f 3247/3247 3241/3241 3248/3248
f 3241/3241 3247/3247 3239/3239
f 3239/3239 3240/3240 3241/3241
f 3244/3244 3245/3245 3241/3241
f 3239/3239 3236/3236 3240/3240
f 3244/3244 3241/3241 3240/3240
f 2627/2627 2624/2624 2623/2623
f 3276/3276 3280/3280 3279/3279
f 3273/3273 3095/3095 3274/3274
f 3095/3095 3093/3093 3276/3276
f 3095/3095 3094/3094 3093/3093
f 3095/3095 3138/3138 3094/3094
f 3137/3137 3138/3138 3095/3095
f 3283/3283 3137/3137 3095/3095
f 3138/3138 3135/3135 3094/3094
f 3137/3137 3136/3136 3138/3138
f 3138/3138 3136/3136 3135/3135
f 3136/3136 3134/3134 3135/3135
f 10484/10484 10483/10483 10486/10486
f 10486/10486 10501/10501 10484/10484
f 1097/1097 1112/1112 1107/1107
f 1112/1112 1113/1113 1107/1107
f 10483/10483 10487/10487 10486/10486
f 10486/10486 10495/10495 10501/10501
f 1098/1098 1112/1112 1097/1097
f 10487/10487 10488/10488 10486/10486
f 10495/10495 10493/10493 10496/10496
f 1112/1112 1114/1114 1113/1113
f 10486/10486 10493/10493 10495/10495
f 1112/1112 1115/1115 1114/1114
f 10488/10488 10490/10490 10486/10486
f 10490/10490 10493/10493 10486/10486
f 4788/4788 4784/4784 4789/4789
f 4789/4789 4784/4784 4790/4790
f 4788/4788 4783/4783 4784/4784
f 1095/1095 1115/1115 1112/1112
f 4785/4785 4784/4784 4780/4780
f 10488/10488 10491/10491 10490/10490
f 4784/4784 4783/4783 4780/4780
f 3188/3188 3182/3182 3187/3187
f 3182/3182 3183/3183 3187/3187
f 3183/3183 3223/3223 3187/3187
f 3223/3223 3183/3183 3184/3184
f 10495/10495 10507/10507 10515/10515
f 10507/10507 10504/10504 10515/10515
f 3351/3351 3348/3348 3347/3347
f 3349/3349 3348/3348 3351/3351
f 3225/3225 3205/3205 3223/3223
f 3351/3351 3350/3350 3349/3349
f 4345/4345 4344/4344 4343/4343
f 10507/10507 10495/10495 10496/10496
f 10500/10500 10507/10507 10496/10496
f 400/400 401/401 402/402
f 10504/10504 10507/10507 10500/10500
f 397/397 398/398 399/399
f 4347/4347 4345/4345 4357/4357
f 10500/10500 10503/10503 10504/10504
f 10503/10503 10502/10502 10505/10505
f 3352/3352 3350/3350 3351/3351
f 4347/4347 4344/4344 4345/4345
f 10500/10500 10496/10496 10497/10497
f 10493/10493 10497/10497 10496/10496
f 4342/4342 4344/4344 4327/4327
f 10500/10500 10502/10502 10503/10503
f 4347/4347 4346/4346 4344/4344
f 4346/4346 4327/4327 4344/4344
f 10500/10500 10497/10497 10499/10499
f 10499/10499 10502/10502 10500/10500
f 3353/3353 3350/3350 3352/3352
f 10493/10493 10498/10498 10497/10497
f 10497/10497 10498/10498 10499/10499
f 10506/10506 10505/10505 10502/10502
f 10502/10502 10499/10499 10506/10506
f 4780/4780 4781/4781 4782/4782
f 4781/4781 4786/4786 4782/4782
f 4779/4779 4787/4787 4786/4786
f 4780/4780 4783/4783 4781/4781
f 4786/4786 4781/4781 4779/4779
f 2750/2750 2744/2744 2783/2783
f 2741/2741 2744/2744 2733/2733
f 2751/2751 2750/2750 2753/2753
f 2740/2740 2741/2741 2737/2737
f 2741/2741 2766/2766 2744/2744
f 2783/2783 2744/2744 2753/2753
f 2783/2783 2753/2753 2750/2750
f 5283/5283 5285/5285 5292/5292
f 2784/2784 2785/2785 2766/2766
f 2766/2766 2753/2753 2744/2744
f 2766/2766 2741/2741 2784/2784
f 7052/7052 7053/7053 7054/7054
f 5283/5283 5284/5284 5285/5285
f 2766/2766 2785/2785 2765/2765
f 6268/6268 6269/6269 6270/6270
f 2764/2764 2751/2751 2753/2753
f 2785/2785 2784/2784 2765/2765
f 6186/6186 6188/6188 6187/6187
f 6185/6185 6187/6187 6189/6189
f 6185/6185 6186/6186 6187/6187
f 130/130 131/131 132/132
f 5289/5289 5293/5293 5283/5283
f 5163/5163 5165/5165 5166/5166
f 5161/5161 5165/5165 5163/5163
f 127/127 128/128 129/129
f 10180/10180 10182/10182 10232/10232
f 3040/3040 3035/3035 3031/3031
f 2766/2766 2765/2765 2753/2753
f 6186/6186 6190/6190 6188/6188
f 6191/6191 6186/6186 6185/6185
f 6191/6191 6190/6190 6186/6186
f 4195/4195 4196/4196 4197/4197
f 5294/5294 5283/5283 5293/5293
f 10182/10182 10180/10180 10181/10181
f 5162/5162 5161/5161 5163/5163
f 5160/5160 5161/5161 5162/5162
f 5161/5161 5164/5164 5165/5165
f 5160/5160 5164/5164 5161/5161
f 6191/6191 6185/6185 6192/6192
f 10207/10207 10231/10231 10182/10182
f 4198/4198 4195/4195 4197/4197
f 10182/10182 10183/10183 10207/10207
f 10181/10181 10183/10183 10182/10182
f 2765/2765 2764/2764 2753/2753
f 10376/10376 10183/10183 10181/10181
f 10760/10760 10755/10755 10761/10761
f 10755/10755 10760/10760 10756/10756
f 10756/10756 10752/10752 10755/10755
f 10755/10755 10752/10752 10754/10754
f 10376/10376 10228/10228 10183/10183
f 5160/5160 5162/5162 5164/5164
f 10208/10208 10207/10207 10183/10183
f 10228/10228 10208/10208 10183/10183
f 10208/10208 10209/10209 10207/10207
f 10209/10209 10223/10223 10207/10207
f 10753/10753 10754/10754 10752/10752
f 10751/10751 10748/10748 10750/10750
f 2598/2598 2557/2557 2556/2556
f 2557/2557 2555/2555 2556/2556
f 2557/2557 2598/2598 2599/2599
f 2504/2504 2557/2557 2509/2509
f 2598/2598 2644/2644 2599/2599
f 2507/2507 2504/2504 2509/2509
f 2599/2599 2638/2638 2557/2557
f 2638/2638 2509/2509 2557/2557
f 10753/10753 10752/10752 10749/10749
f 2599/2599 2509/2509 2638/2638
f 10731/10731 10734/10734 10735/10735
f 10750/10750 10749/10749 10752/10752
f 10735/10735 10732/10732 10731/10731
f 10736/10736 10737/10737 10738/10738
f 10738/10738 10739/10739 10736/10736
f 10734/10734 10731/10731 10733/10733
f 2509/2509 2508/2508 2507/2507
f 2507/2507 2508/2508 2505/2505
f 10278/10278 10279/10279 10271/10271
f 10731/10731 10732/10732 10733/10733
f 76/76 77/77 78/78
f 166/166 167/167 168/168
f 10280/10280 10343/10343 10278/10278
f 10265/10265 10271/10271 10268/10268
f 10271/10271 10277/10277 10278/10278
f 10277/10277 10280/10280 10278/10278
f 10343/10343 10280/10280 10344/10344
f 10265/10265 10277/10277 10271/10271
f 10277/10277 10281/10281 10280/10280
f 10280/10280 10281/10281 10344/10344
f 9395/9395 9422/9422 9443/9443
f 9436/9436 9390/9390 9393/9393
f 9391/9391 9422/9422 9395/9395
f 9389/9389 9422/9422 9391/9391
f 9390/9390 9389/9389 9391/9391
f 9422/9422 9456/9456 9457/9457
f 9377/9377 9389/9389 9390/9390
f 9389/9389 9450/9450 9422/9422
f 9434/9434 9450/9450 9389/9389
f 9422/9422 9450/9450 9456/9456
f 9653/9653 9654/9654 9652/9652
f 9651/9651 9653/9653 9652/9652
f 9718/9718 9665/9665 9653/9653
f 9651/9651 9718/9718 9653/9653
f 9651/9651 9650/9650 9718/9718
f 9763/9763 9764/9764 9765/9765
f 3125/3125 3145/3145 3144/3144
f 9442/9442 9439/9439 9468/9468
f 10399/10399 10398/10398 10389/10389
f 4541/4541 4424/4424 4591/4591
f 4591/4591 4423/4423 4541/4541
f 10296/10296 10289/10289 10372/10372
f 10390/10390 10389/10389 10398/10398
f 10389/10389 10390/10390 10391/10391
f 10389/10389 10391/10391 10392/10392
f 10391/10391 10393/10393 10392/10392
f 10391/10391 10394/10394 10393/10393
f 4429/4429 4527/4527 4591/4591
f 10364/10364 10365/10365 10236/10236
f 145/145 146/146 147/147
f 10395/10395 10397/10397 10393/10393
f 10402/10402 10394/10394 10391/10391
f 10394/10394 10395/10395 10393/10393
f 10366/10366 10365/10365 10364/10364
f 5449/5449 5450/5450 5451/5451
f 3936/3936 3935/3935 3938/3938
f 5449/5449 5452/5452 5450/5450
f 4526/4526 4595/4595 4527/4527
f 4595/4595 4594/4594 4527/4527
f 10177/10177 10174/10174 10176/10176
f 3126/3126 3145/3145 3125/3125
f 9442/9442 9430/9430 9439/9439
f 3935/3935 3937/3937 3939/3939
f 3935/3935 3936/3936 3937/3937
f 10176/10176 10180/10180 10232/10232
f 10232/10232 10177/10177 10176/10176
f 10396/10396 10395/10395 10394/10394
f 3122/3122 3121/3121 3125/3125
f 3121/3121 3126/3126 3125/3125
f 3041/3041 3035/3035 3040/3040
f 4196/4196 4195/4195 4199/4199
f 3224/3224 3262/3262 3263/3263
f 3121/3121 3141/3141 3126/3126
f 3193/3193 3262/3262 3224/3224
f 3262/3262 3264/3264 3263/3263
f 3287/3287 3262/3262 3193/3193
f 10352/10352 10277/10277 10265/10265
f 10281/10281 10283/10283 10344/10344
f 3150/3150 3145/3145 3126/3126
f 3287/3287 3289/3289 3262/3262
f 10282/10282 10281/10281 10277/10277
f 10282/10282 10283/10283 10281/10281
f 10352/10352 10282/10282 10277/10277
f 10352/10352 10287/10287 10282/10282
f 10285/10285 10284/10284 10282/10282
f 10282/10282 10284/10284 10283/10283
f 10282/10282 10286/10286 10285/10285
f 10342/10342 10285/10285 10286/10286
f 10282/10282 10287/10287 10286/10286
f 3141/3141 3150/3150 3126/3126
f 10287/10287 10288/10288 10286/10286
f 10302/10302 10285/10285 10342/10342
f 9423/9423 9430/9430 9442/9442
f 10342/10342 10286/10286 10288/10288
f 10288/10288 10287/10287 10289/10289
f 3121/3121 3143/3143 3141/3141
f 10290/10290 10288/10288 10289/10289
f 10290/10290 10291/10291 10288/10288
f 10288/10288 10291/10291 10342/10342
f 3121/3121 3133/3133 3143/3143
f 10008/10008 9999/9999 10002/10002
f 9989/9989 9987/9987 9999/9999
f 9987/9987 9989/9989 9988/9988
f 9999/9999 10008/10008 10021/10021
f 10080/10080 10081/10081 10077/10077
f 10077/10077 10076/10076 10073/10073
f 10077/10077 10073/10073 10080/10080
f 10008/10008 10014/10014 10021/10021
f 10076/10076 10075/10075 10073/10073
f 10014/10014 10042/10042 10021/10021
f 10014/10014 10026/10026 10042/10042
f 10026/10026 10029/10029 10042/10042
f 10026/10026 10028/10028 10029/10029
f 2609/2609 2607/2607 2634/2634
f 2607/2607 2606/2606 2605/2605
f 2609/2609 2608/2608 2607/2607
f 2608/2608 2606/2606 2607/2607
f 2608/2608 2595/2595 2606/2606
f 2592/2592 2606/2606 2595/2595
f 2594/2594 2595/2595 2596/2596
f 2594/2594 2592/2592 2595/2595
f 2547/2547 2594/2594 2596/2596
f 2594/2594 2547/2547 2546/2546
f 2547/2547 2543/2543 2546/2546
f 2543/2543 2545/2545 2546/2546
f 2586/2586 2543/2543 2547/2547
f 9644/9644 9617/9617 9637/9637
f 9619/9619 9616/9616 9642/9642
f 9616/9616 9612/9612 9642/9642
f 9617/9617 9619/9619 9637/9637
f 9612/9612 9609/9609 9642/9642
f 9644/9644 9622/9622 9617/9617
f 9647/9647 9650/9650 9651/9651
f 9764/9764 9763/9763 9766/9766
f 9615/9615 9612/9612 9616/9616
f 9647/9647 9649/9649 9650/9650
f 9649/9649 9717/9717 9650/9650
f 9739/9739 9648/9648 9613/9613
f 9613/9613 9648/9648 9647/9647
f 9608/9608 9609/9609 9612/9612
f 9648/9648 9649/9649 9647/9647
f 9617/9617 9616/9616 9619/9619
f 6198/6198 6199/6199 6200/6200
f 9746/9746 9747/9747 9748/9748
f 9717/9717 9736/9736 9735/9735
f 9749/9749 9747/9747 9746/9746
f 10157/10157 10379/10379 10375/10375
f 9736/9736 9737/9737 9735/9735
f 10476/10476 10477/10477 10478/10478
f 9739/9739 9614/9614 9742/9742
f 9742/9742 9648/9648 9739/9739
f 10153/10153 10157/10157 10158/10158
f 10153/10153 10155/10155 10157/10157
f 142/142 143/143 144/144
f 10157/10157 10160/10160 10159/10159
f 10157/10157 10375/10375 10160/10160
f 10158/10158 10157/10157 10159/10159
f 10141/10141 10142/10142 10375/10375
f 10474/10474 10475/10475 10472/10472
f 10160/10160 10158/10158 10159/10159
f 10472/10472 10471/10471 10474/10474
f 139/139 140/140 141/141
f 10142/10142 10141/10141 10138/10138
f 10471/10471 10472/10472 10473/10473
f 9617/9617 9622/9622 9621/9621
f 9617/9617 9615/9615 9616/9616
f 9618/9618 9615/9615 9617/9617
f 9610/9610 9612/9612 9615/9615
f 4491/4491 4284/4284 4492/4492
f 4272/4272 4267/4267 4284/4284
f 9620/9620 9617/9617 9621/9621
f 9620/9620 9618/9618 9617/9617
f 10131/10131 10135/10135 10130/10130
f 4488/4488 4491/4491 4492/4492
f 4491/4491 4365/4365 4284/4284
f 4365/4365 4272/4272 4284/4284
f 4489/4489 4491/4491 4488/4488
f 4538/4538 4491/4491 4489/4489
f 10137/10137 10126/10126 10128/10128
f 10128/10128 10129/10129 10130/10130
f 4538/4538 4539/4539 4491/4491
f 10130/10130 10129/10129 10131/10131
f 4539/4539 4540/4540 4491/4491
f 4540/4540 4365/4365 4491/4491
f 4596/4596 4539/4539 4499/4499
f 4596/4596 4540/4540 4539/4539
f 4272/4272 4271/4271 4267/4267
f 10129/10129 10132/10132 10131/10131
f 9631/9631 9620/9620 9621/9621
f 10125/10125 10129/10129 10128/10128
f 4596/4596 4365/4365 4540/4540
f 9490/9490 9473/9473 9525/9525
f 9473/9473 9471/9471 9525/9525
f 9472/9472 9471/9471 9473/9473
f 9470/9470 9472/9472 9552/9552
f 9472/9472 9470/9470 9471/9471
f 9552/9552 9412/9412 9470/9470
f 9412/9412 9394/9394 9470/9470
f 9412/9412 9400/9400 9394/9394
f 9412/9412 9403/9403 9400/9400
f 9399/9399 9394/9394 9400/9400
f 9393/9393 9394/9394 9399/9399
f 9401/9401 9399/9399 9400/9400
f 4382/4382 4306/4306 4299/4299
f 4306/4306 4382/4382 4305/4305
f 4378/4378 4382/4382 4299/4299
f 4381/4381 4382/4382 4378/4378
f 4380/4380 4399/4399 4381/4381
f 4381/4381 4399/4399 4407/4407
f 9482/9482 9485/9485 9484/9484
f 9482/9482 9483/9483 9481/9481
f 9483/9483 9482/9482 9484/9484
f 9480/9480 9482/9482 9481/9481
f 9490/9490 9485/9485 9482/9482
f 9480/9480 9490/9490 9482/9482
f 9490/9490 9525/9525 9485/9485
f 5085/5085 5086/5086 5087/5087
f 5088/5088 5087/5087 5086/5086
f 5253/5253 5250/5250 5252/5252
f 5255/5255 5253/5253 5252/5252
f 406/406 407/407 408/408
f 2445/2445 2447/2447 2454/2454
f 5254/5254 5253/5253 5255/5255
f 5250/5250 5251/5251 5252/5252
f 2443/2443 2444/2444 2445/2445
f 2449/2449 2444/2444 2443/2443
f 2444/2444 2447/2447 2445/2445
f 10641/10641 10635/10635 10639/10639
f 10695/10695 10697/10697 10691/10691
f 10691/10691 10690/10690 10695/10695
f 2444/2444 2446/2446 2447/2447
f 10635/10635 10637/10637 10607/10607
f 10686/10686 10688/10688 10690/10690
f 10634/10634 10639/10639 10635/10635
f 2444/2444 2479/2479 2446/2446
f 10635/10635 10607/10607 10634/10634
f 10634/10634 10607/10607 10608/10608
f 10607/10607 10606/10606 10608/10608
f 4466/4466 4545/4545 4546/4546
f 4474/4474 4545/4545 4466/4466
f 4472/4472 4474/4474 4466/4466
f 4480/4480 4503/4503 4474/4474
f 4473/4473 4475/4475 4474/4474
f 4475/4475 4480/4480 4474/4474
f 4278/4278 4244/4244 4246/4246
f 4247/4247 4260/4260 4246/4246
f 4260/4260 4261/4261 4246/4246
f 4261/4261 4278/4278 4246/4246
f 4277/4277 4259/4259 4278/4278
f 4262/4262 4261/4261 4260/4260
f 4261/4261 4277/4277 4278/4278
f 4475/4475 4479/4479 4480/4480
f 4276/4276 4277/4277 4261/4261
f 4262/4262 4276/4276 4261/4261
f 9938/9938 9961/9961 9939/9939
f 4276/4276 4314/4314 4277/4277
f 4314/4314 4259/4259 4277/4277
f 4370/4370 4341/4341 4348/4348
f 4262/4262 4314/4314 4276/4276
f 4343/4343 4341/4341 4370/4370
f 4479/4479 4485/4485 4480/4480
f 9977/9977 10003/10003 9961/9961
f 4343/4343 4342/4342 4341/4341
f 4342/4342 4340/4340 4341/4341
f 9931/9931 9938/9938 9937/9937
f 9938/9938 9962/9962 9961/9961
f 9961/9961 9962/9962 9977/9977
f 9977/9977 9965/9965 10003/10003
f 9962/9962 9965/9965 9977/9977
f 4344/4344 4342/4342 4343/4343
f 9941/9941 9929/9929 9937/9937
f 9938/9938 9963/9963 9962/9962
f 9963/9963 9965/9965 9962/9962
f 3214/3214 3209/3209 3210/3210
f 4341/4341 4340/4340 4339/4339
f 3212/3212 3209/3209 3214/3214
f 10024/10024 9929/9929 9941/9941
f 9929/9929 9931/9931 9937/9937
f 9963/9963 9967/9967 9965/9965
f 4327/4327 4329/4329 4342/4342
f 4342/4342 4329/4329 4340/4340
f 9963/9963 9938/9938 9964/9964
f 10923/10923 10921/10921 10922/10922
f 9964/9964 9966/9966 9963/9963
f 9974/9974 9964/9964 9938/9938
f 10925/10925 10924/10924 10921/10921
f 3197/3197 3200/3200 3212/3212
f 3198/3198 3199/3199 3197/3197
f 10332/10332 10325/10325 10351/10351
f 9936/9936 9927/9927 9929/9929
f 9928/9928 9931/9931 9929/9929
f 9931/9931 9942/9942 9938/9938
f 9938/9938 9944/9944 9974/9974
f 9974/9974 9944/9944 10044/10044
f 9460/9460 9458/9458 9456/9456
f 9456/9456 9461/9461 9460/9460
f 9456/9456 9462/9462 9461/9461
f 9462/9462 9463/9463 9461/9461
f 9929/9929 9927/9927 9928/9928
f 9512/9512 9465/9465 9462/9462
f 9456/9456 9512/9512 9462/9462
f 9463/9463 9462/9462 9465/9465
f 3200/3200 3209/3209 3212/3212
f 10331/10331 10351/10351 10325/10325
f 9450/9450 9512/9512 9456/9456
f 9938/9938 9942/9942 9944/9944
f 9944/9944 9945/9945 10044/10044
f 9942/9942 9945/9945 9944/9944
f 10326/10326 10327/10327 10325/10325
f 9943/9943 9942/9942 9931/9931
f 3199/3199 3200/3200 3197/3197
f 9928/9928 9943/9943 9931/9931
f 10327/10327 10328/10328 10325/10325
f 10328/10328 10331/10331 10325/10325
f 9516/9516 9512/9512 9537/9537
f 9465/9465 9512/9512 9516/9516
f 9516/9516 9517/9517 9465/9465
f 9517/9517 9518/9518 9465/9465
f 9512/9512 9375/9375 9537/9537
f 6855/6855 6856/6856 6854/6854
f 10938/10938 10939/10939 10940/10940
f 10941/10941 10939/10939 10938/10938
f 9519/9519 9517/9517 9516/9516
f 10942/10942 10943/10943 10944/10944
f 6853/6853 6854/6854 6856/6856
f 6854/6854 6841/6841 6855/6855
f 6852/6852 6841/6841 6854/6854
f 6841/6841 6857/6857 6855/6855
f 9519/9519 9520/9520 9517/9517
f 5632/5632 5633/5633 5630/5630
f 9520/9520 9521/9521 9517/9517
f 1009/1009 1006/1006 1005/1005
f 10331/10331 10355/10355 10351/10351
f 3188/3188 3199/3199 3198/3198
f 6851/6851 6841/6841 6852/6852
f 7040/7040 7037/7037 7039/7039
f 6535/6535 6536/6536 6537/6537
f 7037/7037 7038/7038 7039/7039
f 10947/10947 10946/10946 10948/10948
f 10945/10945 10946/10946 10947/10947
f 376/376 377/377 378/378
f 6731/6731 6730/6730 6841/6841
f 6749/6749 6631/6631 6731/6731
f 6789/6789 6631/6631 6749/6749
f 6731/6731 6631/6631 6730/6730
f 9942/9942 10046/10046 9975/9975
f 9975/9975 10046/10046 10047/10047
f 3689/3689 3674/3674 3673/3673
f 10327/10327 10329/10329 10328/10328
f 10328/10328 10329/10329 10331/10331
f 3200/3200 3206/3206 3209/3209
f 9943/9943 10046/10046 9942/9942
f 3209/3209 3206/3206 3208/3208
f 9358/9358 9356/9356 9361/9361
f 3689/3689 3688/3688 3674/3674
f 3684/3684 3688/3688 3689/3689
f 9355/9355 9356/9356 9358/9358
f 2424/2424 2425/2425 2423/2423
f 2830/2830 2829/2829 2828/2828
f 2422/2422 2424/2424 2423/2423
f 6815/6815 6819/6819 6818/6818
f 1065/1065 1071/1071 1009/1009
f 6142/6142 6140/6140 6141/6141
f 3684/3684 3687/3687 3688/3688
f 28/28 29/29 30/30
f 2828/2828 2951/2951 2830/2830
f 9356/9356 9355/9355 9354/9354
f 3684/3684 3683/3683 3685/3685
f 10951/10951 10950/10950 10952/10952
f 10949/10949 10950/10950 10951/10951
f 3206/3206 3207/3207 3208/3208
f 6818/6818 6819/6819 6876/6876
f 2438/2438 2440/2440 2424/2424
f 6226/6226 6227/6227 6228/6228
f 6227/6227 6229/6229 6228/6228
f 3200/3200 3201/3201 3206/3206
f 3199/3199 3201/3201 3200/3200
f 2827/2827 2828/2828 2829/2829
f 2832/2832 2831/2831 2829/2829
f 6558/6558 6557/6557 6559/6559
f 4208/4208 4207/4207 4211/4211
f 2439/2439 2438/2438 2437/2437
f 2439/2439 2440/2440 2438/2438
f 2951/2951 2828/2828 2827/2827
f 3206/3206 3204/3204 3207/3207
f 4208/4208 4205/4205 4207/4207
f 2831/2831 2827/2827 2829/2829
f 3188/3188 3187/3187 3199/3199
f 2836/2836 2831/2831 3023/3023
f 2836/2836 2827/2827 2831/2831
f 2439/2439 2441/2441 2440/2440
f 3201/3201 3204/3204 3206/3206
f 2827/2827 2949/2949 2951/2951
f 2949/2949 2950/2950 2951/2951
f 2836/2836 2837/2837 2827/2827
f 3023/3023 3011/3011 2836/2836
f 2838/2838 2837/2837 2836/2836
f 2837/2837 2949/2949 2827/2827
f 3011/3011 2838/2838 2836/2836
f 2948/2948 2950/2950 2949/2949
f 2927/2927 2922/2922 2926/2926
f 6677/6677 6684/6684 6683/6683
f 10954/10954 10956/10956 10957/10957
f 6684/6684 6685/6685 6683/6683
f 6685/6685 6831/6831 6832/6832
f 10958/10958 10959/10959 10960/10960
f 10958/10958 10960/10960 10961/10961
f 10954/10954 10955/10955 10956/10956
f 6684/6684 6686/6686 6685/6685
f 2924/2924 2925/2925 2928/2928
f 6685/6685 6686/6686 6831/6831
f 2916/2916 2924/2924 2923/2923
f 2916/2916 2925/2925 2924/2924
f 2929/2929 2925/2925 2916/2916
f 2932/2932 2929/2929 2916/2916
f 2929/2929 2930/2930 2925/2925
f 2931/2931 2930/2930 2929/2929
f 2932/2932 2931/2931 2929/2929
f 2933/2933 2931/2931 2932/2932
f 2931/2931 2979/2979 2930/2930
f 10962/10962 10963/10963 10964/10964
f 10964/10964 10963/10963 10965/10965
f 4591/4591 4543/4543 4423/4423
f 4543/4543 4542/4542 4427/4427
f 6664/6664 6663/6663 6660/6660
f 6663/6663 6659/6659 6660/6660
f 2931/2931 2941/2941 2957/2957
f 2940/2940 2941/2941 2931/2931
f 2941/2941 2944/2944 2957/2957
f 2937/2937 2940/2940 2931/2931
f 4542/4542 4543/4543 4591/4591
f 10969/10969 10967/10967 10971/10971
f 4542/4542 4591/4591 4508/4508
f 2937/2937 2938/2938 2940/2940
f 2879/2879 2938/2938 2937/2937
f 2942/2942 2941/2941 2940/2940
f 10968/10968 10967/10967 10969/10969
f 2879/2879 2939/2939 2938/2938
f 10978/10978 10974/10974 10979/10979
f 10975/10975 10974/10974 10978/10978
f 4591/4591 4527/4527 4508/4508
f 4527/4527 4590/4590 4508/4508
f 4594/4594 4590/4590 4527/4527
f 3263/3263 3267/3267 3268/3268
f 3264/3264 3267/3267 3263/3263
f 3264/3264 3266/3266 3267/3267
f 3262/3262 3265/3265 3264/3264
f 3266/3266 3269/3269 3267/3267
f 3264/3264 3265/3265 3266/3266
f 10017/10017 10016/10016 10015/10015
f 10768/10768 10770/10770 10769/10769
f 10777/10777 10778/10778 10779/10779
f 10767/10767 10768/10768 10769/10769
f 6146/6146 6147/6147 6148/6148
f 10768/10768 10774/10774 10770/10770
f 10774/10774 10775/10775 10770/10770
f 10016/10016 10010/10010 10015/10015
f 10019/10019 10023/10023 10010/10010
f 10438/10438 10441/10441 10439/10439
f 10016/10016 10019/10019 10010/10010
f 10358/10358 10361/10361 10356/10356
f 10356/10356 10351/10351 10355/10355
f 10355/10355 10357/10357 10356/10356
f 10356/10356 10357/10357 10358/10358
f 10358/10358 10357/10357 10359/10359
f 2425/2425 2424/2424 2426/2426
f 2427/2427 2428/2428 2426/2426
f 2424/2424 2427/2427 2426/2426
f 10357/10357 10360/10360 10359/10359
f 10020/10020 10019/10019 10016/10016
f 1064/1064 1014/1014 1013/1013
f 2429/2429 2424/2424 2440/2440
f 2429/2429 2427/2427 2424/2424
f 2429/2429 2442/2442 2427/2427
f 2431/2431 2442/2442 2429/2429
f 2441/2441 2429/2429 2440/2440
f 1013/1013 1074/1074 1064/1064
f 2429/2429 2441/2441 2430/2430
f 2429/2429 2430/2430 2431/2431
f 4328/4328 4252/4252 4329/4329
f 4325/4325 4248/4248 4328/4328
f 4328/4328 4248/4248 4252/4252
f 4243/4243 4252/4252 4248/4248
f 4243/4243 4245/4245 4252/4252
f 4249/4249 4247/4247 4248/4248
f 4247/4247 4243/4243 4248/4248
f 4247/4247 4246/4246 4243/4243
f 4246/4246 4244/4244 4243/4243
f 4243/4243 4244/4244 4245/4245
f 4578/4578 4600/4600 4581/4581
f 4585/4585 4600/4600 4578/4578
f 4471/4471 4578/4578 4581/4581
f 4581/4581 4582/4582 4471/4471
f 4582/4582 4583/4583 4471/4471
f 4471/4471 4580/4580 4578/4578
f 4579/4579 4578/4578 4580/4580
f 4579/4579 4580/4580 4465/4465
f 4471/4471 4583/4583 4467/4467
f 4467/4467 4465/4465 4471/4471
f 4464/4464 4465/4465 4467/4467
f 3115/3115 3117/3117 3114/3114
f 3119/3119 3117/3117 3115/3115
f 3117/3117 3120/3120 3118/3118
f 3117/3117 3159/3159 3120/3120
f 3161/3161 3159/3159 3117/3117
f 3120/3120 3159/3159 3156/3156
f 3161/3161 3160/3160 3159/3159
f 3160/3160 3161/3161 3176/3176
f 3159/3159 3158/3158 3156/3156
f 3168/3168 3160/3160 3176/3176
f 3160/3160 3158/3158 3159/3159
f 3160/3160 3166/3166 3158/3158
f 3157/3157 3158/3158 3166/3166
f 3168/3168 3167/3167 3160/3160
f 3167/3167 3166/3166 3160/3160
f 3166/3166 3163/3163 3157/3157
f 3163/3163 3162/3162 3157/3157
f 3166/3166 3175/3175 3163/3163
f 3166/3166 3167/3167 3170/3170
f 9599/9599 9598/9598 9597/9597
f 3175/3175 3162/3162 3163/3163
f 7436/7436 7438/7438 7482/7482
f 7483/7483 7457/7457 7482/7482
f 7482/7482 7484/7484 7483/7483
f 7484/7484 7482/7482 7438/7438
f 7485/7485 7483/7483 7484/7484
f 4414/4414 4417/4417 4422/4422
f 4416/4416 4418/4418 4417/4417
f 4412/4412 4414/4414 4422/4422
f 4416/4416 4417/4417 4414/4414
f 4412/4412 4413/4413 4414/4414
f 4413/4413 4415/4415 4414/4414
f 4415/4415 4416/4416 4414/4414
f 4429/4429 4424/4424 4416/4416
f 4415/4415 4429/4429 4416/4416
f 10793/10793 10783/10783 10794/10794
f 10813/10813 10812/10812 10811/10811
f 10793/10793 10784/10784 10783/10783
f 10784/10784 10793/10793 10792/10792
f 10810/10810 10811/10811 10812/10812
f 10482/10482 10483/10483 10484/10484
f 10492/10492 10487/10487 10483/10483
f 10489/10489 10488/10488 10487/10487
f 10488/10488 10489/10489 10494/10494
f 10488/10488 10494/10494 10491/10491
f 10491/10491 10494/10494 10508/10508
f 4791/4791 4789/4789 4790/4790
f 4545/4545 4548/4548 4547/4547
f 4504/4504 4545/4545 4474/4474
f 4504/4504 4548/4548 4545/4545
f 4474/4474 4503/4503 4504/4504
f 4552/4552 4548/4548 4504/4504
f 4487/4487 4504/4504 4503/4503
f 4504/4504 4505/4505 4552/4552
f 4503/4503 4485/4485 4487/4487
f 4487/4487 4505/4505 4504/4504
f 4480/4480 4485/4485 4503/4503
f 4487/4487 4502/4502 4505/4505
f 4485/4485 4484/4484 4487/4487
f 4485/4485 4479/4479 4484/4484
f 4479/4479 4483/4483 4484/4484
f 3120/3120 3124/3124 3118/3118
f 3124/3124 3133/3133 3121/3121
f 3124/3124 3120/3120 3133/3133
f 3165/3165 3133/3133 3120/3120
f 3133/3133 3165/3165 3143/3143
f 3120/3120 3156/3156 3165/3165
f 3156/3156 3152/3152 3165/3165
f 3156/3156 3154/3154 3152/3152
f 3157/3157 3156/3156 3158/3158
f 3207/3207 3211/3211 3215/3215
f 3157/3157 3154/3154 3156/3156
f 3305/3305 3300/3300 3215/3215
f 9431/9431 9374/9374 9378/9378
f 3204/3204 3211/3211 3207/3207
f 9374/9374 9431/9431 9369/9369
f 3215/3215 3211/3211 3305/3305
f 9369/9369 9373/9373 9374/9374
f 3305/3305 3216/3216 3300/3300
f 3157/3157 3155/3155 3154/3154
f 9367/9367 9373/9373 9369/9369
f 9368/9368 9367/9367 9369/9369
f 6489/6489 6490/6490 6491/6491
f 6340/6340 6339/6339 6341/6341
f 9370/9370 9368/9368 9369/9369
f 3204/3204 3213/3213 3211/3211
f 10511/10511 10513/10513 10512/10512
f 5323/5323 5324/5324 5325/5325
f 3305/3305 3211/3211 3216/3216
f 3213/3213 3216/3216 3211/3211
f 10512/10512 10510/10510 10511/10511
f 10510/10510 10509/10509 10511/10511
f 3162/3162 3155/3155 3157/3157
f 4510/4510 4462/4462 4501/4501
f 3216/3216 3322/3322 3302/3302
f 9433/9433 9368/9368 9370/9370
f 10510/10510 10485/10485 10509/10509
f 9383/9383 9433/9433 9370/9370
f 3155/3155 3153/3153 3154/3154
f 4964/4964 4965/4965 4963/4963
f 226/226 227/227 228/228
f 9433/9433 9366/9366 9368/9368
f 3213/3213 3217/3217 3216/3216
f 3162/3162 3164/3164 3155/3155
f 4922/4922 4924/4924 4935/4935
f 4927/4927 4924/4924 4922/4922
f 4924/4924 4926/4926 4935/4935
f 4404/4404 4321/4321 4603/4603
f 3218/3218 3217/3217 3213/3213
f 3217/3217 3322/3322 3216/3216
f 403/403 404/404 405/405
f 10559/10559 10558/10558 10560/10560
f 7478/7478 7461/7461 7459/7459
f 7460/7460 7459/7459 7461/7461
f 4324/4324 4321/4321 4403/4403
f 4322/4322 4321/4321 4324/4324
f 4404/4404 4403/4403 4321/4321
f 4320/4320 4321/4321 4322/4322
f 4320/4320 4317/4317 4321/4321
f 7461/7461 7468/7468 7460/7460
f 7460/7460 7468/7468 7477/7477
f 7478/7478 7475/7475 7461/7461
f 7487/7487 7488/7488 7489/7489
f 7461/7461 7469/7469 7468/7468
f 7475/7475 7469/7469 7461/7461
f 4316/4316 4318/4318 4317/4317
f 7468/7468 7469/7469 7470/7470
f 7476/7476 7469/7469 7475/7475
f 2564/2564 2650/2650 2563/2563
f 2561/2561 2564/2564 2563/2563
f 2650/2650 2649/2649 2570/2570
f 4358/4358 4318/4318 4316/4316
f 2564/2564 2649/2649 2650/2650
f 2571/2571 2569/2569 2570/2570
f 2571/2571 2573/2573 2569/2569
f 2649/2649 2590/2590 2570/2570
f 2590/2590 2571/2571 2570/2570
f 2639/2639 2640/2640 2564/2564
f 2640/2640 2590/2590 2649/2649
f 2649/2649 2564/2564 2640/2640
f 2640/2640 2639/2639 2512/2512
f 10346/10346 10320/10320 10345/10345
f 2590/2590 2642/2642 2571/2571
f 10317/10317 10345/10345 10320/10320
f 10317/10317 10320/10320 10315/10315
f 10317/10317 10318/10318 10345/10345
f 2571/2571 2642/2642 2573/2573
f 10315/10315 10316/10316 10317/10317
f 10317/10317 10316/10316 10318/10318
f 10009/10009 10002/10002 10022/10022
f 10313/10313 10316/10316 10315/10315
f 10316/10316 10313/10313 10336/10336
f 10009/10009 10008/10008 10002/10002
f 10167/10167 10170/10170 10373/10373
f 10168/10168 10169/10169 10167/10167
f 10169/10169 10170/10170 10167/10167
f 10168/10168 10350/10350 10169/10169
f 10170/10170 10236/10236 10373/10373
f 10386/10386 10387/10387 10388/10388
f 10169/10169 10171/10171 10170/10170
f 10170/10170 10171/10171 10236/10236
f 148/148 149/149 150/150
f 10171/10171 10169/10169 10172/10172
f 10172/10172 10173/10173 10171/10171
f 10350/10350 10235/10235 10173/10173
f 10171/10171 10174/10174 10236/10236
f 10173/10173 10174/10174 10171/10171
f 10236/10236 10174/10174 10364/10364
f 10235/10235 10175/10175 10173/10173
f 10175/10175 10174/10174 10173/10173
f 10179/10179 10175/10175 10235/10235
f 10175/10175 10176/10176 10174/10174
f 10175/10175 10179/10179 10178/10178
f 10175/10175 10178/10178 10176/10176
f 10176/10176 10178/10178 10180/10180
f 9752/9752 9751/9751 9753/9753
f 4371/4371 4289/4289 4312/4312
f 9750/9750 9751/9751 9752/9752
f 4371/4371 4386/4386 4289/4289
f 4288/4288 4289/4289 4379/4379
f 4275/4275 4289/4289 4288/4288
f 4598/4598 4599/4599 4386/4386
f 4386/4386 4599/4599 4289/4289
f 4289/4289 4384/4384 4379/4379
f 10187/10187 10376/10376 10178/10178
f 10376/10376 10181/10181 10178/10178
f 10178/10178 10181/10181 10180/10180
f 4289/4289 4599/4599 4384/4384
f 6932/6932 6933/6933 6934/6934
f 6936/6936 6933/6933 6932/6932
f 9623/9623 9622/9622 9643/9643
f 9623/9623 9621/9621 9622/9622
f 10446/10446 10445/10445 10447/10447
f 9495/9495 9493/9493 9494/9494
f 9493/9493 9491/9491 9494/9494
f 10444/10444 10445/10445 10446/10446
f 9497/9497 9496/9496 9495/9495
f 9495/9495 9496/9496 9493/9493
f 10445/10445 10444/10444 10449/10449
f 9624/9624 9621/9621 9623/9623
f 9494/9494 9491/9491 9510/9510
f 9640/9640 9631/9631 9621/9621
f 9498/9498 9509/9509 9496/9496
f 9496/9496 9509/9509 9493/9493
f 10449/10449 10450/10450 10445/10445
f 10445/10445 10448/10448 10447/10447
f 9509/9509 9492/9492 9493/9493
f 9492/9492 9491/9491 9493/9493
f 10445/10445 10451/10451 10448/10448
f 9600/9600 9601/9601 9602/9602
f 9492/9492 9488/9488 9491/9491
f 4274/4274 4365/4365 4596/4596
f 4995/4995 4996/4996 4997/4997
f 4279/4279 4273/4273 4274/4274
f 4274/4274 4273/4273 4272/4272
f 4272/4272 4273/4273 4271/4271
f 4273/4273 4279/4279 4392/4392
f 4275/4275 4271/4271 4273/4273
f 4392/4392 4449/4449 4273/4273
f 4275/4275 4286/4286 4271/4271
f 4448/4448 4602/4602 4392/4392
f 4602/4602 4449/4449 4392/4392
f 4449/4449 4275/4275 4273/4273
f 4602/4602 4448/4448 4449/4449
f 4312/4312 4275/4275 4449/4449
f 4448/4448 4312/4312 4449/4449
f 4275/4275 4288/4288 4286/4286
f 4447/4447 4371/4371 4448/4448
f 4371/4371 4312/4312 4448/4448
f 4289/4289 4275/4275 4312/4312
f 1094/1094 1096/1096 1095/1095
f 1095/1095 1096/1096 1115/1115
f 9628/9628 9627/9627 9626/9626
f 3005/3005 3007/3007 3006/3006
f 2521/2521 2518/2518 2567/2567
f 3005/3005 2990/2990 3004/3004
f 3004/3004 2986/2986 3015/3015
f 2998/2998 2999/2999 3000/3000
f 2990/2990 2986/2986 3004/3004
f 3006/3006 2990/2990 3005/3005
f 7/7 8/8 9/9
f 2990/2990 2987/2987 2986/2986
f 2998/2998 2997/2997 2999/2999
f 2985/2985 2986/2986 2987/2987
f 2985/2985 2988/2988 2986/2986
f 3006/3006 2985/2985 2987/2987
f 3002/3002 2985/2985 3006/3006
f 3017/3017 3002/3002 3006/3006
f 2993/2993 2997/2997 2998/2998
f 2759/2759 2761/2761 2760/2760
f 2989/2989 2992/2992 2993/2993
f 2759/2759 2763/2763 2761/2761
f 9381/9381 9380/9380 9377/9377
f 2993/2993 2966/2966 2997/2997
f 5281/5281 5290/5290 5291/5291
f 9379/9379 9380/9380 9381/9381
f 2761/2761 2762/2762 2760/2760
f 2740/2740 2760/2760 2762/2762
f 2992/2992 2966/2966 2993/2993
f 9379/9379 9431/9431 9378/9378
f 5288/5288 5290/5290 5281/5281
f 2763/2763 2777/2777 2781/2781
f 5279/5279 5280/5280 5281/5281
f 5289/5289 5292/5292 5288/5288
f 5289/5289 5283/5283 5292/5292
f 5281/5281 5287/5287 5288/5288
f 5287/5287 5289/5289 5288/5288
f 5281/5281 5286/5286 5287/5287
f 10757/10757 10758/10758 10759/10759
f 10765/10765 10766/10766 10764/10764
f 10747/10747 10762/10762 10742/10742
f 10751/10751 10758/10758 10757/10757
f 10759/10759 10763/10763 10757/10757
f 9359/9359 9360/9360 9355/9355
f 9348/9348 9353/9353 9360/9360
f 9353/9353 9355/9355 9360/9360
f 9355/9355 9353/9353 9354/9354
f 9352/9352 9354/9354 9353/9353
f 2834/2834 2833/2833 2832/2832
f 2831/2831 2832/2832 2833/2833
f 3012/3012 3023/3023 2833/2833
f 2833/2833 3023/3023 2831/2831
f 2833/2833 3013/3013 3012/3012
f 3011/3011 3012/3012 3010/3010
f 3023/3023 3012/3012 3011/3011
f 3013/3013 3001/3001 3012/3012
f 9625/9625 9628/9628 9626/9626
f 9625/9625 9644/9644 9628/9628
f 9625/9625 9629/9629 9644/9644
f 9630/9630 9643/9643 9629/9629
f 9956/9956 9954/9954 9955/9955
f 2887/2887 2852/2852 2897/2897
f 2853/2853 2852/2852 2887/2887
f 2852/2852 2898/2898 2897/2897
f 2888/2888 2886/2886 2973/2973
f 2852/2852 2878/2878 2898/2898
f 2888/2888 2853/2853 2886/2886
f 7026/7026 7027/7027 7025/7025
f 9957/9957 9954/9954 9956/9956
f 9969/9969 9954/9954 9957/9957
f 9954/9954 9953/9953 9955/9955
f 9958/9958 9969/9969 9957/9957
f 2853/2853 2851/2851 2852/2852
f 2854/2854 2851/2851 2853/2853
f 6918/6918 6919/6919 6920/6920
f 2851/2851 2840/2840 2852/2852
f 4462/4462 4457/4457 4460/4460
f 4457/4457 4453/4453 4460/4460
f 9953/9953 9954/9954 9952/9952
f 2851/2851 2849/2849 2840/2840
f 2854/2854 2849/2849 2851/2851
f 10089/10089 10090/10090 10091/10091
f 9969/9969 9952/9952 9954/9954
f 7031/7031 7027/7027 7026/7026
f 2854/2854 2855/2855 2849/2849
f 4457/4457 4451/4451 4453/4453
f 5474/5474 5478/5478 5475/5475
f 7477/7477 7473/7473 7474/7474
f 4461/4461 4457/4457 4462/4462
f 9951/9951 9952/9952 9969/9969
f 2854/2854 2856/2856 2855/2855
f 7472/7472 7474/7474 7473/7473
f 6125/6125 6127/6127 6128/6128
f 6434/6434 6435/6435 6436/6436
f 9952/9952 9950/9950 9953/9953
f 2888/2888 2902/2902 2853/2853
f 9973/9973 9939/9939 9961/9961
f 9951/9951 9950/9950 9952/9952
f 6125/6125 6126/6126 6127/6127
f 7477/7477 7471/7471 7473/7473
f 6437/6437 6435/6435 6434/6434
f 7471/7471 7472/7472 7473/7473
f 6442/6442 6438/6438 6437/6437
f 6437/6437 6438/6438 6435/6435
f 7468/7468 7471/7471 7477/7477
f 4461/4461 4450/4450 4457/4457
f 4450/4450 4451/4451 4457/4457
f 6406/6406 6407/6407 6408/6408
f 6108/6108 6107/6107 6109/6109
f 2917/2917 2902/2902 2888/2888
f 6407/6407 6409/6409 6408/6408
f 6108/6108 6105/6105 6107/6107
f 6107/6107 6105/6105 6106/6106
f 7472/7472 7471/7471 7470/7470
f 9940/9940 9939/9939 9950/9950
f 9937/9937 9939/9939 9940/9940
f 6105/6105 6104/6104 6106/6106
f 10095/10095 10100/10100 10101/10101
f 4500/4500 4450/4450 4461/4461
f 4544/4544 4513/4513 4515/4515
f 7468/7468 7470/7470 7471/7471
f 10067/10067 10071/10071 10079/10079
f 9941/9941 9937/9937 9940/9940
f 4544/4544 4494/4494 4513/4513
f 4450/4450 4439/4439 4451/4451
f 7444/7444 7452/7452 7446/7446
f 7452/7452 7458/7458 7446/7446
f 7440/7440 7444/7444 7446/7446
f 9937/9937 9938/9938 9939/9939
f 7442/7442 7443/7443 7440/7440
f 7440/7440 7443/7443 7444/7444
f 7452/7452 7445/7445 7459/7459
f 7444/7444 7445/7445 7452/7452
f 7443/7443 7445/7445 7444/7444
f 4452/4452 4439/4439 4285/4285
f 4439/4439 4363/4363 4285/4285
f 4363/4363 4402/4402 4283/4283
f 4439/4439 4440/4440 4363/4363
f 4363/4363 4441/4441 4402/4402
f 4440/4440 4441/4441 4363/4363
f 4440/4440 4439/4439 4438/4438
f 4441/4441 4443/4443 4402/4402
f 4442/4442 4440/4440 4507/4507
f 4442/4442 4441/4441 4440/4440
f 4438/4438 4507/4507 4440/4440
f 7478/7478 7459/7459 7445/7445
f 7455/7455 7478/7478 7445/7445
f 7442/7442 7447/7447 7443/7443
f 7443/7443 7455/7455 7445/7445
f 7443/7443 7448/7448 7455/7455
f 7450/7450 7451/7451 7447/7447
f 7447/7447 7448/7448 7443/7443
f 7448/7448 7479/7479 7455/7455
f 7449/7449 7479/7479 7448/7448
f 7449/7449 7447/7447 7451/7451
f 7449/7449 7451/7451 7457/7457
f 7448/7448 7447/7447 7449/7449
f 7487/7487 7489/7489 7490/7490
f 4906/4906 4907/4907 4908/4908
f 4608/4608 4611/4611 4612/4612
f 4606/4606 4610/4610 4608/4608
f 4612/4612 4611/4611 4613/4613
f 4611/4611 4608/4608 4610/4610
f 4244/4244 4253/4253 4250/4250
f 4244/4244 4257/4257 4253/4253
f 4259/4259 4244/4244 4278/4278
f 4244/4244 4258/4258 4257/4257
f 4259/4259 4258/4258 4244/4244
f 4256/4256 4257/4257 4258/4258
f 4281/4281 4256/4256 4258/4258
f 4259/4259 4281/4281 4258/4258
f 4259/4259 4314/4314 4375/4375
f 4281/4281 4259/4259 4372/4372
f 10484/10484 10485/10485 10482/10482
f 9698/9698 9689/9689 9699/9699
f 9690/9690 9689/9689 9698/9698
f 9689/9689 9690/9690 9688/9688
f 9689/9689 9687/9687 9704/9704
f 9687/9687 9689/9689 9688/9688
f 9688/9688 9686/9686 9687/9687
f 9686/9686 9684/9684 9687/9687
f 9681/9681 9684/9684 9686/9686
f 9681/9681 9686/9686 9683/9683
f 9686/9686 9726/9726 9683/9683
f 9682/9682 9681/9681 9683/9683
f 9726/9726 9724/9724 9683/9683
f 9683/9683 9724/9724 9682/9682
f 5037/5037 5038/5038 5039/5039
f 9724/9724 9730/9730 9682/9682
f 9724/9724 9720/9720 9730/9730
f 9505/9505 9492/9492 9509/9509
f 9505/9505 9504/9504 9492/9492
f 9504/9504 9488/9488 9492/9492
f 3097/3097 3098/3098 3096/3096
f 3096/3096 3098/3098 3102/3102
f 3098/3098 3099/3099 3102/3102
f 9504/9504 9506/9506 9488/9488
f 3098/3098 3097/3097 3099/3099
f 3099/3099 3105/3105 3102/3102
f 9506/9506 9507/9507 9488/9488
f 3101/3101 3099/3099 3100/3100
f 3106/3106 3105/3105 3101/3101
f 3101/3101 3105/3105 3099/3099
f 4518/4518 4569/4569 4523/4523
f 4522/4522 4519/4519 4523/4523
f 4523/4523 4519/4519 4518/4518
f 4518/4518 4517/4517 4569/4569
f 4521/4521 4519/4519 4522/4522
f 4518/4518 4519/4519 4516/4516
f 4518/4518 4516/4516 4517/4517
f 4520/4520 4516/4516 4519/4519
f 4521/4521 4520/4520 4519/4519
f 4520/4520 4533/4533 4516/4516
f 4516/4516 4533/4533 4515/4515
f 2767/2767 2769/2769 2724/2724
f 2749/2749 2757/2757 2715/2715
f 2771/2771 2757/2757 2749/2749
f 2768/2768 2767/2767 2757/2757
f 2768/2768 2757/2757 2771/2771
f 2769/2769 2767/2767 2768/2768
f 2749/2749 2748/2748 2771/2771
f 6392/6392 6391/6391 6394/6394
f 5341/5341 5340/5340 5343/5343
f 6909/6909 6910/6910 6911/6911
f 2768/2768 2770/2770 2769/2769
f 6393/6393 6392/6392 6400/6400
f 10706/10706 10714/10714 10713/10713
f 5339/5339 5340/5340 5341/5341
f 5342/5342 5340/5340 5339/5339
f 6391/6391 6392/6392 6393/6393
f 5469/5469 5472/5472 5473/5473
f 5469/5469 5468/5468 5472/5472
f 10708/10708 10706/10706 10707/10707
f 2771/2771 2772/2772 2768/2768
f 6396/6396 6393/6393 6400/6400
f 2771/2771 2773/2773 2774/2774
f 2772/2772 2771/2771 2774/2774
f 4936/4936 4932/4932 4931/4931
f 2772/2772 2780/2780 2768/2768
f 2782/2782 2774/2774 2773/2773
f 2772/2772 2774/2774 2778/2778
f 4933/4933 4932/4932 4934/4934
f 4932/4932 4930/4930 4931/4931
f 4933/4933 4930/4930 4932/4932
f 4931/4931 4922/4922 4923/4923
f 4931/4931 4930/4930 4922/4922
f 4929/4929 4927/4927 4922/4922
f 10713/10713 10712/10712 10706/10706
f 10706/10706 10711/10711 10710/10710
f 10712/10712 10711/10711 10706/10706
f 4366/4366 4406/4406 4372/4372
f 4930/4930 4929/4929 4922/4922
f 4323/4323 4322/4322 4324/4324
f 4319/4319 4322/4322 4323/4323
f 2782/2782 2778/2778 2774/2774
f 10713/10713 10715/10715 10712/10712
f 10712/10712 10703/10703 10711/10711
f 10715/10715 10703/10703 10712/10712
f 4406/4406 4366/4366 4319/4319
f 4319/4319 4366/4366 4309/4309
f 4320/4320 4322/4322 4319/4319
f 2779/2779 2772/2772 2778/2778
f 2772/2772 2779/2779 2780/2780
f 10717/10717 10716/10716 10713/10713
f 10713/10713 10716/10716 10715/10715
f 10715/10715 10716/10716 10703/10703
f 4320/4320 4319/4319 4317/4317
f 4309/4309 4317/4317 4319/4319
f 10717/10717 10713/10713 10718/10718
f 3858/3858 3860/3860 3865/3865
f 3858/3858 3859/3859 3860/3860
f 3848/3848 3850/3850 3859/3859
f 3858/3858 3848/3848 3859/3859
f 3858/3858 3865/3865 3864/3864
f 10886/10886 10883/10883 10887/10887
f 10886/10886 10884/10884 10883/10883
f 4303/4303 4309/4309 4366/4366
f 3867/3867 3869/3869 3871/3871
f 3867/3867 3860/3860 3869/3869
f 3860/3860 3867/3867 3866/3866
f 4316/4316 4317/4317 4309/4309
f 3839/3839 3867/3867 3871/3871
f 3839/3839 3870/3870 3868/3868
f 3867/3867 3839/3839 3868/3868
f 3860/3860 3866/3866 3865/3865
f 4309/4309 4315/4315 4316/4316
f 4303/4303 4308/4308 4309/4309
f 9526/9526 9536/9536 9528/9528
f 4315/4315 4358/4358 4316/4316
f 9536/9536 9533/9533 9528/9528
f 4301/4301 4305/4305 4303/4303
f 4303/4303 4305/4305 4308/4308
f 4315/4315 4309/4309 4308/4308
f 9471/9471 9396/9396 9525/9525
f 9396/9396 9526/9526 9525/9525
f 9396/9396 9536/9536 9526/9526
f 9396/9396 9545/9545 9536/9536
f 9545/9545 9546/9546 9536/9536
f 6956/6956 6962/6962 6976/6976
f 9470/9470 9396/9396 9471/9471
f 9392/9392 9396/9396 9470/9470
f 6962/6962 6957/6957 6961/6961
f 6960/6960 6957/6957 6962/6962
f 9394/9394 9392/9392 9470/9470
f 9396/9396 9397/9397 9398/9398
f 9395/9395 9397/9397 9396/9396
f 6960/6960 6991/6991 6957/6957
f 6973/6973 6991/6991 6960/6960
f 7005/7005 6974/6974 6973/6973
f 6974/6974 6991/6991 6973/6973
f 9444/9444 9443/9443 9445/9445
f 9395/9395 9443/9443 9444/9444
f 9392/9392 9395/9395 9396/9396
f 9391/9391 9395/9395 9392/9392
f 9393/9393 9392/9392 9394/9394
f 9393/9393 9390/9390 9392/9392
f 9390/9390 9391/9391 9392/9392
f 4293/4293 4378/4378 4299/4299
f 4381/4381 4378/4378 4380/4380
f 4395/4395 4397/4397 4380/4380
f 4399/4399 4380/4380 4397/4397
f 3289/3289 3339/3339 3262/3262
f 3339/3339 3265/3265 3262/3262
f 9481/9481 9483/9483 9487/9487
f 6866/6866 6861/6861 6789/6789
f 6647/6647 6861/6861 6866/6866
f 9487/9487 9479/9479 9481/9481
f 9478/9478 9479/9479 9487/9487
f 9479/9479 9480/9480 9481/9481
f 3290/3290 3339/3339 3289/3289
f 6647/6647 6862/6862 6861/6861
f 9476/9476 9480/9480 9479/9479
f 3290/3290 3337/3337 3339/3339
f 9373/9373 9376/9376 9375/9375
f 3337/3337 3290/3290 3292/3292
f 3290/3290 3291/3291 3292/3292
f 3291/3291 3293/3293 3292/3292
f 3219/3219 3291/3291 3290/3290
f 6646/6646 6645/6645 6647/6647
f 3291/3291 3295/3295 3293/3293
f 6647/6647 6638/6638 6646/6646
f 6646/6646 6638/6638 6645/6645
f 3219/3219 3294/3294 3291/3291
f 3355/3355 3358/3358 3356/3356
f 3355/3355 3359/3359 3358/3358
f 3355/3355 3360/3360 3359/3359
f 2694/2694 2693/2693 2713/2713
f 5621/5621 5620/5620 5619/5619
f 10980/10980 10981/10981 10982/10982
f 9373/9373 9382/9382 9376/9376
f 9367/9367 9382/9382 9373/9373
f 382/382 383/383 384/384
f 6638/6638 6647/6647 6613/6613
f 10661/10661 10654/10654 10646/10646
f 2792/2792 2793/2793 2790/2790
f 2789/2789 2790/2790 2791/2791
f 2789/2789 2791/2791 2794/2794
f 10661/10661 10656/10656 10654/10654
f 2794/2794 2791/2791 2795/2795
f 3354/3354 3356/3356 3357/3357
f 3357/3357 3356/3356 3358/3358
f 3357/3357 3358/3358 3359/3359
f 3357/3357 3359/3359 3360/3360
f 106/106 107/107 108/108
f 3354/3354 3355/3355 3356/3356
f 6324/6324 6328/6328 6325/6325
f 103/103 104/104 105/105
f 6457/6457 6456/6456 6452/6452
f 6455/6455 6456/6456 6457/6457
f 6325/6325 6327/6327 6326/6326
f 6324/6324 6325/6325 6326/6326
f 6452/6452 6453/6453 6454/6454
f 6456/6456 6453/6453 6452/6452
f 6458/6458 6459/6459 6460/6460
f 109/109 110/110 111/111
f 112/112 113/113 114/114
f 115/115 116/116 117/117
f 2694/2694 2718/2718 2719/2719
f 2694/2694 2719/2719 2720/2720
f 2694/2694 2720/2720 2710/2710
f 10620/10620 10625/10625 10626/10626
f 2792/2792 2790/2790 2789/2789
f 10646/10646 10654/10654 10652/10652
f 2717/2717 2718/2718 2694/2694
f 2718/2718 2717/2717 2719/2719
f 2719/2719 2717/2717 2720/2720
f 2720/2720 2717/2717 2710/2710
f 2710/2710 2691/2691 2694/2694
f 2717/2717 2691/2691 2710/2710
f 2691/2691 2693/2693 2694/2694
f 2716/2716 2717/2717 2694/2694
f 2691/2691 2692/2692 2693/2693
f 2691/2691 2695/2695 2692/2692
f 3291/3291 3294/3294 3295/3295
f 2691/2691 2696/2696 2695/2695
f 2706/2706 2696/2696 2691/2691
f 6355/6355 6356/6356 6357/6357
f 2706/2706 2705/2705 2696/2696
f 2704/2704 2705/2705 2706/2706
f 2717/2717 2721/2721 2691/2691
f 2691/2691 2721/2721 2704/2704
f 2715/2715 2721/2721 2717/2717
f 2721/2721 2724/2724 2704/2704
f 9367/9367 9524/9524 9382/9382
f 6613/6613 6614/6614 6615/6615
f 3294/3294 3298/3298 3295/3295
f 2724/2724 2721/2721 2767/2767
f 2715/2715 2757/2757 2721/2721
f 2757/2757 2767/2767 2721/2721
f 6613/6613 6616/6616 6614/6614
f 6609/6609 6616/6616 6613/6613
f 6616/6616 6621/6621 6614/6614
f 6609/6609 6623/6623 6616/6616
f 6616/6616 6622/6622 6621/6621
f 6623/6623 6622/6622 6616/6616
f 10900/10900 10897/10897 10899/10899
f 6511/6511 6512/6512 6513/6513
f 6689/6689 6612/6612 6609/6609
f 6609/6609 6610/6610 6611/6611
f 6612/6612 6610/6610 6609/6609
f 9367/9367 9364/9364 9524/9524
f 6692/6692 6689/6689 6609/6609
f 6612/6612 6688/6688 6610/6610
f 6689/6689 6688/6688 6612/6612
f 9368/9368 9366/9366 9367/9367
f 6689/6689 6690/6690 6688/6688
f 9366/9366 9364/9364 9367/9367
f 6692/6692 6691/6691 6689/6689
f 6689/6689 6691/6691 6690/6690
f 10228/10228 10211/10211 10208/10208
f 5387/5387 5388/5388 5389/5389
f 5390/5390 5391/5391 5392/5392
f 10210/10210 10209/10209 10208/10208
f 10228/10228 10215/10215 10211/10211
f 10208/10208 10211/10211 10210/10210
f 10215/10215 10214/10214 10211/10211
f 10211/10211 10212/10212 10210/10210
f 10214/10214 10212/10212 10211/10211
f 10595/10595 10602/10602 10601/10601
f 10679/10679 10595/10595 10598/10598
f 10226/10226 10212/10212 10227/10227
f 10225/10225 10212/10212 10226/10226
f 10598/10598 10587/10587 10679/10679
f 10679/10679 10587/10587 10577/10577
f 10598/10598 10593/10593 10587/10587
f 10587/10587 10581/10581 10577/10577
f 10587/10587 10591/10591 10588/10588
f 10572/10572 10579/10579 10679/10679
f 3676/3676 3645/3645 3675/3675
f 6938/6938 6944/6944 6945/6945
f 3677/3677 3676/3676 3678/3678
f 3677/3677 3645/3645 3676/3676
f 6938/6938 6943/6943 6944/6944
f 3678/3678 3679/3679 3677/3677
f 3680/3680 3679/3679 3678/3678
f 3679/3679 3645/3645 3677/3677
f 6938/6938 6942/6942 6943/6943
f 3680/3680 3681/3681 3679/3679
f 34/34 35/35 36/36
f 3681/3681 3645/3645 3679/3679
f 6938/6938 6941/6941 6942/6942
f 6518/6518 6521/6521 6519/6519
f 6938/6938 6940/6940 6941/6941
f 6938/6938 6937/6937 6940/6940
f 6937/6937 6938/6938 6939/6939
f 6939/6939 6946/6946 6937/6937
f 6521/6521 6527/6527 6528/6528
f 6530/6530 6527/6527 6521/6521
f 6946/6946 6947/6947 6937/6937
f 3775/3775 3767/3767 3773/3773
f 3774/3774 3767/3767 3775/3775
f 6947/6947 6948/6948 6937/6937
f 3767/3767 3766/3766 3773/3773
f 3771/3771 3767/3767 3774/3774
f 6948/6948 6949/6949 6937/6937
f 3767/3767 3765/3765 3766/3766
f 3771/3771 3770/3770 3767/3767
f 6533/6533 6534/6534 6532/6532
f 3770/3770 3769/3769 3767/3767
f 3767/3767 3768/3768 3765/3765
f 3769/3769 3768/3768 3767/3767
f 3768/3768 3754/3754 3765/3765
f 6416/6416 6417/6417 6418/6418
f 3769/3769 3755/3755 3768/3768
f 1026/1026 1028/1028 1029/1029
f 10985/10985 10984/10984 10986/10986
f 10983/10983 10984/10984 10985/10985
f 1026/1026 1027/1027 1028/1028
f 10987/10987 10988/10988 10989/10989
f 10990/10990 10988/10988 10987/10987
f 10156/10156 10264/10264 10265/10265
f 10153/10153 10152/10152 10154/10154
f 10264/10264 10352/10352 10265/10265
f 10154/10154 10152/10152 10156/10156
f 10152/10152 10264/10264 10156/10156
f 10426/10426 10425/10425 10427/10427
f 10423/10423 10424/10424 10425/10425
f 10151/10151 10249/10249 10152/10152
f 10428/10428 10426/10426 10427/10427
f 10301/10301 10297/10297 10352/10352
f 10426/10426 10423/10423 10425/10425
f 10352/10352 10297/10297 10287/10287
f 10428/10428 10429/10429 10426/10426
f 10297/10297 10289/10289 10287/10287
f 10426/10426 10429/10429 10423/10423
f 10348/10348 10298/10298 10301/10301
f 10297/10297 10301/10301 10298/10298
f 10297/10297 10298/10298 10289/10289
f 10399/10399 10400/10400 10401/10401
f 10403/10403 10399/10399 10401/10401
f 10389/10389 10400/10400 10399/10399
f 10298/10298 10300/10300 10299/10299
f 10298/10298 10299/10299 10289/10289
f 10289/10289 10299/10299 10372/10372
f 10291/10291 10295/10295 10342/10342
f 10430/10430 10431/10431 10432/10432
f 10296/10296 10290/10290 10289/10289
f 10292/10292 10290/10290 10296/10296
f 10292/10292 10293/10293 10291/10291
f 10292/10292 10291/10291 10290/10290
f 10293/10293 10295/10295 10291/10291
f 4849/4849 4850/4850 4851/4851
f 5051/5051 5057/5057 5053/5053
f 5052/5052 5051/5051 5053/5053
f 2420/2420 2421/2421 2422/2422
f 5054/5054 5052/5052 5053/5053
f 10294/10294 10293/10293 10292/10292
f 2421/2421 2434/2434 2422/2422
f 5050/5050 5051/5051 5052/5052
f 2438/2438 2422/2422 2434/2434
f 5054/5054 5053/5053 5055/5055
f 4978/4978 4979/4979 4976/4976
f 2432/2432 2433/2433 2434/2434
f 2433/2433 2435/2435 2434/2434
f 2435/2435 2436/2436 2434/2434
f 2434/2434 2436/2436 2437/2437
f 4976/4976 4980/4980 4978/4978
f 2481/2481 2469/2469 2433/2433
f 2469/2469 2435/2435 2433/2433
f 10680/10680 10682/10682 10683/10683
f 10569/10569 10570/10570 10567/10567
f 10570/10570 10576/10576 10567/10567
f 10566/10566 10567/10567 10565/10565
f 10569/10569 10567/10567 10568/10568
f 10577/10577 10570/10570 10569/10569
f 10566/10566 10568/10568 10567/10567
f 10693/10693 10694/10694 10686/10686
f 10694/10694 10696/10696 10686/10686
f 10566/10566 10561/10561 10563/10563
f 10685/10685 10684/10684 10681/10681
f 4524/4524 4522/4522 4523/4523
f 4521/4521 4522/4522 4524/4524
f 10254/10254 10255/10255 10261/10261
f 10255/10255 10253/10253 10258/10258
f 10254/10254 10253/10253 10255/10255
f 4525/4525 4533/4533 4520/4520
f 10252/10252 10253/10253 10254/10254
f 10256/10256 10252/10252 10254/10254
f 4458/4458 4465/4465 4464/4464
f 4493/4493 4463/4463 4464/4464
f 4464/4464 4463/4463 4458/4458
f 7465/7465 7466/7466 7463/7463
f 7464/7464 7465/7465 7463/7463
f 7465/7465 7467/7467 7466/7466
f 4460/4460 4458/4458 4463/4463
f 7464/7464 7467/7467 7465/7465
f 4361/4361 4308/4308 4305/4305
f 4361/4361 4360/4360 4358/4358
f 4308/4308 4361/4361 4315/4315
f 4358/4358 4315/4315 4361/4361
f 7481/7481 7467/7467 7464/7464
f 4382/4382 4361/4361 4305/4305
f 4460/4460 4453/4453 4458/4458
f 9535/9535 9538/9538 9527/9527
f 4382/4382 4381/4381 4361/4361
f 9527/9527 9534/9534 9535/9535
f 9529/9529 9534/9534 9527/9527
f 9534/9534 9532/9532 9535/9535
f 4501/4501 4462/4462 4460/4460
f 4381/4381 4383/4383 4361/4361
f 9534/9534 9529/9529 9532/9532
f 4407/4407 4383/4383 4381/4381
f 9486/9486 9526/9526 9527/9527
f 9484/9484 9485/9485 9486/9486
f 9529/9529 9527/9527 9528/9528
f 9526/9526 9528/9528 9527/9527
f 9486/9486 9485/9485 9525/9525
f 9525/9525 9526/9526 9486/9486
f 4442/4442 4507/4507 4441/4441
f 4507/4507 4386/4386 4441/4441
f 4507/4507 4592/4592 4386/4386
f 9452/9452 9449/9449 9522/9522
f 9554/9554 9522/9522 9449/9449
f 9415/9415 9452/9452 9437/9437
f 9416/9416 9415/9415 9430/9430
f 9452/9452 9426/9426 9449/9449
f 9426/9426 9452/9452 9415/9415
f 9416/9416 9414/9414 9415/9415
f 9415/9415 9384/9384 9426/9426
f 4507/4507 4529/4529 4592/4592
f 9414/9414 9384/9384 9415/9415
f 4528/4528 4507/4507 4438/4438
f 9414/9414 9385/9385 9384/9384
f 9425/9425 9427/9427 9414/9414
f 9414/9414 9427/9427 9385/9385
f 4528/4528 4529/4529 4507/4507
f 3692/3692 3684/3684 3794/3794
f 3684/3684 3682/3682 3683/3683
f 10949/10949 10953/10953 10950/10950
f 3682/3682 3676/3676 3683/3683
f 3684/3684 3678/3678 3682/3682
f 3690/3690 3678/3678 3684/3684
f 3676/3676 3682/3682 3678/3678
f 3277/3277 3278/3278 3324/3324
f 1065/1065 1066/1066 1071/1071
f 3690/3690 3680/3680 3678/3678
f 5349/5349 5352/5352 5350/5350
f 5350/5350 5346/5346 5349/5349
f 5344/5344 5346/5346 5350/5350
f 3277/3277 3275/3275 3274/3274
f 6525/6525 6522/6522 6526/6526
f 6523/6523 6522/6522 6525/6525
f 6522/6522 6521/6521 6518/6518
f 6523/6523 6521/6521 6522/6522
f 3692/3692 3691/3691 3684/3684
f 3690/3690 3684/3684 3691/3691
f 6525/6525 6524/6524 6523/6523
f 6524/6524 6521/6521 6523/6523
f 6525/6525 6521/6521 6524/6524
f 6533/6533 6525/6525 6526/6526
f 6525/6525 6530/6530 6521/6521
f 3277/3277 3276/3276 3278/3278
f 1067/1067 1068/1068 1066/1066
f 1068/1068 1071/1071 1066/1066
f 6525/6525 6531/6531 6530/6530
f 1068/1068 1026/1026 1071/1071
f 6525/6525 6532/6532 6531/6531
f 6533/6533 6532/6532 6525/6525
f 1068/1068 1043/1043 1026/1026
f 1043/1043 1072/1072 1026/1026
f 3279/3279 3278/3278 3276/3276
f 3274/3274 3276/3276 3277/3277
f 3095/3095 3276/3276 3274/3274
f 1030/1030 1062/1062 1031/1031
f 1058/1058 1059/1059 1062/1062
f 1062/1062 1059/1059 1060/1060
f 1058/1058 1054/1054 1059/1059
f 1070/1070 1045/1045 1069/1069
f 1045/1045 1044/1044 1069/1069
f 1016/1016 1045/1045 1046/1046
f 10619/10619 10614/10614 10620/10620
f 10619/10619 10620/10620 10621/10621
f 1015/1015 1016/1016 1017/1017
f 1017/1017 1019/1019 1015/1015
f 10621/10621 10620/10620 10624/10624
f 3196/3196 3189/3189 3186/3186
f 3180/3180 3195/3195 3196/3196
f 3196/3196 3195/3195 3189/3189
f 3180/3180 3194/3194 3195/3195
f 10977/10977 10974/10974 10976/10976
f 10966/10966 10967/10967 10968/10968
f 2879/2879 2867/2867 2939/2939
f 2882/2882 2867/2867 2879/2879
f 10974/10974 10975/10975 10976/10976
f 10973/10973 10972/10972 10966/10966
f 10966/10966 10970/10970 10967/10967
f 10972/10972 10970/10970 10966/10966
f 2867/2867 2882/2882 2883/2883
f 2882/2882 2864/2864 2883/2883
f 10993/10993 10992/10992 10994/10994
f 10991/10991 10992/10992 10993/10993
f 16/16 17/17 18/18
f 2865/2865 2866/2866 2867/2867
f 6650/6650 6652/6652 6648/6648
f 10995/10995 10997/10997 10999/10999
f 2864/2864 2863/2863 2865/2865
f 2862/2862 2863/2863 2864/2864
f 2865/2865 2863/2863 2866/2866
f 10995/10995 10996/10996 10997/10997
f 10998/10998 10996/10996 10995/10995
f 2861/2861 2863/2863 2862/2862
f 2861/2861 2860/2860 2859/2859
f 2859/2859 2863/2863 2861/2861
f 2858/2858 2859/2859 2860/2860
f 2858/2858 2863/2863 2859/2859
f 2863/2863 2858/2858 2868/2868
f 2868/2868 2870/2870 2863/2863
f 2870/2870 2871/2871 2863/2863
f 11002/11002 11003/11003 11000/11000
f 2884/2884 2869/2869 2858/2858
f 11005/11005 11006/11006 11007/11007
f 11005/11005 11008/11008 11006/11006
f 11000/11000 11001/11001 11002/11002
f 11002/11002 11001/11001 11004/11004
f 2871/2871 2873/2873 2874/2874
f 2884/2884 2891/2891 2869/2869
f 2890/2890 2891/2891 2884/2884
f 2869/2869 2893/2893 2872/2872
f 2891/2891 2893/2893 2869/2869
f 2872/2872 2896/2896 2873/2873
f 2893/2893 2896/2896 2872/2872
f 2873/2873 2901/2901 2874/2874
f 2896/2896 2901/2901 2873/2873
f 2890/2890 2892/2892 2891/2891
f 2891/2891 2892/2892 2893/2893
f 2892/2892 2896/2896 2893/2893
f 2896/2896 2892/2892 2901/2901
f 2892/2892 2887/2887 2894/2894
f 2892/2892 2894/2894 2913/2913
f 2892/2892 2913/2913 2910/2910
f 2910/2910 2912/2912 2892/2892
f 2907/2907 2913/2913 2894/2894
f 2913/2913 2909/2909 2910/2910
f 2907/2907 2909/2909 2913/2913
f 2910/2910 2911/2911 2912/2912
f 2909/2909 2911/2911 2910/2910
f 2900/2900 2903/2903 2894/2894
f 2898/2898 2903/2903 2900/2900
f 2907/2907 2894/2894 2903/2903
f 2907/2907 2903/2903 2905/2905
f 2907/2907 2906/2906 2909/2909
f 2905/2905 2906/2906 2907/2907
f 2909/2909 2906/2906 2911/2911
f 3181/3181 3194/3194 3180/3180
f 10312/10312 10336/10336 10313/10313
f 10337/10337 10306/10306 10311/10311
f 10311/10311 10309/10309 10312/10312
f 10306/10306 10309/10309 10311/10311
f 10336/10336 10312/10312 10309/10309
f 10306/10306 10308/10308 10309/10309
f 10308/10308 10310/10310 10309/10309
f 10308/10308 10322/10322 10310/10310
f 10307/10307 10323/10323 10322/10322
f 10332/10332 10310/10310 10322/10322
f 10378/10378 10310/10310 10332/10332
f 10322/10322 10323/10323 10332/10332
f 10323/10323 10325/10325 10332/10332
f 10324/10324 10325/10325 10323/10323
f 10326/10326 10325/10325 10324/10324
f 2544/2544 2543/2543 2586/2586
f 2543/2543 2535/2535 2545/2545
f 2544/2544 2542/2542 2543/2543
f 2542/2542 2535/2535 2543/2543
f 2560/2560 2542/2542 2549/2549
f 2560/2560 2541/2541 2542/2542
f 2541/2541 2535/2535 2542/2542
f 2554/2554 2560/2560 2549/2549
f 3812/3812 3809/3809 3811/3811
f 4672/4672 4673/4673 4670/4670
f 388/388 389/389 390/390
f 10252/10252 10206/10206 10253/10253
f 3803/3803 3804/3804 3805/3805
f 10192/10192 10190/10190 10203/10203
f 10203/10203 10190/10190 10189/10189
f 10251/10251 10206/10206 10252/10252
f 5157/5157 5158/5158 5159/5159
f 10203/10203 10363/10363 10198/10198
f 3804/3804 3809/3809 3805/3805
f 10198/10198 10192/10192 10203/10203
f 3811/3811 3809/3809 3810/3810
f 3809/3809 3804/3804 3810/3810
f 10192/10192 10191/10191 10190/10190
f 10198/10198 10206/10206 10200/10200
f 10198/10198 10194/10194 10192/10192
f 10192/10192 10193/10193 10191/10191
f 10199/10199 10194/10194 10198/10198
f 10194/10194 10193/10193 10192/10192
f 10200/10200 10199/10199 10198/10198
f 10251/10251 10199/10199 10206/10206
f 10206/10206 10199/10199 10200/10200
f 10204/10204 10194/10194 10199/10199
f 4776/4776 4777/4777 4778/4778
f 1052/1052 1053/1053 1057/1057
f 5121/5121 5122/5122 5123/5123
f 1047/1047 1053/1053 1052/1052
f 1053/1053 1047/1047 1046/1046
f 1053/1053 1046/1046 1054/1054
f 3218/3218 3341/3341 3217/3217
f 3341/3341 3218/3218 3231/3231
f 3341/3341 3259/3259 3217/3217
f 3341/3341 3231/3231 3260/3260
f 3260/3260 3259/3259 3341/3341
f 3243/3243 3260/3260 3231/3231
f 3259/3259 3251/3251 3249/3249
f 3242/3242 3260/3260 3243/3243
f 3260/3260 3251/3251 3259/3259
f 3251/3251 3260/3260 3242/3242
f 3242/3242 3234/3234 3251/3251
f 3234/3234 3235/3235 3251/3251
f 3243/3243 3230/3230 3242/3242
f 3242/3242 3230/3230 3234/3234
f 10035/10035 10037/10037 10036/10036
f 10038/10038 10037/10037 10035/10035
f 6388/6388 6389/6389 6390/6390
f 7075/7075 7074/7074 7073/7073
f 7076/7076 7075/7075 7073/7073
f 11012/11012 11011/11011 11013/11013
f 11009/11009 11011/11011 11012/11012
f 11017/11017 11016/11016 11018/11018
f 11015/11015 11016/11016 11017/11017
f 67/67 68/68 69/69
f 10003/10003 10007/10007 9961/9961
f 11009/11009 11010/11010 11011/11011
f 11014/11014 11010/11010 11009/11009
f 11015/11015 11019/11019 11016/11016
f 6348/6348 6350/6350 6351/6351
f 10003/10003 9965/9965 10007/10007
f 10004/10004 10007/10007 9965/9965
f 6348/6348 6352/6352 6349/6349
f 10932/10932 10933/10933 10934/10934
f 10935/10935 10936/10936 10937/10937
f 10920/10920 10916/10916 10931/10931
f 9967/9967 9971/9971 9965/9965
f 10919/10919 10916/10916 10920/10920
f 10918/10918 10916/10916 10919/10919
f 9967/9967 9972/9972 9971/9971
f 10921/10921 10917/10917 10922/10922
f 10917/10917 10916/10916 10918/10918
f 10921/10921 10915/10915 10917/10917
f 10924/10924 10915/10915 10921/10921
f 10915/10915 10916/10916 10917/10917
f 10924/10924 10916/10916 10915/10915
f 10924/10924 10926/10926 10916/10916
f 10926/10926 10927/10927 10916/10916
f 9945/9945 9949/9949 10044/10044
f 10916/10916 10927/10927 10928/10928
f 10916/10916 10928/10928 10929/10929
f 10916/10916 10929/10929 10930/10930
f 9945/9945 9946/9946 9949/9949
f 9942/9942 9946/9946 9945/9945
f 11022/11022 11021/11021 11023/11023
f 11020/11020 11021/11021 11022/11022
f 3625/3625 3624/3624 3621/3621
f 9948/9948 9947/9947 10005/10005
f 3621/3621 3624/3624 3622/3622
f 9942/9942 9947/9947 9946/9946
f 9975/9975 9947/9947 9942/9942
f 9946/9946 9947/9947 9948/9948
f 3673/3673 3671/3671 3624/3624
f 3674/3674 3671/3671 3673/3673
f 3671/3671 3670/3670 3624/3624
f 3674/3674 3672/3672 3671/3671
f 3688/3688 3672/3672 3674/3674
f 3670/3670 3671/3671 3672/3672
f 3669/3669 3624/3624 3670/3670
f 3669/3669 3642/3642 3624/3624
f 3645/3645 3670/3670 3672/3672
f 3672/3672 3688/3688 3687/3687
f 3645/3645 3669/3669 3670/3670
f 3669/3669 3645/3645 3642/3642
f 3675/3675 3645/3645 3672/3672
f 3645/3645 3637/3637 3642/3642
f 3672/3672 3687/3687 3675/3675
f 10609/10609 10631/10631 10612/10612
f 10610/10610 10609/10609 10611/10611
f 10611/10611 10609/10609 10612/10612
f 2739/2739 2738/2738 2736/2736
f 2738/2738 2737/2737 2736/2736
f 2759/2759 2738/2738 2758/2758
f 2763/2763 2759/2759 2758/2758
f 2738/2738 2759/2759 2760/2760
f 2760/2760 2740/2740 2738/2738
f 2738/2738 2740/2740 2737/2737
f 3312/3312 3177/3177 3284/3284
f 3179/3179 3178/3178 3282/3282
f 3309/3309 3316/3316 3317/3317
f 3316/3316 3312/3312 3317/3317
f 3177/3177 3179/3179 3284/3284
f 3316/3316 3177/3177 3312/3312
f 3303/3303 3316/3316 3309/3309
f 3177/3177 3316/3316 3320/3320
f 3177/3177 3178/3178 3179/3179
f 3316/3316 3303/3303 3319/3319
f 3319/3319 3320/3320 3316/3316
f 3319/3319 3321/3321 3320/3320
f 3320/3320 3252/3252 3177/3177
f 3253/3253 3178/3178 3177/3177
f 3253/3253 3177/3177 3252/3252
f 3134/3134 3130/3130 3135/3135
f 3137/3137 3134/3134 3136/3136
f 3137/3137 3129/3129 3134/3134
f 3283/3283 3282/3282 3137/3137
f 3134/3134 3129/3129 3130/3130
f 3137/3137 3139/3139 3129/3129
f 3282/3282 3139/3139 3137/3137
f 3129/3129 3139/3139 3140/3140
f 9476/9476 9490/9490 9480/9480
f 9475/9475 9476/9476 9477/9477
f 9476/9476 9475/9475 9473/9473
f 9473/9473 9490/9490 9476/9476
f 3140/3140 3139/3139 3132/3132
f 9474/9474 9473/9473 9475/9475
f 3282/3282 3132/3132 3139/3139
f 9473/9473 9474/9474 9472/9472
f 9552/9552 9474/9474 9514/9514
f 9474/9474 9552/9552 9472/9472
f 3257/3257 3132/3132 3282/3282
f 3132/3132 3131/3131 3140/3140
f 9424/9424 9552/9552 9514/9514
f 9403/9403 9412/9412 9552/9552
f 9451/9451 9424/9424 9514/9514
f 9552/9552 9424/9424 9403/9403
f 9406/9406 9424/9424 9451/9451
f 9404/9404 9403/9403 9424/9424
f 9403/9403 9402/9402 9400/9400
f 9406/9406 9404/9404 9424/9424
f 9404/9404 9402/9402 9403/9403
f 10239/10239 10350/10350 10168/10168
f 2988/2988 2998/2998 2994/2994
f 10240/10240 10241/10241 10239/10239
f 2985/2985 2989/2989 2988/2988
f 4959/4959 4945/4945 4960/4960
f 4945/4945 4944/4944 4942/4942
f 4943/4943 4942/4942 4944/4944
f 10242/10242 10241/10241 10240/10240
f 10239/10239 10241/10241 10350/10350
f 2993/2993 2998/2998 2988/2988
f 4945/4945 4952/4952 4944/4944
f 4944/4944 4950/4950 4943/4943
f 4952/4952 4950/4950 4944/4944
f 2989/2989 2993/2993 2988/2988
f 4253/4253 4256/4256 4255/4255
f 4945/4945 4951/4951 4952/4952
f 4952/4952 4951/4951 4950/4950
f 10242/10242 10349/10349 10241/10241
f 2991/2991 2992/2992 2989/2989
f 4257/4257 4256/4256 4253/4253
f 4256/4256 4263/4263 4255/4255
f 4969/4969 4970/4970 4959/4959
f 10383/10383 10385/10385 10384/10384
f 2991/2991 2995/2995 2992/2992
f 10242/10242 10245/10245 10349/10349
f 9631/9631 9634/9634 9632/9632
f 10382/10382 10383/10383 10384/10384
f 4971/4971 4972/4972 4973/4973
f 4958/4958 4945/4945 4959/4959
f 9632/9632 9620/9620 9631/9631
f 10349/10349 10179/10179 10235/10235
f 10245/10245 10377/10377 10349/10349
f 10205/10205 10262/10262 10349/10349
f 10262/10262 10179/10179 10349/10349
f 4795/4795 4793/4793 4792/4792
f 394/394 395/395 396/396
f 6257/6257 6259/6259 6260/6260
f 6255/6255 6256/6256 6257/6257
f 6257/6257 6256/6256 6259/6259
f 6255/6255 6258/6258 6256/6256
f 4313/4313 4263/4263 4256/4256
f 4945/4945 4954/4954 4951/4951
f 4958/4958 4956/4956 4945/4945
f 9635/9635 9632/9632 9634/9634
f 3396/3396 3394/3394 3397/3397
f 3941/3941 3942/3942 3943/3943
f 6261/6261 6257/6257 6260/6260
f 3392/3392 3393/3393 3394/3394
f 391/391 392/392 393/393
f 3943/3943 3942/3942 3944/3944
f 6446/6446 6447/6447 6448/6448
f 6450/6450 6447/6447 6446/6446
f 6443/6443 6444/6444 6445/6445
f 6514/6514 6515/6515 6516/6516
f 6448/6448 6449/6449 6451/6451
f 6447/6447 6449/6449 6448/6448
f 40/40 41/41 42/42
f 43/43 44/44 45/45
f 10205/10205 10179/10179 10262/10262
f 10185/10185 10179/10179 10205/10205
f 6475/6475 6476/6476 6477/6477
f 6478/6478 6475/6475 6477/6477
f 6477/6477 6476/6476 6479/6479
f 9632/9632 9633/9633 9620/9620
f 10461/10461 10462/10462 10463/10463
f 10463/10463 10462/10462 10464/10464
f 6368/6368 6366/6366 6365/6365
f 6365/6365 6366/6366 6367/6367
f 6365/6365 6367/6367 6369/6369
f 4954/4954 4945/4945 4955/4955
f 3395/3395 3394/3394 3396/3396
f 3394/3394 3395/3395 3392/3392
f 10237/10237 10238/10238 10184/10184
f 10237/10237 10184/10184 10186/10186
f 10186/10186 10184/10184 10185/10185
f 10184/10184 10179/10179 10185/10185
f 9635/9635 9633/9633 9632/9632
f 9636/9636 9633/9633 9635/9635
f 10420/10420 10415/10415 10421/10421
f 10420/10420 10419/10419 10415/10415
f 10184/10184 10178/10178 10179/10179
f 4956/4956 4955/4955 4945/4945
f 4356/4356 4313/4313 4256/4256
f 229/229 230/230 231/231
f 4356/4356 4369/4369 4313/4313
f 6122/6122 6123/6123 6124/6124
f 7078/7078 7079/7079 7080/7080
f 4923/4923 4918/4918 4917/4917
f 4356/4356 4256/4256 4281/4281
f 4369/4369 4356/4356 4393/4393
f 4923/4923 4922/4922 4918/4918
f 19/19 20/20 21/21
f 2968/2968 2982/2982 2967/2967
f 2968/2968 2967/2967 2915/2915
f 2879/2879 2880/2880 2881/2881
f 2882/2882 2881/2881 2880/2880
f 11026/11026 11027/11027 11024/11024
f 2879/2879 2877/2877 2880/2880
f 11024/11024 11025/11025 11026/11026
f 11026/11026 11025/11025 11028/11028
f 2982/2982 2966/2966 2967/2967
f 2885/2885 2915/2915 2967/2967
f 2879/2879 2876/2876 2877/2877
f 2884/2884 2876/2876 2879/2879
f 2884/2884 2860/2860 2876/2876
f 2967/2967 2962/2962 2885/2885
f 2885/2885 2884/2884 2879/2879
f 2966/2966 2962/2962 2967/2967
f 2884/2884 2858/2858 2860/2860
f 2962/2962 2886/2886 2885/2885
f 2886/2886 2884/2884 2885/2885
f 5324/5324 5323/5323 5326/5326
f 2488/2488 2489/2489 2487/2487
f 2962/2962 2965/2965 2964/2964
f 2964/2964 2886/2886 2962/2962
f 2889/2889 2884/2884 2887/2887
f 2889/2889 2890/2890 2884/2884
f 2886/2886 2887/2887 2884/2884
f 2892/2892 2890/2890 2887/2887
f 2890/2890 2889/2889 2887/2887
f 10511/10511 10509/10509 10514/10514
f 9959/9959 9956/9956 9960/9960
f 2886/2886 2853/2853 2887/2887
f 2894/2894 2887/2887 2895/2895
f 9956/9956 9955/9955 9960/9960
f 2887/2887 2899/2899 2895/2895
f 2895/2895 2900/2900 2894/2894
f 2899/2899 2900/2900 2895/2895
f 2897/2897 2899/2899 2887/2887
f 2899/2899 2898/2898 2900/2900
f 2897/2897 2898/2898 2899/2899
f 10509/10509 10495/10495 10514/10514
f 10484/10484 10501/10501 10485/10485
f 10485/10485 10501/10501 10509/10509
f 10501/10501 10495/10495 10509/10509
f 241/241 242/242 243/243
f 5370/5370 5367/5367 5386/5386
f 693/693 678/678 679/679
f 680/680 678/678 693/693
f 5368/5368 5367/5367 5370/5370
f 5372/5372 5365/5365 5368/5368
f 5380/5380 5365/5365 5372/5372
f 5368/5368 5365/5365 5367/5367
f 5365/5365 5366/5366 5367/5367
f 5366/5366 5371/5371 5367/5367
f 11029/11029 11030/11030 11031/11031
f 11032/11032 11030/11030 11029/11029
f 5374/5374 5373/5373 5365/5365
f 5365/5365 5369/5369 5366/5366
f 5373/5373 5369/5369 5365/5365
f 5369/5369 5371/5371 5366/5366
f 11033/11033 11034/11034 11035/11035
f 11036/11036 11034/11034 11033/11033
f 5374/5374 5375/5375 5373/5373
f 5377/5377 5375/5375 5374/5374
f 5373/5373 5376/5376 5369/5369
f 5375/5375 5376/5376 5373/5373
f 5376/5376 5371/5371 5369/5369
f 4222/4222 4219/4219 4220/4220
f 4223/4223 4219/4219 4222/4222
f 5377/5377 5376/5376 5375/5375
f 4219/4219 4218/4218 4220/4220
f 4217/4217 4218/4218 4219/4219
f 4225/4225 4224/4224 4217/4217
f 4224/4224 4218/4218 4217/4217
f 4966/4966 4946/4946 4957/4957
f 4957/4957 4940/4940 4939/4939
f 4946/4946 4940/4940 4957/4957
f 4946/4946 4937/4937 4940/4940
f 4937/4937 4939/4939 4940/4940
f 6929/6929 6930/6930 6931/6931
f 4942/4942 4947/4947 4948/4948
f 4946/4946 4941/4941 4937/4937
f 4947/4947 4941/4941 4946/4946
f 4937/4937 4938/4938 4939/4939
f 4941/4941 4938/4938 4937/4937
f 4947/4947 4942/4942 4941/4941
f 4942/4942 4938/4938 4941/4941
f 4943/4943 4938/4938 4942/4942
f 2838/2838 2949/2949 2837/2837
f 2919/2919 2838/2838 3011/3011
f 2838/2838 2948/2948 2949/2949
f 2919/2919 2920/2920 2838/2838
f 2920/2920 2948/2948 2838/2838
f 3010/3010 2999/2999 3011/3011
f 2999/2999 2919/2919 3011/3011
f 7041/7041 7043/7043 7045/7045
f 7041/7041 7042/7042 7043/7043
f 7044/7044 7042/7042 7041/7041
f 6674/6674 6671/6671 6670/6670
f 6665/6665 6671/6671 6674/6674
f 6670/6670 6667/6667 6550/6550
f 6671/6671 6667/6667 6670/6670
f 6665/6665 6673/6673 6671/6671
f 6667/6667 6671/6671 6673/6673
f 6665/6665 6666/6666 6667/6667
f 4/4 5/5 6/6
f 6665/6665 6675/6675 6666/6666
f 6675/6675 6665/6665 6676/6676
f 9385/9385 9386/9386 9383/9383
f 9386/9386 9387/9387 9383/9383
f 9383/9383 9387/9387 9433/9433
f 2999/2999 2918/2918 2919/2919
f 9386/9386 9388/9388 9387/9387
f 2919/2919 2916/2916 2920/2920
f 2920/2920 2921/2921 2963/2963
f 2916/2916 2921/2921 2920/2920
f 6675/6675 6676/6676 6677/6677
f 2927/2927 2963/2963 2921/2921
f 9585/9585 9583/9583 9582/9582
f 9387/9387 9388/9388 9429/9429
f 3233/3233 3236/3236 3235/3235
f 9523/9523 9455/9455 9388/9388
f 9388/9388 9455/9455 9429/9429
f 2927/2927 2921/2921 2922/2922
f 2922/2922 2921/2921 2916/2916
f 9587/9587 9586/9586 9585/9585
f 9523/9523 9348/9348 9455/9455
f 9587/9587 9588/9588 9586/9586
f 3233/3233 3328/3328 3236/3236
f 2628/2628 2626/2626 2632/2632
f 2593/2593 2577/2577 2585/2585
f 9455/9455 9348/9348 9360/9360
f 2576/2576 2585/2585 2577/2577
f 1120/1120 1119/1119 1121/1121
f 2626/2626 2628/2628 2625/2625
f 1119/1119 1091/1091 1121/1121
f 1091/1091 1093/1093 1121/1121
f 2628/2628 2629/2629 2625/2625
f 2629/2629 2630/2630 2625/2625
f 1133/1133 1091/1091 1119/1119
f 2647/2647 2630/2630 2629/2629
f 1093/1093 1091/1091 1090/1090
f 6345/6345 6346/6346 6347/6347
f 9708/9708 9709/9709 9713/9713
f 6272/6272 6274/6274 6273/6273
f 6271/6271 6272/6272 6273/6273
f 151/151 152/152 153/153
f 6342/6342 6343/6343 6344/6344
f 6251/6251 6252/6252 6253/6253
f 9709/9709 9708/9708 9707/9707
f 1092/1092 1090/1090 1089/1089
f 6254/6254 6253/6253 6252/6252
f 6309/6309 6310/6310 6311/6311
f 9702/9702 9707/9707 9708/9708
f 1091/1091 1133/1133 1089/1089
f 1089/1089 1090/1090 1091/1091
f 969/969 966/966 968/968
f 9702/9702 9701/9701 9699/9699
f 1130/1130 1132/1132 1133/1133
f 9700/9700 9699/9699 9701/9701
f 967/967 965/965 970/970
f 9700/9700 9698/9698 9699/9699
f 3146/3146 3105/3105 3106/3106
f 3106/3106 3144/3144 3146/3146
f 9579/9579 9580/9580 9581/9581
f 9506/9506 9553/9553 9507/9507
f 3107/3107 3106/3106 3101/3101
f 3107/3107 3142/3142 3106/3106
f 3142/3142 3144/3144 3106/3106
f 3107/3107 3123/3123 3142/3142
f 3123/3123 3144/3144 3142/3142
f 9579/9579 9578/9578 9580/9580
f 3122/3122 3123/3123 3107/3107
f 9579/9579 9576/9576 9578/9578
f 9468/9468 9439/9439 9469/9469
f 3122/3122 3125/3125 3123/3123
f 3125/3125 3144/3144 3123/3123
f 10196/10196 10201/10201 10197/10197
f 10450/10450 10455/10455 10454/10454
f 10195/10195 10196/10196 10193/10193
f 10201/10201 10196/10196 10195/10195
f 10453/10453 10450/10450 10454/10454
f 4799/4799 4802/4802 4801/4801
f 10456/10456 10453/10453 10454/10454
f 2368/2368 2369/2369 2370/2370
f 10454/10454 10458/10458 10457/10457
f 10454/10454 10457/10457 10456/10456
f 10457/10457 10459/10459 10456/10456
f 2486/2486 2485/2485 2484/2484
f 2369/2369 2363/2363 2371/2371
f 2493/2493 2490/2490 2501/2501
f 10460/10460 10457/10457 10458/10458
f 10600/10600 10596/10596 10599/10599
f 2483/2483 2484/2484 2485/2485
f 10678/10678 10677/10677 10592/10592
f 2493/2493 2484/2484 2490/2490
f 2484/2484 2483/2483 2490/2490
f 9679/9679 9678/9678 9677/9677
f 9771/9771 9769/9769 9772/9772
f 9675/9675 9677/9677 9678/9678
f 9771/9771 9770/9770 9769/9769
f 9716/9716 9734/9734 9678/9678
f 9675/9675 9676/9676 9677/9677
f 9767/9767 9769/9769 9770/9770
f 9734/9734 9675/9675 9678/9678
f 9720/9720 9719/9719 9721/9721
f 9767/9767 9768/9768 9769/9769
f 9664/9664 9719/9719 9720/9720
f 9719/9719 9671/9671 9734/9734
f 9664/9664 9663/9663 9719/9719
f 9671/9671 9675/9675 9734/9734
f 9663/9663 9666/9666 9719/9719
f 9666/9666 9671/9671 9719/9719
f 9663/9663 9665/9665 9666/9666
f 5600/5600 5601/5601 5602/5602
f 2608/2608 2609/2609 2611/2611
f 2648/2648 2597/2597 2611/2611
f 2597/2597 2608/2608 2611/2611
f 9723/9723 9727/9727 9725/9725
f 2597/2597 2595/2595 2608/2608
f 9714/9714 9723/9723 9725/9725
f 2597/2597 2596/2596 2595/2595
f 2589/2589 2596/2596 2597/2597
f 9714/9714 9722/9722 9723/9723
f 2641/2641 2589/2589 2597/2597
f 2589/2589 2587/2587 2596/2596
f 2547/2547 2596/2596 2587/2587
f 9714/9714 9715/9715 9722/9722
f 9677/9677 9715/9715 9714/9714
f 2587/2587 2586/2586 2547/2547
f 2641/2641 2588/2588 2589/2589
f 2589/2589 2588/2588 2587/2587
f 9677/9677 9676/9676 9715/9715
f 2587/2587 2544/2544 2586/2586
f 2566/2566 2553/2553 2588/2588
f 2588/2588 2544/2544 2587/2587
f 4252/4252 4330/4330 4329/4329
f 4307/4307 4330/4330 4251/4251
f 4251/4251 4330/4330 4252/4252
f 4251/4251 4252/4252 4245/4245
f 4245/4245 4250/4250 4251/4251
f 4250/4250 4253/4253 4251/4251
f 4245/4245 4244/4244 4250/4250
f 6245/6245 6247/6247 6246/6246
f 6544/6544 6545/6545 6546/6546
f 6461/6461 6462/6462 6463/6463
f 10654/10654 10655/10655 10652/10652
f 10654/10654 10656/10656 10655/10655
f 10655/10655 10660/10660 10652/10652
f 2796/2796 2795/2795 2791/2791
f 2796/2796 2797/2797 2798/2798
f 2796/2796 2791/2791 2797/2797
f 9825/9825 9823/9823 9835/9835
f 9825/9825 9824/9824 9823/9823
f 9835/9835 9821/9821 9813/9813
f 9835/9835 9823/9823 9821/9821
f 9824/9824 9822/9822 9823/9823
f 6163/6163 6159/6159 6164/6164
f 6163/6163 6162/6162 6159/6159
f 10668/10668 10652/10652 10660/10660
f 6162/6162 6160/6160 6159/6159
f 6158/6158 6159/6159 6160/6160
f 6159/6159 6158/6158 6161/6161
f 5620/5620 5618/5618 5619/5619
f 2692/2692 2697/2697 2693/2693
f 5615/5615 5619/5619 5618/5618
f 2692/2692 2696/2696 2697/2697
f 2695/2695 2696/2696 2692/2692
f 5618/5618 5617/5617 5615/5615
f 2697/2697 2696/2696 2698/2698
f 2696/2696 2699/2699 2698/2698
f 5616/5616 5615/5615 5617/5617
f 5616/5616 5613/5613 5615/5615
f 2696/2696 2700/2700 2699/2699
f 154/154 155/155 156/156
f 5613/5613 5612/5612 5615/5615
f 2705/2705 2704/2704 2696/2696
f 2704/2704 2702/2702 2696/2696
f 2696/2696 2701/2701 2700/2700
f 2702/2702 2701/2701 2696/2696
f 5611/5611 5612/5612 5613/5613
f 2703/2703 2702/2702 2704/2704
f 2703/2703 2701/2701 2702/2702
f 5614/5614 5612/5612 5611/5611
f 2709/2709 2703/2703 2704/2704
f 3311/3311 3314/3314 3310/3310
f 3311/3311 3284/3284 3314/3314
f 3314/3314 3284/3284 3283/3283
f 3307/3307 3311/3311 3310/3310
f 3283/3283 3284/3284 3282/3282
f 3307/3307 3312/3312 3311/3311
f 3312/3312 3284/3284 3311/3311
f 3307/3307 3317/3317 3312/3312
f 3282/3282 3284/3284 3179/3179
f 3257/3257 3258/3258 3132/3132
f 3258/3258 3116/3116 3132/3132
f 3257/3257 3282/3282 3178/3178
f 3132/3132 3116/3116 3131/3131
f 3116/3116 3113/3113 3131/3131
f 3116/3116 3115/3115 3113/3113
f 3257/3257 3148/3148 3258/3258
f 3258/3258 3148/3148 3116/3116
f 3256/3256 3148/3148 3257/3257
f 3178/3178 3253/3253 3257/3257
f 3253/3253 3256/3256 3257/3257
f 3147/3147 3115/3115 3116/3116
f 3148/3148 3147/3147 3116/3116
f 3253/3253 3149/3149 3256/3256
f 3149/3149 3148/3148 3256/3256
f 3148/3148 3119/3119 3147/3147
f 3115/3115 3147/3147 3119/3119
f 10188/10188 10189/10189 10190/10190
f 10184/10184 10187/10187 10178/10178
f 10189/10189 10188/10188 10184/10184
f 85/85 86/86 87/87
f 10105/10105 10106/10106 10107/10107
f 10188/10188 10187/10187 10184/10184
f 10190/10190 10191/10191 10188/10188
f 10027/10027 10028/10028 10026/10026
f 10056/10056 10051/10051 10060/10060
f 10191/10191 10202/10202 10188/10188
f 9934/9934 9933/9933 9932/9932
f 10191/10191 10193/10193 10202/10202
f 10051/10051 10052/10052 10053/10053
f 10055/10055 10051/10051 10056/10056
f 10193/10193 10197/10197 10202/10202
f 10193/10193 10196/10196 10197/10197
f 10055/10055 10054/10054 10051/10051
f 10051/10051 10054/10054 10052/10052
f 10057/10057 10054/10054 10055/10055
f 10057/10057 10055/10055 10059/10059
f 10054/10054 10057/10057 10058/10058
f 1008/1008 1007/1007 1004/1004
f 1008/1008 1010/1010 1007/1007
f 1010/1010 1030/1030 1007/1007
f 1007/1007 1030/1030 1031/1031
f 1032/1032 1030/1030 1010/1010
f 4310/4310 4270/4270 4271/4271
f 4270/4270 4310/4310 4262/4262
f 4271/4271 4311/4311 4310/4310
f 4310/4310 4311/4311 4377/4377
f 4311/4311 4271/4271 4287/4287
f 4295/4295 4311/4311 4287/4287
f 4377/4377 4311/4311 4295/4295
f 4287/4287 4294/4294 4295/4295
f 4287/4287 4271/4271 4286/4286
f 3194/3194 3188/3188 3198/3198
f 4287/4287 4286/4286 4290/4290
f 4287/4287 4290/4290 4294/4294
f 3181/3181 3188/3188 3194/3194
f 4286/4286 4288/4288 4290/4290
f 4292/4292 4294/4294 4290/4290
f 4292/4292 4293/4293 4294/4294
f 4288/4288 4291/4291 4290/4290
f 4290/4290 4291/4291 4292/4292
f 3182/3182 3188/3188 3181/3181
f 4291/4291 4293/4293 4292/4292
f 4458/4458 4459/4459 4466/4466
f 4472/4472 4466/4466 4459/4459
f 4459/4459 4456/4456 4472/4472
f 4456/4456 4473/4473 4472/4472
f 4472/4472 4473/4473 4474/4474
f 4458/4458 4453/4453 4459/4459
f 4453/4453 4456/4456 4459/4459
f 4456/4456 4476/4476 4473/4473
f 4454/4454 4476/4476 4456/4456
f 4476/4476 4475/4475 4473/4473
f 4456/4456 4453/4453 4454/4454
f 4427/4427 4542/4542 4431/4431
f 4431/4431 4508/4508 4434/4434
f 4431/4431 4542/4542 4508/4508
f 4508/4508 4438/4438 4434/4434
f 4590/4590 4586/4586 4508/4508
f 4508/4508 4586/4586 4438/4438
f 4586/4586 4587/4587 4438/4438
f 3271/3271 3273/3273 3270/3270
f 3267/3267 3269/3269 3268/3268
f 3269/3269 3270/3270 3268/3268
f 3269/3269 3271/3271 3270/3270
f 3273/3273 3274/3274 3275/3275
f 3272/3272 3271/3271 3269/3269
f 3266/3266 3272/3272 3269/3269
f 3272/3272 3273/3273 3271/3271
f 4604/4604 4605/4605 4606/4606
f 4605/4605 4604/4604 4607/4607
f 4606/4606 4608/4608 4604/4604
f 4532/4532 4512/4512 4435/4435
f 4532/4532 4435/4435 4531/4531
f 4436/4436 4435/4435 4512/4512
f 4436/4436 4430/4430 4435/4435
f 4430/4430 4432/4432 4435/4435
f 4426/4426 4436/4436 4512/4512
f 4428/4428 4430/4430 4436/4436
f 4426/4426 4428/4428 4436/4436
f 4426/4426 4425/4425 4421/4421
f 4426/4426 4427/4427 4428/4428
f 4421/4421 4427/4427 4426/4426
f 4428/4428 4427/4427 4430/4430
f 4421/4421 4423/4423 4427/4427
f 4423/4423 4543/4543 4427/4427
f 1075/1075 1074/1074 1076/1076
f 2441/2441 2459/2459 2430/2430
f 2459/2459 2471/2471 2430/2430
f 1075/1075 1057/1057 1074/1074
f 1074/1074 1057/1057 1064/1064
f 1057/1057 1063/1063 1064/1064
f 2457/2457 2471/2471 2459/2459
f 2458/2458 2459/2459 2441/2441
f 2476/2476 2471/2471 2457/2457
f 2458/2458 2457/2457 2459/2459
f 2471/2471 2476/2476 2482/2482
f 1057/1057 1075/1075 1061/1061
f 4575/4575 4574/4574 4584/4584
f 4574/4574 4581/4581 4584/4584
f 4575/4575 4571/4571 4574/4574
f 4574/4574 4582/4582 4581/4581
f 4535/4535 4413/4413 4534/4534
f 4571/4571 4573/4573 4574/4574
f 4573/4573 4470/4470 4574/4574
f 4415/4415 4413/4413 4509/4509
f 4470/4470 4582/4582 4574/4574
f 4469/4469 4573/4573 4572/4572
f 4469/4469 4470/4470 4573/4573
f 4509/4509 4530/4530 4415/4415
f 4469/4469 4572/4572 4601/4601
f 4470/4470 4583/4583 4582/4582
f 4470/4470 4467/4467 4583/4583
f 4469/4469 4467/4467 4470/4470
f 4511/4511 4469/4469 4601/4601
f 4511/4511 4468/4468 4469/4469
f 4469/4469 4468/4468 4467/4467
f 4468/4468 4464/4464 4467/4467
f 3186/3186 3189/3189 3185/3185
f 4943/4943 4950/4950 4938/4938
f 4950/4950 4951/4951 4938/4938
f 6899/6899 6900/6900 6901/6901
f 6899/6899 6903/6903 6900/6900
f 6492/6492 6493/6493 6494/6494
f 4951/4951 4953/4953 4938/4938
f 4951/4951 4962/4962 4953/4953
f 4951/4951 4954/4954 4962/4962
f 3001/3001 3010/3010 3012/3012
f 3014/3014 3001/3001 3013/3013
f 4954/4954 4963/4963 4962/4962
f 3009/3009 3001/3001 3014/3014
f 3001/3001 2999/2999 3010/3010
f 3009/3009 3000/3000 3001/3001
f 3009/3009 2994/2994 3000/3000
f 3000/3000 2999/2999 3001/3001
f 9699/9699 9689/9689 9703/9703
f 9689/9689 9738/9738 9703/9703
f 9703/9703 9738/9738 9712/9712
f 9775/9775 9776/9776 9773/9773
f 2994/2994 2998/2998 3000/3000
f 9689/9689 9704/9704 9738/9738
f 9685/9685 9714/9714 9725/9725
f 9687/9687 9738/9738 9704/9704
f 9687/9687 9684/9684 9738/9738
f 9684/9684 9685/9685 9738/9738
f 7079/7079 7081/7081 7080/7080
f 232/232 233/233 234/234
f 4964/4964 4963/4963 4954/4954
f 9684/9684 9679/9679 9685/9685
f 9679/9679 9714/9714 9685/9685
f 4918/4918 4922/4922 4920/4920
f 9681/9681 9679/9679 9684/9684
f 9681/9681 9682/9682 9680/9680
f 9679/9679 9681/9681 9680/9680
f 9680/9680 9682/9682 9716/9716
f 9730/9730 9716/9716 9682/9682
f 9714/9714 9679/9679 9677/9677
f 9716/9716 9678/9678 9680/9680
f 9680/9680 9678/9678 9679/9679
f 9667/9667 9717/9717 9670/9670
f 9670/9670 9729/9729 9669/9669
f 10273/10273 10272/10272 10274/10274
f 9717/9717 9729/9729 9670/9670
f 10270/10270 10272/10272 10269/10269
f 10273/10273 10269/10269 10272/10272
f 9717/9717 9735/9735 9729/9729
f 1126/1126 1128/1128 1127/1127
f 1129/1129 1134/1134 1132/1132
f 1126/1126 1131/1131 1128/1128
f 1128/1128 1134/1134 1129/1129
f 9692/9692 9690/9690 9693/9693
f 9693/9693 9690/9690 9698/9698
f 9737/9737 9729/9729 9735/9735
f 9692/9692 9691/9691 9690/9690
f 10269/10269 10268/10268 10270/10270
f 9691/9691 9688/9688 9690/9690
f 9696/9696 9697/9697 9691/9691
f 9697/9697 9705/9705 9691/9691
f 9691/9691 9705/9705 9688/9688
f 9705/9705 9686/9686 9688/9688
f 10276/10276 10269/10269 10273/10273
f 10269/10269 10267/10267 10268/10268
f 9789/9789 9790/9790 9791/9791
f 9741/9741 9705/9705 9697/9697
f 9705/9705 9741/9741 9686/9686
f 9786/9786 9787/9787 9788/9788
f 9726/9726 9741/9741 9661/9661
f 9726/9726 9661/9661 9660/9660
f 9661/9661 9741/9741 9731/9731
f 9661/9661 9659/9659 9660/9660
f 9731/9731 9657/9657 9661/9661
f 9365/9365 9366/9366 9433/9433
f 3946/3946 3945/3945 3948/3948
f 9582/9582 9583/9583 9584/9584
f 3945/3945 3946/3946 3947/3947
f 10276/10276 10267/10267 10269/10269
f 9585/9585 9586/9586 9583/9583
f 9365/9365 9435/9435 9363/9363
f 10265/10265 10267/10267 10155/10155
f 9435/9435 9362/9362 9363/9363
f 10268/10268 10267/10267 10265/10265
f 9588/9588 9589/9589 9586/9586
f 385/385 386/386 387/387
f 10154/10154 10156/10156 10155/10155
f 10155/10155 10156/10156 10265/10265
f 9359/9359 9355/9355 9358/9358
f 10154/10154 10155/10155 10153/10153
f 2588/2588 2553/2553 2544/2544
f 2566/2566 2548/2548 2553/2553
f 2548/2548 2544/2544 2553/2553
f 2550/2550 2548/2548 2566/2566
f 2548/2548 2542/2542 2544/2544
f 9675/9675 9673/9673 9676/9676
f 2566/2566 2602/2602 2550/2550
f 2550/2550 2549/2549 2548/2548
f 2549/2549 2542/2542 2548/2548
f 9671/9671 9673/9673 9675/9675
f 3044/3044 3034/3034 3049/3049
f 3034/3034 3031/3031 3035/3035
f 2480/2480 2469/2469 2481/2481
f 2435/2435 2464/2464 2436/2436
f 3034/3034 3044/3044 3029/3029
f 3031/3031 3034/3034 3029/3029
f 2435/2435 2469/2469 2464/2464
f 2480/2480 2475/2475 2469/2469
f 2475/2475 2468/2468 2469/2469
f 2469/2469 2468/2468 2464/2464
f 2468/2468 2465/2465 2464/2464
f 2809/2809 2808/2808 2807/2807
f 10207/10207 10224/10224 10231/10231
f 2806/2806 2807/2807 2808/2808
f 2467/2467 2465/2465 2468/2468
f 10207/10207 10223/10223 10224/10224
f 2465/2465 2462/2462 2464/2464
f 5397/5397 5398/5398 5399/5399
f 4511/4511 4513/4513 4468/4468
f 4468/4468 4493/4493 4464/4464
f 4513/4513 4494/4494 4468/4468
f 4468/4468 4494/4494 4493/4493
f 7458/7458 7462/7462 7463/7463
f 7452/7452 7459/7459 7458/7458
f 7462/7462 7464/7464 7463/7463
f 7459/7459 7460/7460 7458/7458
f 7458/7458 7460/7460 7462/7462
f 7477/7477 7481/7481 7464/7464
f 7462/7462 7477/7477 7464/7464
f 7460/7460 7477/7477 7462/7462
f 4267/4267 4265/4265 4266/4266
f 4267/4267 4269/4269 4265/4265
f 10316/10316 10319/10319 10318/10318
f 10012/10012 10009/10009 10022/10022
f 10012/10012 10011/10011 10009/10009
f 4265/4265 4262/4262 4260/4260
f 4269/4269 4270/4270 4265/4265
f 10008/10008 10009/10009 10010/10010
f 10336/10336 10319/10319 10316/10316
f 10011/10011 10010/10010 10009/10009
f 4307/4307 4240/4240 4334/4334
f 4265/4265 4270/4270 4262/4262
f 10309/10309 10333/10333 10336/10336
f 4240/4240 4307/4307 4337/4337
f 10336/10336 10380/10380 10319/10319
f 4267/4267 4271/4271 4269/4269
f 4269/4269 4271/4271 4270/4270
f 10333/10333 10380/10380 10336/10336
f 5393/5393 5394/5394 5395/5395
f 10013/10013 10011/10011 10012/10012
f 10310/10310 10333/10333 10309/10309
f 5393/5393 5396/5396 5394/5394
f 5199/5199 5200/5200 5201/5201
f 10310/10310 10334/10334 10333/10333
f 4240/4240 4238/4238 4242/4242
f 244/244 245/245 246/246
f 4238/4238 4239/4239 4242/4242
f 10010/10010 10011/10011 10015/10015
f 10008/10008 10010/10010 10014/10014
f 10340/10340 10310/10310 10378/10378
f 10310/10310 10340/10340 10338/10338
f 82/82 83/83 84/84
f 10310/10310 10338/10338 10335/10335
f 10335/10335 10334/10334 10310/10310
f 5683/5683 5684/5684 5685/5685
f 10772/10772 10769/10769 10771/10771
f 4251/4251 4254/4254 4307/4307
f 10018/10018 10015/10015 10011/10011
f 4254/4254 4241/4241 4307/4307
f 4241/4241 4337/4337 4307/4307
f 5689/5689 5690/5690 5691/5691
f 10442/10442 10443/10443 10440/10440
f 10340/10340 10339/10339 10338/10338
f 10440/10440 10439/10439 10442/10442
f 10338/10338 10339/10339 10335/10335
f 79/79 80/80 81/81
f 4240/4240 4237/4237 4238/4238
f 6315/6315 6316/6316 6317/6317
f 4238/4238 4236/4236 4239/4239
f 4237/4237 4236/4236 4238/4238
f 10772/10772 10773/10773 10769/10769
f 10776/10776 10771/10771 10770/10770
f 4253/4253 4254/4254 4251/4251
f 4240/4240 4221/4221 4237/4237
f 4217/4217 4221/4221 4240/4240
f 5381/5381 5378/5378 5379/5379
f 5382/5382 5378/5378 5381/5381
f 10771/10771 10769/10769 10770/10770
f 10438/10438 10439/10439 10440/10440
f 10010/10010 10023/10023 10014/10014
f 4217/4217 4240/4240 4241/4241
f 4217/4217 4219/4219 4221/4221
f 5382/5382 5383/5383 5378/5378
f 4219/4219 4223/4223 4221/4221
f 4241/4241 4367/4367 4217/4217
f 4367/4367 4241/4241 4254/4254
f 4226/4226 4225/4225 4217/4217
f 4254/4254 4255/4255 4367/4367
f 4961/4961 4946/4946 4967/4967
f 4967/4967 4946/4946 4966/4966
f 4253/4253 4255/4255 4254/4254
f 4961/4961 4949/4949 4946/4946
f 4949/4949 4948/4948 4946/4946
f 4942/4942 4949/4949 4961/4961
f 4949/4949 4942/4942 4948/4948
f 4960/4960 4945/4945 4961/4961
f 4945/4945 4942/4942 4961/4961
f 4960/4960 4969/4969 4959/4959
f 10136/10136 10138/10138 10132/10132
f 10129/10129 10133/10133 10132/10132
f 10133/10133 10136/10136 10132/10132
f 5113/5113 5114/5114 5115/5115
f 5117/5117 5113/5113 5115/5115
f 10136/10136 10139/10139 10138/10138
f 10136/10136 10149/10149 10139/10139
f 10149/10149 10143/10143 10139/10139
f 5113/5113 5117/5117 5114/5114
f 5114/5114 5116/5116 5115/5115
f 10145/10145 10133/10133 10134/10134
f 5117/5117 5116/5116 5114/5114
f 10145/10145 10149/10149 10133/10133
f 10347/10347 10149/10149 10145/10145
f 5504/5504 5505/5505 5506/5506
f 10406/10406 10407/10407 10404/10404
f 10404/10404 10405/10405 10406/10406
f 10408/10408 10404/10404 10407/10407
f 10409/10409 10404/10404 10408/10408
f 10422/10422 10409/10409 10408/10408
f 10234/10234 10166/10166 10367/10367
f 10422/10422 10411/10411 10409/10409
f 10234/10234 10168/10168 10166/10166
f 10409/10409 10410/10410 10404/10404
f 10409/10409 10411/10411 10410/10410
f 10234/10234 10240/10240 10239/10239
f 10234/10234 10239/10239 10168/10168
f 10030/10030 10043/10043 10031/10031
f 10071/10071 10070/10070 10072/10072
f 10070/10070 10078/10078 10072/10072
f 10092/10092 10093/10093 10094/10094
f 10048/10048 10024/10024 9941/9941
f 4836/4836 4837/4837 4838/4838
f 10078/10078 10083/10083 10072/10072
f 9936/9936 10024/10024 10048/10048
f 5141/5141 5142/5142 5143/5143
f 9933/9933 9924/9924 9932/9932
f 9932/9932 9924/9924 9926/9926
f 9936/9936 10043/10043 9926/9926
f 9936/9936 9929/9929 10024/10024
f 9924/9924 9925/9925 9926/9926
f 9935/9935 9924/9924 9933/9933
f 9927/9927 9936/9936 9926/9926
f 9926/9926 9925/9925 9927/9927
f 9925/9925 9924/9924 9935/9935
f 9930/9930 9925/9925 9935/9935
f 9928/9928 9927/9927 9925/9925
f 9925/9925 9930/9930 9928/9928
f 1004/1004 1005/1005 1006/1006
f 1005/1005 1004/1004 1007/1007
f 1007/1007 1031/1031 1005/1005
f 1005/1005 1031/1031 1009/1009
f 1031/1031 1065/1065 1009/1009
f 3184/3184 3225/3225 3223/3223
f 3333/3333 3225/3225 3184/3184
f 3332/3332 3331/3331 3225/3225
f 3331/3331 3330/3330 3225/3225
f 1137/1137 1111/1111 1116/1116
f 1110/1110 1116/1116 1111/1111
f 1110/1110 1108/1108 1116/1116
f 4360/4360 4359/4359 4358/4358
f 4358/4358 4359/4359 4318/4318
f 9538/9538 9539/9539 9540/9540
f 9538/9538 9535/9535 9539/9539
f 4750/4750 4773/4773 4774/4774
f 9539/9539 9541/9541 9540/9540
f 4752/4752 4773/4773 4750/4750
f 9551/9551 9535/9535 9532/9532
f 9555/9555 9556/9556 9557/9557
f 9539/9539 9535/9535 9551/9551
f 11037/11037 11038/11038 11039/11039
f 11039/11039 11038/11038 11040/11040
f 9541/9541 9542/9542 9543/9543
f 9532/9532 9530/9530 9551/9551
f 9529/9529 9530/9530 9532/9532
f 9558/9558 9555/9555 9557/9557
f 3301/3301 3309/3309 3304/3304
f 3309/3309 3317/3317 3304/3304
f 9528/9528 9530/9530 9529/9529
f 3302/3302 3301/3301 3300/3300
f 3300/3300 3216/3216 3302/3302
f 3301/3301 3303/3303 3309/3309
f 3302/3302 3303/3303 3301/3301
f 3217/3217 3302/3302 3322/3322
f 3308/3308 3303/3303 3302/3302
f 2537/2537 2530/2530 2534/2534
f 2530/2530 2524/2524 2523/2523
f 9528/9528 9531/9531 9530/9530
f 2530/2530 2565/2565 2524/2524
f 2524/2524 2569/2569 2518/2518
f 2537/2537 2565/2565 2530/2530
f 2538/2538 2565/2565 2537/2537
f 2570/2570 2569/2569 2524/2524
f 2565/2565 2538/2538 2563/2563
f 2565/2565 2568/2568 2524/2524
f 2570/2570 2524/2524 2568/2568
f 2563/2563 2568/2568 2565/2565
f 2563/2563 2650/2650 2568/2568
f 2650/2650 2570/2570 2568/2568
f 2538/2538 2561/2561 2563/2563
f 2557/2557 2559/2559 2555/2555
f 2557/2557 2504/2504 2559/2559
f 2503/2503 2562/2562 2559/2559
f 2503/2503 2559/2559 2504/2504
f 2507/2507 2505/2505 2504/2504
f 2505/2505 2502/2502 2504/2504
f 2502/2502 2503/2503 2504/2504
f 2505/2505 2513/2513 2502/2502
f 10344/10344 10362/10362 10343/10343
f 10468/10468 10469/10469 10470/10470
f 10344/10344 10371/10371 10362/10362
f 10371/10371 10337/10337 10321/10321
f 1107/1107 1113/1113 1122/1122
f 1122/1122 1124/1124 1109/1109
f 9691/9691 9694/9694 9695/9695
f 9694/9694 9691/9691 9692/9692
f 1113/1113 1114/1114 1122/1122
f 1114/1114 1123/1123 1122/1122
f 1122/1122 1123/1123 1124/1124
f 9696/9696 9691/9691 9695/9695
f 9778/9778 9779/9779 9780/9780
f 9744/9744 9697/9697 9696/9696
f 9791/9791 9790/9790 9792/9792
f 1140/1140 1114/1114 1138/1138
f 9662/9662 9732/9732 9744/9744
f 1115/1115 1138/1138 1114/1114
f 9732/9732 9731/9731 9741/9741
f 9662/9662 9731/9731 9732/9732
f 1096/1096 1138/1138 1115/1115
f 9401/9401 9400/9400 9402/9402
f 9401/9401 9436/9436 9399/9399
f 9399/9399 9436/9436 9393/9393
f 9402/9402 9453/9453 9401/9401
f 9377/9377 9390/9390 9436/9436
f 9562/9562 9563/9563 9564/9564
f 9381/9381 9377/9377 9436/9436
f 9565/9565 9563/9563 9562/9562
f 2535/2535 2536/2536 2534/2534
f 2541/2541 2536/2536 2535/2535
f 2536/2536 2537/2537 2534/2534
f 2536/2536 2538/2538 2537/2537
f 2538/2538 2536/2536 2541/2541
f 2559/2559 2561/2561 2538/2538
f 2562/2562 2561/2561 2559/2559
f 2466/2466 2450/2450 2462/2462
f 2450/2450 2463/2463 2462/2462
f 2463/2463 2473/2473 2470/2470
f 2450/2450 2473/2473 2463/2463
f 5253/5253 5254/5254 5256/5256
f 2466/2466 2452/2452 2450/2450
f 2450/2450 2449/2449 2443/2443
f 2450/2450 2452/2452 2451/2451
f 2449/2449 2450/2450 2451/2451
f 2449/2449 2451/2451 2453/2453
f 10229/10229 10230/10230 10233/10233
f 10573/10573 10574/10574 10571/10571
f 10575/10575 10574/10574 10573/10573
f 10686/10686 10692/10692 10693/10693
f 10691/10691 10686/10686 10690/10690
f 10571/10571 10568/10568 10573/10573
f 10692/10692 10686/10686 10691/10691
f 10571/10571 10569/10569 10568/10568
f 10381/10381 10153/10153 10158/10158
f 10140/10140 10381/10381 10142/10142
f 10138/10138 10139/10139 10140/10140
f 10142/10142 10138/10138 10140/10140
f 10148/10148 10381/10381 10161/10161
f 10153/10153 10381/10381 10148/10148
f 10381/10381 10140/10140 10161/10161
f 10144/10144 10161/10161 10140/10140
f 10143/10143 10140/10140 10139/10139
f 10153/10153 10148/10148 10152/10152
f 10148/10148 10151/10151 10152/10152
f 10140/10140 10143/10143 10144/10144
f 10144/10144 10148/10148 10161/10161
f 10144/10144 10143/10143 10146/10146
f 10144/10144 10146/10146 10148/10148
f 10149/10149 10367/10367 10143/10143
f 10146/10146 10143/10143 10367/10367
f 10146/10146 10150/10150 10148/10148
f 10148/10148 10150/10150 10151/10151
f 10146/10146 10367/10367 10163/10163
f 10249/10249 10151/10151 10150/10150
f 10163/10163 10150/10150 10146/10146
f 10164/10164 10150/10150 10163/10163
f 10348/10348 10249/10249 10165/10165
f 10163/10163 10367/10367 10166/10166
f 10166/10166 10164/10164 10163/10163
f 10150/10150 10164/10164 10165/10165
f 10249/10249 10150/10150 10165/10165
f 10167/10167 10166/10166 10168/10168
f 10166/10166 10167/10167 10164/10164
f 10167/10167 10250/10250 10164/10164
f 5220/5220 5221/5221 5222/5222
f 10373/10373 10250/10250 10167/10167
f 4548/4548 4553/4553 4554/4554
f 4548/4548 4552/4552 4553/4553
f 4567/4567 4364/4364 4553/4553
f 4368/4368 4268/4268 4280/4280
f 4552/4552 4567/4567 4553/4553
f 4567/4567 4368/4368 4364/4364
f 4568/4568 4567/4567 4552/4552
f 4505/4505 4568/4568 4552/4552
f 4267/4267 4268/4268 4368/4368
f 4505/4505 4502/4502 4568/4568
f 4567/4567 4267/4267 4368/4368
f 4268/4268 4266/4266 4280/4280
f 4502/4502 4284/4284 4568/4568
f 4267/4267 4266/4266 4268/4268
f 4502/4502 4492/4492 4284/4284
f 4284/4284 4567/4567 4568/4568
f 4488/4488 4502/4502 4487/4487
f 4502/4502 4488/4488 4492/4492
f 4284/4284 4267/4267 4567/4567
f 10452/10452 10451/10451 10450/10450
f 10450/10450 10451/10451 10445/10445
f 10453/10453 10452/10452 10450/10450
f 4612/4612 4613/4613 4614/4614
f 4858/4858 4856/4856 4860/4860
f 4859/4859 4856/4856 4855/4855
f 4855/4855 4856/4856 4857/4857
f 4857/4857 4856/4856 4858/4858
f 7483/7483 7485/7485 7486/7486
f 4856/4856 4859/4859 4860/4860
f 4419/4419 4425/4425 4512/4512
f 4417/4417 4418/4418 4419/4419
f 4425/4425 4426/4426 4512/4512
f 10217/10217 10218/10218 10219/10219
f 10215/10215 10218/10218 10217/10217
f 4419/4419 4418/4418 4425/4425
f 10218/10218 10215/10215 10228/10228
f 4418/4418 4421/4421 4425/4425
f 4420/4420 4421/4421 4418/4418
f 4416/4416 4420/4420 4418/4418
f 4423/4423 4421/4421 4420/4420
f 4541/4541 4423/4423 4420/4420
f 4416/4416 4424/4424 4420/4420
f 4420/4420 4424/4424 4541/4541
f 10217/10217 10216/10216 10215/10215
f 10216/10216 10214/10214 10215/10215
f 10594/10594 10595/10595 10601/10601
f 10595/10595 10594/10594 10593/10593
f 10221/10221 10220/10220 10217/10217
f 10216/10216 10222/10222 10214/10214
f 10217/10217 10220/10220 10216/10216
f 10598/10598 10595/10595 10593/10593
f 10593/10593 10592/10592 10587/10587
f 10592/10592 10591/10591 10587/10587
f 10222/10222 10216/10216 10220/10220
f 10599/10599 10596/10596 10594/10594
f 10596/10596 10592/10592 10594/10594
f 10594/10594 10592/10592 10593/10593
f 2490/2490 2483/2483 2491/2491
f 9377/9377 9375/9375 9389/9389
f 9375/9375 9434/9434 9389/9389
f 9434/9434 9375/9375 9450/9450
f 9379/9379 9377/9377 9380/9380
f 9375/9375 9512/9512 9450/9450
f 9379/9379 9378/9378 9377/9377
f 9374/9374 9375/9375 9377/9377
f 6853/6853 6852/6852 6854/6854
f 9378/9378 9374/9374 9377/9377
f 6853/6853 6851/6851 6852/6852
f 6874/6874 6851/6851 6853/6853
f 5649/5649 5648/5648 5647/5647
f 11043/11043 11042/11042 11044/11044
f 11041/11041 11042/11042 11043/11043
f 9375/9375 9374/9374 9373/9373
f 9376/9376 9428/9428 9375/9375
f 6866/6866 6789/6789 6749/6749
f 3482/3482 3463/3463 3484/3484
f 3478/3478 3463/3463 3482/3482
f 3484/3484 3463/3463 3485/3485
f 3463/3463 3486/3486 3485/3485
f 3471/3471 3463/3463 3478/3478
f 3471/3471 3470/3470 3463/3463
f 3476/3476 3470/3470 3471/3471
f 1101/1101 1103/1103 1108/1108
f 1108/1108 1103/1103 1116/1116
f 3476/3476 3473/3473 3470/3470
f 3463/3463 3470/3470 3469/3469
f 3469/3469 3464/3464 3463/3463
f 1101/1101 1102/1102 1103/1103
f 1102/1102 1100/1100 1099/1099
f 3470/3470 3472/3472 3469/3469
f 1099/1099 1107/1107 1102/1102
f 1099/1099 1097/1097 1107/1107
f 4353/4353 4231/4231 4232/4232
f 3472/3472 3475/3475 3469/3469
f 3469/3469 3468/3468 3464/3464
f 3475/3475 3468/3468 3469/3469
f 3464/3464 3459/3459 3463/3463
f 3464/3464 3468/3468 3459/3459
f 4353/4353 4228/4228 4231/4231
f 4230/4230 4353/4353 4227/4227
f 4228/4228 4353/4353 4230/4230
f 4227/4227 4353/4353 4229/4229
f 4242/4242 4355/4355 4354/4354
f 4354/4354 4355/4355 4353/4353
f 1072/1072 1024/1024 1026/1026
f 1026/1026 1025/1025 1027/1027
f 1024/1024 1025/1025 1026/1026
f 3756/3756 3759/3759 3752/3752
f 1072/1072 1073/1073 1024/1024
f 3760/3760 3762/3762 3759/3759
f 3761/3761 3762/3762 3760/3760
f 11047/11047 11048/11048 11045/11045
f 11045/11045 11046/11046 11047/11047
f 3761/3761 3772/3772 3763/3763
f 3762/3762 3761/3761 3763/3763
f 3762/3762 3763/3763 3777/3777
f 11049/11049 11050/11050 11051/11051
f 11049/11049 11052/11052 11050/11050
f 3630/3630 3763/3763 3772/3772
f 3763/3763 3778/3778 3777/3777
f 3777/3777 3751/3751 3764/3764
f 6205/6205 6208/6208 6210/6210
f 6211/6211 6209/6209 6204/6204
f 1033/1033 1036/1036 1041/1041
f 6207/6207 6204/6204 6209/6209
f 6207/6207 6205/6205 6204/6204
f 6207/6207 6208/6208 6205/6205
f 1033/1033 1035/1035 1036/1036
f 6209/6209 6213/6213 6207/6207
f 6203/6203 6213/6213 6209/6209
f 6213/6213 6214/6214 6207/6207
f 6212/6212 6207/6207 6214/6214
f 6208/6208 6207/6207 6212/6212
f 6203/6203 6202/6202 6213/6213
f 1033/1033 1034/1034 1035/1035
f 6213/6213 6215/6215 6214/6214
f 6202/6202 6215/6215 6213/6213
f 11053/11053 11054/11054 11055/11055
f 11056/11056 11054/11054 11053/11053
f 1033/1033 1037/1037 1034/1034
f 1034/1034 1037/1037 1038/1038
f 1038/1038 1037/1037 1039/1039
f 1033/1033 1023/1023 1037/1037
f 10670/10670 10659/10659 10669/10669
f 10670/10670 10671/10671 10659/10659
f 9836/9836 9834/9834 9828/9828
f 10645/10645 10648/10648 10653/10653
f 10648/10648 10651/10651 10653/10653
f 10653/10653 10673/10673 10669/10669
f 10653/10653 10651/10651 10673/10673
f 9837/9837 9813/9813 9836/9836
f 10669/10669 10673/10673 10675/10675
f 9836/9836 9813/9813 9834/9834
f 10648/10648 10650/10650 10651/10651
f 10648/10648 10649/10649 10650/10650
f 11057/11057 11059/11059 11060/11060
f 11057/11057 11058/11058 11059/11059
f 10673/10673 10674/10674 10675/10675
f 9831/9831 9824/9824 9829/9829
f 9829/9829 9825/9825 9830/9830
f 9829/9829 9824/9824 9825/9825
f 9830/9830 9825/9825 9835/9835
f 9909/9909 9910/9910 9911/9911
f 10658/10658 10645/10645 10659/10659
f 10645/10645 10653/10653 10669/10669
f 10645/10645 10669/10669 10659/10659
f 3295/3295 3306/3306 3297/3297
f 3298/3298 3306/3306 3295/3295
f 3306/3306 3307/3307 3297/3297
f 3297/3297 3307/3307 3310/3310
f 3306/3306 3304/3304 3307/3307
f 3298/3298 3304/3304 3306/3306
f 3304/3304 3317/3317 3307/3307
f 3300/3300 3301/3301 3298/3298
f 3298/3298 3301/3301 3304/3304
f 9590/9590 9591/9591 9592/9592
f 9419/9419 9417/9417 9418/9418
f 9593/9593 9590/9590 9592/9592
f 9432/9432 9419/9419 9418/9418
f 2580/2580 2646/2646 2579/2579
f 2579/2579 2645/2645 2582/2582
f 2579/2579 2578/2578 2580/2580
f 2582/2582 2581/2581 2579/2579
f 2581/2581 2528/2528 2579/2579
f 2579/2579 2528/2528 2578/2578
f 2516/2516 2581/2581 2582/2582
f 2527/2527 2526/2526 2528/2528
f 2581/2581 2516/2516 2515/2515
f 2528/2528 2581/2581 2527/2527
f 2514/2514 2515/2515 2516/2516
f 2515/2515 2572/2572 2581/2581
f 2572/2572 2527/2527 2581/2581
f 2519/2519 2526/2526 2527/2527
f 10006/10006 10050/10050 9970/9970
f 10050/10050 9958/9958 9970/9970
f 10050/10050 9969/9969 9958/9958
f 10000/10000 10034/10034 10006/10006
f 10062/10062 10063/10063 10064/10064
f 73/73 74/74 75/75
f 10050/10050 9951/9951 9969/9969
f 9997/9997 10034/10034 10000/10000
f 10063/10063 10065/10065 10064/10064
f 9997/9997 9996/9996 9998/9998
f 10065/10065 10063/10063 10066/10066
f 9940/9940 9950/9950 9951/9951
f 10065/10065 10067/10067 10079/10079
f 10066/10066 10067/10067 10065/10065
f 10069/10069 10067/10067 10068/10068
f 10068/10068 10067/10067 10066/10066
f 10069/10069 10070/10070 10067/10067
f 10071/10071 10067/10067 10070/10070
f 3939/3939 3937/3937 3940/3940
f 3042/3042 3031/3031 3039/3039
f 3040/3040 3031/3031 3042/3042
f 3031/3031 3032/3032 3039/3039
f 3029/3029 3030/3030 3031/3031
f 3030/3030 3032/3032 3031/3031
f 3030/3030 3033/3033 3032/3032
f 6231/6231 6233/6233 6234/6234
f 6140/6140 6139/6139 6141/6141
f 6139/6139 6143/6143 6141/6141
f 10311/10311 10321/10321 10337/10337
f 6139/6139 6140/6140 6137/6137
f 10337/10337 10371/10371 10305/10305
f 10305/10305 10344/10344 10283/10283
f 10305/10305 10306/10306 10337/10337
f 10344/10344 10305/10305 10371/10371
f 10305/10305 10303/10303 10304/10304
f 10305/10305 10304/10304 10306/10306
f 10303/10303 10305/10305 10283/10283
f 10283/10283 10284/10284 10303/10303
f 10304/10304 10303/10303 10284/10284
f 6567/6567 6559/6559 6557/6557
f 6557/6557 6560/6560 6567/6567
f 6567/6567 6807/6807 6804/6804
f 6560/6560 6807/6807 6567/6567
f 6137/6137 6138/6138 6139/6139
f 6804/6804 6807/6807 6809/6809
f 10304/10304 10307/10307 10306/10306
f 10307/10307 10308/10308 10306/10306
f 10284/10284 10341/10341 10304/10304
f 10304/10304 10341/10341 10307/10307
f 10285/10285 10302/10302 10284/10284
f 10322/10322 10308/10308 10307/10307
f 10284/10284 10302/10302 10341/10341
f 10341/10341 10324/10324 10307/10307
f 4205/4205 4206/4206 4207/4207
f 4209/4209 4206/4206 4205/4205
f 4210/4210 4206/4206 4209/4209
f 6561/6561 6809/6809 6807/6807
f 10433/10433 10436/10436 10437/10437
f 10307/10307 10324/10324 10323/10323
f 10431/10431 10430/10430 10433/10433
f 10433/10433 10434/10434 10436/10436
f 3227/3227 3229/3229 3228/3228
f 3229/3229 3230/3230 3228/3228
f 3227/3227 3334/3334 3336/3336
f 3229/3229 3232/3232 3230/3230
f 3330/3330 3336/3336 3334/3334
f 1103/1103 1105/1105 1106/1106
f 1106/1106 1105/1105 1117/1117
f 1103/1103 1104/1104 1105/1105
f 3323/3323 3232/3232 3229/3229
f 1105/1105 1118/1118 1117/1117
f 1103/1103 1102/1102 1104/1104
f 1105/1105 1104/1104 1125/1125
f 1105/1105 1125/1125 1135/1135
f 1109/1109 1104/1104 1102/1102
f 1109/1109 1102/1102 1107/1107
f 1124/1124 1104/1104 1109/1109
f 1125/1125 1104/1104 1124/1124
f 1125/1125 1124/1124 1126/1126
f 1107/1107 1122/1122 1109/1109
f 2533/2533 2532/2532 2531/2531
f 2535/2535 2540/2540 2545/2545
f 2540/2540 2532/2532 2533/2533
f 2535/2535 2532/2532 2540/2540
f 2535/2535 2534/2534 2532/2532
f 3338/3338 3286/3286 3272/3272
f 3286/3286 3095/3095 3272/3272
f 3272/3272 3095/3095 3273/3273
f 3286/3286 3285/3285 3095/3095
f 3285/3285 3286/3286 3292/3292
f 3111/3111 3112/3112 3110/3110
f 3110/3110 3121/3121 3122/3122
f 3112/3112 3121/3121 3110/3110
f 3292/3292 3315/3315 3285/3285
f 3285/3285 3283/3283 3095/3095
f 3296/3296 3315/3315 3292/3292
f 3315/3315 3283/3283 3285/3285
f 3121/3121 3112/3112 3124/3124
f 3296/3296 3310/3310 3315/3315
f 3124/3124 3112/3112 3118/3118
f 3310/3310 3314/3314 3315/3315
f 3314/3314 3283/3283 3315/3315
f 3149/3149 3119/3119 3148/3148
f 3119/3119 3149/3149 3161/3161
f 3253/3253 3161/3161 3149/3149
f 3119/3119 3161/3161 3117/3117
f 3254/3254 3161/3161 3253/3253
f 3176/3176 3161/3161 3254/3254
f 3168/3168 3176/3176 3254/3254
f 3253/3253 3241/3241 3254/3254
f 3255/3255 3254/3254 3241/3241
f 3169/3169 3168/3168 3254/3254
f 3245/3245 3255/3255 3241/3241
f 3169/3169 3167/3167 3168/3168
f 3255/3255 3169/3169 3254/3254
f 3169/3169 3170/3170 3167/3167
f 3255/3255 3245/3245 3340/3340
f 4478/4478 4479/4479 4475/4475
f 4477/4477 4478/4478 4475/4475
f 4478/4478 4481/4481 4479/4479
f 4479/4479 4482/4482 4483/4483
f 4481/4481 4482/4482 4479/4479
f 4477/4477 4497/4497 4478/4478
f 4478/4478 4497/4497 4481/4481
f 4495/4495 4497/4497 4477/4477
f 4496/4496 4497/4497 4495/4495
f 4497/4497 4496/4496 4481/4481
f 4498/4498 4481/4481 4496/4496
f 3189/3189 3288/3288 3287/3287
f 3288/3288 3289/3289 3287/3287
f 3288/3288 3290/3290 3289/3289
f 3288/3288 3219/3219 3290/3290
f 3189/3189 3219/3219 3288/3288
f 3197/3197 3219/3219 3189/3189
f 3195/3195 3197/3197 3189/3189
f 3210/3210 3219/3219 3214/3214
f 3197/3197 3214/3214 3219/3219
f 3210/3210 3294/3294 3219/3219
f 3212/3212 3214/3214 3197/3197
f 3195/3195 3198/3198 3197/3197
f 3194/3194 3198/3198 3195/3195
f 9657/9657 9659/9659 9661/9661
f 9657/9657 9656/9656 9659/9659
f 9657/9657 9655/9655 9656/9656
f 9658/9658 9655/9655 9657/9657
f 9733/9733 9655/9655 9658/9658
f 9733/9733 9652/9652 9655/9655
f 9758/9758 9759/9759 9760/9760
f 7428/7428 7430/7430 7429/7429
f 7431/7431 7430/7430 7428/7428
f 7456/7456 7433/7433 7431/7431
f 9992/9992 10006/10006 10049/10049
f 10001/10001 9992/9992 10049/10049
f 9992/9992 10001/10001 9990/9990
f 9990/9990 9988/9988 9989/9989
f 9988/9988 9990/9990 10001/10001
f 9992/9992 10000/10000 10006/10006
f 9989/9989 9991/9991 9990/9990
f 9992/9992 9995/9995 10000/10000
f 9992/9992 9990/9990 9991/9991
f 9993/9993 9995/9995 9992/9992
f 9997/9997 10000/10000 9995/9995
f 9989/9989 9994/9994 9991/9991
f 9991/9991 9993/9993 9992/9992
f 9996/9996 9997/9997 9995/9995
f 9995/9995 9993/9993 9996/9996
f 9994/9994 9993/9993 9991/9991
f 10080/10080 10073/10073 10082/10082
f 10082/10082 10073/10073 10068/10068
f 10073/10073 10069/10069 10068/10068
f 10073/10073 10075/10075 10074/10074
f 10074/10074 10069/10069 10073/10073
f 10029/10029 10030/10030 10031/10031
f 10028/10028 10030/10030 10029/10029
f 10256/10256 10259/10259 10252/10252
f 10259/10259 10251/10251 10252/10252
f 1082/1082 1084/1084 1085/1085
f 1082/1082 1083/1083 1084/1084
f 10354/10354 10251/10251 10259/10259
f 5055/5055 5056/5056 5054/5054
f 5058/5058 5054/5054 5056/5056
f 10368/10368 10260/10260 10354/10354
f 1083/1083 1086/1086 1087/1087
f 5512/5512 5515/5515 5516/5516
f 5512/5512 5516/5516 5517/5517
f 9422/9422 9447/9447 9443/9443
f 7062/7062 7063/7063 7064/7064
f 10354/10354 10369/10369 10368/10368
f 1088/1088 1083/1083 1087/1087
f 370/370 371/371 372/372
f 7001/7001 6995/6995 6996/6996
f 6506/6506 6504/6504 6505/6505
f 5514/5514 5512/5512 5517/5517
f 5510/5510 5512/5512 5513/5513
f 5510/5510 5511/5511 5512/5512
f 5513/5513 5512/5512 5514/5514
f 9559/9559 9560/9560 9561/9561
f 7003/7003 6999/6999 6995/6995
f 7004/7004 6999/6999 7003/7003
f 11062/11062 11064/11064 11063/11063
f 11061/11061 11062/11062 11063/11063
f 6505/6505 6504/6504 6507/6507
f 6997/6997 6998/6998 7000/7000
f 7004/7004 7006/7006 6999/6999
f 6999/6999 7000/7000 6998/6998
f 1078/1078 1080/1080 1079/1079
f 9457/9457 9458/9458 9459/9459
f 11065/11065 11066/11066 11067/11067
f 11065/11065 11068/11068 11066/11066
f 2366/2366 2365/2365 2367/2367
f 9456/9456 9458/9458 9457/9457
f 2500/2500 2499/2499 2498/2498
f 2498/2498 2499/2499 2497/2497
f 3085/3085 3086/3086 3087/3087
f 3087/3087 3086/3086 3088/3088
f 3210/3210 3318/3318 3294/3294
f 3294/3294 3299/3299 3298/3298
f 3318/3318 3299/3299 3294/3294
f 3209/3209 3208/3208 3210/3210
f 3208/3208 3313/3313 3210/3210
f 3313/3313 3318/3318 3210/3210
f 3313/3313 3299/3299 3318/3318
f 3299/3299 3300/3300 3298/3298
f 3215/3215 3300/3300 3299/3299
f 3313/3313 3215/3215 3299/3299
f 3313/3313 3208/3208 3207/3207
f 3207/3207 3215/3215 3313/3313
f 6950/6950 6951/6951 6952/6952
f 2474/2474 2457/2457 2455/2455
f 2474/2474 2476/2476 2457/2457
f 2474/2474 2482/2482 2476/2476
f 5070/5070 5071/5071 5072/5072
f 2455/2455 2454/2454 2447/2447
f 2455/2455 2456/2456 2474/2474
f 2456/2456 2455/2455 2447/2447
f 1061/1061 1050/1050 1052/1052
f 1051/1051 1049/1049 1050/1050
f 2448/2448 2477/2477 2447/2447
f 2446/2446 2448/2448 2447/2447
f 2448/2448 2478/2478 2477/2477
f 10643/10643 10608/10608 10633/10633
f 10608/10608 10610/10610 10633/10633
f 2448/2448 2446/2446 2479/2479
f 10634/10634 10608/10608 10636/10636
f 10636/10636 10608/10608 10643/10643
f 10636/10636 10643/10643 10672/10672
f 4262/4262 4310/4310 4314/4314
f 4310/4310 4375/4375 4314/4314
f 4376/4376 4310/4310 4377/4377
f 4310/4310 4376/4376 4375/4375
f 4377/4377 4295/4295 4376/4376
f 4376/4376 4295/4295 4296/4296
f 4296/4296 4375/4375 4376/4376
f 4304/4304 4375/4375 4296/4296
f 4294/4294 4296/4296 4295/4295
f 4294/4294 4297/4297 4296/4296
f 4294/4294 4298/4298 4297/4297
f 4299/4299 4300/4300 4297/4297
f 4294/4294 4293/4293 4298/4298
f 4298/4298 4299/4299 4297/4297
f 4293/4293 4299/4299 4298/4298
f 7436/7436 7437/7437 7438/7438
f 3409/3409 3407/3407 3408/3408
f 4537/4537 4412/4412 4422/4422
f 4536/4536 4534/4534 4412/4412
f 4534/4534 4413/4413 4412/4412
f 4375/4375 4372/4372 4259/4259
f 4372/4372 4375/4375 4304/4304
f 4372/4372 4304/4304 4302/4302
f 4302/4302 4398/4398 4372/4372
f 193/193 194/194 195/195
f 367/367 368/368 369/369
f 6541/6541 6542/6542 6543/6543
f 4390/4390 4372/4372 4405/4405
f 199/199 200/200 201/201
f 4372/4372 4390/4390 4373/4373
f 4366/4366 4372/4372 4373/4373
f 4390/4390 4302/4302 4373/4373
f 4373/4373 4302/4302 4366/4366
f 364/364 365/365 366/366
f 190/190 191/191 192/192
f 6538/6538 6539/6539 6540/6540
f 4405/4405 4302/4302 4390/4390
f 196/196 197/197 198/198
f 4366/4366 4302/4302 4303/4303
f 4304/4304 4296/4296 4302/4302
f 9441/9441 9554/9554 9454/9454
f 4296/4296 4297/4297 4302/4302
f 4302/4302 4301/4301 4303/4303
f 9454/9454 9554/9554 9411/9411
f 9567/9567 9563/9563 9566/9566
f 9554/9554 9379/9379 9381/9381
f 4301/4301 4302/4302 4297/4297
f 4300/4300 4301/4301 4297/4297
f 9554/9554 9431/9431 9379/9379
f 4300/4300 4306/4306 4301/4301
f 4306/4306 4305/4305 4301/4301
f 4299/4299 4306/4306 4300/4300
f 1054/1054 1056/1056 1059/1059
f 1054/1054 1046/1046 1056/1056
f 1046/1046 1045/1045 1056/1056
f 1021/1021 1017/1017 1046/1046
f 1017/1017 1016/1016 1046/1046
f 10622/10622 10629/10629 10619/10619
f 10633/10633 10629/10629 10622/10622
f 1021/1021 1020/1020 1017/1017
f 10623/10623 10633/10633 10622/10622
f 10622/10622 10621/10621 10623/10623
f 10621/10621 10622/10622 10619/10619
f 1020/1020 1019/1019 1017/1017
f 9664/9664 9724/9724 9660/9660
f 9724/9724 9664/9664 9720/9720
f 9659/9659 9656/9656 9660/9660
f 9656/9656 9664/9664 9660/9660
f 9656/9656 9654/9654 9664/9664
f 9655/9655 9654/9654 9656/9656
f 9655/9655 9652/9652 9654/9654
f 9654/9654 9663/9663 9664/9664
f 9654/9654 9653/9653 9663/9663
f 3143/3143 3151/3151 3141/3141
f 3141/3141 3151/3151 3150/3150
f 3143/3143 3165/3165 3152/3152
f 9416/9416 9430/9430 9423/9423
f 9420/9420 9416/9416 9423/9423
f 3152/3152 3151/3151 3143/3143
f 3153/3153 3151/3151 3152/3152
f 9416/9416 9420/9420 9418/9418
f 9421/9421 9418/9418 9420/9420
f 3153/3153 3152/3152 3154/3154
f 9421/9421 9432/9432 9418/9418
f 9418/9418 9417/9417 9416/9416
f 9416/9416 9417/9417 9414/9414
f 9417/9417 9425/9425 9414/9414
f 9554/9554 9544/9544 9431/9431
f 9554/9554 9449/9449 9544/9544
f 9593/9593 9592/9592 9594/9594
f 3234/3234 3233/3233 3235/3235
f 9449/9449 9371/9371 9544/9544
f 9544/9544 9371/9371 9431/9431
f 3230/3230 3233/3233 3234/3234
f 3232/3232 3233/3233 3230/3230
f 3232/3232 3327/3327 3233/3233
f 9431/9431 9371/9371 9369/9369
f 3328/3328 3233/3233 3327/3327
f 9426/9426 9371/9371 9449/9449
f 3232/3232 3323/3323 3327/3327
f 1105/1105 1119/1119 1118/1118
f 1118/1118 1119/1119 1120/1120
f 1105/1105 1135/1135 1119/1119
f 1119/1119 1135/1135 1136/1136
f 9372/9372 9371/9371 9426/9426
f 1136/1136 1130/1130 1119/1119
f 1130/1130 1133/1133 1119/1119
f 1127/1127 1136/1136 1135/1135
f 1135/1135 1125/1125 1127/1127
f 1136/1136 1127/1127 1130/1130
f 1127/1127 1129/1129 1130/1130
f 9426/9426 9384/9384 9372/9372
f 1126/1126 1127/1127 1125/1125
f 9371/9371 9370/9370 9369/9369
f 1128/1128 1129/1129 1127/1127
f 1129/1129 1132/1132 1130/1130
f 9372/9372 9370/9370 9371/9371
f 9384/9384 9383/9383 9372/9372
f 9385/9385 9383/9383 9384/9384
f 9370/9370 9372/9372 9383/9383
f 10615/10615 10613/10613 10627/10627
f 10629/10629 10611/10611 10619/10619
f 10619/10619 10611/10611 10614/10614
f 10611/10611 10612/10612 10613/10613
f 10611/10611 10613/10613 10614/10614
f 10613/10613 10615/10615 10614/10614
f 10612/10612 10627/10627 10613/10613
f 6495/6495 6496/6496 6497/6497
f 124/124 125/125 126/126
f 2734/2734 2728/2728 2735/2735
f 2734/2734 2729/2729 2728/2728
f 2728/2728 2729/2729 2723/2723
f 2736/2736 2729/2729 2735/2735
f 2735/2735 2729/2729 2734/2734
f 2736/2736 2737/2737 2729/2729
f 2729/2729 2730/2730 2723/2723
f 2729/2729 2733/2733 2730/2730
f 2750/2750 2730/2730 2733/2733
f 2750/2750 2746/2746 2730/2730
f 2733/2733 2744/2744 2750/2750
f 2729/2729 2741/2741 2733/2733
f 2737/2737 2741/2741 2729/2729
f 3319/3319 3303/3303 3308/3308
f 3308/3308 3321/3321 3319/3319
f 3217/3217 3308/3308 3302/3302
f 3308/3308 3261/3261 3321/3321
f 3217/3217 3249/3249 3308/3308
f 3308/3308 3249/3249 3261/3261
f 3249/3249 3217/3217 3259/3259
f 3249/3249 3248/3248 3261/3261
f 3248/3248 3249/3249 3247/3247
f 3251/3251 3250/3250 3249/3249
f 3249/3249 3250/3250 3247/3247
f 3250/3250 3239/3239 3247/3247
f 3250/3250 3251/3251 3238/3238
f 3251/3251 3235/3235 3238/3238
f 3238/3238 3237/3237 3250/3250
f 3237/3237 3239/3239 3250/3250
f 3238/3238 3235/3235 3237/3237
f 3237/3237 3236/3236 3239/3239
f 3235/3235 3236/3236 3237/3237
f 2532/2532 2530/2530 2531/2531
f 2523/2523 2518/2518 2517/2517
f 2531/2531 2523/2523 2517/2517
f 2534/2534 2530/2530 2532/2532
f 2530/2530 2523/2523 2531/2531
f 3018/3018 3017/3017 3006/3006
f 2523/2523 2524/2524 2518/2518
f 3024/3024 3017/3017 3018/3018
f 2632/2632 2631/2631 2627/2627
f 2631/2631 2624/2624 2627/2627
f 3244/3244 3246/3246 3245/3245
f 2624/2624 2621/2621 2623/2623
f 2632/2632 2626/2626 2631/2631
f 2631/2631 2626/2626 2624/2624
f 2621/2621 2615/2615 2623/2623
f 2625/2625 2624/2624 2626/2626
f 2625/2625 2621/2621 2624/2624
f 2625/2625 2622/2622 2621/2621
f 2630/2630 2637/2637 2625/2625
f 2637/2637 2622/2622 2625/2625
f 2622/2622 2614/2614 2621/2621
f 2621/2621 2614/2614 2615/2615
f 10783/10783 10785/10785 10787/10787
f 10796/10796 10798/10798 10797/10797
f 2637/2637 2614/2614 2622/2622
f 9707/9707 9706/9706 9710/9710
f 9706/9706 9711/9711 9710/9710
f 9712/9712 9740/9740 9711/9711
f 10791/10791 10784/10784 10792/10792
f 10814/10814 10811/10811 10810/10810
f 10796/10796 10799/10799 10800/10800
f 10795/10795 10796/10796 10797/10797
f 10795/10795 10799/10799 10796/10796
f 9707/9707 9702/9702 9706/9706
f 10787/10787 10788/10788 10789/10789
f 10787/10787 10785/10785 10788/10788
f 10783/10783 10784/10784 10785/10785
f 10815/10815 10814/10814 10810/10810
f 10816/10816 10817/10817 10818/10818
f 10816/10816 10819/10819 10817/10817
f 9706/9706 9712/9712 9711/9711
f 9774/9774 9777/9777 9775/9775
f 10823/10823 10824/10824 10825/10825
f 10780/10780 10781/10781 10782/10782
f 10832/10832 10833/10833 10834/10834
f 9699/9699 9703/9703 9702/9702
f 9702/9702 9703/9703 9706/9706
f 9703/9703 9712/9712 9706/9706
f 9773/9773 9774/9774 9775/9775
f 10786/10786 10784/10784 10791/10791
f 10820/10820 10821/10821 10822/10822
f 10799/10799 10795/10795 10801/10801
f 10784/10784 10786/10786 10785/10785
f 10826/10826 10827/10827 10828/10828
f 10802/10802 10801/10801 10795/10795
f 10805/10805 10802/10802 10795/10795
f 10829/10829 10830/10830 10831/10831
f 10802/10802 10805/10805 10804/10804
f 10803/10803 10804/10804 10805/10805
f 10807/10807 10806/10806 10803/10803
f 10803/10803 10806/10806 10804/10804
f 2551/2551 2549/2549 2550/2550
f 2550/2550 2602/2602 2551/2551
f 2549/2549 2552/2552 2554/2554
f 2551/2551 2552/2552 2549/2549
f 9672/9672 9673/9673 9671/9671
f 2598/2598 2551/2551 2602/2602
f 2552/2552 2555/2555 2554/2554
f 2551/2551 2556/2556 2552/2552
f 2556/2556 2555/2555 2552/2552
f 2551/2551 2598/2598 2556/2556
f 3015/3015 2996/2996 3014/3014
f 2986/2986 2996/2996 3015/3015
f 2996/2996 3009/3009 3014/3014
f 2996/2996 2994/2994 3009/3009
f 2986/2986 2994/2994 2996/2996
f 2986/2986 2988/2988 2994/2994
f 10563/10563 10562/10562 10564/10564
f 10686/10686 10687/10687 10688/10688
f 10607/10607 10605/10605 10606/10606
f 10686/10686 10696/10696 10689/10689
f 10686/10686 10689/10689 10687/10687
f 10605/10605 10604/10604 10606/10606
f 10605/10605 10564/10564 10604/10604
f 1031/1031 1060/1060 1065/1065
f 1065/1065 1060/1060 1066/1066
f 1062/1062 1060/1060 1031/1031
f 1060/1060 1067/1067 1066/1066
f 1060/1060 1069/1069 1067/1067
f 1056/1056 1045/1045 1059/1059
f 1059/1059 1045/1045 1060/1060
f 1045/1045 1070/1070 1060/1060
f 1060/1060 1070/1070 1069/1069
f 2811/2811 2808/2808 2812/2812
f 2467/2467 2466/2466 2465/2465
f 2465/2465 2466/2466 2462/2462
f 5320/5320 5321/5321 5322/5322
f 2808/2808 2810/2810 2806/2806
f 2472/2472 2466/2466 2467/2467
f 4619/4619 4618/4618 4617/4617
f 2808/2808 2811/2811 2810/2810
f 5130/5130 5127/5127 5129/5129
f 4615/4615 4616/4616 4617/4617
f 4617/4617 4618/4618 4615/4615
f 5127/5127 5128/5128 5129/5129
f 5129/5129 5128/5128 5131/5131
f 2472/2472 2452/2452 2466/2466
f 10212/10212 10213/10213 10210/10210
f 10229/10229 10210/10210 10213/10213
f 10212/10212 10225/10225 10213/10213
f 10213/10213 10230/10230 10229/10229
f 10578/10578 10579/10579 10572/10572
f 10578/10578 10572/10572 10571/10571
f 10572/10572 10569/10569 10571/10571
f 10572/10572 10577/10577 10569/10569
f 10572/10572 10679/10679 10577/10577
f 4285/4285 4282/4282 4496/4496
f 4498/4498 4496/4496 4282/4282
f 4282/4282 4285/4285 4283/4283
f 4363/4363 4283/4283 4285/4285
f 4283/4283 4402/4402 4401/4401
f 4401/4401 4402/4402 4443/4443
f 4444/4444 4445/4445 4401/4401
f 4443/4443 4444/4444 4401/4401
f 4441/4441 4506/4506 4443/4443
f 4387/4387 4446/4446 4445/4445
f 4443/4443 4506/4506 4444/4444
f 4387/4387 4445/4445 4444/4444
f 4388/4388 4387/4387 4444/4444
f 4506/4506 4388/4388 4444/4444
f 3205/3205 3221/3221 3202/3202
f 3220/3220 3231/3231 3218/3218
f 3202/3202 3221/3221 3220/3220
f 3221/3221 3231/3231 3220/3220
f 3205/3205 3225/3225 3221/3221
f 3330/3330 3226/3226 3225/3225
f 3226/3226 3221/3221 3225/3225
f 3221/3221 3228/3228 3231/3231
f 3228/3228 3243/3243 3231/3231
f 3226/3226 3227/3227 3221/3221
f 3330/3330 3334/3334 3226/3226
f 3227/3227 3228/3228 3221/3221
f 3226/3226 3334/3334 3227/3227
f 3228/3228 3230/3230 3243/3243
f 10614/10614 10615/10615 10616/10616
f 3361/3361 3363/3363 3364/3364
f 3361/3361 3362/3362 3363/3363
f 2728/2728 2723/2723 2722/2722
f 2722/2722 2723/2723 2716/2716
f 10614/10614 10616/10616 10617/10617
f 10614/10614 10617/10617 10618/10618
f 10614/10614 10618/10618 10640/10640
f 10614/10614 10640/10640 10625/10625
f 11069/11069 11070/11070 11071/11071
f 11072/11072 11073/11073 11074/11074
f 10617/10617 10630/10630 10618/10618
f 121/121 122/122 123/123
f 6302/6302 6303/6303 6304/6304
f 118/118 119/119 120/120
f 10630/10630 10640/10640 10618/10618
f 6304/6304 6303/6303 6305/6305
f 3362/3362 3361/3361 3354/3354
f 3354/3354 3361/3361 3355/3355
f 2723/2723 2731/2731 2732/2732
f 2723/2723 2732/2732 2716/2716
f 2716/2716 2732/2732 2745/2745
f 2722/2722 2716/2716 2694/2694
f 10620/10620 10614/10614 10625/10625
f 2723/2723 2714/2714 2731/2731
f 2731/2731 2714/2714 2732/2732
f 2732/2732 2714/2714 2745/2745
f 2714/2714 2716/2716 2745/2745
f 2714/2714 2715/2715 2716/2716
f 2715/2715 2717/2717 2716/2716
f 2730/2730 2714/2714 2723/2723
f 2730/2730 2746/2746 2714/2714
f 2714/2714 2747/2747 2715/2715
f 2746/2746 2747/2747 2714/2714
f 3103/3103 3107/3107 3101/3101
f 3104/3104 3108/3108 3103/3103
f 3108/3108 3107/3107 3103/3103
f 3108/3108 3110/3110 3107/3107
f 3108/3108 3111/3111 3110/3110
f 3110/3110 3122/3122 3107/3107
f 4523/4523 4569/4569 4576/4576
f 4576/4576 4571/4571 4575/4575
f 4576/4576 4569/4569 4571/4571
f 4569/4569 4570/4570 4571/4571
f 4571/4571 4572/4572 4573/4573
f 4570/4570 4572/4572 4571/4571
f 4570/4570 4569/4569 4517/4517
f 4570/4570 4589/4589 4572/4572
f 4588/4588 4589/4589 4570/4570
f 4517/4517 4588/4588 4570/4570
f 4588/4588 4517/4517 4514/4514
f 4511/4511 4572/4572 4589/4589
f 4601/4601 4572/4572 4511/4511
f 4588/4588 4514/4514 4589/4589
f 4514/4514 4511/4511 4589/4589
f 4514/4514 4517/4517 4516/4516
f 4515/4515 4514/4514 4516/4516
f 4511/4511 4514/4514 4513/4513
f 4515/4515 4513/4513 4514/4514
f 10430/10430 10434/10434 10433/10433
f 3172/3172 3171/3171 3096/3096
f 3172/3172 3096/3096 3173/3173
f 3096/3096 3171/3171 3093/3093
f 3096/3096 3102/3102 3173/3173
f 10330/10330 10327/10327 10326/10326
f 3093/3093 3090/3090 3096/3096
f 3097/3097 3096/3096 3090/3090
f 3100/3100 3097/3097 3090/3090
f 10432/10432 10435/10435 10430/10430
f 10330/10330 10329/10329 10327/10327
f 2420/2420 2422/2422 2423/2423
f 3089/3089 3100/3100 3090/3090
f 3089/3089 3090/3090 3091/3091
f 2422/2422 2438/2438 2424/2424
f 3097/3097 3100/3100 3099/3099
f 5579/5579 5580/5580 5581/5581
f 3091/3091 3101/3101 3100/3100
f 2437/2437 2438/2438 2434/2434
f 3091/3091 3103/3103 3101/3101
f 2437/2437 2461/2461 2439/2439
f 3104/3104 3103/3103 3091/3091
f 9781/9781 9784/9784 9782/9782
f 9785/9785 9782/9782 9784/9784
f 9639/9639 9646/9646 9733/9733
f 9638/9638 9639/9639 9641/9641
f 9757/9757 9754/9754 9756/9756
f 9642/9642 9646/9646 9639/9639
f 9638/9638 9619/9619 9639/9639
f 9619/9619 9642/9642 9639/9639
f 9644/9644 9637/9637 9743/9743
f 9754/9754 9755/9755 9756/9756
f 9642/9642 9609/9609 9646/9646
f 9637/9637 9619/9619 9638/9638
f 2991/2991 2989/2989 2985/2985
f 2985/2985 3002/3002 2991/2991
f 3017/3017 2995/2995 3002/3002
f 2995/2995 2991/2991 3002/3002
f 3024/3024 3016/3016 3017/3017
f 2747/2747 2746/2746 2752/2752
f 2754/2754 2747/2747 2752/2752
f 2748/2748 2715/2715 2747/2747
f 2750/2750 2751/2751 2746/2746
f 2751/2751 2752/2752 2746/2746
f 2748/2748 2747/2747 2754/2754
f 2748/2748 2749/2749 2715/2715
f 2752/2752 2755/2755 2754/2754
f 2748/2748 2754/2754 2756/2756
f 2751/2751 2755/2755 2752/2752
f 2755/2755 2756/2756 2754/2754
f 2748/2748 2756/2756 2771/2771
f 5498/5498 5499/5499 5500/5500
f 3834/3834 3836/3836 3843/3843
f 3846/3846 3845/3845 3843/3843
f 2773/2773 2771/2771 2756/2756
f 3845/3845 3834/3834 3843/3843
f 3837/3837 3836/3836 3835/3835
f 3834/3834 3835/3835 3836/3836
f 3845/3845 3846/3846 3847/3847
f 3835/3835 3834/3834 3840/3840
f 3845/3845 3847/3847 3844/3844
f 3837/3837 3835/3835 3838/3838
f 3835/3835 3839/3839 3838/3838
f 3834/3834 3845/3845 3844/3844
f 3841/3841 3834/3834 3844/3844
f 3842/3842 3835/3835 3840/3840
f 3834/3834 3841/3841 3840/3840
f 3839/3839 3835/3835 3842/3842
f 3842/3842 3870/3870 3839/3839
f 4441/4441 4388/4388 4506/4506
f 4386/4386 4388/4388 4441/4441
f 4386/4386 4387/4387 4388/4388
f 4592/4592 4529/4529 4597/4597
f 9501/9501 9502/9502 9503/9503
f 9502/9502 9501/9501 9499/9499
f 3278/3278 3279/3279 3324/3324
f 3279/3279 3281/3281 3324/3324
f 9501/9501 9500/9500 9499/9499
f 3280/3280 3281/3281 3279/3279
f 3199/3199 3187/3187 3222/3222
f 3199/3199 3202/3202 3201/3201
f 3201/3201 3203/3203 3204/3204
f 3223/3223 3222/3222 3187/3187
f 3202/3202 3203/3203 3201/3201
f 3203/3203 3213/3213 3204/3204
f 3222/3222 3223/3223 3205/3205
f 3205/3205 3199/3199 3222/3222
f 3203/3203 3218/3218 3213/3213
f 3205/3205 3202/3202 3199/3199
f 3202/3202 3220/3220 3203/3203
f 3218/3218 3203/3203 3220/3220
f 4484/4484 4488/4488 4487/4487
f 4483/4483 4490/4490 4484/4484
f 4490/4490 4489/4489 4484/4484
f 4484/4484 4489/4489 4488/4488
f 4486/4486 4490/4490 4483/4483
f 4482/4482 4486/4486 4483/4483
f 4489/4489 4490/4490 4486/4486
f 4486/4486 4538/4538 4489/4489
f 4486/4486 4499/4499 4538/4538
f 4539/4539 4538/4538 4499/4499
f 4482/4482 4481/4481 4486/4486
f 4481/4481 4499/4499 4486/4486
f 4498/4498 4499/4499 4481/4481
f 4498/4498 4282/4282 4499/4499
f 4499/4499 4282/4282 4274/4274
f 4499/4499 4274/4274 4596/4596
f 2978/2978 2992/2992 2981/2981
f 2984/2984 2981/2981 2992/2992
f 2981/2981 2980/2980 2978/2978
f 2981/2981 2983/2983 2980/2980
f 9982/9982 9979/9979 9984/9984
f 9981/9981 9979/9979 9982/9982
f 9981/9981 9980/9980 9979/9979
f 9986/9986 9982/9982 9985/9985
f 9985/9985 9982/9982 9984/9984
f 10111/10111 10112/10112 10113/10113
f 9982/9982 9983/9983 9981/9981
f 9983/9983 9980/9980 9981/9981
f 10049/10049 9980/9980 9983/9983
f 10049/10049 10006/10006 9980/9980
f 10114/10114 10115/10115 10111/10111
f 3111/3111 3113/3113 3112/3112
f 3115/3115 3114/3114 3113/3113
f 3114/3114 3112/3112 3113/3113
f 3114/3114 3118/3118 3112/3112
f 3117/3117 3118/3118 3114/3114
f 4424/4424 4429/4429 4591/4591
f 4415/4415 4526/4526 4429/4429
f 4526/4526 4527/4527 4429/4429
f 3193/3193 3224/3224 3192/3192
f 3189/3189 3191/3191 3190/3190
f 3189/3189 3192/3192 3191/3191
f 3189/3189 3193/3193 3192/3192
f 3185/3185 3189/3189 3190/3190
f 3189/3189 3287/3287 3193/3193
f 10023/10023 10025/10025 10014/10014
f 10025/10025 10026/10026 10014/10014
f 10025/10025 10027/10027 10026/10026
f 10025/10025 10032/10032 10027/10027
f 10023/10023 10019/10019 10025/10025
f 10032/10032 10025/10025 10019/10019
f 10019/10019 10033/10033 10032/10032
f 10061/10061 10057/10057 10059/10059
f 1013/1013 1011/1011 1012/1012
f 1014/1014 1011/1011 1013/1013
f 1012/1012 1011/1011 1008/1008
f 1008/1008 1011/1011 1010/1010
f 1011/1011 1014/1014 1010/1010
f 1014/1014 1032/1032 1010/1010
f 4476/4476 4477/4477 4475/4475
f 4477/4477 4476/4476 4454/4454
f 4452/4452 4454/4454 4453/4453
f 4455/4455 4477/4477 4454/4454
f 4455/4455 4495/4495 4477/4477
f 4451/4451 4452/4452 4453/4453
f 4455/4455 4454/4454 4452/4452
f 4455/4455 4496/4496 4495/4495
f 4285/4285 4496/4496 4455/4455
f 4452/4452 4285/4285 4455/4455
f 4451/4451 4439/4439 4452/4452
f 4607/4607 4604/4604 4609/4609
f 4437/4437 4531/4531 4435/4435
f 4450/4450 4531/4531 4437/4437
f 4450/4450 4437/4437 4439/4439
f 4432/4432 4437/4437 4435/4435
f 4432/4432 4433/4433 4437/4437
f 4437/4437 4433/4433 4434/4434
f 4437/4437 4438/4438 4439/4439
f 4431/4431 4432/4432 4430/4430
f 4431/4431 4433/4433 4432/4432
f 4434/4434 4438/4438 4437/4437
f 4430/4430 4427/4427 4431/4431
f 4431/4431 4434/4434 4433/4433
f 2458/2458 2441/2441 2439/2439
f 2461/2461 2458/2458 2439/2439
f 2460/2460 2458/2458 2461/2461
f 2460/2460 2454/2454 2458/2458
f 2454/2454 2457/2457 2458/2458
f 2470/2470 2454/2454 2460/2460
f 2454/2454 2455/2455 2457/2457
f 9596/9596 9597/9597 9598/9598
f 3325/3325 3326/3326 3170/3170
f 3325/3325 3329/3329 3326/3326
f 3335/3335 3329/3329 3325/3325
f 2601/2601 2620/2620 2583/2583
f 8438/8438 8436/8436 8437/8437
f 8439/8439 8438/8438 8437/8437
f 8172/8172 8173/8173 8171/8171
f 1841/1841 2284/2284 1840/1840
f 2284/2284 2199/2199 1840/1840
f 8248/8248 8172/8172 8167/8167
f 8171/8171 8167/8167 8172/8172
f 8248/8248 8164/8164 8153/8153
f 1841/1841 1826/1826 2284/2284
f 1826/1826 1829/1829 2284/2284
f 8175/8175 8436/8436 8196/8196
f 8416/8416 8417/8417 7609/7609
f 8196/8196 8173/8173 8175/8175
f 8089/8089 8088/8088 8086/8086
f 8118/8118 8088/8088 8089/8089
f 8086/8086 8085/8085 8087/8087
f 8165/8165 8164/8164 8248/8248
f 8085/8085 8086/8086 8083/8083
f 8438/8438 8490/8490 8436/8436
f 1826/1826 1828/1828 1829/1829
f 8436/8436 8490/8490 8196/8196
f 8457/8457 8490/8490 8438/8438
f 8955/8955 8956/8956 8957/8957
f 8088/8088 8083/8083 8086/8086
f 8118/8118 8092/8092 8251/8251
f 8165/8165 8248/8248 8167/8167
f 8088/8088 8125/8125 8083/8083
f 8196/8196 8171/8171 8173/8173
f 8118/8118 8679/8679 8088/8088
f 8125/8125 8088/8088 8679/8679
f 8293/8293 8251/8251 8092/8092
f 9126/9126 9127/9127 9128/9128
f 3902/3902 3903/3903 3904/3904
f 1829/1829 1828/1828 2002/2002
f 7305/7305 7299/7299 7328/7328
f 7299/7299 7325/7325 7328/7328
f 7328/7328 7325/7325 7322/7322
f 7314/7314 7328/7328 7322/7322
f 8958/8958 8956/8956 8955/8955
f 7302/7302 7322/7322 7325/7325
f 1825/1825 2002/2002 1828/1828
f 8255/8255 8252/8252 8251/8251
f 8258/8258 8255/8255 8251/8251
f 7302/7302 7303/7303 7306/7306
f 7313/7313 7303/7303 7332/7332
f 7303/7303 7312/7312 7307/7307
f 7313/7313 7312/7312 7303/7303
f 8961/8961 8959/8959 8958/8958
f 7406/7406 7407/7407 7408/7408
f 1961/1961 1962/1962 1827/1827
f 8959/8959 8956/8956 8958/8958
f 8960/8960 8956/8956 8959/8959
f 8106/8106 8509/8509 8508/8508
f 7942/7942 7943/7943 7944/7944
f 7818/7818 7797/7797 7794/7794
f 7797/7797 7796/7796 7794/7794
f 7942/7942 7941/7941 7943/7943
f 7798/7798 7796/7796 7797/7797
f 7942/7942 7940/7940 7941/7941
f 7941/7941 8270/8270 7943/7943
f 8270/8270 8710/8710 7943/7943
f 8270/8270 7941/7941 7938/7938
f 2209/2209 2309/2309 2254/2254
f 8714/8714 7814/7814 7797/7797
f 7802/7802 7799/7799 7798/7798
f 7940/7940 7938/7938 7941/7941
f 2209/2209 1877/1877 2309/2309
f 7938/7938 7931/7931 8270/8270
f 1878/1878 1877/1877 2209/2209
f 7797/7797 7814/7814 7798/7798
f 2209/2209 2244/2244 1878/1878
f 1878/1878 1873/1873 1877/1877
f 1878/1878 1875/1875 1873/1873
f 7814/7814 7812/7812 7798/7798
f 1878/1878 1998/1998 1875/1875
f 7802/7802 7798/7798 7812/7812
f 7930/7930 7931/7931 7938/7938
f 2244/2244 1999/1999 1998/1998
f 2244/2244 1998/1998 1878/1878
f 7812/7812 7814/7814 8637/8637
f 1875/1875 1874/1874 1873/1873
f 1999/1999 1880/1880 1998/1998
f 7930/7930 7927/7927 7931/7931
f 1999/1999 2047/2047 1880/1880
f 1998/1998 1880/1880 1875/1875
f 2048/2048 2047/2047 1999/1999
f 7932/7932 7928/7928 7930/7930
f 1875/1875 1880/1880 1874/1874
f 7928/7928 7927/7927 7930/7930
f 7819/7819 7812/7812 8637/8637
f 2047/2047 2048/2048 1928/1928
f 7815/7815 7816/7816 7802/7802
f 7817/7817 7812/7812 7819/7819
f 7812/7812 7815/7815 7802/7802
f 7817/7817 7815/7815 7812/7812
f 7506/7506 8561/8561 8719/8719
f 7495/7495 7508/7508 7505/7505
f 8521/8521 7508/7508 7495/7495
f 7506/7506 7505/7505 7507/7507
f 5801/5801 5794/5794 5795/5795
f 5801/5801 5769/5769 5794/5794
f 5795/5795 5794/5794 5793/5793
f 5770/5770 5774/5774 5769/5769
f 5774/5774 5794/5794 5769/5769
f 7507/7507 7505/7505 7508/7508
f 7506/7506 7510/7510 8561/8561
f 8136/8136 8135/8135 8131/8131
f 8135/8135 8134/8134 8131/8131
f 5794/5794 5789/5789 5793/5793
f 7507/7507 7510/7510 7506/7506
f 5798/5798 5794/5794 5774/5774
f 7510/7510 7518/7518 8561/8561
f 5798/5798 5797/5797 5794/5794
f 7520/7520 7514/7514 7519/7519
f 5794/5794 5797/5797 5789/5789
f 7520/7520 7528/7528 7524/7524
f 5798/5798 5775/5775 5797/5797
f 7519/7519 7521/7521 7520/7520
f 7510/7510 7507/7507 7511/7511
f 7520/7520 7529/7529 7528/7528
f 7521/7521 7522/7522 7520/7520
f 8523/8523 8663/8663 7508/7508
f 7508/7508 8663/8663 7507/7507
f 704/704 713/713 715/715
f 7533/7533 7530/7530 7520/7520
f 7523/7523 7522/7522 7521/7521
f 7511/7511 7507/7507 8663/8663
f 8135/8135 8137/8137 8138/8138
f 8135/8135 8162/8162 8134/8134
f 7533/7533 7520/7520 7585/7585
f 7527/7527 7585/7585 7520/7520
f 7522/7522 7527/7527 7520/7520
f 7585/7585 7534/7534 7533/7533
f 7510/7510 7513/7513 7518/7518
f 7897/7897 7934/7934 7935/7935
f 4054/4054 4055/4055 4072/4072
f 8162/8162 8135/8135 8139/8139
f 7934/7934 7936/7936 7935/7935
f 3918/3918 3920/3920 3917/3917
f 9221/9221 9220/9220 9219/9219
f 4058/4058 4072/4072 4055/4055
f 7898/7898 7897/7897 7896/7896
f 7898/7898 7901/7901 7897/7897
f 715/715 706/706 704/704
f 7512/7512 7510/7510 7511/7511
f 4055/4055 4057/4057 4058/4058
f 1910/1910 1900/1900 1911/1911
f 713/713 716/716 715/715
f 1911/1911 1900/1900 1912/1912
f 8138/8138 8139/8139 8135/8135
f 4058/4058 4057/4057 4059/4059
f 7901/7901 7902/7902 7897/7897
f 7902/7902 7934/7934 7897/7897
f 7526/7526 7579/7579 7522/7522
f 7579/7579 7527/7527 7522/7522
f 1900/1900 1895/1895 1912/1912
f 8530/8530 8663/8663 8523/8523
f 1905/1905 1910/1910 1916/1916
f 3915/3915 3918/3918 3917/3917
f 10527/10527 10525/10525 10526/10526
f 4051/4051 4057/4057 4055/4055
f 8138/8138 8140/8140 8139/8139
f 4057/4057 4060/4060 4059/4059
f 8139/8139 8141/8141 8162/8162
f 706/706 703/703 704/704
f 704/704 703/703 702/702
f 3916/3916 3915/3915 3917/3917
f 7548/7548 7543/7543 7541/7541
f 7903/7903 7902/7902 7901/7901
f 8663/8663 7512/7512 7511/7511
f 716/716 717/717 715/715
f 7512/7512 7513/7513 7510/7510
f 1902/1902 1900/1900 1910/1910
f 717/717 706/706 715/715
f 4067/4067 4062/4062 4057/4057
f 4062/4062 4060/4060 4057/4057
f 7904/7904 7903/7903 7901/7901
f 7537/7537 8533/8533 7548/7548
f 1905/1905 1902/1902 1910/1910
f 8533/8533 8725/8725 7548/7548
f 4062/4062 4116/4116 4060/4060
f 3914/3914 3915/3915 3916/3916
f 1904/1904 1902/1902 1905/1905
f 7514/7514 7513/7513 7512/7512
f 8139/8139 8140/8140 8141/8141
f 4653/4653 4657/4657 4652/4652
f 8149/8149 8142/8142 8138/8138
f 1900/1900 1902/1902 2167/2167
f 703/703 706/706 707/707
f 8138/8138 8142/8142 8140/8140
f 8140/8140 8147/8147 8141/8141
f 1904/1904 1903/1903 1902/1902
f 8142/8142 8143/8143 8140/8140
f 1902/1902 1896/1896 2167/2167
f 2001/2001 1932/1932 2043/2043
f 9232/9232 9230/9230 9234/9234
f 2044/2044 2043/2043 2129/2129
f 2044/2044 2001/2001 2043/2043
f 1899/1899 1896/1896 1902/1902
f 2001/2001 1935/1935 1932/1932
f 1935/1935 1934/1934 1932/1932
f 1903/1903 1899/1899 1902/1902
f 1899/1899 1898/1898 1896/1896
f 8144/8144 8143/8143 8142/8142
f 8143/8143 8147/8147 8140/8140
f 1935/1935 1936/1936 1934/1934
f 9231/9231 9230/9230 9232/9232
f 1935/1935 1938/1938 1936/1936
f 9270/9270 9271/9271 9272/9272
f 1954/1954 1941/1941 1938/1938
f 1941/1941 1936/1936 1938/1938
f 1954/1954 2024/2024 1941/1941
f 1941/1941 1940/1940 1936/1936
f 2024/2024 1940/1940 1941/1941
f 9230/9230 9239/9239 9235/9235
f 6027/6027 6026/6026 5764/5764
f 5764/5764 5762/5762 5761/5761
f 9229/9229 9230/9230 9231/9231
f 8209/8209 8199/8199 8210/8210
f 9230/9230 9229/9229 9233/9233
f 9230/9230 9233/9233 9242/9242
f 9242/9242 9245/9245 9230/9230
f 8209/8209 8197/8197 8199/8199
f 9230/9230 9245/9245 9239/9239
f 1692/1692 1607/1607 1689/1689
f 1689/1689 1607/1607 1690/1690
f 1680/1680 1532/1532 1482/1482
f 1515/1515 1680/1680 1690/1690
f 1607/1607 1515/1515 1690/1690
f 1532/1532 1680/1680 1515/1515
f 8200/8200 8201/8201 8203/8203
f 8197/8197 8198/8198 8199/8199
f 1515/1515 1607/1607 1514/1514
f 1515/1515 1531/1531 1532/1532
f 1515/1515 1514/1514 1509/1509
f 1509/1509 1531/1531 1515/1515
f 1510/1510 1509/1509 1514/1514
f 1510/1510 1507/1507 1509/1509
f 899/899 896/896 897/897
f 922/922 896/896 899/899
f 7356/7356 7184/7184 7352/7352
f 7356/7356 7165/7165 7184/7184
f 7184/7184 7350/7350 7352/7352
f 7350/7350 7184/7184 7182/7182
f 7184/7184 7166/7166 7182/7182
f 7165/7165 7164/7164 7166/7166
f 7166/7166 7168/7168 7182/7182
f 2818/2818 2813/2813 2821/2821
f 7165/7165 7166/7166 7184/7184
f 2821/2821 2813/2813 2822/2822
f 8695/8695 8696/8696 8690/8690
f 2813/2813 2814/2814 2815/2815
f 7166/7166 7167/7167 7168/7168
f 7166/7166 7164/7164 7167/7167
f 7167/7167 7169/7169 7168/7168
f 2815/2815 2816/2816 2813/2813
f 7167/7167 7170/7170 7169/7169
f 9078/9078 9071/9071 9077/9077
f 9077/9077 9079/9079 9078/9078
f 8680/8680 7714/7714 8690/8690
f 7715/7715 7714/7714 8680/8680
f 9074/9074 9077/9077 9071/9071
f 9074/9074 9076/9076 9077/9077
f 7712/7712 7713/7713 7715/7715
f 7713/7713 7714/7714 7715/7715
f 7713/7713 7708/7708 7714/7714
f 9074/9074 9075/9075 9076/9076
f 7711/7711 7708/7708 7712/7712
f 7712/7712 7708/7708 7713/7713
f 7711/7711 7705/7705 7708/7708
f 7711/7711 7716/7716 7705/7705
f 7707/7707 7773/7773 7708/7708
f 7707/7707 7708/7708 7705/7705
f 8098/8098 8107/8107 8102/8102
f 8107/8107 8291/8291 8102/8102
f 8414/8414 7619/7619 7615/7615
f 1040/1040 1041/1041 1042/1042
f 8291/8291 8414/8414 8292/8292
f 7615/7615 7619/7619 7618/7618
f 3631/3631 3628/3628 3630/3630
f 8951/8951 8952/8952 8953/8953
f 7622/7622 7619/7619 8414/8414
f 7620/7620 7619/7619 7621/7621
f 8107/8107 8408/8408 8291/8291
f 7622/7622 7621/7621 7619/7619
f 8951/8951 8954/8954 8952/8952
f 8364/8364 8408/8408 8107/8107
f 8408/8408 7623/7623 7622/7622
f 7622/7622 7623/7623 7621/7621
f 9122/9122 9120/9120 9115/9115
f 7621/7621 7623/7623 8410/8410
f 7621/7621 8410/8410 7624/7624
f 1500/1500 1662/1662 1502/1502
f 1501/1501 1500/1500 1502/1502
f 1465/1465 1506/1506 1466/1466
f 1466/1466 1499/1499 1501/1501
f 1501/1501 1499/1499 1500/1500
f 1505/1505 1506/1506 1431/1431
f 1466/1466 1506/1506 1499/1499
f 1505/1505 1499/1499 1506/1506
f 1499/1499 1505/1505 1504/1504
f 1453/1453 1451/1451 1505/1505
f 1451/1451 1504/1504 1505/1505
f 1467/1467 1499/1499 1504/1504
f 1499/1499 1496/1496 1498/1498
f 1504/1504 1451/1451 1467/1467
f 1467/1467 1496/1496 1499/1499
f 877/877 878/878 875/875
f 8410/8410 7626/7626 7624/7624
f 8364/8364 8371/8371 8408/8408
f 8364/8364 8365/8365 8371/8371
f 876/876 877/877 875/875
f 878/878 877/877 879/879
f 7147/7147 7148/7148 7154/7154
f 8365/8365 8372/8372 8371/8371
f 9114/9114 9115/9115 9120/9120
f 7146/7146 7148/7148 7147/7147
f 9114/9114 9113/9113 9115/9115
f 9113/9113 9116/9116 9115/9115
f 8365/8365 8366/8366 8367/8367
f 8367/8367 8372/8372 8365/8365
f 8296/8296 7883/7883 8300/8300
f 1439/1439 1433/1433 1448/1448
f 1448/1448 1433/1433 1459/1459
f 1433/1433 1432/1432 1459/1459
f 1672/1672 1435/1435 1439/1439
f 8296/8296 8295/8295 7883/7883
f 877/877 882/882 879/879
f 1435/1435 1433/1433 1439/1439
f 8369/8369 8368/8368 8366/8366
f 8366/8366 8368/8368 8367/8367
f 7148/7148 7146/7146 7149/7149
f 876/876 914/914 877/877
f 8295/8295 7885/7885 7883/7883
f 8368/8368 8372/8372 8367/8367
f 7883/7883 7885/7885 7884/7884
f 8406/8406 7629/7629 8407/8407
f 7149/7149 7150/7150 7148/7148
f 7148/7148 7150/7150 7151/7151
f 8372/8372 8368/8368 8702/8702
f 8299/8299 8296/8296 8466/8466
f 877/877 911/911 882/882
f 9111/9111 9112/9112 9113/9113
f 1433/1433 1429/1429 1432/1432
f 9114/9114 9111/9111 9113/9113
f 1432/1432 1429/1429 1426/1426
f 8693/8693 8299/8299 8466/8466
f 8465/8465 8405/8405 8406/8406
f 9117/9117 9111/9111 9114/9114
f 8296/8296 8299/8299 8295/8295
f 911/911 877/877 914/914
f 1435/1435 1434/1434 1433/1433
f 1433/1433 1434/1434 1429/1429
f 8084/8084 8123/8123 8702/8702
f 7155/7155 7149/7149 7146/7146
f 8299/8299 7887/7887 8295/8295
f 7887/7887 7885/7885 8295/8295
f 8693/8693 8294/8294 8299/8299
f 8294/8294 7887/7887 8299/8299
f 914/914 841/841 911/911
f 841/841 921/921 911/911
f 1429/1429 1434/1434 1603/1603
f 8684/8684 8567/8567 8566/8566
f 7380/7380 7377/7377 7378/7378
f 1434/1434 1442/1442 1603/1603
f 7671/7671 7670/7670 7672/7672
f 7377/7377 7376/7376 7378/7378
f 7361/7361 7180/7180 7360/7360
f 8386/8386 7671/7671 7672/7672
f 7671/7671 8386/8386 7673/7673
f 957/957 951/951 952/952
f 412/412 416/416 415/415
f 4681/4681 4675/4675 4680/4680
f 4677/4677 4675/4675 4681/4681
f 8811/8811 8810/8810 8808/8808
f 2824/2824 2823/2823 2826/2826
f 414/414 412/412 415/415
f 342/342 343/343 344/344
f 345/345 346/346 347/347
f 1434/1434 1441/1441 1442/1442
f 11075/11075 11076/11076 11077/11077
f 4674/4674 4675/4675 4676/4676
f 4841/4841 4843/4843 4839/4839
f 4675/4675 4674/4674 4679/4679
f 4840/4840 4842/4842 4841/4841
f 4839/4839 4840/4840 4841/4841
f 4679/4679 4680/4680 4675/4675
f 339/339 340/340 341/341
f 4839/4839 4846/4846 4840/4840
f 4846/4846 4848/4848 4840/4840
f 8354/8354 8352/8352 8386/8386
f 4841/4841 4844/4844 4843/4843
f 4844/4844 4842/4842 4845/4845
f 4844/4844 4841/4841 4842/4842
f 2823/2823 2824/2824 2825/2825
f 953/953 952/952 949/949
f 8811/8811 8812/8812 8810/8810
f 8385/8385 8751/8751 7761/7761
f 8352/8352 8354/8354 8353/8353
f 8352/8352 8359/8359 8418/8418
f 8751/8751 8379/8379 7681/7681
f 8358/8358 8359/8359 8352/8352
f 8385/8385 7662/7662 8751/8751
f 3512/3512 3511/3511 3521/3521
f 8751/8751 8468/8468 8379/8379
f 7666/7666 7662/7662 8385/8385
f 8353/8353 8351/8351 8352/8352
f 8352/8352 8348/8348 8358/8358
f 7662/7662 8468/8468 8751/8751
f 8351/8351 8348/8348 8352/8352
f 3511/3511 3516/3516 3521/3521
f 3521/3521 3516/3516 3525/3525
f 7661/7661 7662/7662 7666/7666
f 8353/8353 8356/8356 8351/8351
f 3516/3516 3523/3523 3525/3525
f 7662/7662 7663/7663 8468/8468
f 3515/3515 3516/3516 3511/3511
f 3513/3513 3515/3515 3511/3511
f 8356/8356 8689/8689 8351/8351
f 8348/8348 8351/8351 8349/8349
f 7663/7663 7665/7665 8468/8468
f 6608/6608 6605/6605 6607/6607
f 7660/7660 7662/7662 7661/7661
f 3717/3717 3712/3712 3716/3716
f 7660/7660 7663/7663 7662/7662
f 6605/6605 6604/6604 6607/6607
f 7376/7376 7379/7379 7378/7378
f 3713/3713 3716/3716 3712/3712
f 3712/3712 3703/3703 3713/3713
f 3718/3718 3702/3702 3717/3717
f 3717/3717 3702/3702 3712/3712
f 6604/6604 6605/6605 6606/6606
f 3702/3702 3703/3703 3712/3712
f 7220/7220 7330/7330 7219/7219
f 7220/7220 7219/7219 7180/7180
f 3620/3620 3699/3699 3718/3718
f 3699/3699 3702/3702 3718/3718
f 3703/3703 3702/3702 3701/3701
f 3699/3699 3701/3701 3702/3702
f 3703/3703 3715/3715 3714/3714
f 3729/3729 3714/3714 3715/3715
f 7330/7330 7217/7217 7219/7219
f 7217/7217 7215/7215 7219/7219
f 7250/7250 7217/7217 7330/7330
f 8905/8905 8902/8902 8904/8904
f 8003/8003 8004/8004 8005/8005
f 8007/8007 8538/8538 8005/8005
f 8538/8538 8003/8003 8005/8005
f 8070/8070 8063/8063 8519/8519
f 8058/8058 8060/8060 8070/8070
f 8902/8902 8903/8903 8904/8904
f 8003/8003 8000/8000 8004/8004
f 8060/8060 8063/8063 8070/8070
f 8060/8060 8062/8062 8063/8063
f 8061/8061 8062/8062 8060/8060
f 8538/8538 8002/8002 8003/8003
f 8003/8003 8002/8002 8000/8000
f 8075/8075 8538/8538 8063/8063
f 8062/8062 8075/8075 8063/8063
f 8001/8001 8002/8002 8029/8029
f 8061/8061 8075/8075 8062/8062
f 8002/8002 8538/8538 8124/8124
f 8069/8069 8075/8075 8061/8061
f 8074/8074 8029/8029 8002/8002
f 8076/8076 8023/8023 8046/8046
f 3527/3527 3537/3537 3538/3538
f 8075/8075 8750/8750 8538/8538
f 8750/8750 8124/8124 8538/8538
f 2254/2254 2308/2308 2180/2180
f 3527/3527 3534/3534 3537/3537
f 8023/8023 8033/8033 8046/8046
f 8373/8373 8374/8374 8375/8375
f 2252/2252 2209/2209 2180/2180
f 2180/2180 2209/2209 2254/2254
f 3524/3524 3534/3534 3527/3527
f 8023/8023 8032/8032 8033/8033
f 8032/8032 8034/8034 8033/8033
f 8119/8119 8030/8030 8470/8470
f 8470/8470 8030/8030 8076/8076
f 8076/8076 8030/8030 8023/8023
f 3524/3524 3535/3535 3534/3534
f 8375/8375 8718/8718 8373/8373
f 3534/3534 3612/3612 3537/3537
f 3537/3537 3612/3612 3614/3614
f 8435/8435 8718/8718 8433/8433
f 3535/3535 3589/3589 3534/3534
f 8441/8441 8469/8469 8439/8439
f 9329/9329 9330/9330 9331/9331
f 3613/3613 3534/3534 3589/3589
f 3613/3613 3612/3612 3534/3534
f 1922/1922 2244/2244 2209/2209
f 8469/8469 8457/8457 8439/8439
f 6018/6018 5917/5917 5916/5916
f 5916/5916 5917/5917 5913/5913
f 5016/5016 5015/5015 5017/5017
f 8457/8457 8442/8442 8439/8439
f 8442/8442 8438/8438 8439/8439
f 8119/8119 8079/8079 8030/8030
f 1922/1922 1919/1919 2244/2244
f 8851/8851 8845/8845 8852/8852
f 9797/9797 9796/9796 9798/9798
f 4647/4647 4649/4649 4650/4650
f 9103/9103 9097/9097 9102/9102
f 9098/9098 9102/9102 9097/9097
f 8079/8079 8024/8024 8030/8030
f 4650/4650 4649/4649 4651/4651
f 8024/8024 8023/8023 8030/8030
f 4651/4651 4649/4649 4652/4652
f 8849/8849 8845/8845 8851/8851
f 5585/5585 5586/5586 5587/5587
f 8457/8457 8438/8438 8442/8442
f 1919/1919 2048/2048 2244/2244
f 5014/5014 5015/5015 5016/5016
f 3910/3910 3908/3908 3912/3912
f 2244/2244 2048/2048 1999/1999
f 6018/6018 6020/6020 5917/5917
f 4638/4638 4648/4648 4647/4647
f 4647/4647 4648/4648 4649/4649
f 4649/4649 4648/4648 4653/4653
f 8848/8848 8845/8845 8849/8849
f 4649/4649 4653/4653 4652/4652
f 8023/8023 8019/8019 8032/8032
f 8671/8671 8669/8669 8670/8670
f 6020/6020 6021/6021 5917/5917
f 8847/8847 8845/8845 8848/8848
f 8016/8016 8019/8019 8023/8023
f 8844/8844 8845/8845 8846/8846
f 8847/8847 8846/8846 8845/8845
f 8850/8850 8847/8847 8848/8848
f 8229/8229 8230/8230 8490/8490
f 6023/6023 6021/6021 6020/6020
f 9097/9097 9096/9096 9098/9098
f 9095/9095 9096/9096 9097/9097
f 1918/1918 1917/1917 1919/1919
f 8023/8023 8024/8024 8016/8016
f 1163/1163 1157/1157 1159/1159
f 1919/1919 1917/1917 2048/2048
f 1917/1917 2158/2158 2048/2048
f 1164/1164 1157/1157 1163/1163
f 9857/9857 9859/9859 9860/9860
f 1164/1164 1167/1167 1157/1157
f 9857/9857 9860/9860 9882/9882
f 1928/1928 2158/2158 1917/1917
f 2048/2048 2158/2158 1928/1928
f 5873/5873 5887/5887 5874/5874
f 5873/5873 5886/5886 5887/5887
f 5886/5886 5888/5888 5887/5887
f 3456/3456 3457/3457 3458/3458
f 3457/3457 3456/3456 3454/3454
f 5888/5888 5889/5889 5887/5887
f 5882/5882 5885/5885 5886/5886
f 5885/5885 5888/5888 5886/5886
f 3461/3461 3462/3462 3458/3458
f 3458/3458 3465/3465 3456/3456
f 3465/3465 3467/3467 3456/3456
f 3462/3462 3465/3465 3458/3458
f 3414/3414 3462/3462 3461/3461
f 3416/3416 3465/3465 3462/3462
f 8015/8015 8080/8080 8019/8019
f 3465/3465 3466/3466 3467/3467
f 5896/5896 5899/5899 5888/5888
f 8016/8016 8024/8024 8025/8025
f 3462/3462 3414/3414 3416/3416
f 3415/3415 3417/3417 3416/3416
f 3410/3410 3415/3415 3414/3414
f 9099/9099 9095/9095 9097/9097
f 3416/3416 3414/3414 3415/3415
f 646/646 643/643 648/648
f 1443/1443 1445/1445 1444/1444
f 1441/1441 1445/1445 1443/1443
f 1445/1445 1446/1446 1444/1444
f 1441/1441 1605/1605 1445/1445
f 1445/1445 1447/1447 1446/1446
f 1445/1445 1528/1528 1447/1447
f 1605/1605 1528/1528 1445/1445
f 3701/3701 3704/3704 3703/3703
f 3704/3704 3715/3715 3703/3703
f 1604/1604 1665/1665 1605/1605
f 1665/1665 1675/1675 1605/1605
f 1605/1605 1675/1675 1528/1528
f 1675/1675 1674/1674 1528/1528
f 3700/3700 3701/3701 3699/3699
f 1689/1689 1675/1675 1665/1665
f 3697/3697 3700/3700 3699/3699
f 1689/1689 1690/1690 1675/1675
f 1680/1680 1674/1674 1675/1675
f 1675/1675 1690/1690 1680/1680
f 1680/1680 1482/1482 1674/1674
f 3704/3704 3729/3729 3715/3715
f 3700/3700 3705/3705 3701/3701
f 3705/3705 3704/3704 3701/3701
f 3697/3697 3705/3705 3700/3700
f 3704/3704 3740/3740 3729/3729
f 8447/8447 8460/8460 8448/8448
f 8446/8446 8443/8443 8447/8447
f 8444/8444 8445/8445 8449/8449
f 3697/3697 3706/3706 3705/3705
f 8444/8444 8449/8449 8450/8450
f 8445/8445 8443/8443 8446/8446
f 8444/8444 8443/8443 8445/8445
f 3706/3706 3697/3697 3695/3695
f 9181/9181 9182/9182 9183/9183
f 8443/8443 8460/8460 8447/8447
f 3705/3705 3707/3707 3704/3704
f 3704/3704 3707/3707 3740/3740
f 8278/8278 8277/8277 8422/8422
f 8443/8443 8440/8440 8460/8460
f 8278/8278 8276/8276 8277/8277
f 8443/8443 8441/8441 8440/8440
f 8440/8440 8441/8441 8439/8439
f 3707/3707 3705/3705 3706/3706
f 8280/8280 8279/8279 8278/8278
f 8279/8279 8276/8276 8278/8278
f 8068/8068 8277/8277 8276/8276
f 8444/8444 8441/8441 8443/8443
f 1987/1987 2029/2029 2031/2031
f 2029/2029 2037/2037 2031/2031
f 8274/8274 8068/8068 8276/8276
f 812/812 802/802 811/811
f 806/806 802/802 812/812
f 8439/8439 8437/8437 8440/8440
f 2028/2028 2029/2029 1987/1987
f 843/843 806/806 812/812
f 810/810 811/811 802/802
f 764/764 843/843 812/812
f 8469/8469 8441/8441 8444/8444
f 8068/8068 8274/8274 8072/8072
f 2029/2029 2034/2034 2037/2037
f 8274/8274 8275/8275 8072/8072
f 843/843 814/814 806/806
f 806/806 799/799 802/802
f 2026/2026 2030/2030 2028/2028
f 2028/2028 2030/2030 2029/2029
f 2030/2030 2033/2033 2029/2029
f 9240/9240 9235/9235 9239/9239
f 814/814 799/799 806/806
f 802/802 799/799 800/800
f 814/814 843/843 762/762
f 7921/7921 7919/7919 7918/7918
f 2029/2029 2033/2033 2034/2034
f 9239/9239 9243/9243 9240/9240
f 8282/8282 7919/7919 7921/7921
f 9299/9299 9300/9300 9301/9301
f 9245/9245 9243/9243 9239/9239
f 8282/8282 8207/8207 8216/8216
f 8208/8208 8216/8216 8207/8207
f 5977/5977 5978/5978 5980/5980
f 5978/5978 5982/5982 5983/5983
f 6066/6066 5977/5977 5980/5980
f 1229/1229 1230/1230 1231/1231
f 1230/1230 1240/1240 1231/1231
f 1239/1239 1243/1243 1244/1244
f 5978/5978 5975/5975 5982/5982
f 1240/1240 1239/1239 1244/1244
f 1239/1239 1241/1241 1243/1243
f 5977/5977 5975/5975 5978/5978
f 5974/5974 5976/5976 5975/5975
f 6066/6066 5973/5973 5977/5977
f 5973/5973 5975/5975 5977/5977
f 1240/1240 1230/1230 1239/1239
f 1225/1225 1230/1230 1229/1229
f 1243/1243 1241/1241 1242/1242
f 5974/5974 5975/5975 5973/5973
f 6467/6467 6470/6470 6471/6471
f 6467/6467 6469/6469 6470/6470
f 993/993 992/992 994/994
f 991/991 992/992 993/993
f 6467/6467 6468/6468 6469/6469
f 6915/6915 6916/6916 6917/6917
f 7790/7790 7791/7791 7787/7787
f 6553/6553 6563/6563 6566/6566
f 6563/6563 6564/6564 6566/6566
f 7791/7791 8360/8360 7787/7787
f 6553/6553 6554/6554 6563/6563
f 6563/6563 6554/6554 6564/6564
f 6821/6821 6733/6733 6564/6564
f 6859/6859 6821/6821 6564/6564
f 6552/6552 6549/6549 6553/6553
f 6549/6549 6554/6554 6553/6553
f 6733/6733 6821/6821 6822/6822
f 6547/6547 6554/6554 6549/6549
f 6550/6550 6554/6554 6547/6547
f 6554/6554 6565/6565 6564/6564
f 6564/6564 6565/6565 6859/6859
f 7539/7539 7548/7548 7541/7541
f 6565/6565 6554/6554 6687/6687
f 7793/7793 7792/7792 7790/7790
f 6550/6550 6668/6668 6554/6554
f 7792/7792 7791/7791 7790/7790
f 6830/6830 6821/6821 6859/6859
f 6821/6821 6824/6824 6822/6822
f 6554/6554 6681/6681 6687/6687
f 6687/6687 6835/6835 6565/6565
f 6824/6824 6821/6821 6830/6830
f 6681/6681 6554/6554 6679/6679
f 6835/6835 6833/6833 6565/6565
f 6836/6836 6833/6833 6835/6835
f 6667/6667 6666/6666 6668/6668
f 6668/6668 6666/6666 6669/6669
f 6668/6668 6669/6669 6554/6554
f 6554/6554 6669/6669 6679/6679
f 6830/6830 6859/6859 6565/6565
f 5718/5718 5729/5729 5719/5719
f 7542/7542 7541/7541 7543/7543
f 7822/7822 7794/7794 7793/7793
f 7794/7794 7792/7792 7793/7793
f 6837/6837 6833/6833 6836/6836
f 6565/6565 6833/6833 6829/6829
f 6565/6565 6826/6826 6830/6830
f 7543/7543 7607/7607 7547/7547
f 5719/5719 5729/5729 5767/5767
f 6682/6682 6833/6833 6837/6837
f 6834/6834 6833/6833 6682/6682
f 5767/5767 5728/5728 5719/5719
f 6834/6834 6685/6685 6833/6833
f 7543/7543 7548/7548 8570/8570
f 7543/7543 8724/8724 7607/7607
f 6565/6565 6829/6829 6826/6826
f 6176/6176 6177/6177 6178/6178
f 2657/2657 2654/2654 2658/2658
f 8725/8725 7543/7543 8570/8570
f 7536/7536 8725/8725 8533/8533
f 8533/8533 7524/7524 7536/7536
f 2654/2654 2659/2659 2658/2658
f 5276/5276 5277/5277 5278/5278
f 2392/2392 2393/2393 2394/2394
f 7528/7528 7536/7536 7524/7524
f 7536/7536 7532/7532 8724/8724
f 7794/7794 7795/7795 7792/7792
f 8787/8787 8788/8788 8789/8789
f 314/314 315/315 316/316
f 8784/8784 8785/8785 8786/8786
f 2658/2658 2659/2659 2660/2660
f 2654/2654 2663/2663 2659/2659
f 7822/7822 8343/8343 7794/7794
f 8790/8790 8787/8787 8789/8789
f 6306/6306 6307/6307 6308/6308
f 2667/2667 2663/2663 2654/2654
f 8066/8066 8067/8067 8065/8065
f 8553/8553 8028/8028 8014/8014
f 2667/2667 2670/2670 2663/2663
f 8066/8066 8553/8553 8067/8067
f 2673/2673 2674/2674 2663/2663
f 8790/8790 8791/8791 8787/8787
f 8792/8792 8787/8787 8791/8791
f 7818/7818 7794/7794 8343/8343
f 8553/8553 8008/8008 8028/8028
f 8009/8009 8013/8013 8014/8014
f 7795/7795 7796/7796 8346/8346
f 8028/8028 8009/8009 8014/8014
f 9107/9107 9108/9108 9109/9109
f 7794/7794 7796/7796 7795/7795
f 7633/7633 7635/7635 7636/7636
f 8346/8346 7796/7796 7801/7801
f 7635/7635 7652/7652 7636/7636
f 8065/8065 8072/8072 8050/8050
f 8050/8050 8048/8048 8065/8065
f 8065/8065 8048/8048 8066/8066
f 7643/7643 7652/7652 7657/7657
f 8048/8048 8071/8071 8066/8066
f 9110/9110 9108/9108 9107/9107
f 8009/8009 8012/8012 8013/8013
f 8013/8013 8012/8012 8017/8017
f 7634/7634 7635/7635 7633/7633
f 8547/8547 7652/7652 7635/7635
f 7652/7652 8547/8547 7657/7657
f 8008/8008 8006/8006 8028/8028
f 7635/7635 7654/7654 8547/8547
f 8050/8050 8072/8072 8051/8051
f 7634/7634 7653/7653 7635/7635
f 7635/7635 7653/7653 7654/7654
f 8006/8006 8009/8009 8028/8028
f 7654/7654 7655/7655 8547/8547
f 9020/9020 9021/9021 9022/9022
f 7632/7632 7656/7656 7634/7634
f 11078/11078 11079/11079 11080/11080
f 7656/7656 7653/7653 7634/7634
f 7655/7655 7654/7654 7653/7653
f 3949/3949 3950/3950 3951/3951
f 5518/5518 5519/5519 5520/5520
f 9020/9020 9023/9023 9021/9021
f 9021/9021 9023/9023 9025/9025
f 2241/2241 2044/2044 2326/2326
f 2241/2241 2240/2240 2044/2044
f 1953/1953 2001/2001 2044/2044
f 2240/2240 1953/1953 2044/2044
f 2240/2240 1955/1955 1953/1953
f 2001/2001 1953/1953 1935/1935
f 1953/1953 1938/1938 1935/1935
f 9886/9886 9885/9885 9887/9887
f 1954/1954 1953/1953 1955/1955
f 1954/1954 1938/1938 1953/1953
f 9900/9900 9879/9879 9886/9886
f 2054/2054 1954/1954 1955/1955
f 9879/9879 9885/9885 9886/9886
f 9879/9879 9884/9884 9885/9885
f 2162/2162 1954/1954 2054/2054
f 2162/2162 2196/2196 1954/1954
f 2024/2024 1954/1954 2196/2196
f 5705/5705 6033/6033 6037/6037
f 6037/6037 6033/6033 6034/6034
f 6031/6031 6030/6030 5764/5764
f 6073/6073 5705/5705 6037/6037
f 5705/5705 5707/5707 5701/5701
f 5705/5705 6073/6073 5707/5707
f 2196/2196 2162/2162 2197/2197
f 6030/6030 6027/6027 5764/5764
f 6016/6016 5701/5701 6017/6017
f 6017/6017 5701/5701 5707/5707
f 590/590 592/592 593/593
f 5929/5929 5990/5990 6016/6016
f 5990/5990 5701/5701 6016/6016
f 5705/5705 5708/5708 6010/6010
f 592/592 590/590 591/591
f 5699/5699 5708/5708 5705/5705
f 5412/5412 5413/5413 5405/5405
f 625/625 624/624 591/591
f 5414/5414 5412/5412 5416/5416
f 591/591 624/624 592/592
f 5701/5701 5699/5699 5705/5705
f 624/624 614/614 592/592
f 625/625 626/626 624/624
f 626/626 614/614 624/624
f 5701/5701 5697/5697 5699/5699
f 5414/5414 5413/5413 5412/5412
f 626/626 622/622 614/614
f 5696/5696 5708/5708 5699/5699
f 5989/5989 5991/5991 5990/5990
f 5990/5990 5991/5991 5701/5701
f 5752/5752 5697/5697 5701/5701
f 626/626 628/628 622/622
f 627/627 628/628 626/626
f 5415/5415 5418/5418 5413/5413
f 622/622 628/628 623/623
f 5708/5708 5696/5696 5709/5709
f 5414/5414 5415/5415 5413/5413
f 5414/5414 5424/5424 5415/5415
f 4080/4080 4147/4147 4075/4075
f 4081/4081 4147/4147 4080/4080
f 4075/4075 4079/4079 4080/4080
f 4079/4079 4081/4081 4080/4080
f 4078/4078 4113/4113 4079/4079
f 4079/4079 4113/4113 4081/4081
f 4075/4075 4074/4074 4073/4073
f 4073/4073 4079/4079 4075/4075
f 8111/8111 8099/8099 8100/8100
f 4073/4073 4078/4078 4079/4079
f 8116/8116 8108/8108 8099/8099
f 8116/8116 8099/8099 8111/8111
f 8100/8100 8098/8098 8101/8101
f 8099/8099 8098/8098 8100/8100
f 4073/4073 4072/4072 4078/4078
f 4156/4156 3967/3967 3987/3987
f 4156/4156 3987/3987 4157/4157
f 959/959 961/961 962/962
f 3968/3968 3969/3969 3973/3973
f 3967/3967 3966/3966 3968/3968
f 3965/3965 3966/3966 3967/3967
f 8108/8108 8097/8097 8099/8099
f 8098/8098 8099/8099 8097/8097
f 959/959 960/960 961/961
f 3965/3965 4136/4136 3966/3966
f 3966/3966 4136/4136 4134/4134
f 3971/3971 3966/3966 4134/4134
f 963/963 964/964 960/960
f 8097/8097 8096/8096 8098/8098
f 975/975 977/977 986/986
f 986/986 973/973 975/975
f 2409/2409 2408/2408 2410/2410
f 2407/2407 2408/2408 2409/2409
f 8096/8096 8107/8107 8098/8098
f 8094/8094 8096/8096 8097/8097
f 8107/8107 8096/8096 8363/8363
f 8363/8363 8364/8364 8107/8107
f 8096/8096 8753/8753 8363/8363
f 8773/8773 8774/8774 8775/8775
f 8775/8775 8774/8774 8776/8776
f 5048/5048 5042/5042 5045/5045
f 5042/5042 5044/5044 5045/5045
f 5572/5572 5573/5573 5574/5574
f 6735/6735 6748/6748 6736/6736
f 6733/6733 6735/6735 6734/6734
f 8777/8777 8774/8774 8773/8773
f 6733/6733 6822/6822 6735/6735
f 6735/6735 6791/6791 6748/6748
f 8774/8774 8779/8779 8776/8776
f 6791/6791 6750/6750 6748/6748
f 888/888 873/873 875/875
f 6735/6735 6822/6822 6791/6791
f 872/872 873/873 871/871
f 873/873 874/874 875/875
f 874/874 876/876 875/875
f 6822/6822 6823/6823 6791/6791
f 6791/6791 6790/6790 6750/6750
f 6790/6790 6752/6752 6750/6750
f 6822/6822 6824/6824 6823/6823
f 6823/6823 6790/6790 6791/6791
f 8774/8774 8778/8778 8779/8779
f 3571/3571 3544/3544 3541/3541
f 3571/3571 3558/3558 3544/3544
f 874/874 904/904 876/876
f 11081/11081 11082/11082 11083/11083
f 11083/11083 11082/11082 11084/11084
f 6824/6824 6830/6830 6826/6826
f 6825/6825 6823/6823 6824/6824
f 904/904 914/914 876/876
f 6755/6755 6752/6752 6790/6790
f 8778/8778 8774/8774 8777/8777
f 6824/6824 6826/6826 6825/6825
f 841/841 904/904 831/831
f 5040/5040 5041/5041 5042/5042
f 914/914 904/904 841/841
f 311/311 312/312 313/313
f 5033/5033 5034/5034 5035/5035
f 5035/5035 5036/5036 5033/5033
f 7808/7808 8360/8360 7805/7805
f 3541/3541 3542/3542 3571/3571
f 3571/3571 3542/3542 3558/3558
f 6385/6385 6386/6386 6387/6387
f 7805/7805 7807/7807 7808/7808
f 3526/3526 3542/3542 3541/3541
f 5041/5041 5040/5040 5043/5043
f 5456/5456 5458/5458 5457/5457
f 3526/3526 3577/3577 3542/3542
f 5073/5073 5074/5074 5075/5075
f 5073/5073 5075/5075 5076/5076
f 7809/7809 7801/7801 7805/7805
f 8346/8346 7801/7801 7809/7809
f 7804/7804 7807/7807 7805/7805
f 7807/7807 7804/7804 7810/7810
f 5049/5049 5041/5041 5043/5043
f 5454/5454 5456/5456 5457/5457
f 7801/7801 7804/7804 7805/7805
f 5453/5453 5454/5454 5455/5455
f 5456/5456 5454/5454 5453/5453
f 333/333 334/334 335/335
f 714/714 713/713 712/712
f 3577/3577 3592/3592 3542/3542
f 7804/7804 7806/7806 7810/7810
f 5456/5456 5459/5459 5458/5458
f 7806/7806 7804/7804 7803/7803
f 3592/3592 3577/3577 3527/3527
f 7100/7100 7101/7101 7099/7099
f 271/271 272/272 273/273
f 268/268 269/269 270/270
f 274/274 275/275 276/276
f 7098/7098 7099/7099 7097/7097
f 7098/7098 7100/7100 7099/7099
f 5544/5544 5545/5545 5546/5546
f 5545/5545 5549/5549 5546/5546
f 7095/7095 7097/7097 7096/7096
f 7095/7095 7098/7098 7097/7097
f 5552/5552 5544/5544 5547/5547
f 5544/5544 5546/5546 5547/5547
f 8736/8736 8744/8744 7810/7810
f 7089/7089 7096/7096 7094/7094
f 7089/7089 7095/7095 7096/7096
f 5552/5552 5547/5547 5553/5553
f 7090/7090 7089/7089 7094/7094
f 5569/5569 5553/5553 5568/5568
f 7092/7092 7090/7090 7093/7093
f 5569/5569 5568/5568 5557/5557
f 3888/3888 3892/3892 3900/3900
f 5547/5547 5575/5575 5553/5553
f 5553/5553 5575/5575 5568/5568
f 5557/5557 5568/5568 5567/5567
f 3592/3592 3527/3527 3538/3538
f 5890/5890 5892/5892 5891/5891
f 5550/5550 5551/5551 5548/5548
f 5550/5550 5548/5548 5544/5544
f 5544/5544 5552/5552 5553/5553
f 5571/5571 5553/5553 5570/5570
f 5553/5553 5557/5557 5570/5570
f 5548/5548 5545/5545 5544/5544
f 5553/5553 5569/5569 5557/5557
f 5460/5460 5459/5459 5456/5456
f 7801/7801 7803/7803 7804/7804
f 7806/7806 8736/8736 7810/7810
f 5887/5887 5890/5890 5874/5874
f 5570/5570 5572/5572 5571/5571
f 5570/5570 5573/5573 5572/5572
f 7803/7803 8736/8736 7806/7806
f 5889/5889 5890/5890 5887/5887
f 8736/8736 8739/8739 8744/8744
f 6194/6194 6196/6196 6195/6195
f 6193/6193 6194/6194 6195/6195
f 8739/8739 8745/8745 8744/8744
f 302/302 303/303 304/304
f 2417/2417 2418/2418 2416/2416
f 2418/2418 2417/2417 2419/2419
f 5893/5893 6054/6054 5892/5892
f 5890/5890 5889/5889 5892/5892
f 8090/8090 8091/8091 8089/8089
f 5889/5889 5893/5893 5892/5892
f 7800/7800 7803/7803 7801/7801
f 8738/8738 8739/8739 8736/8736
f 305/305 306/306 307/307
f 7803/7803 7811/7811 8736/8736
f 8736/8736 7811/7811 8737/8737
f 6197/6197 6193/6193 6195/6195
f 8736/8736 8737/8737 8738/8738
f 6196/6196 6197/6197 6195/6195
f 5888/5888 5898/5898 5889/5889
f 5899/5899 5898/5898 5888/5888
f 5898/5898 5893/5893 5889/5889
f 5019/5019 5020/5020 5021/5021
f 7721/7721 7769/7769 7718/7718
f 9068/9068 9070/9070 9069/9069
f 7718/7718 7769/7769 8729/8729
f 7398/7398 7395/7395 7397/7397
f 3904/3904 3903/3903 3906/3906
f 7398/7398 7397/7397 7399/7399
f 7211/7211 7213/7213 7212/7212
f 7766/7766 7767/7767 7769/7769
f 8997/8997 8999/8999 9000/9000
f 7395/7395 7396/7396 7397/7397
f 8723/8723 7769/7769 7767/7767
f 8997/8997 8998/8998 8999/8999
f 7328/7328 7314/7314 7316/7316
f 8550/8550 8549/8549 8548/8548
f 8723/8723 8635/8635 8651/8651
f 775/775 774/774 918/918
f 8551/8551 8549/8549 8550/8550
f 7314/7314 7315/7315 7316/7316
f 8551/8551 8552/8552 8549/8549
f 776/776 773/773 775/775
f 773/773 774/774 775/775
f 7302/7302 7314/7314 7322/7322
f 7153/7153 7159/7159 7154/7154
f 7153/7153 7160/7160 7159/7159
f 7148/7148 7153/7153 7154/7154
f 7302/7302 7306/7306 7314/7314
f 773/773 770/770 774/774
f 7306/7306 7315/7315 7314/7314
f 7148/7148 7151/7151 7153/7153
f 774/774 770/770 905/905
f 1459/1459 1550/1550 1462/1462
f 809/809 822/822 821/821
f 770/770 835/835 905/905
f 7151/7151 7156/7156 7153/7153
f 7306/7306 7323/7323 7315/7315
f 907/907 822/822 809/809
f 7156/7156 7333/7333 7153/7153
f 7333/7333 7160/7160 7153/7153
f 776/776 777/777 773/773
f 1432/1432 1557/1557 1459/1459
f 804/804 809/809 807/807
f 6265/6265 6266/6266 6267/6267
f 1557/1557 1550/1550 1459/1459
f 7152/7152 7156/7156 7151/7151
f 8498/8498 8635/8635 8723/8723
f 777/777 779/779 773/773
f 779/779 771/771 773/773
f 773/773 771/771 770/770
f 804/804 805/805 809/809
f 7151/7151 7150/7150 7152/7152
f 7156/7156 7359/7359 7333/7333
f 770/770 771/771 772/772
f 874/874 873/873 872/872
f 7221/7221 7156/7156 7152/7152
f 7359/7359 7156/7156 7221/7221
f 779/779 924/924 923/923
f 779/779 923/923 771/771
f 874/874 872/872 884/884
f 4898/4898 4897/4897 4895/4895
f 4895/4895 4899/4899 4898/4898
f 1557/1557 1432/1432 1426/1426
f 7360/7360 7221/7221 7152/7152
f 1428/1428 1550/1550 1557/1557
f 7221/7221 7171/7171 7359/7359
f 884/884 904/904 874/874
f 8498/8498 7696/7696 8635/8635
f 7360/7360 7180/7180 7221/7221
f 7696/7696 8501/8501 8635/8635
f 7306/7306 7308/7308 7323/7323
f 803/803 805/805 804/804
f 822/822 823/823 821/821
f 821/821 823/823 824/824
f 803/803 813/813 805/805
f 813/813 834/834 805/805
f 1557/1557 1426/1426 1428/1428
f 907/907 805/805 834/834
f 2115/2115 2301/2301 2353/2353
f 8498/8498 7695/7695 7696/7696
f 2279/2279 2353/2353 2301/2301
f 7244/7244 7246/7246 7239/7239
f 7307/7307 7308/7308 7306/7306
f 11085/11085 11086/11086 11087/11087
f 831/831 838/838 841/841
f 7850/7850 7853/7853 7854/7854
f 7853/7853 7855/7855 7854/7854
f 351/351 352/352 353/353
f 9343/9343 9341/9341 9340/9340
f 9340/9340 9341/9341 9342/9342
f 1426/1426 1427/1427 1428/1428
f 7694/7694 7696/7696 7695/7695
f 2155/2155 2184/2184 2301/2301
f 2184/2184 2279/2279 2301/2301
f 803/803 833/833 813/813
f 7307/7307 7306/7306 7303/7303
f 11088/11088 11089/11089 11090/11090
f 1429/1429 1427/1427 1426/1426
f 822/822 776/776 823/823
f 823/823 775/775 824/824
f 776/776 775/775 823/823
f 788/788 833/833 803/803
f 1427/1427 1430/1430 1428/1428
f 2179/2179 2184/2184 2155/2155
f 1429/1429 1668/1668 1427/1427
f 1427/1427 1452/1452 1430/1430
f 4899/4899 4901/4901 4898/4898
f 1454/1454 1427/1427 1668/1668
f 1454/1454 1452/1452 1427/1427
f 1429/1429 1603/1603 1668/1668
f 4708/4708 4709/4709 4710/4710
f 2179/2179 2344/2344 2184/2184
f 9341/9341 9343/9343 9344/9344
f 10540/10540 10539/10539 10541/10541
f 7853/7853 7856/7856 7855/7855
f 1668/1668 1603/1603 1444/1444
f 4902/4902 4898/4898 4901/4901
f 2179/2179 2352/2352 2344/2344
f 7312/7312 7326/7326 7307/7307
f 1452/1452 1454/1454 1446/1446
f 1442/1442 1444/1444 1603/1603
f 1668/1668 1446/1446 1454/1454
f 4686/4686 4708/4708 4685/4685
f 10539/10539 10540/10540 10538/10538
f 2179/2179 2178/2178 2183/2183
f 1442/1442 1443/1443 1444/1444
f 2183/2183 2352/2352 2179/2179
f 1444/1444 1446/1446 1668/1668
f 4685/4685 4710/4710 4683/4683
f 4708/4708 4710/4710 4685/4685
f 11122/11122 11123/11123 11121/11121
f 2183/2183 2351/2351 2352/2352
f 10537/10537 10539/10539 10538/10538
f 2351/2351 2344/2344 2352/2352
f 4685/4685 4682/4682 4686/4686
f 11161/11161 11162/11162 11163/11163
f 11153/11153 11147/11147 11152/11152
f 11155/11155 11156/11156 11157/11157
f 11144/11144 11145/11145 11146/11146
f 11163/11163 11164/11164 11165/11165
f 11164/11164 11163/11163 11162/11162
f 11158/11158 11159/11159 11160/11160
f 11141/11141 11142/11142 11143/11143
f 11148/11148 11147/11147 11151/11151
f 11147/11147 11148/11148 11149/11149
f 11151/11151 11154/11154 11148/11148
f 11152/11152 11147/11147 11149/11149
f 11152/11152 11149/11149 11150/11150
f 11121/11121 11109/11109 11122/11122
f 10536/10536 10537/10537 10538/10538
f 7940/7940 7942/7942 7944/7944
f 10118/10118 10117/10117 10121/10121
f 11148/11148 11150/11150 11149/11149
f 9200/9200 9208/9208 9211/9211
f 7948/7948 7947/7947 7946/7946
f 9208/9208 9209/9209 9211/9211
f 2351/2351 2309/2309 2344/2344
f 2344/2344 2309/2309 2184/2184
f 10123/10123 10121/10121 10124/10124
f 10123/10123 10118/10118 10121/10121
f 2183/2183 2180/2180 2308/2308
f 9846/9846 9849/9849 9848/9848
f 9848/9848 9854/9854 9856/9856
f 9856/9856 9854/9854 9857/9857
f 2309/2309 1877/1877 2184/2184
f 7947/7947 7939/7939 7946/7946
f 7939/7939 7945/7945 7946/7946
f 9849/9849 9850/9850 9848/9848
f 9848/9848 9852/9852 9854/9854
f 3385/3385 3382/3382 3391/3391
f 7940/7940 7945/7945 7939/7939
f 9848/9848 9850/9850 9852/9852
f 9850/9850 9849/9849 9851/9851
f 2150/2150 1598/1598 2149/2149
f 2309/2309 2183/2183 2308/2308
f 2183/2183 2309/2309 2351/2351
f 7939/7939 7938/7938 7940/7940
f 1598/1598 2151/2151 2149/2149
f 7949/7949 7939/7939 7947/7947
f 8463/8463 7930/7930 7939/7939
f 7939/7939 7930/7930 7938/7938
f 11113/11113 11109/11109 11112/11112
f 9852/9852 9850/9850 9853/9853
f 2308/2308 2254/2254 2309/2309
f 8463/8463 7932/7932 7930/7930
f 3385/3385 3389/3389 3383/3383
f 9855/9855 9853/9853 9850/9850
f 8704/8704 8463/8463 7949/7949
f 8463/8463 7939/7939 7949/7949
f 4832/4832 4834/4834 4833/4833
f 9855/9855 9908/9908 9853/9853
f 3389/3389 3390/3390 3383/3383
f 8464/8464 7932/7932 8463/8463
f 2151/2151 1598/1598 1599/1599
f 6321/6321 6322/6322 6323/6323
f 4694/4694 4699/4699 4705/4705
f 4694/4694 4696/4696 4699/4699
f 4696/4696 4700/4700 4699/4699
f 1570/1570 1597/1597 1598/1598
f 1598/1598 1597/1597 1599/1599
f 1597/1597 1587/1587 1599/1599
f 1765/1765 1582/1582 1666/1666
f 1663/1663 1584/1584 1765/1765
f 1765/1765 1584/1584 1582/1582
f 1581/1581 1666/1666 1582/1582
f 1584/1584 1578/1578 1582/1582
f 1582/1582 1578/1578 1581/1581
f 1578/1578 1580/1580 1581/1581
f 1576/1576 1578/1578 1577/1577
f 1580/1580 1578/1578 1579/1579
f 6732/6732 6698/6698 6740/6740
f 1576/1576 1579/1579 1578/1578
f 1463/1463 1579/1579 1576/1576
f 1570/1570 1548/1548 1597/1597
f 6732/6732 6701/6701 6698/6698
f 6744/6744 6701/6701 6732/6732
f 6699/6699 6700/6700 6702/6702
f 6788/6788 6701/6701 6744/6744
f 1463/1463 1466/1466 1579/1579
f 1463/1463 1465/1465 1466/1466
f 6698/6698 6700/6700 6699/6699
f 1571/1571 1569/1569 1570/1570
f 1570/1570 1569/1569 1548/1548
f 6797/6797 6701/6701 6788/6788
f 6799/6799 6701/6701 6797/6797
f 6701/6701 6700/6700 6698/6698
f 6847/6847 6701/6701 6799/6799
f 6847/6847 6799/6799 6849/6849
f 6701/6701 6847/6847 6846/6846
f 7017/7017 7015/7015 7018/7018
f 7016/7016 7015/7015 7017/7017
f 7018/7018 7015/7015 7019/7019
f 11091/11091 11093/11093 11097/11097
f 7015/7015 7020/7020 7019/7019
f 6846/6846 6710/6710 6701/6701
f 6848/6848 6710/6710 6846/6846
f 6710/6710 6700/6700 6701/6701
f 7016/7016 7014/7014 7015/7015
f 11091/11091 11097/11097 11098/11098
f 11099/11099 11091/11091 11098/11098
f 7014/7014 7013/7013 7015/7015
f 3423/3423 3424/3424 3425/3425
f 6230/6230 6231/6231 6232/6232
f 6709/6709 6700/6700 6710/6710
f 5864/5864 5866/5866 5867/5867
f 5865/5865 5866/5866 5864/5864
f 7012/7012 7013/7013 7014/7014
f 6709/6709 6706/6706 6700/6700
f 5866/5866 5868/5868 5867/5867
f 5866/5866 5870/5870 5868/5868
f 5865/5865 5876/5876 5866/5866
f 3423/3423 3426/3426 3424/3424
f 5876/5876 5870/5870 5866/5866
f 3427/3427 3424/3424 3426/3426
f 5870/5870 5876/5876 5873/5873
f 532/532 531/531 525/525
f 531/531 529/529 517/517
f 529/529 530/530 519/519
f 3426/3426 3432/3432 3427/3427
f 530/530 529/529 559/559
f 6805/6805 6709/6709 6806/6806
f 5879/5879 5873/5873 5876/5876
f 530/530 559/559 462/462
f 532/532 533/533 531/531
f 529/529 701/701 559/559
f 534/534 533/533 532/532
f 1376/1376 1375/1375 1377/1377
f 1360/1360 1375/1375 1376/1376
f 1266/1266 1375/1375 1264/1264
f 1360/1360 1264/1264 1375/1375
f 1276/1276 1264/1264 1360/1360
f 534/534 535/535 533/533
f 6709/6709 6711/6711 6706/6706
f 1276/1276 1275/1275 1264/1264
f 1264/1264 1256/1256 1254/1254
f 1275/1275 1256/1256 1264/1264
f 1346/1346 1276/1276 1347/1347
f 3433/3433 3426/3426 3428/3428
f 1883/1883 2039/2039 1886/1886
f 2039/2039 2021/2021 1886/1886
f 2181/2181 2095/2095 2307/2307
f 2181/2181 2155/2155 2109/2109
f 2039/2039 1883/1883 2040/2040
f 2126/2126 2146/2146 2040/2040
f 2169/2169 2182/2182 2181/2181
f 2169/2169 2175/2175 2182/2182
f 2040/2040 2146/2146 2039/2039
f 3433/3433 3432/3432 3426/3426
f 2174/2174 2173/2173 2175/2175
f 2173/2173 2176/2176 2175/2175
f 2146/2146 2329/2329 2039/2039
f 2171/2171 2173/2173 2174/2174
f 2329/2329 2330/2330 2039/2039
f 7286/7286 7288/7288 7285/7285
f 2144/2144 2329/2329 2146/2146
f 7373/7373 7367/7367 7363/7363
f 7363/7363 7367/7367 7366/7366
f 2171/2171 2172/2172 2173/2173
f 2173/2173 2172/2172 2177/2177
f 2329/2329 2144/2144 2303/2303
f 2330/2330 2329/2329 2303/2303
f 7284/7284 7286/7286 7285/7285
f 2171/2171 2170/2170 2172/2172
f 2177/2177 2172/2172 2252/2252
f 2170/2170 2252/2252 2172/2172
f 2145/2145 2302/2302 2144/2144
f 2144/2144 2302/2302 2303/2303
f 2143/2143 2145/2145 2144/2144
f 7285/7285 7271/7271 7284/7284
f 2152/2152 2303/2303 2302/2302
f 7271/7271 7283/7283 7284/7284
f 7367/7367 7368/7368 7366/7366
f 2147/2147 2143/2143 2148/2148
f 2147/2147 2145/2145 2143/2143
f 7264/7264 7265/7265 7266/7266
f 2147/2147 2152/2152 2145/2145
f 2145/2145 2152/2152 2302/2302
f 7265/7265 7264/7264 7256/7256
f 7255/7255 7258/7258 7292/7292
f 7289/7289 7266/7266 7282/7282
f 7257/7257 7255/7255 7256/7256
f 2149/2149 2151/2151 2147/2147
f 2147/2147 2151/2151 2152/2152
f 2152/2152 2151/2151 2153/2153
f 7264/7264 7257/7257 7256/7256
f 7264/7264 7266/7266 7289/7289
f 7255/7255 7257/7257 7258/7258
f 7257/7257 7259/7259 7258/7258
f 7263/7263 7259/7259 7257/7257
f 7355/7355 7289/7289 7335/7335
f 7355/7355 7264/7264 7289/7289
f 3924/3924 3925/3925 3926/3926
f 5582/5582 5583/5583 5584/5584
f 3579/3579 3582/3582 3581/3581
f 1595/1595 1561/1561 1422/1422
f 1424/1424 1595/1595 1422/1422
f 1537/1537 1536/1536 1513/1513
f 1536/1536 1511/1511 1513/1513
f 1538/1538 1537/1537 1561/1561
f 1538/1538 1536/1536 1537/1537
f 1538/1538 1561/1561 1595/1595
f 1595/1595 1540/1540 1538/1538
f 1538/1538 1540/1540 1536/1536
f 878/878 879/879 880/880
f 1540/1540 1535/1535 1536/1536
f 1535/1535 1511/1511 1536/1536
f 1596/1596 1595/1595 1424/1424
f 1540/1540 1402/1402 1535/1535
f 4109/4109 4159/4159 4114/4114
f 3582/3582 3583/3583 3581/3581
f 879/879 881/881 880/880
f 3602/3602 3583/3583 3582/3582
f 4108/4108 4114/4114 4110/4110
f 4114/4114 4108/4108 4109/4109
f 4101/4101 4159/4159 4109/4109
f 3583/3583 3580/3580 3581/3581
f 882/882 881/881 879/879
f 3583/3583 3602/3602 3580/3580
f 911/911 881/881 882/882
f 3601/3601 3580/3580 3602/3602
f 911/911 913/913 881/881
f 917/917 881/881 913/913
f 913/913 911/911 921/921
f 917/917 913/913 926/926
f 4004/4004 4008/4008 4097/4097
f 1664/1664 1656/1656 1657/1657
f 1656/1656 1654/1654 1657/1657
f 437/437 571/571 435/435
f 4130/4130 4097/4097 4103/4103
f 4008/4008 4103/4103 4097/4097
f 572/572 571/571 437/437
f 1656/1656 1655/1655 1654/1654
f 4130/4130 4103/4103 4129/4129
f 4103/4103 4104/4104 4129/4129
f 4129/4129 4104/4104 4106/4106
f 4008/4008 4104/4104 4103/4103
f 4104/4104 4008/4008 4105/4105
f 4104/4104 4105/4105 4106/4106
f 4105/4105 4008/4008 3961/3961
f 3745/3745 3749/3749 3743/3743
f 3742/3742 3779/3779 3739/3739
f 3779/3779 3784/3784 3739/3739
f 3743/3743 3749/3749 3779/3779
f 3749/3749 3780/3780 3779/3779
f 3780/3780 3781/3781 3779/3779
f 3779/3779 3781/3781 3782/3782
f 9840/9840 9810/9810 9815/9815
f 9840/9840 9815/9815 9841/9841
f 6805/6805 6558/6558 6559/6559
f 6551/6551 6557/6557 6558/6558
f 9808/9808 9815/9815 9810/9810
f 6551/6551 6556/6556 6557/6557
f 9808/9808 9807/9807 9815/9815
f 4008/4008 3962/3962 3961/3961
f 3961/3961 3962/3962 3963/3963
f 4020/4020 4018/4018 4021/4021
f 5883/5883 5897/5897 5884/5884
f 4004/4004 4003/4003 4002/4002
f 3963/3963 3964/3964 3961/3961
f 5897/5897 5896/5896 5884/5884
f 4014/4014 4018/4018 4020/4020
f 4018/4018 4123/4123 4021/4021
f 4002/4002 4008/4008 4004/4004
f 6001/6001 5896/5896 5897/5897
f 5896/5896 6001/6001 5998/5998
f 6000/6000 5998/5998 6001/6001
f 1552/1552 1553/1553 1554/1554
f 6002/6002 6000/6000 6001/6001
f 1490/1490 1534/1534 1518/1518
f 4022/4022 4014/4014 4020/4020
f 6002/6002 6087/6087 6000/6000
f 1490/1490 1529/1529 1534/1534
f 1518/1518 1551/1551 1552/1552
f 1552/1552 1551/1551 1553/1553
f 9871/9871 9869/9869 9870/9870
f 1534/1534 1551/1551 1518/1518
f 8894/8894 8896/8896 8895/8895
f 8893/8893 8894/8894 8895/8895
f 1168/1168 1169/1169 1162/1162
f 1529/1529 1647/1647 1534/1534
f 9869/9869 9867/9867 9870/9870
f 4022/4022 4015/4015 4014/4014
f 8053/8053 8728/8728 8073/8073
f 1647/1647 1648/1648 1534/1534
f 9868/9868 9867/9867 9869/9869
f 8404/8404 8400/8400 8730/8730
f 8053/8053 8058/8058 8728/8728
f 3996/3996 4013/4013 4014/4014
f 4014/4014 4013/4013 4018/4018
f 8404/8404 8402/8402 8400/8400
f 8057/8057 8058/8058 8053/8053
f 8614/8614 8619/8619 8617/8617
f 4015/4015 3996/3996 4014/4014
f 8891/8891 8884/8884 8892/8892
f 8617/8617 8620/8620 8616/8616
f 8624/8624 8621/8621 8620/8620
f 3996/3996 3997/3997 4013/4013
f 3996/3996 4015/4015 3993/3993
f 3431/3431 3429/3429 3446/3446
f 3446/3446 3429/3429 3423/3423
f 3429/3429 3428/3428 3423/3423
f 3428/3428 3426/3426 3423/3423
f 3994/3994 3997/3997 3996/3996
f 3429/3429 3430/3430 3428/3428
f 7287/7287 7285/7285 7288/7288
f 9126/9126 9128/9128 9129/9129
f 8118/8118 8253/8253 8679/8679
f 424/424 425/425 423/423
f 7271/7271 7285/7285 7287/7287
f 8252/8252 8118/8118 8251/8251
f 8252/8252 8253/8253 8118/8118
f 1859/1859 1861/1861 1853/1853
f 9123/9123 9125/9125 9126/9126
f 1860/1860 1861/1861 1859/1859
f 1862/1862 1861/1861 1860/1860
f 8289/8289 8288/8288 8284/8284
f 9198/9198 9199/9199 9195/9195
f 9198/9198 9200/9200 9201/9201
f 9201/9201 9200/9200 9202/9202
f 9192/9192 9195/9195 9193/9193
f 9198/9198 9195/9195 9197/9197
f 1860/1860 1863/1863 1862/1862
f 8254/8254 7958/7958 8639/8639
f 9200/9200 9204/9204 9202/9202
f 8688/8688 8297/8297 8294/8294
f 9197/9197 9200/9200 9198/9198
f 9196/9196 9195/9195 9192/9192
f 8245/8245 7990/7990 8559/8559
f 8245/8245 7993/7993 7990/7990
f 9196/9196 9197/9197 9195/9195
f 8027/8027 8012/8012 8010/8010
f 8010/8010 8646/8646 8027/8027
f 8269/8269 8639/8639 7958/7958
f 8639/8639 7945/7945 8640/8640
f 9208/9208 9200/9200 9197/9197
f 9209/9209 9208/9208 9197/9197
f 8269/8269 7946/7946 8639/8639
f 7946/7946 7945/7945 8639/8639
f 8010/8010 8647/8647 8646/8646
f 9086/9086 9088/9088 9083/9083
f 8665/8665 7996/7996 8559/8559
f 7996/7996 8245/8245 8559/8559
f 9089/9089 9086/9086 9090/9090
f 9089/9089 9088/9088 9086/9086
f 7994/7994 7993/7993 8245/8245
f 6730/6730 6632/6632 6725/6725
f 7996/7996 7994/7994 8245/8245
f 7992/7992 8707/8707 8247/8247
f 8011/8011 8026/8026 8692/8692
f 7994/7994 7992/7992 7993/7993
f 9088/9088 9089/9089 9091/9091
f 8692/8692 8484/8484 8665/8665
f 8665/8665 8484/8484 7996/7996
f 7995/7995 7996/7996 7997/7997
f 7994/7994 7996/7996 7995/7995
f 6863/6863 6864/6864 6860/6860
f 6863/6863 6865/6865 6864/6864
f 6631/6631 6632/6632 6730/6730
f 2335/2335 2312/2312 2332/2332
f 2332/2332 2312/2312 1810/1810
f 6631/6631 6630/6630 6632/6632
f 1812/1812 1810/1810 2312/2312
f 3444/3444 3436/3436 3445/3445
f 3446/3446 3445/3445 3431/3431
f 6636/6636 6638/6638 6639/6639
f 6636/6636 6639/6639 6634/6634
f 6634/6634 6639/6639 6633/6633
f 6633/6633 6639/6639 6630/6630
f 379/379 380/380 381/381
f 6629/6629 6630/6630 6631/6631
f 1812/1812 1811/1811 1810/1810
f 6630/6630 6643/6643 6632/6632
f 6643/6643 6717/6717 6632/6632
f 3436/3436 3431/3431 3445/3445
f 6635/6635 6630/6630 6639/6639
f 6635/6635 6639/6639 6628/6628
f 6637/6637 6630/6630 6635/6635
f 6643/6643 6630/6630 6637/6637
f 1812/1812 1724/1724 1811/1811
f 1724/1724 1725/1725 1811/1811
f 3435/3435 3431/3431 3436/3436
f 3560/3560 3553/3553 3559/3559
f 3551/3551 3550/3550 3552/3552
f 3561/3561 3553/3553 3560/3560
f 3553/3553 3552/3552 3559/3559
f 6627/6627 6628/6628 6615/6615
f 6642/6642 6643/6643 6637/6637
f 6642/6642 6637/6637 6641/6641
f 3553/3553 3551/3551 3552/3552
f 6639/6639 6615/6615 6628/6628
f 3573/3573 3551/3551 3553/3553
f 3595/3595 3573/3573 3553/3553
f 3595/3595 3504/3504 3573/3573
f 6644/6644 6642/6642 6615/6615
f 6627/6627 6615/6615 6642/6642
f 6627/6627 6642/6642 6640/6640
f 6643/6643 6642/6642 6624/6624
f 3504/3504 3543/3543 3573/3573
f 3595/3595 3500/3500 3504/3504
f 7104/7104 7103/7103 7108/7108
f 3505/3505 3504/3504 3499/3499
f 3504/3504 3505/3505 3543/3543
f 3500/3500 3499/3499 3504/3504
f 7132/7132 7133/7133 7121/7121
f 3543/3543 3505/3505 3540/3540
f 3505/3505 3521/3521 3540/3540
f 6644/6644 6624/6624 6642/6642
f 6699/6699 6703/6703 6643/6643
f 3435/3435 3434/3434 3431/3431
f 6410/6410 6411/6411 6412/6412
f 6618/6618 6624/6624 6615/6615
f 7103/7103 7122/7122 7121/7121
f 7132/7132 7121/7121 7122/7122
f 1724/1724 1722/1722 1725/1725
f 6619/6619 6624/6624 6618/6618
f 8133/8133 8159/8159 8163/8163
f 8609/8609 8607/8607 8610/8610
f 8128/8128 8127/8127 8122/8122
f 3435/3435 3438/3438 3434/3434
f 6625/6625 6622/6622 6623/6623
f 6619/6619 6626/6626 6624/6624
f 6623/6623 6611/6611 6625/6625
f 8127/8127 8129/8129 8130/8130
f 8130/8130 8131/8131 8132/8132
f 8163/8163 8132/8132 8133/8133
f 6643/6643 6624/6624 6699/6699
f 8131/8131 8130/8130 8129/8129
f 7102/7102 7103/7103 7104/7104
f 3434/3434 3430/3430 3431/3431
f 8128/8128 8129/8129 8127/8127
f 3429/3429 3431/3431 3430/3430
f 8131/8131 8133/8133 8132/8132
f 6625/6625 6695/6695 6626/6626
f 1716/1716 1722/1722 1724/1724
f 6698/6698 6699/6699 6624/6624
f 6699/6699 6702/6702 6703/6703
f 427/427 425/425 428/428
f 429/429 428/428 425/425
f 7105/7105 7122/7122 7103/7103
f 7114/7114 7132/7132 7122/7122
f 8133/8133 8158/8158 8159/8159
f 6695/6695 6696/6696 6626/6626
f 6696/6696 6697/6697 6626/6626
f 6697/6697 6698/6698 6626/6626
f 6626/6626 6698/6698 6624/6624
f 426/426 425/425 427/427
f 423/423 425/425 426/426
f 8131/8131 8134/8134 8133/8133
f 8134/8134 8158/8158 8133/8133
f 7102/7102 7105/7105 7103/7103
f 7105/7105 7114/7114 7122/7122
f 6694/6694 6690/6690 6691/6691
f 420/420 418/418 419/419
f 8162/8162 8158/8158 8134/8134
f 6739/6739 6694/6694 6691/6691
f 6740/6740 6698/6698 6697/6697
f 7110/7110 7114/7114 7105/7105
f 557/557 543/543 647/647
f 5594/5594 5596/5596 5597/5597
f 5594/5594 5595/5595 5596/5596
f 1154/1154 1155/1155 1148/1148
f 8752/8752 8256/8256 7963/7963
f 7963/7963 8256/8256 7960/7960
f 7956/7956 7960/7960 8256/8256
f 664/664 556/556 557/557
f 555/555 543/543 557/557
f 9317/9317 9316/9316 9315/9315
f 7102/7102 7106/7106 7105/7105
f 1826/1826 1841/1841 1801/1801
f 663/663 556/556 664/664
f 556/556 555/555 557/557
f 9312/9312 9315/9315 9316/9316
f 1826/1826 1825/1825 1828/1828
f 9315/9315 9318/9318 9317/9317
f 5597/5597 5598/5598 5594/5594
f 8243/8243 8720/8720 8242/8242
f 9312/9312 9313/9313 9314/9314
f 539/539 656/656 543/543
f 1825/1825 1826/1826 1801/1801
f 555/555 538/538 543/543
f 1801/1801 1824/1824 1825/1825
f 9314/9314 9315/9315 9312/9312
f 661/661 556/556 663/663
f 8126/8126 8243/8243 8242/8242
f 8752/8752 8506/8506 8256/8256
f 1824/1824 1827/1827 1825/1825
f 8166/8166 8755/8755 8756/8756
f 8961/8961 8958/8958 8962/8962
f 8506/8506 7955/7955 8256/8256
f 7106/7106 7109/7109 7105/7105
f 5594/5594 5598/5598 5599/5599
f 8755/8755 8506/8506 8752/8752
f 1830/1830 1961/1961 1827/1827
f 8166/8166 8243/8243 8130/8130
f 538/538 539/539 543/543
f 8166/8166 8132/8132 8755/8755
f 8130/8130 8132/8132 8166/8166
f 538/538 555/555 479/479
f 8126/8126 8127/8127 8243/8243
f 8130/8130 8243/8243 8127/8127
f 7110/7110 7105/7105 7109/7109
f 8163/8163 8506/8506 8755/8755
f 1151/1151 1150/1150 1148/1148
f 8132/8132 8163/8163 8755/8755
f 661/661 558/558 556/556
f 556/556 479/479 555/555
f 8163/8163 8159/8159 8506/8506
f 8122/8122 8127/8127 8126/8126
f 8506/8506 8159/8159 8717/8717
f 558/558 479/479 556/556
f 538/538 537/537 539/539
f 537/537 538/538 480/480
f 646/646 644/644 643/643
f 644/644 638/638 643/643
f 646/646 645/645 644/644
f 638/638 642/642 643/643
f 655/655 645/645 434/434
f 645/645 638/638 644/644
f 647/647 638/638 645/645
f 3456/3456 3453/3453 3454/3454
f 3454/3454 3453/3453 3447/3447
f 655/655 557/557 645/645
f 696/696 557/557 655/655
f 557/557 647/647 645/645
f 647/647 543/543 638/638
f 543/543 656/656 638/638
f 656/656 637/637 638/638
f 2282/2282 2114/2114 2113/2113
f 557/557 696/696 664/664
f 2113/2113 2114/2114 2111/2111
f 2113/2113 2111/2111 2112/2112
f 2110/2110 2114/2114 2097/2097
f 2114/2114 2110/2110 2111/2111
f 2097/2097 2098/2098 2110/2110
f 2110/2110 2098/2098 2111/2111
f 3467/3467 3453/3453 3456/3456
f 2098/2098 2100/2100 2111/2111
f 2099/2099 2100/2100 2098/2098
f 2099/2099 2101/2101 2100/2100
f 2095/2095 2099/2099 2098/2098
f 3466/3466 3453/3453 3467/3467
f 2095/2095 2109/2109 2099/2099
f 2109/2109 2101/2101 2099/2099
f 8013/8013 8017/8017 8022/8022
f 8687/8687 7990/7990 7989/7989
f 2109/2109 2155/2155 2101/2101
f 7990/7990 7987/7987 7989/7989
f 8395/8395 8687/8687 8031/8031
f 2095/2095 2181/2181 2109/2109
f 3465/3465 3416/3416 3466/3466
f 9085/9085 9084/9084 9087/9087
f 7990/7990 7991/7991 7987/7987
f 3416/3416 3417/3417 3466/3466
f 3466/3466 3417/3417 3453/3453
f 9083/9083 9084/9084 9085/9085
f 3453/3453 3417/3417 3421/3421
f 3417/3417 3419/3419 3421/3421
f 2914/2914 2848/2848 2906/2906
f 7992/7992 7991/7991 7990/7990
f 9086/9086 9083/9083 9085/9085
f 58/58 59/59 60/60
f 8017/8017 8646/8646 8022/8022
f 8646/8646 8395/8395 8022/8022
f 2878/2878 2852/2852 2851/2851
f 7990/7990 7993/7993 7992/7992
f 2878/2878 2904/2904 2898/2898
f 2878/2878 2839/2839 2904/2904
f 2840/2840 2878/2878 2855/2855
f 2851/2851 2855/2855 2878/2878
f 8012/8012 8027/8027 8017/8017
f 8027/8027 8646/8646 8017/8017
f 8510/8510 8423/8423 7862/7862
f 2846/2846 2850/2850 2848/2848
f 6570/6570 6577/6577 6576/6576
f 61/61 62/62 63/63
f 2839/2839 2840/2840 2841/2841
f 2839/2839 2878/2878 2840/2840
f 8423/8423 7860/7860 7862/7862
f 2841/2841 2842/2842 2839/2839
f 2843/2843 2842/2842 2841/2841
f 2847/2847 2848/2848 2914/2914
f 3417/3417 3418/3418 3419/3419
f 52/52 53/53 54/54
f 6603/6603 6591/6591 6595/6595
f 3419/3419 3418/3418 3420/3420
f 2855/2855 2845/2845 2840/2840
f 2845/2845 2841/2841 2840/2840
f 2847/2847 2846/2846 2848/2848
f 70/70 71/71 72/72
f 55/55 56/56 57/57
f 2857/2857 2845/2845 2855/2855
f 6099/6099 6104/6104 6105/6105
f 3417/3417 3415/3415 3418/3418
f 4746/4746 4765/4765 4749/4749
f 4749/4749 4765/4765 4769/4769
f 6907/6907 6906/6906 6908/6908
f 6905/6905 6906/6906 6907/6907
f 6576/6576 6568/6568 6570/6570
f 4746/4746 4766/4766 4765/4765
f 7886/7886 8420/8420 8510/8510
f 9297/9297 9296/9296 9298/9298
f 4927/4927 4925/4925 4924/4924
f 6361/6361 6362/6362 6363/6363
f 4924/4924 4925/4925 4926/4926
f 4926/4926 4925/4925 4928/4928
f 6570/6570 6569/6569 6571/6571
f 6571/6571 6569/6569 6572/6572
f 8423/8423 8741/8741 7860/7860
f 6364/6364 6362/6362 6361/6361
f 4758/4758 4759/4759 4766/4766
f 4759/4759 4762/4762 4766/4766
f 4766/4766 4762/4762 4765/4765
f 4762/4762 4764/4764 4765/4765
f 4764/4764 4768/4768 4765/4765
f 6585/6585 6584/6584 6576/6576
f 9295/9295 9296/9296 9297/9297
f 7860/7860 8741/8741 7868/7868
f 6568/6568 6569/6569 6570/6570
f 4762/4762 4760/4760 4764/4764
f 6584/6584 6568/6568 6576/6576
f 4758/4758 4756/4756 4759/4759
f 4757/4757 4756/4756 4758/4758
f 4762/4762 4759/4759 4756/4756
f 8420/8420 7894/7894 8741/8741
f 4757/4757 4754/4754 4756/4756
f 4756/4756 4760/4760 4762/4762
f 1560/1560 1607/1607 1692/1692
f 7891/7891 7893/7893 7894/7894
f 1514/1514 1607/1607 1560/1560
f 4754/4754 4753/4753 4756/4756
f 6568/6568 6574/6574 6569/6569
f 6441/6441 6439/6439 6440/6440
f 4756/4756 4753/4753 4760/4760
f 6106/6106 6110/6110 6107/6107
f 1420/1420 1558/1558 1423/1423
f 7894/7894 7893/7893 7895/7895
f 1560/1560 1539/1539 1514/1514
f 1539/1539 1560/1560 1558/1558
f 1539/1539 1513/1513 1514/1514
f 1513/1513 1510/1510 1514/1514
f 1561/1561 1539/1539 1558/1558
f 5588/5588 5589/5589 5590/5590
f 1420/1420 1561/1561 1558/1558
f 1537/1537 1539/1539 1561/1561
f 1422/1422 1561/1561 1420/1420
f 6581/6581 6574/6574 6568/6568
f 6099/6099 6101/6101 6104/6104
f 1537/1537 1513/1513 1539/1539
f 7895/7895 7896/7896 7894/7894
f 6583/6583 6568/6568 6584/6584
f 3659/3659 3662/3662 3663/3663
f 6583/6583 6581/6581 6568/6568
f 6099/6099 6100/6100 6101/6101
f 7893/7893 7900/7900 7895/7895
f 6582/6582 6574/6574 6581/6581
f 6099/6099 6102/6102 6100/6100
f 3659/3659 3660/3660 3662/3662
f 6129/6129 6130/6130 6131/6131
f 6099/6099 6103/6103 6102/6102
f 64/64 65/65 66/66
f 7370/7370 7369/7369 7368/7368
f 7267/7267 7265/7265 7283/7283
f 7265/7265 7290/7290 7283/7283
f 7370/7370 7371/7371 7369/7369
f 7369/7369 7371/7371 7374/7374
f 7256/7256 7291/7291 7290/7290
f 7265/7265 7256/7256 7290/7290
f 7256/7256 7254/7254 7291/7291
f 7267/7267 7266/7266 7265/7265
f 7255/7255 7254/7254 7256/7256
f 1493/1493 1495/1495 1496/1496
f 1492/1492 1494/1494 1493/1493
f 1488/1488 1492/1492 1493/1493
f 8891/8891 8887/8887 8884/8884
f 8884/8884 8879/8879 8890/8890
f 8887/8887 8880/8880 8884/8884
f 8884/8884 8880/8880 8879/8879
f 8631/8631 8610/8610 8607/8607
f 8870/8870 8876/8876 8877/8877
f 757/757 760/760 749/749
f 498/498 503/503 502/502
f 504/504 505/505 502/502
f 503/503 498/498 660/660
f 504/504 506/506 505/505
f 503/503 504/504 502/502
f 521/521 504/504 503/503
f 504/504 513/513 506/506
f 513/513 514/514 506/506
f 2377/2377 2372/2372 2374/2374
f 521/521 513/513 504/504
f 520/520 513/513 521/521
f 6383/6383 6384/6384 6381/6381
f 569/569 562/562 564/564
f 6377/6377 6382/6382 6383/6383
f 6383/6383 6382/6382 6384/6384
f 6382/6382 6381/6381 6384/6384
f 6377/6377 6379/6379 6382/6382
f 9463/9463 9464/9464 9461/9461
f 6379/6379 6378/6378 6380/6380
f 6377/6377 6378/6378 6379/6379
f 6380/6380 6378/6378 6381/6381
f 569/569 659/659 562/562
f 562/562 659/659 528/528
f 659/659 569/569 572/572
f 5642/5642 5634/5634 5636/5636
f 5638/5638 5636/5636 5635/5635
f 5634/5634 5635/5635 5636/5636
f 5635/5635 5641/5641 5638/5638
f 5641/5641 5635/5635 5631/5631
f 6729/6729 6728/6728 6745/6745
f 6729/6729 6725/6725 6728/6728
f 5640/5640 5639/5639 5634/5634
f 5634/5634 5632/5632 5635/5635
f 5639/5639 5632/5632 5634/5634
f 5632/5632 5637/5637 5635/5635
f 5637/5637 5631/5631 5635/5635
f 5630/5630 5631/5631 5632/5632
f 5634/5634 5643/5643 5640/5640
f 5644/5644 5643/5643 5634/5634
f 9537/9537 9519/9519 9516/9516
f 6855/6855 6857/6857 6856/6856
f 373/373 374/374 375/375
f 520/520 517/517 513/513
f 5630/5630 5633/5633 5631/5631
f 513/513 515/515 514/514
f 5631/5631 5633/5633 5641/5641
f 3993/3993 3994/3994 3996/3996
f 6730/6730 6725/6725 6729/6729
f 6749/6749 6841/6841 6851/6851
f 6731/6731 6841/6841 6749/6749
f 3994/3994 3998/3998 3997/3997
f 3998/3998 3999/3999 3997/3997
f 3994/3994 3981/3981 3998/3998
f 3990/3990 3982/3982 3994/3994
f 3994/3994 3982/3982 3981/3981
f 517/517 515/515 513/513
f 3989/3989 3974/3974 3982/3982
f 515/515 516/516 514/514
f 3974/3974 3973/3973 3981/3981
f 3982/3982 3974/3974 3981/3981
f 3974/3974 3989/3989 3988/3988
f 3968/3968 3973/3973 3974/3974
f 3967/3967 3974/3974 3987/3987
f 3967/3967 3968/3968 3974/3974
f 6685/6685 6832/6832 6833/6833
f 6831/6831 6833/6833 6832/6832
f 2924/2924 2928/2928 2927/2927
f 6831/6831 6829/6829 6833/6833
f 6686/6686 6829/6829 6831/6831
f 2922/2922 2924/2924 2926/2926
f 2923/2923 2924/2924 2922/2922
f 2927/2927 2926/2926 2924/2924
f 6829/6829 6828/6828 6826/6826
f 6686/6686 6828/6828 6829/6829
f 4633/4633 4626/4626 4634/4634
f 4632/4632 4626/4626 4633/4633
f 4626/4626 4635/4635 4634/4634
f 2974/2974 2930/2930 2979/2979
f 2925/2925 2930/2930 2974/2974
f 6656/6656 6657/6657 6828/6828
f 2925/2925 2974/2974 2975/2975
f 2974/2974 2979/2979 2975/2975
f 6686/6686 6656/6656 6828/6828
f 6655/6655 6657/6657 6656/6656
f 522/522 517/517 520/520
f 6653/6653 6655/6655 6656/6656
f 6656/6656 6660/6660 6659/6659
f 6649/6649 6656/6656 6659/6659
f 516/516 515/515 518/518
f 6649/6649 6653/6653 6656/6656
f 463/463 516/516 518/518
f 10/10 11/11 12/12
f 523/523 517/517 522/522
f 4630/4630 4626/4626 4628/4628
f 4631/4631 4626/4626 4630/4630
f 2941/2941 2943/2943 2944/2944
f 6649/6649 6652/6652 6653/6653
f 6653/6653 6654/6654 6655/6655
f 2938/2938 2946/2946 2940/2940
f 2939/2939 2946/2946 2938/2938
f 2946/2946 2942/2942 2940/2940
f 2942/2942 2943/2943 2941/2941
f 519/519 657/657 518/518
f 523/523 525/525 517/517
f 518/518 515/515 519/519
f 517/517 519/519 515/515
f 657/657 462/462 460/460
f 532/532 525/525 523/523
f 657/657 519/519 462/462
f 519/519 530/530 462/462
f 529/529 519/519 517/517
f 531/531 517/517 525/525
f 11132/11132 11131/11131 11134/11134
f 8660/8660 8632/8632 8605/8605
f 8632/8632 8593/8593 8605/8605
f 11126/11126 11130/11130 11131/11131
f 11123/11123 11130/11130 11126/11126
f 1762/1762 2278/2278 2262/2262
f 3530/3530 3514/3514 3512/3512
f 3514/3514 3510/3510 3512/3512
f 1170/1170 1172/1172 1574/1574
f 2260/2260 1762/1762 2262/2262
f 2263/2263 2280/2280 2260/2260
f 2261/2261 2260/2260 2280/2280
f 2261/2261 2200/2200 2260/2260
f 2280/2280 2350/2350 2261/2261
f 2261/2261 2195/2195 2200/2200
f 1170/1170 1171/1171 1172/1172
f 2350/2350 1968/1968 2261/2261
f 1968/1968 2195/2195 2261/2261
f 1585/1585 1994/1994 1666/1666
f 2349/2349 1968/1968 2350/2350
f 3510/3510 3511/3511 3512/3512
f 1585/1585 1415/1415 1417/1417
f 1415/1415 1416/1416 1417/1417
f 1968/1968 1843/1843 2195/2195
f 2195/2195 1843/1843 1952/1952
f 2349/2349 1967/1967 1968/1968
f 1968/1968 1967/1967 1843/1843
f 1581/1581 1585/1585 1666/1666
f 8632/8632 8591/8591 8593/8593
f 2348/2348 2349/2349 2347/2347
f 5722/5722 5723/5723 5721/5721
f 1967/1967 1966/1966 1843/1843
f 5719/5719 5722/5722 5721/5721
f 1175/1175 1171/1171 1170/1170
f 5229/5229 5230/5230 5231/5231
f 1843/1843 1966/1966 1842/1842
f 8632/8632 8660/8660 8642/8642
f 5719/5719 5728/5728 5722/5722
f 5723/5723 5722/5722 5750/5750
f 1581/1581 1415/1415 1585/1585
f 3508/3508 3511/3511 3510/3510
f 2661/2661 2662/2662 2660/2660
f 5819/5819 6053/6053 5816/5816
f 5819/5819 5820/5820 6053/6053
f 5820/5820 5819/5819 5818/5818
f 5722/5722 5751/5751 5750/5750
f 1583/1583 1415/1415 1581/1581
f 2660/2660 2659/2659 2661/2661
f 6041/6041 6040/6040 5722/5722
f 6040/6040 5751/5751 5722/5722
f 1580/1580 1583/1583 1581/1581
f 1502/1502 1676/1676 1415/1415
f 3695/3695 3708/3708 3706/3706
f 2659/2659 2664/2664 2666/2666
f 3709/3709 3695/3695 3694/3694
f 3709/3709 3708/3708 3695/3695
f 3708/3708 3707/3707 3706/3706
f 2663/2663 2664/2664 2659/2659
f 8642/8642 8641/8641 8632/8632
f 1579/1579 1583/1583 1580/1580
f 3514/3514 3509/3509 3510/3510
f 5802/5802 5818/5818 5819/5819
f 3650/3650 3741/3741 3694/3694
f 5010/5010 5011/5011 5012/5012
f 5011/5011 5013/5013 5012/5012
f 1583/1583 1501/1501 1415/1415
f 2663/2663 2665/2665 2664/2664
f 5124/5124 5125/5125 5126/5126
f 5686/5686 5687/5687 5688/5688
f 3710/3710 3707/3707 3708/3708
f 1579/1579 1466/1466 1583/1583
f 7836/7836 8504/8504 7832/7832
f 8589/8589 8591/8591 8632/8632
f 4867/4867 4869/4869 4868/4868
f 5223/5223 5224/5224 5225/5225
f 3922/3922 3921/3921 3923/3923
f 3740/3740 3707/3707 3711/3711
f 1466/1466 1501/1501 1583/1583
f 5235/5235 5232/5232 5234/5234
f 5660/5660 5658/5658 5657/5657
f 22/22 23/23 24/24
f 1501/1501 1502/1502 1415/1415
f 3710/3710 3711/3711 3707/3707
f 5232/5232 5233/5233 5234/5234
f 3933/3933 3928/3928 3934/3934
f 5657/5657 5658/5658 5659/5659
f 3744/3744 3709/3709 3798/3798
f 5803/5803 5818/5818 5802/5802
f 8641/8641 8589/8589 8632/8632
f 3710/3710 3709/3709 3743/3743
f 3744/3744 3743/3743 3709/3709
f 3928/3928 3930/3930 3931/3931
f 3930/3930 3932/3932 3931/3931
f 3933/3933 3929/3929 3928/3928
f 4872/4872 4868/4868 4873/4873
f 357/357 358/358 359/359
f 3743/3743 3742/3742 3710/3710
f 3742/3742 3739/3739 3710/3710
f 3739/3739 3711/3711 3710/3710
f 7558/7558 7576/7576 7586/7586
f 7836/7836 7869/7869 8504/8504
f 4890/4890 4891/4891 4892/4892
f 3508/3508 3513/3513 3511/3511
f 3930/3930 3927/3927 3932/3932
f 3928/3928 3927/3927 3930/3930
f 360/360 357/357 359/359
f 4870/4870 4868/4868 4872/4872
f 3745/3745 3743/3743 3744/3744
f 4866/4866 4867/4867 4868/4868
f 5808/5808 5819/5819 5816/5816
f 5802/5802 5819/5819 5808/5808
f 7845/7845 7869/7869 7836/7836
f 3927/3927 3928/3928 3929/3929
f 4866/4866 4868/4868 4870/4870
f 4866/4866 4871/4871 4867/4867
f 7529/7529 7536/7536 7528/7528
f 3779/3779 3742/3742 3743/3743
f 7532/7532 7536/7536 7529/7529
f 5795/5795 5803/5803 5802/5802
f 7532/7532 8656/8656 8724/8724
f 1906/1906 1904/1904 1905/1905
f 3532/3532 3509/3509 3514/3514
f 3509/3509 3508/3508 3510/3510
f 1907/1907 1904/1904 1906/1906
f 7845/7845 7849/7849 7869/7869
f 7869/7869 7849/7849 7851/7851
f 4894/4894 4900/4900 4890/4890
f 1880/1880 1879/1879 1874/1874
f 8656/8656 7532/7532 7531/7531
f 5768/5768 5808/5808 5816/5816
f 4132/4132 4082/4082 4150/4150
f 4893/4893 4890/4890 4892/4892
f 5808/5808 5801/5801 5802/5802
f 1909/1909 1907/1907 1906/1906
f 8589/8589 8590/8590 8591/8591
f 7849/7849 7845/7845 7846/7846
f 4893/4893 4894/4894 4890/4890
f 7532/7532 7529/7529 7531/7531
f 1907/1907 1908/1908 1904/1904
f 4895/4895 4894/4894 4893/4893
f 4895/4895 4896/4896 4894/4894
f 1880/1880 2047/2047 2046/2046
f 2046/2046 1879/1879 1880/1880
f 7849/7849 7846/7846 7850/7850
f 5802/5802 5801/5801 5795/5795
f 1926/1926 1927/1927 1907/1907
f 1927/1927 1908/1908 1907/1907
f 7529/7529 7520/7520 7530/7530
f 7849/7849 7850/7850 7851/7851
f 7531/7531 7529/7529 7530/7530
f 1927/1927 1926/1926 2314/2314
f 1908/1908 1903/1903 1904/1904
f 7850/7850 7852/7852 7851/7851
f 4895/4895 4893/4893 4899/4899
f 7853/7853 7850/7850 7846/7846
f 4897/4897 4896/4896 4895/4895
f 11136/11136 11139/11139 11140/11140
f 11126/11126 11132/11132 11133/11133
f 11127/11127 11126/11126 11133/11133
f 11136/11136 11135/11135 11139/11139
f 11126/11126 11131/11131 11132/11132
f 11135/11135 11136/11136 11137/11137
f 11095/11095 11100/11100 11094/11094
f 11107/11107 11100/11100 11095/11095
f 7535/7535 7531/7531 7530/7530
f 1928/1928 2046/2046 2047/2047
f 7535/7535 8656/8656 7531/7531
f 5808/5808 5769/5769 5801/5801
f 11125/11125 11126/11126 11127/11127
f 7530/7530 7534/7534 7535/7535
f 11135/11135 11137/11137 11138/11138
f 1928/1928 2045/2045 2046/2046
f 3508/3508 3517/3517 3513/3513
f 11129/11129 11125/11125 11128/11128
f 11127/11127 11128/11128 11125/11125
f 11093/11093 11094/11094 11096/11096
f 11094/11094 11092/11092 11095/11095
f 7534/7534 7530/7530 7533/7533
f 11094/11094 11093/11093 11092/11092
f 2045/2045 1889/1889 2046/2046
f 11123/11123 11126/11126 11125/11125
f 11121/11121 11123/11123 11125/11125
f 414/414 415/415 417/417
f 2046/2046 1889/1889 1879/1879
f 414/414 417/417 413/413
f 410/410 409/409 414/414
f 2045/2045 1894/1894 1889/1889
f 419/419 418/418 417/417
f 413/413 417/417 418/418
f 414/414 413/413 410/410
f 1911/1911 1912/1912 2045/2045
f 1912/1912 1894/1894 2045/2045
f 8683/8683 7535/7535 7534/7534
f 411/411 410/410 413/413
f 1879/1879 1876/1876 1874/1874
f 1147/1147 1156/1156 1154/1154
f 7585/7585 8683/8683 7534/7534
f 1148/1148 1147/1147 1154/1154
f 8995/8995 8992/8992 8994/8994
f 1879/1879 1889/1889 1876/1876
f 1151/1151 1148/1148 1155/1155
f 8992/8992 8993/8993 8994/8994
f 1889/1889 1888/1888 1876/1876
f 8683/8683 7592/7592 7593/7593
f 1894/1894 1888/1888 1889/1889
f 8026/8026 8484/8484 8692/8692
f 8000/8000 8484/8484 8026/8026
f 8484/8484 7997/7997 7996/7996
f 7992/7992 8244/8244 8707/8707
f 8244/8244 8242/8242 8707/8707
f 8000/8000 7999/7999 8484/8484
f 7999/7999 7997/7997 8484/8484
f 7995/7995 7992/7992 7994/7994
f 7999/7999 7998/7998 7997/7997
f 7998/7998 7995/7995 7997/7997
f 7995/7995 8244/8244 7992/7992
f 8002/8002 8001/8001 8000/8000
f 7999/7999 8000/8000 7998/7998
f 7995/7995 7998/7998 8244/8244
f 8244/8244 7998/7998 8242/8242
f 8000/8000 8001/8001 7998/7998
f 1925/1925 1913/1913 1929/1929
f 2083/2083 2084/2084 1925/1925
f 1925/1925 1924/1924 1913/1913
f 8001/8001 8120/8120 7998/7998
f 1925/1925 2084/2084 1924/1924
f 8001/8001 8121/8121 8120/8120
f 8120/8120 8122/8122 7998/7998
f 7998/7998 8126/8126 8242/8242
f 8122/8122 8126/8126 7998/7998
f 2085/2085 2084/2084 2083/2083
f 8029/8029 8121/8121 8001/8001
f 1924/1924 1909/1909 1913/1913
f 2084/2084 2086/2086 1924/1924
f 2085/2085 2086/2086 2084/2084
f 1909/1909 1906/1906 1913/1913
f 2086/2086 2063/2063 1924/1924
f 9294/9294 9291/9291 9293/9293
f 7559/7559 7577/7577 7576/7576
f 7576/7576 7577/7577 7578/7578
f 3507/3507 3508/3508 3509/3509
f 3508/3508 3507/3507 3517/3517
f 9303/9303 9302/9302 9300/9300
f 3509/3509 3528/3528 3507/3507
f 3533/3533 3529/3529 3509/3509
f 3507/3507 3518/3518 3517/3517
f 9307/9307 9302/9302 9306/9306
f 7925/7925 8375/8375 8374/8374
f 2306/2306 2279/2279 2264/2264
f 3533/3533 3607/3607 3529/3529
f 3529/3529 3528/3528 3509/3509
f 9303/9303 9304/9304 9302/9302
f 3585/3585 3507/3507 3539/3539
f 3507/3507 3528/3528 3539/3539
f 9332/9332 9336/9336 9335/9335
f 3593/3593 3607/3607 3609/3609
f 3593/3593 3529/3529 3607/3607
f 3593/3593 3528/3528 3529/3529
f 4644/4644 4643/4643 4645/4645
f 2264/2264 2279/2279 2274/2274
f 3528/3528 3593/3593 3594/3594
f 8208/8208 8220/8220 8221/8221
f 2184/2184 2343/2343 2279/2279
f 2343/2343 2274/2274 2279/2279
f 9305/9305 9302/9302 9304/9304
f 9302/9302 9305/9305 9306/9306
f 3816/3816 3817/3817 3818/3818
f 3817/3817 3816/3816 3820/3820
f 1862/1862 1867/1867 1861/1861
f 8246/8246 8471/8471 8249/8249
f 7991/7991 8246/8246 8249/8249
f 9308/9308 9309/9309 9310/9310
f 1862/1862 1866/1866 1867/1867
f 1866/1866 1883/1883 1867/1867
f 2343/2343 2347/2347 2274/2274
f 1863/1863 1866/1866 1862/1862
f 1884/1884 1870/1870 1863/1863
f 1870/1870 1868/1868 1863/1863
f 1863/1863 1868/1868 1866/1866
f 1866/1866 2041/2041 1883/1883
f 7964/7964 7965/7965 7967/7967
f 7964/7964 8686/8686 7966/7966
f 1866/1866 1868/1868 2041/2041
f 2041/2041 2040/2040 1883/1883
f 2126/2126 2040/2040 2041/2041
f 7992/7992 8246/8246 7991/7991
f 2184/2184 1877/1877 2343/2343
f 1877/1877 2328/2328 2343/2343
f 7962/7962 7964/7964 7966/7966
f 9311/9311 9309/9309 9308/9308
f 2328/2328 2345/2345 2343/2343
f 7992/7992 8247/8247 8246/8246
f 7964/7964 7961/7961 7965/7965
f 8246/8246 8247/8247 8471/8471
f 7962/7962 7961/7961 7964/7964
f 3557/3557 3544/3544 3558/3558
f 9312/9312 9309/9309 9311/9311
f 712/712 709/709 711/711
f 8654/8654 8653/8653 7966/7966
f 722/722 723/723 711/711
f 8653/8653 8652/8652 7966/7966
f 7966/7966 7963/7963 7962/7962
f 8652/8652 7963/7963 7966/7966
f 8247/8247 8720/8720 8471/8471
f 9312/9312 9311/9311 9313/9313
f 7962/7962 7960/7960 7961/7961
f 1296/1296 1364/1364 1367/1367
f 1349/1349 1323/1323 1324/1324
f 1301/1301 1324/1324 1316/1316
f 8707/8707 8720/8720 8247/8247
f 457/457 445/445 446/446
f 1369/1369 1300/1300 1296/1296
f 169/169 170/170 171/171
f 711/711 709/709 710/710
f 450/450 457/457 446/446
f 7963/7963 7960/7960 7962/7962
f 1300/1300 1288/1288 1296/1296
f 1291/1291 1324/1324 1301/1301
f 1349/1349 1324/1324 2202/2202
f 712/712 704/704 709/709
f 1324/1324 2124/2124 2202/2202
f 1356/1356 1288/1288 1300/1300
f 1296/1296 1288/1288 1286/1286
f 1296/1296 1286/1286 1297/1297
f 1291/1291 1345/1345 1324/1324
f 1324/1324 1345/1345 2124/2124
f 8707/8707 8242/8242 8720/8720
f 450/450 452/452 457/457
f 1930/1930 2251/2251 2170/2170
f 7599/7599 7602/7602 7600/7600
f 7601/7601 7602/7602 8569/8569
f 8923/8923 8924/8924 8925/8925
f 8569/8569 7752/7752 7758/7758
f 3813/3813 3814/3814 3815/3815
f 8759/8759 7762/7762 8569/8569
f 450/450 451/451 452/452
f 8910/8910 8916/8916 8917/8917
f 8569/8569 7762/7762 7752/7752
f 7752/7752 7762/7762 7754/7754
f 1930/1930 2253/2253 2251/2251
f 8917/8917 8919/8919 8920/8920
f 8919/8919 8921/8921 8920/8920
f 8909/8909 8917/8917 8916/8916
f 1281/1281 1291/1291 1301/1301
f 8909/8909 8919/8919 8917/8917
f 808/808 807/807 818/818
f 1356/1356 1287/1287 1288/1288
f 1287/1287 1286/1286 1288/1288
f 1286/1286 1298/1298 1297/1297
f 1930/1930 1923/1923 2253/2253
f 6281/6281 6282/6282 6283/6283
f 5214/5214 5215/5215 5216/5216
f 8919/8919 8922/8922 8921/8921
f 7647/7647 7650/7650 7649/7649
f 7649/7649 7650/7650 8643/8643
f 5716/5716 5734/5734 5747/5747
f 7649/7649 7648/7648 7647/7647
f 704/704 708/708 709/709
f 7646/7646 7647/7647 7648/7648
f 1345/1345 1344/1344 2124/2124
f 1344/1344 2122/2122 2124/2124
f 1280/1280 1292/1292 1291/1291
f 1292/1292 1345/1345 1291/1291
f 704/704 712/712 713/713
f 5716/5716 5715/5715 5717/5717
f 5716/5716 5732/5732 5734/5734
f 2068/2068 1930/1930 2069/2069
f 808/808 801/801 807/807
f 5721/5721 5732/5732 5716/5716
f 5721/5721 5716/5716 5717/5717
f 1280/1280 1291/1291 1281/1281
f 801/801 804/804 807/807
f 1929/1929 1923/1923 1930/1930
f 702/702 708/708 704/704
f 456/456 451/451 448/448
f 1285/1285 1286/1286 1287/1287
f 1272/1272 1280/1280 1281/1281
f 1280/1280 1293/1293 1292/1292
f 1292/1292 1344/1344 1345/1345
f 2122/2122 1344/1344 2121/2121
f 1362/1362 1287/1287 1356/1356
f 5717/5717 5719/5719 5721/5721
f 1286/1286 1315/1315 1298/1298
f 1925/1925 1929/1929 1930/1930
f 801/801 803/803 804/804
f 1923/1923 1920/1920 1921/1921
f 1929/1929 1920/1920 1923/1923
f 801/801 788/788 803/803
f 2068/2068 1925/1925 1930/1930
f 1925/1925 2068/2068 2083/2083
f 7871/7871 7842/7842 7870/7870
f 9057/9057 9060/9060 9058/9058
f 7872/7872 7842/7842 7871/7871
f 8336/8336 7873/7873 7871/7871
f 7873/7873 7872/7872 7871/7871
f 5700/5700 5702/5702 5698/5698
f 5698/5698 5702/5702 5703/5703
f 7873/7873 7874/7874 7872/7872
f 9052/9052 9059/9059 9057/9057
f 7874/7874 7873/7873 8491/8491
f 7877/7877 7874/7874 8491/8491
f 9059/9059 9061/9061 9057/9057
f 7981/7981 7979/7979 7980/7980
f 7982/7982 8491/8491 7980/7980
f 7982/7982 7980/7980 7978/7978
f 7877/7877 7876/7876 7874/7874
f 7979/7979 7978/7978 7980/7980
f 2671/2671 2669/2669 2668/2668
f 5842/5842 5841/5841 5726/5726
f 7975/7975 7978/7978 7979/7979
f 6713/6713 6715/6715 6704/6704
f 9145/9145 9146/9146 9147/9147
f 5843/5843 6082/6082 5841/5841
f 1346/1346 1277/1277 1276/1276
f 2685/2685 2669/2669 2671/2671
f 7877/7877 7878/7878 7876/7876
f 6726/6726 6722/6722 6718/6718
f 2685/2685 2684/2684 2669/2669
f 6713/6713 6726/6726 6718/6718
f 5845/5845 5842/5842 5844/5844
f 6700/6700 6704/6704 6702/6702
f 5726/5726 5724/5724 5727/5727
f 5738/5738 5726/5726 5727/5727
f 5842/5842 5843/5843 5841/5841
f 7186/7186 7188/7188 7187/7187
f 7187/7187 7189/7189 7191/7191
f 6726/6726 6727/6727 6722/6722
f 7189/7189 7192/7192 7191/7191
f 7189/7189 7193/7193 7192/7192
f 5853/5853 5843/5843 5842/5842
f 6704/6704 6712/6712 6713/6713
f 5726/5726 5700/5700 5724/5724
f 6700/6700 6705/6705 6704/6704
f 2656/2656 2651/2651 2655/2655
f 6746/6746 6726/6726 6713/6713
f 5843/5843 5853/5853 5860/5860
f 5843/5843 5860/5860 5861/5861
f 6712/6712 6704/6704 6705/6705
f 6746/6746 6810/6810 6726/6726
f 6712/6712 6746/6746 6713/6713
f 5739/5739 5726/5726 5738/5738
f 6706/6706 6705/6705 6700/6700
f 5849/5849 5850/5850 5842/5842
f 5853/5853 5902/5902 5860/5860
f 7188/7188 7189/7189 7187/7187
f 5902/5902 5865/5865 5860/5860
f 5853/5853 5842/5842 5852/5852
f 6746/6746 6879/6879 6810/6810
f 5726/5726 5840/5840 5700/5700
f 5700/5700 5840/5840 5905/5905
f 5844/5844 5726/5726 5739/5739
f 5840/5840 5726/5726 5841/5841
f 7190/7190 7208/7208 7189/7189
f 7189/7189 7208/7208 7193/7193
f 7358/7358 7204/7204 7193/7193
f 7210/7210 7208/7208 7190/7190
f 7210/7210 7214/7214 7208/7208
f 7208/7208 7214/7214 7353/7353
f 7353/7353 7193/7193 7208/7208
f 7353/7353 7358/7358 7193/7193
f 2671/2671 2668/2668 2672/2672
f 7211/7211 7210/7210 7190/7190
f 5844/5844 5842/5842 5726/5726
f 2672/2672 2676/2676 2671/2671
f 7214/7214 7212/7212 7353/7353
f 7214/7214 7210/7210 7212/7212
f 7211/7211 7212/7212 7210/7210
f 7585/7585 8721/8721 8683/8683
f 8721/8721 7592/7592 8683/8683
f 1627/1627 2030/2030 2026/2026
f 8721/8721 7596/7596 7592/7592
f 8540/8540 7596/7596 8721/8721
f 1627/1627 2032/2032 2030/2030
f 2032/2032 2034/2034 2033/2033
f 2032/2032 2035/2035 2034/2034
f 2035/2035 2273/2273 2034/2034
f 2030/2030 2032/2032 2033/2033
f 7597/7597 7595/7595 7596/7596
f 7596/7596 7595/7595 7592/7592
f 1628/1628 2032/2032 1627/1627
f 8540/8540 7603/7603 7596/7596
f 7603/7603 7597/7597 7596/7596
f 1625/1625 1628/1628 1627/1627
f 1625/1625 1660/1660 1628/1628
f 8947/8947 8948/8948 8949/8949
f 2036/2036 2035/2035 2032/2032
f 2035/2035 2036/2036 2273/2273
f 1628/1628 2286/2286 2032/2032
f 2032/2032 2286/2286 2036/2036
f 1625/1625 1658/1658 1660/1660
f 8947/8947 8950/8950 8948/8948
f 7603/7603 7599/7599 7597/7597
f 8055/8055 8054/8054 8056/8056
f 8493/8493 7599/7599 7603/7603
f 1624/1624 1658/1658 1625/1625
f 8376/8376 7693/7693 7695/7695
f 7694/7694 7695/7695 7693/7693
f 8376/8376 7689/7689 7693/7693
f 7684/7684 8376/8376 7683/7683
f 7684/7684 7689/7689 8376/8376
f 7683/7683 7682/7682 7684/7684
f 7680/7680 7683/7683 7685/7685
f 7683/7683 7680/7680 7682/7682
f 7680/7680 7679/7679 7682/7682
f 8378/8378 7681/7681 7680/7680
f 486/486 485/485 484/484
f 7680/7680 7678/7678 7679/7679
f 7681/7681 7678/7678 7680/7680
f 6954/6954 6976/6976 6980/6980
f 6954/6954 6980/6980 6979/6979
f 6979/6979 6977/6977 6954/6954
f 6977/6977 6978/6978 6954/6954
f 6981/6981 6975/6975 6976/6976
f 187/187 188/188 189/189
f 6982/6982 6983/6983 6978/6978
f 488/488 492/492 486/486
f 6981/6981 6963/6963 6975/6975
f 6961/6961 6963/6963 6981/6981
f 6961/6961 6959/6959 6963/6963
f 6957/6957 6959/6959 6961/6961
f 6963/6963 6959/6959 6964/6964
f 6964/6964 6959/6959 6965/6965
f 6959/6959 6966/6966 6965/6965
f 6966/6966 6983/6983 6982/6982
f 6957/6957 6958/6958 6959/6959
f 6959/6959 6967/6967 6966/6966
f 6967/6967 6983/6983 6966/6966
f 6959/6959 6968/6968 6967/6967
f 6968/6968 6983/6983 6967/6967
f 486/486 491/491 485/485
f 6972/6972 6959/6959 6958/6958
f 6959/6959 6969/6969 6968/6968
f 6968/6968 6984/6984 6983/6983
f 6969/6969 6984/6984 6968/6968
f 492/492 491/491 486/486
f 6958/6958 6993/6993 6972/6972
f 6992/6992 6993/6993 6958/6958
f 6972/6972 6971/6971 6959/6959
f 6959/6959 6970/6970 6969/6969
f 6971/6971 6970/6970 6959/6959
f 6970/6970 6984/6984 6969/6969
f 6992/6992 6989/6989 6993/6993
f 9004/9004 9001/9001 9003/9003
f 6985/6985 6983/6983 6984/6984
f 7537/7537 7548/7548 7539/7539
f 7538/7538 7537/7537 7539/7539
f 6992/6992 6987/6987 6989/6989
f 9001/9001 9002/9002 9003/9003
f 7525/7525 7537/7537 7538/7538
f 9005/9005 9001/9001 9004/9004
f 6992/6992 6986/6986 6987/6987
f 7518/7518 7517/7517 8715/8715
f 9006/9006 9002/9002 9001/9001
f 7518/7518 7515/7515 7517/7517
f 7515/7515 7516/7516 7517/7517
f 317/317 318/318 319/319
f 7525/7525 7524/7524 7537/7537
f 7515/7515 7518/7518 7513/7513
f 6992/6992 6990/6990 6986/6986
f 6985/6985 6990/6990 6992/6992
f 6986/6986 6985/6985 6984/6984
f 6990/6990 6985/6985 6986/6986
f 7524/7524 8533/8533 7537/7537
f 7525/7525 7514/7514 7524/7524
f 7516/7516 7515/7515 7514/7514
f 6725/6725 6632/6632 6717/6717
f 6717/6717 6720/6720 6725/6725
f 6958/6958 6994/6994 6992/6992
f 6720/6720 6721/6721 6723/6723
f 492/492 493/493 491/491
f 7520/7520 7524/7524 7514/7514
f 7514/7514 7515/7515 7513/7513
f 5102/5102 5096/5096 5101/5101
f 8633/8633 8233/8233 8749/8749
f 6721/6721 6722/6722 6723/6723
f 8233/8233 8231/8231 8749/8749
f 6746/6746 6747/6747 6879/6879
f 3074/3074 3075/3075 3076/3076
f 6887/6887 6880/6880 6885/6885
f 8233/8233 8232/8232 8231/8231
f 5096/5096 5097/5097 5101/5101
f 6705/6705 6714/6714 6712/6712
f 6712/6712 6747/6747 6746/6746
f 5603/5603 5604/5604 5605/5605
f 5606/5606 5605/5605 5604/5604
f 5091/5091 5090/5090 5096/5096
f 3077/3077 3075/3075 3074/3074
f 6896/6896 6895/6895 6887/6887
f 6895/6895 6880/6880 6887/6887
f 8582/8582 8237/8237 8233/8233
f 8233/8233 8237/8237 8232/8232
f 5090/5090 5095/5095 5096/5096
f 6885/6885 6884/6884 6886/6886
f 8237/8237 8234/8234 8232/8232
f 5097/5097 5096/5096 5095/5095
f 5097/5097 5095/5095 5098/5098
f 6714/6714 6793/6793 6712/6712
f 6793/6793 6747/6747 6712/6712
f 6722/6722 6802/6802 6723/6723
f 6399/6399 6401/6401 6402/6402
f 6399/6399 6402/6402 6403/6403
f 6402/6402 6401/6401 6404/6404
f 6358/6358 6359/6359 6360/6360
f 6111/6111 6112/6112 6113/6113
f 3077/3077 3078/3078 3079/3079
f 3074/3074 3078/3078 3077/3077
f 6374/6374 6375/6375 6376/6376
f 6880/6880 6895/6895 6897/6897
f 5009/5009 5006/5006 5005/5005
f 8237/8237 8582/8582 8583/8583
f 6880/6880 6884/6884 6885/6885
f 4714/4714 4715/4715 4719/4719
f 6783/6783 6747/6747 6793/6793
f 4719/4719 4715/4715 4717/4717
f 4715/4715 4716/4716 4717/4717
f 5109/5109 5094/5094 5089/5089
f 6318/6318 6319/6319 6320/6320
f 6707/6707 6708/6708 6705/6705
f 5089/5089 5090/5090 5091/5091
f 6708/6708 6714/6714 6705/6705
f 860/860 929/929 858/858
f 6425/6425 6426/6426 6427/6427
f 5257/5257 5258/5258 5259/5259
f 6720/6720 6719/6719 6721/6721
f 5005/5005 5006/5006 5007/5007
f 6643/6643 6703/6703 6717/6717
f 5092/5092 5095/5095 5090/5090
f 858/858 859/859 860/860
f 6717/6717 6716/6716 6720/6720
f 855/855 859/859 858/858
f 859/859 861/861 860/860
f 5107/5107 5098/5098 5095/5095
f 861/861 859/859 867/867
f 4719/4719 4717/4717 4720/4720
f 855/855 865/865 859/859
f 5954/5954 5953/5953 5955/5955
f 7058/7058 7061/7061 7060/7060
f 5954/5954 5951/5951 5953/5953
f 6719/6719 6722/6722 6721/6721
f 865/865 867/867 859/859
f 864/864 861/861 867/867
f 97/97 98/98 99/99
f 5093/5093 5089/5089 5094/5094
f 5090/5090 5089/5089 5092/5092
f 5261/5261 5257/5257 5259/5259
f 5258/5258 5257/5257 5260/5260
f 5095/5095 5092/5092 5108/5108
f 865/865 868/868 867/867
f 5095/5095 5108/5108 5107/5107
f 820/820 868/868 819/819
f 820/820 825/825 862/862
f 6717/6717 6703/6703 6715/6715
f 6716/6716 6719/6719 6720/6720
f 6708/6708 6792/6792 6714/6714
f 1183/1183 1199/1199 1185/1185
f 6714/6714 6792/6792 6793/6793
f 6715/6715 6716/6716 6717/6717
f 6792/6792 6783/6783 6793/6793
f 5959/5959 5954/5954 5955/5955
f 4168/4168 4165/4165 4167/4167
f 820/820 809/809 821/821
f 1199/1199 1203/1203 1185/1185
f 821/821 825/825 820/820
f 807/807 809/809 819/819
f 819/819 809/809 820/820
f 5089/5089 5093/5093 5092/5092
f 1148/1148 1150/1150 1149/1149
f 7060/7060 7059/7059 7058/7058
f 7058/7058 7055/7055 7057/7057
f 7059/7059 7055/7055 7058/7058
f 7055/7055 7056/7056 7057/7057
f 5059/5059 5061/5061 5063/5063
f 5954/5954 6008/6008 5956/5956
f 1152/1152 1149/1149 1153/1153
f 5710/5710 5712/5712 5711/5711
f 1199/1199 1204/1204 1203/1203
f 5355/5355 5356/5356 5357/5357
f 5358/5358 5356/5356 5355/5355
f 5358/5358 5360/5360 5356/5356
f 5954/5954 5956/5956 5951/5951
f 5007/5007 5006/5006 5008/5008
f 6719/6719 6716/6716 6718/6718
f 5059/5059 5060/5060 5061/5061
f 1149/1149 1150/1150 1153/1153
f 6882/6882 6884/6884 6880/6880
f 6792/6792 6737/6737 6783/6783
f 5709/5709 5710/5710 5711/5711
f 1201/1201 1204/1204 1199/1199
f 5710/5710 5709/5709 5704/5704
f 1204/1204 1205/1205 1203/1203
f 9890/9890 9887/9887 9889/9889
f 6008/6008 5916/5916 5956/5956
f 6708/6708 6734/6734 6792/6792
f 9893/9893 9892/9892 9891/9891
f 9889/9889 9887/9887 9888/9888
f 9889/9889 9888/9888 9891/9891
f 1201/1201 1361/1361 1204/1204
f 9885/9885 9888/9888 9887/9887
f 6702/6702 6715/6715 6703/6703
f 5264/5264 5260/5260 5263/5263
f 1205/1205 1204/1204 1361/1361
f 9891/9891 9888/9888 9893/9893
f 5108/5108 5092/5092 5093/5093
f 160/160 161/161 162/162
f 5262/5262 5263/5263 5260/5260
f 163/163 164/164 165/165
f 5359/5359 5357/5357 5356/5356
f 5061/5061 5060/5060 5062/5062
f 10719/10719 10720/10720 10721/10721
f 6894/6894 6883/6883 6880/6880
f 10720/10720 10723/10723 10721/10721
f 6880/6880 6881/6881 6882/6882
f 6883/6883 6881/6881 6880/6880
f 3861/3861 3855/3855 3854/3854
f 3862/3862 3855/3855 3861/3861
f 3863/3863 3861/3861 3857/3857
f 5336/5336 5337/5337 5338/5338
f 9893/9893 9888/9888 9897/9897
f 6707/6707 6734/6734 6708/6708
f 6737/6737 6792/6792 6734/6734
f 10729/10729 10725/10725 10719/10719
f 184/184 185/185 186/186
f 10725/10725 10722/10722 10719/10719
f 10722/10722 10720/10720 10719/10719
f 10720/10720 10724/10724 10723/10723
f 3861/3861 3854/3854 3857/3857
f 5710/5710 5704/5704 5713/5713
f 6734/6734 6736/6736 6737/6737
f 6715/6715 6702/6702 6704/6704
f 3849/3849 3853/3853 3854/3854
f 6713/6713 6716/6716 6715/6715
f 6713/6713 6718/6718 6716/6716
f 6722/6722 6719/6719 6718/6718
f 7377/7377 7374/7374 7376/7376
f 3848/3848 3856/3856 3849/3849
f 3856/3856 3853/3853 3849/3849
f 7374/7374 7375/7375 7376/7376
f 5797/5797 5787/5787 5789/5789
f 8181/8181 8222/8222 8184/8184
f 5788/5788 5791/5791 5790/5790
f 5787/5787 5788/5788 5789/5789
f 6735/6735 6736/6736 6734/6734
f 8222/8222 8223/8223 8224/8224
f 8222/8222 8181/8181 8223/8223
f 5788/5788 5833/5833 5791/5791
f 3821/3821 3822/3822 3823/3823
f 7374/7374 7371/7371 7375/7375
f 5787/5787 5782/5782 5788/5788
f 3721/3721 3734/3734 3720/3720
f 5788/5788 5932/5932 5833/5833
f 5536/5536 5533/5533 5535/5535
f 5534/5534 5535/5535 5533/5533
f 3713/3713 3721/3721 3716/3716
f 3734/3734 3735/3735 3720/3720
f 5833/5833 5807/5807 5791/5791
f 5782/5782 5932/5932 5788/5788
f 5534/5534 5533/5533 5532/5532
f 7291/7291 7254/7254 7330/7330
f 8235/8235 8222/8222 8224/8224
f 1211/1211 1194/1194 1206/1206
f 5932/5932 5785/5785 5833/5833
f 5782/5782 5785/5785 5932/5932
f 3703/3703 3714/3714 3713/3713
f 3713/3713 3714/3714 3721/3721
f 3721/3721 3714/3714 3734/3734
f 3714/3714 3730/3730 3734/3734
f 3730/3730 3735/3735 3734/3734
f 1194/1194 1196/1196 1206/1206
f 1194/1194 1195/1195 1196/1196
f 7254/7254 7250/7250 7330/7330
f 1195/1195 1198/1198 1196/1196
f 5537/5537 5533/5533 5538/5538
f 1198/1198 1182/1182 1196/1196
f 3825/3825 3822/3822 3821/3821
f 4722/4722 4718/4718 4723/4723
f 2086/2086 2283/2283 2063/2063
f 2063/2063 2060/2060 1924/1924
f 1909/1909 1924/1924 2060/2060
f 4718/4718 4724/4724 4723/4723
f 7254/7254 7253/7253 7250/7250
f 2087/2087 2088/2088 2086/2086
f 4852/4852 4853/4853 4854/4854
f 2283/2283 2062/2062 2063/2063
f 2062/2062 2060/2060 2063/2063
f 2088/2088 2062/2062 2086/2086
f 2092/2092 2062/2062 2088/2088
f 1909/1909 1926/1926 1907/1907
f 1909/1909 2060/2060 2038/2038
f 2038/2038 1926/1926 1909/1909
f 7646/7646 7645/7645 7647/7647
f 7647/7647 7645/7645 7650/7650
f 7645/7645 8507/8507 7650/7650
f 7646/7646 7638/7638 7645/7645
f 7645/7645 7638/7638 7639/7639
f 7645/7645 7639/7639 8507/8507
f 7638/7638 7636/7636 7639/7639
f 5931/5931 5930/5930 6043/6043
f 753/753 754/754 752/752
f 747/747 753/753 752/752
f 755/755 753/753 747/747
f 751/751 747/747 752/752
f 1833/1833 1834/1834 1835/1835
f 1834/1834 2053/2053 1835/1835
f 1761/1761 1834/1834 1833/1833
f 7641/7641 7644/7644 7639/7639
f 5929/5929 6016/6016 6015/6015
f 5930/5930 5929/5929 6015/6015
f 1834/1834 1761/1761 1836/1836
f 1836/1836 1837/1837 1834/1834
f 2269/2269 1837/1837 1836/1836
f 7637/7637 7636/7636 7638/7638
f 5927/5927 5930/5930 5931/5931
f 3801/3801 3802/3802 3661/3661
f 7072/7072 7073/7073 7074/7074
f 6352/6352 6351/6351 6353/6353
f 6422/6422 6423/6423 6424/6424
f 6064/6064 5927/5927 5931/5931
f 10108/10108 10109/10109 10110/10110
f 10003/10003 10007/10007 9978/9978
f 10035/10035 10007/10007 10004/10004
f 5927/5927 5929/5929 5930/5930
f 10035/10035 10036/10036 10007/10007
f 10102/10102 10103/10103 10104/10104
f 6248/6248 6249/6249 6250/6250
f 6352/6352 6348/6348 6351/6351
f 6284/6284 6285/6285 6286/6286
f 3659/3659 3658/3658 3660/3660
f 3658/3658 3661/3661 3660/3660
f 6350/6350 6349/6349 6354/6354
f 6348/6348 6349/6349 6350/6350
f 3623/3623 3658/3658 3659/3659
f 1331/1331 1333/1333 1337/1337
f 6352/6352 6354/6354 6349/6349
f 3658/3658 3801/3801 3661/3661
f 9965/9965 9976/9976 10004/10004
f 9971/9971 9976/9976 9965/9965
f 7636/7636 7640/7640 7639/7639
f 7640/7640 7641/7641 7639/7639
f 6290/6290 6287/6287 6289/6289
f 9971/9971 9972/9972 9976/9976
f 3623/3623 3643/3643 3658/3658
f 10085/10085 10087/10087 10086/10086
f 9966/9966 10044/10044 10045/10045
f 10087/10087 10088/10088 10086/10086
f 5926/5926 5989/5989 5928/5928
f 3801/3801 3658/3658 3654/3654
f 5927/5927 5815/5815 5926/5926
f 3644/3644 3658/3658 3643/3643
f 3644/3644 3654/3654 3658/3658
f 1337/1337 1190/1190 1342/1342
f 6061/6061 5815/5815 5927/5927
f 3625/3625 3626/3626 3627/3627
f 3626/3626 3621/3621 3623/3623
f 3625/3625 3621/3621 3626/3626
f 5926/5926 5814/5814 5989/5989
f 5815/5815 5814/5814 5926/5926
f 3621/3621 3622/3622 3623/3623
f 3643/3643 3623/3623 3622/3622
f 1189/1189 1190/1190 1337/1337
f 5929/5929 5928/5928 5990/5990
f 3646/3646 3651/3651 3654/3654
f 9946/9946 10005/10005 9949/9949
f 9948/9948 10005/10005 9946/9946
f 3643/3643 3622/3622 3624/3624
f 7640/7640 7642/7642 7641/7641
f 3640/3640 3644/3644 3643/3643
f 5814/5814 5731/5731 5989/5989
f 3644/3644 3646/3646 3654/3654
f 5927/5927 5928/5928 5929/5929
f 3642/3642 3643/3643 3624/3624
f 7032/7032 7033/7033 7034/7034
f 25/25 26/26 27/27
f 7033/7033 7035/7035 7034/7034
f 3642/3642 3640/3640 3643/3643
f 7637/7637 7633/7633 7636/7636
f 3640/3640 3646/3646 3644/3644
f 5928/5928 5989/5989 5990/5990
f 3686/3686 3675/3675 3687/3687
f 5151/5151 5150/5150 5153/5153
f 5149/5149 5150/5150 5151/5151
f 7033/7033 7036/7036 7035/7035
f 3637/3637 3640/3640 3642/3642
f 1331/1331 1337/1337 1342/1342
f 3640/3640 3648/3648 3646/3646
f 7636/7636 7652/7652 7640/7640
f 5981/5981 5921/5921 6061/6061
f 5921/5921 5813/5813 6061/6061
f 6061/6061 5813/5813 5815/5815
f 5813/5813 5814/5814 5815/5815
f 7652/7652 7643/7643 7640/7640
f 7640/7640 7643/7643 7642/7642
f 5813/5813 5812/5812 5814/5814
f 5927/5927 5926/5926 5928/5928
f 1648/1648 1551/1551 1534/1534
f 8897/8897 8893/8893 8895/8895
f 8618/8618 8615/8615 8616/8616
f 8615/8615 8614/8614 8616/8616
f 8614/8614 8617/8617 8616/8616
f 8616/8616 8621/8621 8622/8622
f 8620/8620 8621/8621 8616/8616
f 8624/8624 8625/8625 8621/8621
f 1378/1378 2214/2214 1406/1406
f 1297/1297 1364/1364 1296/1296
f 1406/1406 1364/1364 1297/1297
f 1297/1297 1378/1378 1406/1406
f 1297/1297 1352/1352 1378/1378
f 1297/1297 1351/1351 1352/1352
f 1351/1351 1350/1350 1352/1352
f 1490/1490 1518/1518 1486/1486
f 1351/1351 1297/1297 1299/1299
f 1329/1329 1340/1340 1328/1328
f 1297/1297 1298/1298 1299/1299
f 1299/1299 1323/1323 1351/1351
f 2186/2186 2185/2185 2187/2187
f 1323/1323 1350/1350 1351/1351
f 1298/1298 1323/1323 1299/1299
f 1340/1340 1341/1341 2187/2187
f 2186/2186 2187/2187 1341/1341
f 1329/1329 1341/1341 1340/1340
f 1341/1341 1414/1414 2186/2186
f 2186/2186 1414/1414 1412/1412
f 1323/1323 1349/1349 1350/1350
f 1315/1315 1316/1316 1298/1298
f 1341/1341 2255/2255 1414/1414
f 1330/1330 1331/1331 1329/1329
f 1414/1414 1410/1410 1412/1412
f 1410/1410 1411/1411 1412/1412
f 1331/1331 1341/1341 1329/1329
f 1298/1298 1316/1316 1323/1323
f 5931/5931 6043/6043 6044/6044
f 1316/1316 1324/1324 1323/1323
f 1315/1315 1301/1301 1316/1316
f 6067/6067 6015/6015 6017/6017
f 6064/6064 5931/5931 6044/6044
f 1414/1414 2255/2255 2305/2305
f 6093/6093 5930/5930 6067/6067
f 1729/1729 1848/1848 1740/1740
f 6067/6067 5930/5930 6015/6015
f 6015/6015 6016/6016 6017/6017
f 1731/1731 1741/1741 2248/2248
f 1731/1731 1729/1729 1732/1732
f 897/897 891/891 893/893
f 7569/7569 7571/7571 7575/7575
f 3610/3610 3605/3605 3609/3609
f 896/896 891/891 897/897
f 3609/3609 3605/3605 3593/3593
f 9016/9016 9017/9017 9018/9018
f 895/895 891/891 896/896
f 7570/7570 7573/7573 7571/7571
f 7571/7571 7573/7573 7575/7575
f 7350/7350 7343/7343 7352/7352
f 898/898 895/895 896/896
f 1700/1700 2248/2248 1741/1741
f 1701/1701 1728/1728 1729/1729
f 7575/7575 7573/7573 8712/8712
f 1700/1700 1701/1701 2248/2248
f 8712/8712 7739/7739 7738/7738
f 7343/7343 7350/7350 7182/7182
f 7182/7182 7342/7342 7343/7343
f 1698/1698 1701/1701 1700/1700
f 898/898 903/903 895/895
f 9012/9012 9014/9014 9015/9015
f 8712/8712 7741/7741 7739/7739
f 7570/7570 7584/7584 7573/7573
f 7182/7182 7183/7183 7342/7342
f 7297/7297 7342/7342 7183/7183
f 7573/7573 7584/7584 8708/8708
f 9010/9010 9011/9011 9012/9012
f 1707/1707 1728/1728 1701/1701
f 9012/9012 9011/9011 9014/9014
f 7183/7183 7182/7182 7168/7168
f 7183/7183 7296/7296 7297/7297
f 7168/7168 7169/7169 7183/7183
f 7183/7183 7169/7169 7296/7296
f 7348/7348 7296/7296 7169/7169
f 7741/7741 7740/7740 7739/7739
f 9013/9013 9011/9011 9010/9010
f 7742/7742 7740/7740 7741/7741
f 8497/8497 8708/8708 7584/7584
f 8497/8497 7746/7746 7742/7742
f 7746/7746 7743/7743 7742/7742
f 7742/7742 7743/7743 7740/7740
f 7743/7743 7744/7744 7740/7740
f 1608/1608 1989/1989 1988/1988
f 1988/1988 1989/1989 2027/2027
f 2027/2027 1627/1627 2026/2026
f 1989/1989 1626/1626 2027/2027
f 1627/1627 2027/2027 1626/1626
f 1588/1588 1989/1989 1608/1608
f 1989/1989 1588/1588 1626/1626
f 8666/8666 8486/8486 8108/8108
f 8486/8486 8110/8110 8108/8108
f 8110/8110 8097/8097 8108/8108
f 3418/3418 3448/3448 3420/3420
f 3455/3455 3448/3448 3418/3418
f 3415/3415 3455/3455 3418/3418
f 8110/8110 8094/8094 8097/8097
f 642/642 652/652 654/654
f 1707/1707 1727/1727 1728/1728
f 8387/8387 8095/8095 8110/8110
f 639/639 641/641 642/642
f 641/641 652/652 642/642
f 652/652 653/653 654/654
f 8095/8095 8094/8094 8110/8110
f 8095/8095 8093/8093 8094/8094
f 638/638 639/639 642/642
f 640/640 652/652 641/641
f 639/639 640/640 641/641
f 640/640 653/653 652/652
f 1182/1182 1181/1181 1184/1184
f 5945/5945 5961/5961 5962/5962
f 756/756 749/749 760/760
f 8181/8181 8183/8183 8179/8179
f 5961/5961 5960/5960 5962/5962
f 8183/8183 8185/8185 8743/8743
f 749/749 748/748 750/750
f 8181/8181 8184/8184 8183/8183
f 8183/8183 8184/8184 8185/8185
f 5144/5144 5145/5145 5146/5146
f 759/759 748/748 758/758
f 1964/1964 1965/1965 1959/1959
f 5145/5145 5144/5144 5148/5148
f 5464/5464 5465/5465 5466/5466
f 4811/4811 4812/4812 4813/4813
f 1181/1181 1182/1182 1183/1183
f 1181/1181 1185/1185 1186/1186
f 5961/5961 5959/5959 5960/5960
f 5962/5962 5960/5960 6049/6049
f 8184/8184 8186/8186 8185/8185
f 8186/8186 8187/8187 8185/8185
f 4813/4813 4812/4812 4814/4814
f 2050/2050 1957/1957 1958/1958
f 5959/5959 5953/5953 5960/5960
f 5960/5960 5953/5953 6049/6049
f 1958/1958 1956/1956 1959/1959
f 1956/1956 1947/1947 1959/1959
f 1185/1185 1181/1181 1183/1183
f 5959/5959 5955/5955 5953/5953
f 1957/1957 1956/1956 1958/1958
f 3823/3823 3822/3822 3824/3824
f 1950/1950 1956/1956 1957/1957
f 4725/4725 4724/4724 4726/4726
f 1949/1949 1947/1947 1956/1956
f 1950/1950 1949/1949 1956/1956
f 2285/2285 1945/1945 1950/1950
f 1950/1950 1945/1945 1949/1949
f 1949/1949 1945/1945 1947/1947
f 3497/3497 3496/3496 3498/3498
f 4723/4723 4725/4725 4743/4743
f 4743/4743 4725/4725 4737/4737
f 4725/4725 4723/4723 4724/4724
f 4737/4737 4725/4725 4726/4726
f 7837/7837 7838/7838 7836/7836
f 7838/7838 7844/7844 7836/7836
f 7844/7844 7845/7845 7836/7836
f 7844/7844 7846/7846 7845/7845
f 7848/7848 7847/7847 7844/7844
f 7847/7847 7846/7846 7844/7844
f 8536/8536 7848/7848 7844/7844
f 1781/1781 1555/1555 1780/1780
f 7847/7847 7848/7848 7846/7846
f 8421/8421 7848/7848 8536/8536
f 7848/7848 8399/8399 7846/7846
f 1786/1786 1839/1839 2010/2010
f 1344/1344 1383/1383 2121/2121
f 1293/1293 1295/1295 1292/1292
f 1295/1295 1344/1344 1292/1292
f 1294/1294 1293/1293 1280/1280
f 1295/1295 1383/1383 1344/1344
f 2010/2010 2017/2017 1786/1786
f 1326/1326 1295/1295 1293/1293
f 1338/1338 1383/1383 1295/1295
f 1294/1294 1326/1326 1293/1293
f 1272/1272 1279/1279 1280/1280
f 1279/1279 1294/1294 1280/1280
f 1310/1310 1295/1295 1326/1326
f 1295/1295 1328/1328 1338/1338
f 1294/1294 1325/1325 1326/1326
f 3562/3562 3560/3560 3603/3603
f 1310/1310 1327/1327 1295/1295
f 1325/1325 1310/1310 1326/1326
f 1781/1781 1543/1543 1555/1555
f 3560/3560 3562/3562 3561/3561
f 2017/2017 2010/2010 2008/2008
f 1279/1279 1312/1312 1294/1294
f 1312/1312 1325/1325 1294/1294
f 1327/1327 1328/1328 1295/1295
f 3564/3564 3563/3563 3562/3562
f 1327/1327 1329/1329 1328/1328
f 3563/3563 3561/3561 3562/3562
f 3561/3561 3595/3595 3553/3553
f 3501/3501 3561/3561 3563/3563
f 3500/3500 3595/3595 3561/3561
f 1747/1747 1738/1738 1743/1743
f 3561/3561 3501/3501 3500/3500
f 1745/1745 1748/1748 1747/1747
f 3499/3499 3500/3500 3501/3501
f 2313/2313 1748/1748 1745/1745
f 1738/1738 1747/1747 1700/1700
f 1700/1700 1741/1741 1738/1738
f 3499/3499 3506/3506 3505/3505
f 2008/2008 2006/2006 2007/2007
f 2008/2008 2019/2019 2017/2017
f 2019/2019 2018/2018 2017/2017
f 2018/2018 1786/1786 2017/2017
f 3506/3506 3521/3521 3505/3505
f 3512/3512 3521/3521 3506/3506
f 2018/2018 1543/1543 1781/1781
f 2007/2007 2019/2019 2008/2008
f 1786/1786 2018/2018 1781/1781
f 1748/1748 1702/1702 1747/1747
f 1711/1711 2131/2131 1748/1748
f 2131/2131 1702/1702 1748/1748
f 1699/1699 1698/1698 1700/1700
f 1747/1747 1702/1702 1700/1700
f 1705/1705 2131/2131 1711/1711
f 1702/1702 1699/1699 1700/1700
f 2019/2019 2023/2023 2018/2018
f 2131/2131 1705/1705 1702/1702
f 1705/1705 1703/1703 1702/1702
f 2020/2020 2019/2019 2007/2007
f 2020/2020 2023/2023 2019/2019
f 2018/2018 2023/2023 2205/2205
f 794/794 792/792 799/799
f 2022/2022 2023/2023 2020/2020
f 794/794 793/793 792/792
f 792/792 793/793 791/791
f 793/793 837/837 791/791
f 798/798 837/837 793/793
f 795/795 793/793 794/794
f 793/793 795/795 798/798
f 909/909 798/798 795/795
f 798/798 916/916 837/837
f 755/755 909/909 795/795
f 798/798 909/909 756/756
f 798/798 756/756 916/916
f 909/909 755/755 756/756
f 8379/8379 7678/7678 7681/7681
f 7678/7678 7674/7674 7679/7679
f 6182/6182 6183/6183 6184/6184
f 8468/8468 7677/7677 8379/8379
f 7677/7677 7678/7678 8379/8379
f 6241/6241 6245/6245 6246/6246
f 6241/6241 6240/6240 6245/6245
f 6243/6243 6241/6241 6244/6244
f 7677/7677 7674/7674 7678/7678
f 6240/6240 6241/6241 6242/6242
f 7668/7668 7677/7677 8468/8468
f 7665/7665 7668/7668 8468/8468
f 3972/3972 3975/3975 3970/3970
f 5626/5626 5627/5627 5628/5628
f 7668/7668 7674/7674 7677/7677
f 6243/6243 6242/6242 6241/6241
f 3975/3975 4011/4011 3978/3978
f 2707/2707 2695/2695 2692/2692
f 2691/2691 2695/2695 2707/2707
f 7553/7553 7552/7552 7554/7554
f 3975/3975 4012/4012 4011/4011
f 7565/7565 7553/7553 7554/7554
f 3979/3979 3972/3972 3980/3980
f 6887/6887 6891/6891 6892/6892
f 3972/3972 3979/3979 3975/3975
f 3975/3975 4124/4124 4012/4012
f 4627/4627 4626/4626 4632/4632
f 4625/4625 4626/4626 4627/4627
f 3975/3975 3979/3979 4124/4124
f 7552/7552 7555/7555 7554/7554
f 4689/4689 4692/4692 4690/4690
f 7554/7554 7556/7556 7565/7565
f 7556/7556 7558/7558 7565/7565
f 3568/3568 3574/3574 3570/3570
f 3575/3575 3570/3570 3574/3574
f 3575/3575 3576/3576 3570/3570
f 3570/3570 3569/3569 3568/3568
f 7565/7565 7558/7558 7586/7586
f 5711/5711 5765/5765 6011/6011
f 5712/5712 5765/5765 5711/5711
f 3570/3570 3576/3576 3584/3584
f 5741/5741 5740/5740 5765/5765
f 7555/7555 7556/7556 7554/7554
f 4061/4061 4065/4065 4071/4071
f 5712/5712 5741/5741 5765/5765
f 5741/5741 5714/5714 5740/5740
f 4628/4628 4626/4626 4625/4625
f 4628/4628 4625/4625 4629/4629
f 3597/3597 3570/3570 3584/3584
f 4061/4061 4072/4072 4058/4058
f 3599/3599 3600/3600 3584/3584
f 5712/5712 5714/5714 5741/5741
f 3600/3600 3597/3597 3584/3584
f 7918/7918 7916/7916 7917/7917
f 5710/5710 5713/5713 5712/5712
f 5712/5712 5713/5713 5714/5714
f 3599/3599 3611/3611 3600/3600
f 3600/3600 3611/3611 3606/3606
f 3597/3597 3600/3600 3606/3606
f 3604/3604 3597/3597 3606/3606
f 5713/5713 5716/5716 5714/5714
f 5716/5716 5747/5747 5714/5714
f 7916/7916 7922/7922 7913/7913
f 5704/5704 5715/5715 5713/5713
f 4058/4058 4059/4059 4061/4061
f 5715/5715 5716/5716 5713/5713
f 7918/7918 7919/7919 7916/7916
f 7919/7919 7925/7925 7916/7916
f 7916/7916 7925/7925 7922/7922
f 4061/4061 4059/4059 4065/4065
f 7925/7925 8373/8373 7922/7922
f 9301/9301 9302/9302 9307/9307
f 9300/9300 9302/9302 9301/9301
f 7925/7925 8374/8374 8373/8373
f 8899/8899 8900/8900 8901/8901
f 7574/7574 7557/7557 7555/7555
f 7555/7555 7557/7557 7556/7556
f 7557/7557 7558/7558 7556/7556
f 4066/4066 4132/4132 4069/4069
f 4059/4059 4063/4063 4065/4065
f 4060/4060 4063/4063 4059/4059
f 4066/4066 4082/4082 4132/4132
f 4060/4060 4116/4116 4064/4064
f 7559/7559 7558/7558 7557/7557
f 4060/4060 4064/4064 4063/4063
f 7559/7559 7557/7557 7560/7560
f 7559/7559 7560/7560 7561/7561
f 7559/7559 7576/7576 7558/7558
f 3732/3732 3740/3740 3736/3736
f 3736/3736 3733/3733 3732/3732
f 3711/3711 3736/3736 3740/3740
f 5539/5539 5529/5529 5531/5531
f 5529/5529 5530/5530 5531/5531
f 3737/3737 3796/3796 3733/3733
f 5529/5529 5528/5528 5530/5530
f 1200/1200 1199/1199 1197/1197
f 1197/1197 1199/1199 1183/1183
f 3711/3711 3739/3739 3736/3736
f 4861/4861 4863/4863 4864/4864
f 5524/5524 5528/5528 5529/5529
f 3736/3736 3739/3739 3738/3738
f 3737/3737 3733/3733 3736/3736
f 5529/5529 5525/5525 5524/5524
f 3737/3737 3736/3736 3738/3738
f 2003/2003 1809/1809 1742/1742
f 178/178 179/179 180/180
f 1742/1742 1736/1736 1766/1766
f 5527/5527 5528/5528 5524/5524
f 1200/1200 1201/1201 1199/1199
f 4861/4861 4862/4862 4863/4863
f 1809/1809 1746/1746 1742/1742
f 8051/8051 8054/8054 8053/8053
f 4212/4212 4213/4213 4214/4214
f 8053/8053 8052/8052 8051/8051
f 1737/1737 1736/1736 1742/1742
f 1658/1658 1628/1628 1660/1660
f 1746/1746 2163/2163 1744/1744
f 1746/1746 1744/1744 1742/1742
f 1744/1744 1737/1737 1742/1742
f 1737/1737 1734/1734 1736/1736
f 8054/8054 8055/8055 8053/8053
f 1615/1615 1650/1650 1624/1624
f 1624/1624 1659/1659 1658/1658
f 1650/1650 1659/1659 1624/1624
f 4215/4215 4213/4213 4212/4212
f 1628/1628 1658/1658 1661/1661
f 8055/8055 8056/8056 8271/8271
f 8073/8073 8052/8052 8053/8053
f 1744/1744 1743/1743 1737/1737
f 8053/8053 8055/8055 8057/8057
f 5170/5170 5171/5171 5172/5172
f 1744/1744 2163/2163 1823/1823
f 4215/4215 4216/4216 4213/4213
f 1745/1745 1744/1744 1823/1823
f 1743/1743 1738/1738 1737/1737
f 1738/1738 1734/1734 1737/1737
f 8271/8271 8064/8064 8055/8055
f 8064/8064 8057/8057 8055/8055
f 5173/5173 5172/5172 5171/5171
f 8400/8400 8064/8064 8271/8271
f 1744/1744 1745/1745 1743/1743
f 1738/1738 1741/1741 1734/1734
f 8731/8731 8404/8404 8730/8730
f 1745/1745 1747/1747 1743/1743
f 8732/8732 8404/8404 8731/8731
f 8402/8402 8064/8064 8400/8400
f 7881/7881 7884/7884 8301/8301
f 7883/7883 7884/7884 7881/7881
f 9149/9149 9150/9150 9151/9151
f 9150/9150 9152/9152 9151/9151
f 7886/7886 7884/7884 7885/7885
f 7887/7887 7886/7886 7885/7885
f 7886/7886 8510/8510 7884/7884
f 1761/1761 2270/2270 1836/1836
f 1836/1836 2270/2270 2269/2269
f 1761/1761 2165/2165 2270/2270
f 1760/1760 2164/2164 1761/1761
f 2164/2164 2165/2165 1761/1761
f 2164/2164 2194/2194 2165/2165
f 2338/2338 2194/2194 2164/2164
f 7177/7177 7293/7293 7175/7175
f 7392/7392 7393/7393 7391/7391
f 7177/7177 7294/7294 7293/7293
f 7392/7392 7394/7394 7393/7393
f 7295/7295 7294/7294 7331/7331
f 7230/7230 7229/7229 7231/7231
f 7233/7233 7231/7231 7229/7229
f 7233/7233 7331/7331 7231/7231
f 1817/1817 2338/2338 2164/2164
f 2338/2338 2331/2331 2194/2194
f 7298/7298 7331/7331 7233/7233
f 7331/7331 7345/7345 7295/7295
f 3566/3566 3564/3564 3565/3565
f 7425/7425 7426/7426 7427/7427
f 7425/7425 7424/7424 7426/7426
f 3565/3565 3564/3564 3562/3562
f 1760/1760 1817/1817 2164/2164
f 3567/3567 3566/3566 3565/3565
f 2338/2338 2336/2336 2331/2331
f 1817/1817 2337/2337 2338/2338
f 3502/3502 3564/3564 3566/3566
f 3564/3564 3502/3502 3563/3563
f 3563/3563 3502/3502 3501/3501
f 3578/3578 3502/3502 3566/3566
f 2337/2337 2336/2336 2338/2338
f 3503/3503 3578/3578 3598/3598
f 3578/3578 3503/3503 3502/3502
f 3499/3499 3502/3502 3503/3503
f 3501/3501 3502/3502 3499/3499
f 3530/3530 3503/3503 3598/3598
f 3503/3503 3512/3512 3499/3499
f 3512/3512 3506/3506 3499/3499
f 2259/2259 1945/1945 2285/2285
f 3530/3530 3512/3512 3503/3503
f 2341/2341 1772/1772 2259/2259
f 1756/1756 1817/1817 1819/1819
f 1772/1772 2341/2341 2342/2342
f 2259/2259 2334/2334 2341/2341
f 2201/2201 2334/2334 2259/2259
f 2341/2341 2340/2340 2342/2342
f 2334/2334 2340/2340 2341/2341
f 1756/1756 1752/1752 1817/1817
f 2334/2334 2339/2339 2340/2340
f 1817/1817 1812/1812 2337/2337
f 1208/1208 1207/1207 1209/1209
f 2333/2333 2339/2339 2334/2334
f 1812/1812 1817/1817 1752/1752
f 1211/1211 1206/1206 1208/1208
f 1206/1206 1207/1207 1208/1208
f 2339/2339 2005/2005 2340/2340
f 1993/1993 1974/1974 1970/1970
f 1844/1844 1971/1971 1970/1970
f 1993/1993 1970/1970 1972/1972
f 2258/2258 1971/1971 1844/1844
f 2166/2166 2005/2005 2339/2339
f 2337/2337 2335/2335 2336/2336
f 1977/1977 1971/1971 2258/2258
f 1971/1971 1972/1972 1970/1970
f 2333/2333 2166/2166 2339/2339
f 1207/1207 1359/1359 1210/1210
f 5965/5965 5967/5967 5968/5968
f 1971/1971 1977/1977 1975/1975
f 1973/1973 1972/1972 1971/1971
f 1972/1972 2275/2275 1993/1993
f 2332/2332 2166/2166 2333/2333
f 1975/1975 1973/1973 1971/1971
f 1973/1973 1990/1990 1972/1972
f 1990/1990 2275/2275 1972/1972
f 8258/8258 8251/8251 8293/8293
f 1196/1196 1207/1207 1206/1206
f 5966/5966 5965/5965 6048/6048
f 1975/1975 1976/1976 1973/1973
f 1196/1196 1184/1184 1207/1207
f 5675/5675 5672/5672 5674/5674
f 5965/5965 5945/5945 5967/5967
f 1977/1977 1978/1978 1975/1975
f 1976/1976 1986/1986 1973/1973
f 1978/1978 1976/1976 1975/1975
f 1990/1990 1991/1991 2275/2275
f 5961/5961 5945/5945 5965/5965
f 1182/1182 1184/1184 1196/1196
f 5966/5966 5961/5961 5965/5965
f 9861/9861 9859/9859 9901/9901
f 9901/9901 9859/9859 9902/9902
f 9860/9860 9861/9861 9862/9862
f 9861/9861 9866/9866 9862/9862
f 1181/1181 1186/1186 1184/1184
f 9864/9864 9860/9860 9863/9863
f 9862/9862 9863/9863 9860/9860
f 5672/5672 5671/5671 5669/5669
f 235/235 236/236 237/237
f 4917/4917 4919/4919 4921/4921
f 4917/4917 4918/4918 4919/4919
f 7082/7082 7079/7079 7078/7078
f 8567/8567 8565/8565 8566/8566
f 8565/8565 7606/7606 8566/8566
f 8565/8565 7587/7587 7606/7606
f 7587/7587 7546/7546 7606/7606
f 1966/1966 1755/1755 1842/1842
f 1755/1755 1752/1752 1756/1756
f 1966/1966 1758/1758 1755/1755
f 7587/7587 7538/7538 7546/7546
f 7538/7538 7540/7540 7546/7546
f 1758/1758 1753/1753 1755/1755
f 1753/1753 1752/1752 1755/1755
f 8568/8568 7590/7590 8565/8565
f 8565/8565 7590/7590 7587/7587
f 1763/1763 1753/1753 1758/1758
f 2136/2136 1754/1754 1763/1763
f 1763/1763 1754/1754 1753/1753
f 7590/7590 7588/7588 7587/7587
f 7588/7588 7538/7538 7587/7587
f 7540/7540 7538/7538 7539/7539
f 1763/1763 2015/2015 2136/2136
f 1753/1753 1754/1754 1751/1751
f 1763/1763 1849/1849 2015/2015
f 1754/1754 1782/1782 1751/1751
f 8561/8561 7589/7589 7590/7590
f 7590/7590 7589/7589 7588/7588
f 7538/7538 7588/7588 7589/7589
f 2015/2015 1754/1754 2136/2136
f 1782/1782 1754/1754 1783/1783
f 1754/1754 2015/2015 1787/1787
f 1787/1787 1783/1783 1754/1754
f 2015/2015 2013/2013 1787/1787
f 2014/2014 2013/2013 2015/2015
f 3526/3526 3540/3540 3521/3521
f 3525/3525 3526/3526 3521/3521
f 3526/3526 3541/3541 3540/3540
f 3525/3525 3523/3523 3526/3526
f 3523/3523 3531/3531 3526/3526
f 3526/3526 3531/3531 3577/3577
f 3522/3522 3523/3523 3516/3516
f 3523/3523 3527/3527 3531/3531
f 3527/3527 3577/3577 3531/3531
f 3522/3522 3524/3524 3523/3523
f 6953/6953 6956/6956 6954/6954
f 6954/6954 6956/6956 6976/6976
f 6956/6956 6981/6981 6976/6976
f 6981/6981 6957/6957 6961/6961
f 6960/6960 6957/6957 6981/6981
f 6960/6960 6958/6958 6957/6957
f 6973/6973 6958/6958 6960/6960
f 6974/6974 6958/6958 6973/6973
f 4063/4063 4082/4082 4066/4066
f 3958/3958 4115/4115 4142/4142
f 3958/3958 3957/3957 4115/4115
f 4143/4143 4144/4144 4142/4142
f 4142/4142 4144/4144 3958/3958
f 4682/4682 4683/4683 4684/4684
f 8335/8335 8308/8308 8305/8305
f 8306/8306 8305/8305 8308/8308
f 8709/8709 8335/8335 8305/8305
f 8870/8870 8869/8869 8875/8875
f 8674/8674 8606/8606 8604/8604
f 9172/9172 9173/9173 9174/9174
f 8867/8867 8868/8868 8869/8869
f 8602/8602 8676/8676 8603/8603
f 8595/8595 8600/8600 8676/8676
f 8602/8602 8595/8595 8676/8676
f 8305/8305 8307/8307 8709/8709
f 8604/8604 8593/8593 8603/8603
f 8593/8593 8602/8602 8603/8603
f 8304/8304 8305/8305 8306/8306
f 8305/8305 8303/8303 8307/8307
f 1868/1868 2126/2126 2041/2041
f 2245/2245 1868/1868 1870/1870
f 2146/2146 2126/2126 1868/1868
f 1868/1868 2245/2245 2146/2146
f 8303/8303 8337/8337 8307/8307
f 8682/8682 8304/8304 8306/8306
f 8304/8304 8303/8303 8305/8305
f 2245/2245 2141/2141 2146/2146
f 2141/2141 2142/2142 2146/2146
f 2142/2142 2144/2144 2146/2146
f 2142/2142 2143/2143 2144/2144
f 9063/9063 9062/9062 9058/9058
f 2142/2142 2141/2141 2140/2140
f 2140/2140 2143/2143 2142/2142
f 2140/2140 2148/2148 2143/2143
f 7643/7643 7658/7658 8489/8489
f 2000/2000 2140/2140 2141/2141
f 8303/8303 7870/7870 8337/8337
f 8333/8333 8645/8645 8682/8682
f 7657/7657 7658/7658 7643/7643
f 2140/2140 2139/2139 2148/2148
f 7658/7658 7657/7657 7659/7659
f 2139/2139 2150/2150 2148/2148
f 2148/2148 2149/2149 2147/2147
f 9021/9021 9024/9024 9022/9022
f 7659/7659 7657/7657 8396/8396
f 8396/8396 8398/8398 7659/7659
f 8304/8304 7871/7871 8303/8303
f 8397/8397 8396/8396 7657/7657
f 8401/8401 8397/8397 7657/7657
f 8397/8397 8398/8398 8396/8396
f 8819/8819 8820/8820 8818/8818
f 8303/8303 7871/7871 7870/7870
f 9028/9028 9027/9027 9029/9029
f 8397/8397 8673/8673 8398/8398
f 9026/9026 9027/9027 9028/9028
f 1287/1287 1289/1289 1285/1285
f 1285/1285 1282/1282 1286/1286
f 451/451 456/456 464/464
f 1287/1287 1362/1362 1289/1289
f 8401/8401 8319/8319 8318/8318
f 8318/8318 8319/8319 8317/8317
f 8318/8318 8334/8334 8673/8673
f 8333/8333 8330/8330 8645/8645
f 9062/9062 9056/9056 9058/9058
f 1286/1286 1282/1282 1315/1315
f 1289/1289 1284/1284 1285/1285
f 1282/1282 1301/1301 1315/1315
f 459/459 464/464 456/456
f 1282/1282 1285/1285 1284/1284
f 7871/7871 8304/8304 8336/8336
f 1301/1301 1282/1282 1281/1281
f 1343/1343 1290/1290 1289/1289
f 1290/1290 1284/1284 1289/1289
f 9056/9056 9057/9057 9058/9058
f 1290/1290 1303/1303 1284/1284
f 9250/9250 9251/9251 9252/9252
f 1304/1304 1284/1284 1303/1303
f 8269/8269 7948/7948 7946/7946
f 1283/1283 1282/1282 1284/1284
f 7952/7952 7951/7951 7953/7953
f 1282/1282 1272/1272 1281/1281
f 1304/1304 1283/1283 1284/1284
f 9228/9228 9222/9222 9224/9224
f 7952/7952 7950/7950 7951/7951
f 4887/4887 4888/4888 4889/4889
f 7950/7950 7947/7947 7951/7951
f 7950/7950 7949/7949 7947/7947
f 9224/9224 9222/9222 9223/9223
f 9218/9218 9223/9223 9222/9222
f 7952/7952 8260/8260 7950/7950
f 7950/7950 8704/8704 7949/7949
f 9219/9219 9218/9218 9222/9222
f 8160/8160 8159/8159 8158/8158
f 8758/8758 8260/8260 7952/7952
f 8260/8260 8704/8704 7950/7950
f 8671/8671 8672/8672 8669/8669
f 8869/8869 8868/8868 8871/8871
f 6413/6413 6414/6414 6415/6415
f 8548/8548 8549/8549 8532/8532
f 8548/8548 8532/8532 7495/7495
f 8532/8532 8521/8521 7495/7495
f 8532/8532 8522/8522 8521/8521
f 8549/8549 8580/8580 8532/8532
f 8522/8522 7508/7508 8521/8521
f 8552/8552 8580/8580 8549/8549
f 8522/8522 8523/8523 7508/7508
f 835/835 906/906 905/905
f 8580/8580 8525/8525 8532/8532
f 8525/8525 8522/8522 8532/8532
f 8580/8580 8581/8581 8525/8525
f 8524/8524 8523/8523 8522/8522
f 772/772 912/912 835/835
f 8525/8525 8524/8524 8522/8522
f 8528/8528 8526/8526 8525/8525
f 8526/8526 8524/8524 8525/8525
f 8524/8524 8530/8530 8523/8523
f 10730/10730 10726/10726 10725/10725
f 10726/10726 10722/10722 10725/10725
f 772/772 771/771 923/923
f 8529/8529 8526/8526 8528/8528
f 10727/10727 10722/10722 10726/10726
f 10727/10727 10728/10728 10722/10722
f 3848/3848 3858/3858 3856/3856
f 7398/7398 7399/7399 7400/7400
f 7400/7400 7399/7399 7401/7401
f 7316/7316 7315/7315 7317/7317
f 7317/7317 7315/7315 7318/7318
f 5576/5576 5577/5577 5578/5578
f 1832/1832 1833/1833 1838/1838
f 3864/3864 3856/3856 3858/3858
f 7318/7318 7315/7315 7319/7319
f 7323/7323 7319/7319 7315/7315
f 7318/7318 7319/7319 7320/7320
f 1832/1832 1761/1761 1833/1833
f 7321/7321 7324/7324 7320/7320
f 1831/1831 1761/1761 1832/1832
f 7414/7414 7415/7415 7416/7416
f 7311/7311 7323/7323 7308/7308
f 7319/7319 7321/7321 7320/7320
f 7414/7414 7417/7417 7415/7415
f 7310/7310 7311/7311 7308/7308
f 7414/7414 7418/7418 7417/7417
f 7310/7310 7324/7324 7311/7311
f 7308/7308 7309/7309 7310/7310
f 5878/5878 5879/5879 5854/5854
f 5878/5878 5880/5880 5879/5879
f 1848/1848 1847/1847 1764/1764
f 5855/5855 5859/5859 5854/5854
f 1848/1848 2137/2137 1847/1847
f 8108/8108 8116/8116 8666/8666
f 5854/5854 5859/5859 5878/5878
f 2137/2137 1848/1848 1729/1729
f 1730/1730 2137/2137 1729/1729
f 1728/1728 1730/1730 1729/1729
f 8388/8388 8110/8110 8486/8486
f 5855/5855 5856/5856 5857/5857
f 8387/8387 8110/8110 8388/8388
f 1728/1728 1820/1820 1730/1730
f 1727/1727 1820/1820 1728/1728
f 5859/5859 5880/5880 5878/5878
f 1845/1845 1820/1820 1727/1727
f 5858/5858 5857/5857 5856/5856
f 5857/5857 5859/5859 5855/5855
f 5883/5883 5882/5882 5880/5880
f 5859/5859 5857/5857 5881/5881
f 5881/5881 5880/5880 5859/5859
f 5858/5858 6006/6006 5857/5857
f 6006/6006 5881/5881 5857/5857
f 5881/5881 5883/5883 5880/5880
f 6005/6005 6006/6006 5858/5858
f 883/883 871/871 930/930
f 860/860 871/871 883/883
f 8201/8201 8202/8202 8282/8282
f 8202/8202 8207/8207 8282/8282
f 8207/8207 8206/8206 8208/8208
f 860/860 870/870 871/871
f 8202/8202 8206/8206 8207/8207
f 8220/8220 8208/8208 8206/8206
f 862/862 870/870 860/860
f 2675/2675 2665/2665 2674/2674
f 4094/4094 4093/4093 4095/4095
f 4092/4092 4093/4093 4087/4087
f 8202/8202 8205/8205 8206/8206
f 2678/2678 2665/2665 2675/2675
f 870/870 872/872 871/871
f 4745/4745 4740/4740 4739/4739
f 3818/3818 3819/3819 3816/3816
f 4093/4093 4094/4094 4087/4087
f 2678/2678 2686/2686 2665/2665
f 870/870 884/884 872/872
f 832/832 884/884 870/870
f 4740/4740 4738/4738 4739/4739
f 2678/2678 2677/2677 2686/2686
f 2688/2688 2689/2689 2686/2686
f 870/870 862/862 825/825
f 2686/2686 2677/2677 2688/2688
f 825/825 832/832 870/870
f 2686/2686 2689/2689 2690/2690
f 2677/2677 2687/2687 2688/2688
f 5875/5875 6058/6058 6065/6065
f 5875/5875 6057/6057 6058/6058
f 5877/5877 6057/6057 5875/5875
f 5875/5875 5872/5872 5877/5877
f 826/826 827/827 825/825
f 825/825 827/827 831/831
f 4091/4091 4089/4089 4087/4087
f 5904/5904 5877/5877 5872/5872
f 8511/8511 8515/8515 8516/8516
f 5607/5607 5608/5608 5609/5609
f 5609/5609 5608/5608 5610/5610
f 7815/7815 7828/7828 8511/8511
f 7828/7828 8512/8512 8511/8511
f 8511/8511 8512/8512 8513/8513
f 8511/8511 8514/8514 8515/8515
f 8513/8513 8514/8514 8511/8511
f 6464/6464 6465/6465 6466/6466
f 6486/6486 6487/6487 6488/6488
f 8514/8514 8516/8516 8515/8515
f 8514/8514 8518/8518 8516/8516
f 293/293 294/294 295/295
f 6333/6333 6334/6334 6335/6335
f 6335/6335 6334/6334 6336/6336
f 6337/6337 6335/6335 6336/6336
f 4823/4823 4822/4822 4824/4824
f 7821/7821 7828/7828 7815/7815
f 8513/8513 8517/8517 8514/8514
f 8512/8512 8517/8517 8513/8513
f 6338/6338 6337/6337 6336/6336
f 7828/7828 7821/7821 7829/7829
f 5461/5461 5462/5462 5463/5463
f 4806/4806 4803/4803 4805/4805
f 4823/4823 4828/4828 4827/4827
f 7821/7821 7830/7830 7829/7829
f 348/348 349/349 350/350
f 4983/4983 4982/4982 4984/4984
f 4984/4984 4982/4982 4986/4986
f 4877/4877 4878/4878 4879/4879
f 4803/4803 4804/4804 4805/4805
f 4981/4981 4982/4982 4983/4983
f 1462/1462 1464/1464 1463/1463
f 7830/7830 7832/7832 7834/7834
f 1550/1550 1464/1464 1462/1462
f 7832/7832 8504/8504 7834/7834
f 8504/8504 8562/8562 7834/7834
f 1464/1464 1465/1465 1463/1463
f 4879/4879 4880/4880 4877/4877
f 8562/8562 8504/8504 8563/8563
f 4982/4982 4981/4981 4985/4985
f 1431/1431 1465/1465 1464/1464
f 1465/1465 1431/1431 1506/1506
f 1891/1891 1890/1890 1887/1887
f 1931/1931 1891/1891 1887/1887
f 1550/1550 1428/1428 1464/1464
f 1891/1891 1901/1901 1890/1890
f 1890/1890 1901/1901 1870/1870
f 1870/1870 1901/1901 2245/2245
f 2245/2245 1901/1901 2246/2246
f 2246/2246 2141/2141 2245/2245
f 1428/1428 1431/1431 1464/1464
f 1937/1937 1932/1932 1891/1891
f 1932/1932 1901/1901 1891/1891
f 2000/2000 2246/2246 1901/1901
f 2246/2246 2000/2000 2141/2141
f 1932/1932 1933/1933 1901/1901
f 1428/1428 1430/1430 1431/1431
f 1431/1431 1456/1456 1505/1505
f 1933/1933 2000/2000 1901/1901
f 1456/1456 1431/1431 1430/1430
f 1601/1601 2139/2139 2000/2000
f 9806/9806 9807/9807 9808/9808
f 2140/2140 2000/2000 2139/2139
f 2000/2000 1933/1933 1601/1601
f 9807/9807 9842/9842 9815/9815
f 9807/9807 9803/9803 9820/9820
f 615/615 621/621 617/617
f 612/612 613/613 611/611
f 9807/9807 9906/9906 9842/9842
f 613/613 621/621 615/615
f 2225/2225 2223/2223 2230/2230
f 2230/2230 2231/2231 2225/2225
f 2223/2223 2217/2217 2229/2229
f 1453/1453 1456/1456 1430/1430
f 1638/1638 1639/1639 1640/1640
f 2224/2224 2223/2223 2225/2225
f 9841/9841 9815/9815 9842/9842
f 2224/2224 2222/2222 2223/2223
f 2223/2223 2222/2222 2217/2217
f 9807/9807 9820/9820 9906/9906
f 1430/1430 1450/1450 1453/1453
f 9803/9803 9802/9802 9820/9820
f 1450/1450 1430/1430 1452/1452
f 1453/1453 1505/1505 1456/1456
f 9842/9842 9906/9906 9907/9907
f 2217/2217 2221/2221 2215/2215
f 2224/2224 2227/2227 2222/2222
f 2222/2222 2221/2221 2217/2217
f 2220/2220 2222/2222 2227/2227
f 1446/1446 1450/1450 1452/1452
f 2220/2220 2221/2221 2222/2222
f 2220/2220 2216/2216 2221/2221
f 1639/1639 1670/1670 1640/1640
f 8609/8609 8611/8611 8613/8613
f 9802/9802 9819/9819 9820/9820
f 1446/1446 1449/1449 1450/1450
f 8607/8607 8674/8674 8631/8631
f 1637/1637 1639/1639 1638/1638
f 8611/8611 8610/8610 8612/8612
f 8674/8674 8675/8675 8631/8631
f 5951/5951 5949/5949 5950/5950
f 1450/1450 1451/1451 1453/1453
f 8609/8609 8610/8610 8611/8611
f 8606/8606 8674/8674 8607/8607
f 5951/5951 5958/5958 5949/5949
f 5958/5958 5914/5914 5949/5949
f 5400/5400 5401/5401 5402/5402
f 8674/8674 8676/8676 8675/8675
f 8870/8870 8867/8867 8869/8869
f 8603/8603 8674/8674 8604/8604
f 8676/8676 8674/8674 8603/8603
f 5401/5401 5400/5400 5403/5403
f 5956/5956 5957/5957 5951/5951
f 5951/5951 5957/5957 5958/5958
f 5403/5403 5409/5409 5401/5401
f 1308/1308 1357/1357 1255/1255
f 5957/5957 5956/5956 5916/5916
f 5957/5957 5914/5914 5958/5958
f 5914/5914 5913/5913 5912/5912
f 1308/1308 1307/1307 1304/1304
f 1857/1857 1858/1858 1854/1854
f 1858/1858 1859/1859 1854/1854
f 1872/1872 1871/1871 1857/1857
f 5914/5914 5957/5957 5916/5916
f 1871/1871 1858/1858 1857/1857
f 5401/5401 5410/5410 5402/5402
f 1874/1874 1871/1871 1872/1872
f 5916/5916 5913/5913 5914/5914
f 462/462 559/559 554/554
f 1255/1255 1307/1307 1308/1308
f 1307/1307 1306/1306 1304/1304
f 1858/1858 1860/1860 1859/1859
f 5409/5409 5410/5410 5401/5401
f 1858/1858 1871/1871 1860/1860
f 1874/1874 1876/1876 1871/1871
f 1876/1876 1864/1864 1871/1871
f 1864/1864 1860/1860 1871/1871
f 1373/1373 1266/1266 1357/1357
f 1266/1266 1255/1255 1357/1357
f 1863/1863 1860/1860 1864/1864
f 1509/1509 1507/1507 1477/1477
f 1266/1266 1373/1373 1375/1375
f 1507/1507 1478/1478 1477/1477
f 1317/1317 1306/1306 1307/1307
f 5749/5749 5746/5746 5745/5745
f 1508/1508 1478/1478 1507/1507
f 5746/5746 5742/5742 5743/5743
f 5742/5742 5738/5738 5743/5743
f 5420/5420 5402/5402 5410/5410
f 1673/1673 1670/1670 1639/1639
f 1255/1255 1317/1317 1307/1307
f 5748/5748 5742/5742 5746/5746
f 1306/1306 1317/1317 1305/1305
f 1508/1508 1516/1516 1478/1478
f 5742/5742 5739/5739 5738/5738
f 1508/1508 1512/1512 1516/1516
f 5739/5739 5742/5742 5847/5847
f 5933/5933 5847/5847 5742/5742
f 1266/1266 1254/1254 1255/1255
f 5846/5846 5739/5739 5847/5847
f 5933/5933 5903/5903 5847/5847
f 972/972 974/974 978/978
f 976/976 982/982 984/984
f 976/976 978/978 982/982
f 5934/5934 5903/5903 5933/5933
f 7111/7111 7123/7123 7125/7125
f 5307/5307 5309/5309 5308/5308
f 1266/1266 1264/1264 1254/1254
f 5307/5307 5308/5308 5305/5305
f 5305/5305 5306/5306 5307/5307
f 1255/1255 1374/1374 1317/1317
f 978/978 980/980 981/981
f 7109/7109 7123/7123 7111/7111
f 3747/3747 3748/3748 3745/3745
f 982/982 978/978 981/981
f 5308/5308 5310/5310 5305/5305
f 981/981 983/983 982/982
f 4734/4734 4742/4742 4704/4704
f 4703/4703 4701/4701 4689/4689
f 4704/4704 4702/4702 4703/4703
f 4703/4703 4702/4702 4701/4701
f 4701/4701 4702/4702 4698/4698
f 3748/3748 3749/3749 3745/3745
f 5881/5881 6006/6006 6003/6003
f 5881/5881 6003/6003 5883/5883
f 6005/6005 6003/6003 6006/6006
f 6004/6004 6003/6003 6005/6005
f 5883/5883 6003/6003 6001/6001
f 5883/5883 6001/6001 5897/5897
f 3790/3790 3747/3747 3751/3751
f 3790/3790 3748/3748 3747/3747
f 9896/9896 9894/9894 9895/9895
f 6003/6003 6002/6002 6001/6001
f 1255/1255 1258/1258 1374/1374
f 9894/9894 9892/9892 9893/9893
f 6004/6004 6002/6002 6003/6003
f 9897/9897 9899/9899 9895/9895
f 1161/1161 1160/1160 1162/1162
f 1159/1159 1160/1160 1161/1161
f 1162/1162 1160/1160 1168/1168
f 9893/9893 9895/9895 9894/9894
f 9893/9893 9897/9897 9895/9895
f 9814/9814 9809/9809 9818/9818
f 9881/9881 9863/9863 9868/9868
f 9806/9806 9810/9810 9811/9811
f 9808/9808 9810/9810 9806/9806
f 9806/9806 9811/9811 9818/9818
f 9806/9806 9818/9818 9809/9809
f 7977/7977 8534/8534 7982/7982
f 9148/9148 9146/9146 9145/9145
f 4036/4036 4037/4037 4035/4035
f 1253/1253 1255/1255 1254/1254
f 1374/1374 1258/1258 1265/1265
f 8467/8467 7877/7877 8534/8534
f 7978/7978 7977/7977 7982/7982
f 4135/4135 4039/4039 4088/4088
f 4039/4039 4087/4087 4088/4088
f 2387/2387 2390/2390 2388/2388
f 4038/4038 4037/4037 4135/4135
f 4038/4038 4035/4035 4037/4037
f 8467/8467 7878/7878 7877/7877
f 1254/1254 1251/1251 1253/1253
f 3897/3897 3895/3895 3896/3896
f 5361/5361 5362/5362 5363/5363
f 8659/8659 8467/8467 8534/8534
f 6090/6090 6085/6085 6075/6075
f 7975/7975 7977/7977 7978/7978
f 1256/1256 1251/1251 1254/1254
f 1258/1258 1255/1255 1253/1253
f 6075/6075 6081/6081 6090/6090
f 4154/4154 4038/4038 4135/4135
f 1257/1257 1259/1259 1258/1258
f 1258/1258 1259/1259 1265/1265
f 8467/8467 8300/8300 7878/7878
f 11178/11178 11179/11179 11180/11180
f 11181/11181 11182/11182 11183/11183
f 6081/6081 6075/6075 6079/6079
f 6279/6279 6278/6278 6280/6280
f 4112/4112 4111/4111 4038/4038
f 4111/4111 3992/3992 4038/4038
f 3895/3895 3888/3888 3896/3896
f 11166/11166 11167/11167 11168/11168
f 11186/11186 11187/11187 11188/11188
f 11184/11184 11182/11182 11181/11181
f 11185/11185 11182/11182 11184/11184
f 6079/6079 6075/6075 6077/6077
f 6077/6077 6078/6078 6079/6079
f 6279/6279 6277/6277 6278/6278
f 6277/6277 6276/6276 6278/6278
f 7974/7974 7973/7973 7975/7975
f 3992/3992 4111/4111 3995/3995
f 7975/7975 7976/7976 7977/7977
f 3895/3895 3889/3889 3888/3888
f 1253/1253 1257/1257 1258/1258
f 5022/5022 5023/5023 5024/5024
f 11172/11172 11173/11173 11174/11174
f 11189/11189 11190/11190 11191/11191
f 11169/11169 11170/11170 11171/11171
f 11175/11175 11176/11176 11177/11177
f 5891/5891 6070/6070 6075/6075
f 6077/6077 6075/6075 6076/6076
f 6076/6076 6078/6078 6077/6077
f 4664/4664 4665/4665 4660/4660
f 250/250 251/251 252/252
f 2386/2386 2387/2387 2388/2388
f 3889/3889 3893/3893 3891/3891
f 5492/5492 5485/5485 5493/5493
f 3894/3894 3891/3891 3893/3893
f 5488/5488 5491/5491 5485/5485
f 5485/5485 5491/5491 5493/5493
f 5488/5488 5485/5485 5487/5487
f 5489/5489 5488/5488 5487/5487
f 6076/6076 6075/6075 6070/6070
f 4658/4658 4661/4661 4659/4659
f 4661/4661 4662/4662 4659/4659
f 7047/7047 7049/7049 7048/7048
f 256/256 257/257 258/258
f 4658/4658 4659/4659 4660/4660
f 7046/7046 7048/7048 7050/7050
f 7046/7046 7047/7047 7048/7048
f 7050/7050 7051/7051 7046/7046
f 253/253 254/254 255/255
f 4660/4660 4659/4659 4663/4663
f 4664/4664 4660/4660 4663/4663
f 4664/4664 4663/4663 4665/4665
f 4989/4989 4988/4988 4993/4993
f 4994/4994 4989/4989 4993/4993
f 5494/5494 5485/5485 5492/5492
f 262/262 263/263 264/264
f 5187/5187 5186/5186 5182/5182
f 3887/3887 3889/3889 3891/3891
f 5485/5485 5486/5486 5487/5487
f 4667/4667 4666/4666 4662/4662
f 6239/6239 6236/6236 6238/6238
f 6275/6275 6276/6276 6277/6277
f 5563/5563 5562/5562 5564/5564
f 5563/5563 5559/5559 5562/5562
f 5489/5489 5487/5487 5490/5490
f 5891/5891 5892/5892 6070/6070
f 4666/4666 4659/4659 4662/4662
f 7973/7973 7976/7976 7975/7975
f 4987/4987 4992/4992 4988/4988
f 4987/4987 4988/4988 4989/4989
f 5185/5185 5183/5183 5182/5182
f 5186/5186 5185/5185 5182/5182
f 5184/5184 5183/5183 5185/5185
f 4991/4991 4990/4990 4989/4989
f 4990/4990 4987/4987 4989/4989
f 280/280 281/281 282/282
f 265/265 266/266 267/267
f 277/277 278/278 279/279
f 280/280 282/282 283/283
f 4668/4668 4666/4666 4667/4667
f 6236/6236 6237/6237 6238/6238
f 5591/5591 5592/5592 5593/5593
f 259/259 260/260 261/261
f 6056/6056 6070/6070 5892/5892
f 7117/7117 7104/7104 7108/7108
f 5363/5363 5364/5364 5361/5361
f 2386/2386 2389/2389 2387/2387
f 1527/1527 1491/1491 1526/1526
f 1644/1644 1529/1529 1491/1491
f 1517/1517 1527/1527 1526/1526
f 1252/1252 1260/1260 1262/1262
f 1260/1260 1249/1249 1262/1262
f 1527/1527 1517/1517 1629/1629
f 1248/1248 1233/1233 1247/1247
f 6764/6764 6795/6795 6843/6843
f 1527/1527 1630/1630 1491/1491
f 1630/1630 1644/1644 1491/1491
f 1260/1260 1248/1248 1249/1249
f 1517/1517 1632/1632 1629/1629
f 1629/1629 1630/1630 1527/1527
f 1227/1227 1248/1248 1260/1260
f 1263/1263 1233/1233 1248/1248
f 1841/1841 1806/1806 1801/1801
f 1644/1644 1647/1647 1529/1529
f 1227/1227 1263/1263 1248/1248
f 1794/1794 1801/1801 1802/1802
f 1793/1793 1801/1801 1794/1794
f 1802/1802 1801/1801 2049/2049
f 1632/1632 1631/1631 1629/1629
f 1631/1631 1630/1630 1629/1629
f 1234/1234 1233/1233 1231/1231
f 1231/1231 1233/1233 1232/1232
f 8618/8618 8630/8630 8615/8615
f 1792/1792 1793/1793 1794/1794
f 8657/8657 8467/8467 8659/8659
f 1793/1793 1824/1824 1801/1801
f 1630/1630 1640/1640 1644/1644
f 8613/8613 8615/8615 8630/8630
f 1791/1791 1788/1788 1792/1792
f 8613/8613 8614/8614 8615/8615
f 1630/1630 1631/1631 1638/1638
f 1638/1638 1640/1640 1630/1630
f 1263/1263 1228/1228 1233/1233
f 1228/1228 1232/1232 1233/1233
f 1788/1788 1793/1793 1792/1792
f 1788/1788 1813/1813 1793/1793
f 1229/1229 1231/1231 1232/1232
f 8613/8613 8611/8611 8614/8614
f 1813/1813 1814/1814 1793/1793
f 1227/1227 1260/1260 1261/1261
f 1793/1793 1830/1830 1824/1824
f 1814/1814 1830/1830 1793/1793
f 1824/1824 1830/1830 1827/1827
f 8467/8467 8466/8466 8300/8300
f 1222/1222 1227/1227 1261/1261
f 6775/6775 6794/6794 6795/6795
f 1222/1222 1224/1224 1227/1227
f 1224/1224 1263/1263 1227/1227
f 1228/1228 1229/1229 1232/1232
f 7296/7296 7199/7199 7200/7200
f 7199/7199 7296/7296 7341/7341
f 7199/7199 7198/7198 7200/7200
f 7198/7198 7207/7207 7200/7200
f 7205/7205 7199/7199 7341/7341
f 762/762 843/843 764/764
f 763/763 762/762 764/764
f 7205/7205 7196/7196 7199/7199
f 761/761 762/762 763/763
f 7205/7205 7195/7195 7196/7196
f 7199/7199 7196/7196 7198/7198
f 7197/7197 7198/7198 7196/7196
f 763/763 765/765 761/761
f 761/761 814/814 762/762
f 7194/7194 7196/7196 7195/7195
f 766/766 761/761 765/765
f 7194/7194 7197/7197 7196/7196
f 7201/7201 7197/7197 7194/7194
f 7194/7194 7192/7192 7193/7193
f 7192/7192 7194/7194 7195/7195
f 8617/8617 8624/8624 8620/8620
f 8879/8879 8881/8881 8890/8890
f 9806/9806 9805/9805 9803/9803
f 9806/9806 9803/9803 9807/9807
f 9809/9809 9805/9805 9806/9806
f 1973/1973 1986/1986 1990/1990
f 1986/1986 1991/1991 1990/1990
f 2275/2275 1991/1991 2287/2287
f 8258/8258 8261/8261 8255/8255
f 9817/9817 9804/9804 9805/9805
f 9803/9803 9805/9805 9804/9804
f 9804/9804 9801/9801 9803/9803
f 9803/9803 9801/9801 9802/9802
f 1976/1976 1980/1980 1986/1986
f 1979/1979 1980/1980 1978/1978
f 1976/1976 1978/1978 1980/1980
f 1986/1986 1985/1985 1992/1992
f 1980/1980 1985/1985 1986/1986
f 8887/8887 8877/8877 8880/8880
f 8612/8612 8610/8610 8631/8631
f 9187/9187 9188/9188 9186/9186
f 8877/8877 8876/8876 8880/8880
f 8688/8688 8294/8294 8693/8693
f 8880/8880 8876/8876 8879/8879
f 7889/7889 7887/7887 8294/8294
f 5791/5791 5826/5826 5790/5790
f 8876/8876 8875/8875 8879/8879
f 8875/8875 8881/8881 8879/8879
f 8297/8297 7889/7889 8294/8294
f 1418/1418 1424/1424 1422/1422
f 5825/5825 5830/5830 5827/5827
f 5105/5105 5099/5099 5106/5106
f 7890/7890 7889/7889 8297/8297
f 7892/7892 7890/7890 8297/8297
f 8886/8886 8881/8881 8874/8874
f 9200/9200 9205/9205 9204/9204
f 5791/5791 5822/5822 5825/5825
f 5807/5807 5822/5822 5791/5791
f 5832/5832 5830/5830 5825/5825
f 5832/5832 6014/6014 5830/5830
f 9206/9206 9205/9205 9200/9200
f 5785/5785 5807/5807 5833/5833
f 5821/5821 5822/5822 5807/5807
f 5822/5822 5832/5832 5825/5825
f 9207/9207 9210/9210 9205/9205
f 9206/9206 9207/9207 9205/9205
f 8870/8870 8875/8875 8876/8876
f 8875/8875 8869/8869 8881/8881
f 8874/8874 8881/8881 8869/8869
f 1986/1986 2042/2042 1991/1991
f 1991/1991 2042/2042 2287/2287
f 1986/1986 1992/1992 2042/2042
f 1500/1500 1499/1499 1497/1497
f 1562/1562 1563/1563 1497/1497
f 1564/1564 1979/1979 1978/1978
f 1562/1562 1523/1523 1563/1563
f 1563/1563 1523/1523 1564/1564
f 1497/1497 1519/1519 1562/1562
f 1564/1564 1523/1523 1688/1688
f 1688/1688 1979/1979 1564/1564
f 7271/7271 7269/7269 7283/7283
f 7269/7269 7267/7267 7283/7283
f 1496/1496 1497/1497 1498/1498
f 1496/1496 1495/1495 1497/1497
f 1495/1495 1519/1519 1497/1497
f 7270/7270 7269/7269 7271/7271
f 8531/8531 8663/8663 8530/8530
f 7512/7512 7519/7519 7514/7514
f 7280/7280 7270/7270 7271/7271
f 7580/7580 7519/7519 7512/7512
f 8663/8663 8545/8545 7512/7512
f 8988/8988 8989/8989 8990/8990
f 7270/7270 7268/7268 7269/7269
f 7580/7580 7523/7523 7521/7521
f 2119/2119 2076/2076 2078/2078
f 2073/2073 2076/2076 2119/2119
f 2217/2217 2119/2119 2229/2229
f 8988/8988 8991/8991 8989/8989
f 2119/2119 2219/2219 2073/2073
f 2073/2073 2075/2075 2076/2076
f 1805/1805 1806/1806 1807/1807
f 2217/2217 2219/2219 2119/2119
f 7526/7526 7522/7522 7523/7523
f 2219/2219 2315/2315 2073/2073
f 7582/7582 7526/7526 7523/7523
f 1806/1806 1840/1840 1807/1807
f 2217/2217 2081/2081 2219/2219
f 2081/2081 2315/2315 2219/2219
f 2073/2073 2072/2072 2075/2075
f 1840/1840 2135/2135 1807/1807
f 1840/1840 2199/2199 2135/2135
f 1806/1806 1841/1841 1840/1840
f 2081/2081 2217/2217 2215/2215
f 7269/7269 7268/7268 7267/7267
f 7268/7268 7270/7270 7272/7272
f 6223/6223 6224/6224 6225/6225
f 2215/2215 2210/2210 2081/2081
f 7272/7272 7270/7270 7273/7273
f 2073/2073 2071/2071 2072/2072
f 2216/2216 2215/2215 2221/2221
f 2073/2073 2081/2081 2071/2071
f 7268/7268 7266/7266 7267/7267
f 2081/2081 2210/2210 2071/2071
f 2071/2071 2070/2070 2072/2072
f 7274/7274 7272/7272 7273/7273
f 5972/5972 5971/5971 5947/5947
f 5749/5749 5748/5748 5746/5746
f 5971/5971 5944/5944 5947/5947
f 5942/5942 5748/5748 5944/5944
f 5969/5969 5971/5971 5972/5972
f 7841/7841 7837/7837 8338/8338
f 5942/5942 5933/5933 5748/5748
f 5748/5748 5933/5933 5742/5742
f 7841/7841 7839/7839 7837/7837
f 7839/7839 7838/7838 7837/7837
f 2301/2301 2106/2106 2138/2138
f 2301/2301 2115/2115 2106/2106
f 5944/5944 5943/5943 5942/5942
f 2138/2138 2155/2155 2301/2301
f 2182/2182 2155/2155 2181/2181
f 5942/5942 5934/5934 5933/5933
f 2182/2182 2179/2179 2155/2155
f 5967/5967 5970/5970 5971/5971
f 5971/5971 5943/5943 5944/5944
f 2182/2182 2175/2175 2176/2176
f 2179/2179 2182/2182 2176/2176
f 7840/7840 7838/7838 7839/7839
f 5970/5970 5943/5943 5971/5971
f 2178/2178 2179/2179 2176/2176
f 5941/5941 5942/5942 5943/5943
f 7844/7844 7838/7838 7840/7840
f 7840/7840 8536/8536 7844/7844
f 2180/2180 2183/2183 2178/2178
f 2173/2173 2177/2177 2176/2176
f 2177/2177 2178/2178 2176/2176
f 2177/2177 2180/2180 2178/2178
f 9162/9162 9156/9156 9160/9160
f 9156/9156 9157/9157 9160/9160
f 8473/8473 8474/8474 8475/8475
f 2252/2252 2180/2180 2177/2177
f 9157/9157 9156/9156 9155/9155
f 8473/8473 8298/8298 8474/8474
f 549/549 548/548 499/499
f 549/549 542/542 548/548
f 542/542 541/541 548/548
f 508/508 542/542 544/544
f 542/542 508/508 541/541
f 541/541 508/508 472/472
f 509/509 508/508 544/544
f 501/501 508/508 509/509
f 561/561 501/501 509/509
f 507/507 472/472 508/508
f 11104/11104 11102/11102 11099/11099
f 11102/11102 11104/11104 11105/11105
f 501/501 502/502 508/508
f 505/505 507/507 508/508
f 502/502 505/505 508/508
f 11118/11118 11115/11115 11124/11124
f 505/505 506/506 507/507
f 507/507 506/506 447/447
f 6012/6012 6039/6039 6022/6022
f 6012/6012 6022/6022 6005/6005
f 5650/5650 5651/5651 5652/5652
f 6039/6039 5911/5911 6047/6047
f 6022/6022 6004/6004 6005/6005
f 5335/5335 5334/5334 5332/5332
f 3910/3910 3912/3912 3913/3913
f 3910/3910 3909/3909 3908/3908
f 5330/5330 5331/5331 5332/5332
f 6021/6021 6022/6022 5917/5917
f 6021/6021 6004/6004 6022/6022
f 5334/5334 5333/5333 5332/5332
f 5333/5333 5330/5330 5332/5332
f 3909/3909 3911/3911 3907/3907
f 3907/3907 3908/3908 3909/3909
f 1157/1157 1158/1158 1159/1159
f 1159/1159 1158/1158 1160/1160
f 9883/9883 9882/9882 9860/9860
f 9864/9864 9883/9883 9860/9860
f 9881/9881 9883/9883 9864/9864
f 9864/9864 9863/9863 9881/9881
f 1750/1750 1782/1782 1779/1779
f 4771/4771 4766/4766 4746/4746
f 1717/1717 1750/1750 1776/1776
f 4771/4771 4746/4746 4772/4772
f 2411/2411 2413/2413 2408/2408
f 977/977 976/976 979/979
f 1750/1750 1778/1778 1776/1776
f 1482/1482 1532/1532 1533/1533
f 2408/2408 2407/2407 2411/2411
f 1779/1779 1778/1778 1750/1750
f 5433/5433 5432/5432 5431/5431
f 5432/5432 5429/5429 5431/5431
f 1474/1474 1473/1473 1472/1472
f 5428/5428 5429/5429 5430/5430
f 5431/5431 5429/5429 5428/5428
f 3832/3832 3830/3830 3833/3833
f 1532/1532 1475/1475 1533/1533
f 5432/5432 5435/5435 5434/5434
f 1475/1475 1474/1474 1533/1533
f 1777/1777 1775/1775 1778/1778
f 1778/1778 1775/1775 1776/1776
f 1776/1776 1775/1775 1717/1717
f 2414/2414 2412/2412 2407/2407
f 2411/2411 2407/2407 2412/2412
f 1474/1474 1475/1475 1473/1473
f 1778/1778 1780/1780 1777/1777
f 5429/5429 5432/5432 5434/5434
f 3830/3830 3827/3827 3831/3831
f 1780/1780 1778/1778 1781/1781
f 2412/2412 2414/2414 2415/2415
f 1532/1532 1531/1531 1475/1475
f 5429/5429 5436/5436 5430/5430
f 5429/5429 5434/5434 5436/5436
f 982/982 989/989 984/984
f 7159/7159 7161/7161 7162/7162
f 7161/7161 7356/7356 7162/7162
f 1775/1775 1718/1718 1717/1717
f 1509/1509 1477/1477 1531/1531
f 1531/1531 1477/1477 1475/1475
f 989/989 990/990 984/984
f 3828/3828 3830/3830 3832/3832
f 3827/3827 3830/3830 3828/3828
f 3826/3826 3827/3827 3828/3828
f 7160/7160 7161/7161 7159/7159
f 5899/5899 5896/5896 5998/5998
f 5998/5998 6013/6013 5899/5899
f 1777/1777 1780/1780 1555/1555
f 1777/1777 1718/1718 1775/1775
f 6000/6000 5999/5999 5998/5998
f 3829/3829 3827/3827 3826/3826
f 4689/4689 4690/4690 4691/4691
f 4691/4691 4734/4734 4704/4704
f 4691/4691 4704/4704 4703/4703
f 7356/7356 7161/7161 7165/7165
f 9871/9871 9870/9870 9872/9872
f 3379/3379 3377/3377 3376/3376
f 3371/3371 3376/3376 3377/3377
f 1477/1477 1476/1476 1475/1475
f 4736/4736 4734/4734 4691/4691
f 7160/7160 7163/7163 7161/7161
f 7161/7161 7164/7164 7165/7165
f 4703/4703 4689/4689 4691/4691
f 8016/8016 8015/8015 8019/8019
f 7161/7161 7163/7163 7164/7164
f 8422/8422 8068/8068 8726/8726
f 3686/3686 3676/3676 3675/3675
f 5152/5152 5150/5150 5149/5149
f 3635/3635 3636/3636 3637/3637
f 3636/3636 3640/3640 3637/3637
f 8277/8277 8068/8068 8422/8422
f 8014/8014 8015/8015 8016/8016
f 31/31 32/32 33/33
f 3635/3635 3638/3638 3636/3636
f 3638/3638 3640/3640 3636/3636
f 9099/9099 9100/9100 9095/9095
f 8025/8025 8014/8014 8016/8016
f 1508/1508 1507/1507 1510/1510
f 9100/9100 9101/9101 9095/9095
f 1513/1513 1511/1511 1510/1510
f 8553/8553 8014/8014 8025/8025
f 7359/7359 7185/7185 7160/7160
f 7160/7160 7185/7185 7163/7163
f 8013/8013 8015/8015 8014/8014
f 1510/1510 1511/1511 1508/1508
f 8065/8065 8067/8067 8068/8068
f 5353/5353 5345/5345 5354/5354
f 3635/3635 3639/3639 3638/3638
f 8072/8072 8065/8065 8068/8068
f 3639/3639 3640/3640 3638/3638
f 7255/7255 7253/7253 7254/7254
f 3648/3648 3649/3649 3646/3646
f 1511/1511 1512/1512 1508/1508
f 7163/7163 7185/7185 7164/7164
f 7253/7253 7252/7252 7250/7250
f 5352/5352 5345/5345 5353/5353
f 5349/5349 5345/5345 5352/5352
f 3635/3635 3641/3641 3639/3639
f 3641/3641 3640/3640 3639/3639
f 7255/7255 7292/7292 7253/7253
f 7185/7185 7167/7167 7164/7164
f 1396/1396 1512/1512 1511/1511
f 5346/5346 5345/5345 5349/5349
f 3635/3635 3647/3647 3641/3641
f 3647/3647 3640/3640 3641/3641
f 7359/7359 7171/7171 7185/7185
f 7185/7185 7171/7171 7167/7167
f 7171/7171 7170/7170 7167/7167
f 3640/3640 3635/3635 3657/3657
f 3640/3640 3647/3647 3635/3635
f 3653/3653 3648/3648 3640/3640
f 3657/3657 3653/3653 3640/3640
f 2130/2130 1696/1696 1416/1416
f 1696/1696 2130/2130 2247/2247
f 2130/2130 2258/2258 2247/2247
f 7292/7292 7251/7251 7253/7253
f 4233/4233 4232/4232 4234/4234
f 7292/7292 7258/7258 7260/7260
f 7383/7383 7384/7384 7385/7385
f 7772/7772 7705/7705 7716/7716
f 3657/3657 3750/3750 3653/3653
f 1416/1416 1977/1977 2130/2130
f 3795/3795 3635/3635 3776/3776
f 3991/3991 3990/3990 3993/3993
f 7258/7258 7259/7259 7260/7260
f 7772/7772 7701/7701 7705/7705
f 7704/7704 7706/7706 7705/7705
f 7384/7384 7386/7386 7385/7385
f 3990/3990 3994/3994 3993/3993
f 7701/7701 7772/7772 8636/8636
f 1676/1676 1977/1977 1416/1416
f 3776/3776 3773/3773 3795/3795
f 3775/3775 3773/3773 3776/3776
f 7701/7701 7704/7704 7705/7705
f 6527/6527 6529/6529 6528/6528
f 7702/7702 7704/7704 7701/7701
f 37/37 38/38 39/39
f 7261/7261 7349/7349 7260/7260
f 3991/3991 3989/3989 3990/3990
f 4035/4035 3992/3992 3991/3991
f 1676/1676 2160/2160 1977/1977
f 2160/2160 2317/2317 1977/1977
f 3992/3992 3989/3989 3991/3991
f 3989/3989 3982/3982 3990/3990
f 7259/7259 7261/7261 7260/7260
f 2271/2271 2113/2113 2112/2112
f 3992/3992 4035/4035 4038/4038
f 3773/3773 3766/3766 3635/3635
f 7703/7703 7698/7698 7701/7701
f 7262/7262 7259/7259 7263/7263
f 7261/7261 7259/7259 7262/7262
f 3750/3750 3746/3746 3653/3653
f 7698/7698 7700/7700 7701/7701
f 7701/7701 7700/7700 7702/7702
f 7774/7774 7702/7702 8706/8706
f 3992/3992 3988/3988 3989/3989
f 8706/8706 7702/7702 7700/7700
f 3766/3766 3765/3765 3635/3635
f 3635/3635 3765/3765 3750/3750
f 3988/3988 3992/3992 3995/3995
f 2160/2160 1983/1983 2317/2317
f 3995/3995 3987/3987 3988/3988
f 7698/7698 7699/7699 7700/7700
f 2317/2317 1983/1983 2318/2318
f 3988/3988 3987/3987 3974/3974
f 7699/7699 7698/7698 7697/7697
f 7103/7103 7121/7121 7108/7108
f 3995/3995 4034/4034 3987/3987
f 7700/7700 7699/7699 8706/8706
f 3987/3987 4034/4034 4157/4157
f 3757/3757 3770/3770 3771/3771
f 3754/3754 3750/3750 3765/3765
f 3770/3770 3757/3757 3769/3769
f 3757/3757 3755/3755 3769/3769
f 3754/3754 3768/3768 3755/3755
f 3755/3755 3753/3753 3754/3754
f 1502/1502 2160/2160 1676/1676
f 3753/3753 3750/3750 3754/3754
f 3750/3750 3747/3747 3746/3746
f 2160/2160 2159/2159 1983/1983
f 3755/3755 3757/3757 3756/3756
f 3756/3756 3753/3753 3755/3755
f 3756/3756 3752/3752 3753/3753
f 3752/3752 3750/3750 3753/3753
f 3750/3750 3751/3751 3747/3747
f 2159/2159 1984/1984 1983/1983
f 7750/7750 7759/7759 7748/7748
f 7752/7752 7757/7757 7758/7758
f 7757/7757 7752/7752 7749/7749
f 7749/7749 7752/7752 7751/7751
f 7749/7749 7750/7750 7748/7748
f 7753/7753 7751/7751 7752/7752
f 7754/7754 7753/7753 7752/7752
f 8643/8643 7753/7753 7754/7754
f 7750/7750 8385/8385 7761/7761
f 8963/8963 8964/8964 8965/8965
f 7749/7749 7751/7751 7750/7750
f 8965/8965 8966/8966 8963/8963
f 8643/8643 7756/7756 7753/7753
f 7756/7756 7755/7755 7753/7753
f 7753/7753 7755/7755 7751/7751
f 8982/8982 8983/8983 8980/8980
f 8967/8967 8965/8965 8964/8964
f 475/475 474/474 476/476
f 474/474 473/473 469/469
f 473/473 474/474 475/475
f 482/482 473/473 475/475
f 499/499 470/470 473/473
f 495/495 499/499 473/473
f 495/495 549/549 499/499
f 482/482 495/495 473/473
f 544/544 549/549 495/495
f 866/866 853/853 863/863
f 863/863 853/853 857/857
f 854/854 855/855 853/853
f 853/853 855/855 857/857
f 857/857 855/855 858/858
f 1392/1392 1389/1389 1391/1391
f 7765/7765 7766/7766 7768/7768
f 9067/9067 9068/9068 9069/9069
f 869/869 856/856 854/854
f 8142/8142 8146/8146 8144/8144
f 856/856 855/855 854/854
f 856/856 865/865 855/855
f 8143/8143 8748/8748 8147/8147
f 8143/8143 8145/8145 8748/8748
f 8144/8144 8145/8145 8143/8143
f 868/868 865/865 856/856
f 8144/8144 8239/8239 8145/8145
f 7768/7768 7763/7763 7765/7765
f 8146/8146 8239/8239 8144/8144
f 7764/7764 7766/7766 7765/7765
f 9268/9268 9264/9264 9269/9269
f 9268/9268 9265/9265 9264/9264
f 9263/9263 9264/9264 9265/9265
f 8191/8191 8192/8192 8193/8193
f 4693/4693 4697/4697 4696/4696
f 9266/9266 9265/9265 9267/9267
f 9263/9263 9265/9265 9266/9266
f 8190/8190 8195/8195 8192/8192
f 818/818 869/869 840/840
f 869/869 818/818 856/856
f 818/818 868/868 856/856
f 4689/4689 4701/4701 4695/4695
f 4692/4692 4693/4693 4694/4694
f 4694/4694 4693/4693 4696/4696
f 4698/4698 4695/4695 4701/4701
f 7764/7764 7767/7767 7766/7766
f 868/868 818/818 819/819
f 8078/8078 8409/8409 8020/8020
f 8681/8681 8078/8078 8747/8747
f 8080/8080 8015/8015 8020/8020
f 8020/8020 8409/8409 8080/8080
f 840/840 808/808 818/818
f 818/818 807/807 819/819
f 8078/8078 8250/8250 8747/8747
f 4695/4695 4693/4693 4689/4689
f 4689/4689 4693/4693 4692/4692
f 8020/8020 8015/8015 8018/8018
f 8078/8078 8020/8020 8021/8021
f 8021/8021 8250/8250 8078/8078
f 9140/9140 9141/9141 9142/9142
f 8498/8498 7767/7767 7764/7764
f 8021/8021 8020/8020 8018/8018
f 7763/7763 7764/7764 7765/7765
f 4695/4695 4697/4697 4693/4693
f 8021/8021 8018/8018 8031/8031
f 7747/7747 7748/7748 7763/7763
f 9080/9080 9081/9081 9082/9082
f 8972/8972 8975/8975 8973/8973
f 8015/8015 8013/8013 8018/8018
f 8498/8498 8723/8723 7767/7767
f 7989/7989 8250/8250 8687/8687
f 8013/8013 8022/8022 8018/8018
f 8031/8031 8687/8687 8021/8021
f 8395/8395 8031/8031 8018/8018
f 8022/8022 8395/8395 8018/8018
f 7759/7759 7764/7764 7763/7763
f 8971/8971 8972/8972 8973/8973
f 8037/8037 8038/8038 8039/8039
f 8035/8035 8036/8036 8037/8037
f 8036/8036 8038/8038 8037/8037
f 8036/8036 8045/8045 8038/8038
f 8032/8032 8045/8045 8034/8034
f 8034/8034 8045/8045 8036/8036
f 8045/8045 8041/8041 8038/8038
f 8681/8681 8045/8045 8032/8032
f 9046/9046 9048/9048 9045/9045
f 9045/9045 9034/9034 9046/9046
f 8681/8681 8032/8032 8019/8019
f 8681/8681 8578/8578 8579/8579
f 8019/8019 8080/8080 8681/8681
f 8578/8578 8577/8577 8579/8579
f 8080/8080 8409/8409 8681/8681
f 9092/9092 9093/9093 9094/9094
f 1789/1789 1788/1788 1790/1790
f 8409/8409 8078/8078 8681/8681
f 1789/1789 1739/1739 1788/1788
f 8734/8734 8732/8732 8733/8733
f 1553/1553 1612/1612 1609/1609
f 1613/1613 1646/1646 1649/1649
f 1614/1614 1612/1612 1553/1553
f 1619/1619 1646/1646 1613/1613
f 8622/8622 8623/8623 8626/8626
f 8627/8627 8626/8626 8623/8623
f 8621/8621 8623/8623 8622/8622
f 8837/8837 8841/8841 8840/8840
f 1739/1739 1740/1740 1390/1390
f 481/481 479/479 558/558
f 479/479 480/480 538/538
f 539/539 537/537 540/540
f 8629/8629 8628/8628 8623/8623
f 1732/1732 1740/1740 1739/1739
f 481/481 478/478 479/479
f 478/478 476/476 479/479
f 480/480 536/536 537/537
f 479/479 476/476 480/480
f 476/476 536/536 480/480
f 536/536 573/573 537/537
f 574/574 573/573 536/536
f 4764/4764 4761/4761 4768/4768
f 477/477 476/476 478/478
f 2295/2295 2294/2294 2297/2297
f 1732/1732 1729/1729 1740/1740
f 4760/4760 4761/4761 4764/4764
f 477/477 475/475 476/476
f 2298/2298 2296/2296 2297/2297
f 2296/2296 2295/2295 2297/2297
f 2317/2317 2318/2318 1977/1977
f 8403/8403 8402/8402 8404/8404
f 1983/1983 1977/1977 2318/2318
f 1983/1983 1564/1564 1977/1977
f 1984/1984 1564/1564 1983/1983
f 1564/1564 1978/1978 1977/1977
f 8837/8837 8834/8834 8843/8843
f 5795/5795 5793/5793 5792/5792
f 5792/5792 5834/5834 5796/5796
f 5834/5834 5792/5792 5790/5790
f 8836/8836 8833/8833 8834/8834
f 8448/8448 8446/8446 8447/8447
f 5793/5793 5789/5789 5792/5792
f 5789/5789 5790/5790 5792/5792
f 1306/1306 1305/1305 1304/1304
f 1283/1283 1272/1272 1282/1282
f 1305/1305 1283/1283 1304/1304
f 5788/5788 5790/5790 5789/5789
f 1317/1317 1271/1271 1305/1305
f 1305/1305 1271/1271 1283/1283
f 1271/1271 1272/1272 1283/1283
f 1374/1374 1273/1273 1317/1317
f 1273/1273 1271/1271 1317/1317
f 463/463 458/458 449/449
f 6552/6552 6553/6553 6551/6551
f 458/458 459/459 456/456
f 518/518 460/460 463/463
f 1271/1271 1270/1270 1272/1272
f 460/460 458/458 463/463
f 6551/6551 6547/6547 6552/6552
f 458/458 460/460 459/459
f 657/657 460/460 518/518
f 6551/6551 6550/6550 6547/6547
f 6670/6670 6550/6550 6551/6551
f 1374/1374 1265/1265 1273/1273
f 1273/1273 1268/1268 1271/1271
f 1268/1268 1270/1270 1271/1271
f 1216/1216 1246/1246 1217/1217
f 1270/1270 1279/1279 1272/1272
f 461/461 459/459 460/460
f 462/462 461/461 460/460
f 1308/1308 1290/1290 1343/1343
f 1290/1290 1304/1304 1303/1303
f 554/554 461/461 462/462
f 1308/1308 1304/1304 1290/1290
f 1246/1246 1216/1216 1210/1210
f 1265/1265 1259/1259 1273/1273
f 5969/5969 5985/5985 5968/5968
f 1208/1208 1216/1216 1214/1214
f 5968/5968 5967/5967 5969/5969
f 5967/5967 5971/5971 5969/5969
f 1259/1259 1268/1268 1273/1273
f 1208/1208 1209/1209 1216/1216
f 1210/1210 1216/1216 1209/1209
f 1207/1207 1210/1210 1209/1209
f 1268/1268 1269/1269 1270/1270
f 1441/1441 1443/1443 1442/1442
f 1434/1434 1438/1438 1441/1441
f 1436/1436 1438/1438 1434/1434
f 1604/1604 1605/1605 1441/1441
f 1438/1438 1604/1604 1441/1441
f 1438/1438 1606/1606 1604/1604
f 1606/1606 1438/1438 1683/1683
f 1606/1606 1683/1683 1665/1665
f 1606/1606 1665/1665 1604/1604
f 1692/1692 1665/1665 1683/1683
f 175/175 176/176 177/177
f 1440/1440 1423/1423 1438/1438
f 1665/1665 1691/1691 1689/1689
f 1683/1683 1438/1438 1559/1559
f 1559/1559 1692/1692 1683/1683
f 1423/1423 1558/1558 1438/1438
f 1438/1438 1558/1558 1559/1559
f 1692/1692 1689/1689 1691/1691
f 1558/1558 1560/1560 1559/1559
f 1560/1560 1692/1692 1559/1559
f 5502/5502 5501/5501 5503/5503
f 1706/1706 1963/1963 1727/1727
f 1698/1698 1708/1708 1706/1706
f 1963/1963 1706/1706 1708/1708
f 1695/1695 2161/2161 1708/1708
f 1898/1898 1931/1931 1887/1887
f 2132/2132 1931/1931 1898/1898
f 1937/1937 1891/1891 1931/1931
f 2132/2132 1937/1937 1931/1931
f 2132/2132 2133/2133 1937/1937
f 2133/2133 2128/2128 1937/1937
f 8710/8710 7899/7899 8711/8711
f 1937/1937 2128/2128 2127/2127
f 1932/1932 1937/1937 2127/2127
f 2127/2127 2128/2128 2043/2043
f 7899/7899 7900/7900 7893/7893
f 2128/2128 2129/2129 2043/2043
f 2043/2043 1932/1932 2127/2127
f 7899/7899 8710/8710 8495/8495
f 8690/8690 8694/8694 8695/8695
f 703/703 707/707 705/705
f 8710/8710 8270/8270 8698/8698
f 8710/8710 8698/8698 8495/8495
f 8661/8661 8694/8694 8690/8690
f 7714/7714 8661/8661 8690/8690
f 8697/8697 8694/8694 8661/8661
f 742/742 707/707 743/743
f 8698/8698 8273/8273 8495/8495
f 742/742 744/744 707/707
f 8270/8270 7931/7931 8698/8698
f 7708/7708 7773/7773 7714/7714
f 7714/7714 7773/7773 8661/8661
f 742/742 743/743 739/739
f 7707/7707 8661/8661 7773/7773
f 740/740 741/741 742/742
f 7927/7927 8634/8634 7931/7931
f 9213/9213 9212/9212 9215/9215
f 9212/9212 9213/9213 9214/9214
f 7592/7592 7583/7583 7591/7591
f 7592/7592 7594/7594 7583/7583
f 7595/7595 7594/7594 7592/7592
f 7608/7608 7583/7583 7594/7594
f 2374/2374 2373/2373 2376/2376
f 7595/7595 7608/7608 7594/7594
f 447/447 448/448 446/446
f 2372/2372 2373/2373 2374/2374
f 7608/7608 7572/7572 7583/7583
f 211/211 212/212 213/213
f 449/449 448/448 447/447
f 8930/8930 8928/8928 8929/8929
f 448/448 450/450 446/446
f 2372/2372 2375/2375 2373/2373
f 9977/9977 10003/10003 9978/9978
f 8928/8928 8927/8927 8929/8929
f 9962/9962 9977/9977 9978/9978
f 448/448 451/451 450/450
f 7595/7595 7598/7598 7608/7608
f 6287/6287 6288/6288 6289/6289
f 7608/7608 7598/7598 7601/7601
f 449/449 458/458 448/448
f 458/458 456/456 448/448
f 10084/10084 10085/10085 10086/10086
f 516/516 463/463 514/514
f 2377/2377 2375/2375 2372/2372
f 2378/2378 2375/2375 2377/2377
f 9964/9964 10044/10044 9966/9966
f 9974/9974 10044/10044 9964/9964
f 7597/7597 7598/7598 7595/7595
f 7600/7600 7601/7601 7598/7598
f 7597/7597 7599/7599 7598/7598
f 7598/7598 7599/7599 7600/7600
f 5879/5879 5886/5886 5873/5873
f 7600/7600 7602/7602 7601/7601
f 8926/8926 8927/8927 8928/8928
f 5880/5880 5882/5882 5879/5879
f 5879/5879 5882/5882 5886/5886
f 3685/3685 3686/3686 3687/3687
f 3683/3683 3686/3686 3685/3685
f 5883/5883 5884/5884 5882/5882
f 5882/5882 5884/5884 5885/5885
f 5885/5885 5896/5896 5888/5888
f 10122/10122 10123/10123 10124/10124
f 9842/9842 9844/9844 9843/9843
f 5884/5884 5896/5896 5885/5885
f 10120/10120 10122/10122 10119/10119
f 10122/10122 10120/10120 10123/10123
f 10123/10123 10120/10120 10118/10118
f 10119/10119 10116/10116 10120/10120
f 4022/4022 4020/4020 4023/4023
f 4025/4025 4023/4023 4026/4026
f 4025/4025 4024/4024 4023/4023
f 4024/4024 4022/4022 4023/4023
f 4047/4047 4024/4024 4025/4025
f 5067/5067 5068/5068 5069/5069
f 4044/4044 4045/4045 4025/4025
f 4025/4025 4045/4045 4047/4047
f 4047/4047 4015/4015 4022/4022
f 4045/4045 4046/4046 4047/4047
f 4046/4046 4015/4015 4047/4047
f 4046/4046 3993/3993 4015/4015
f 1716/1716 1715/1715 1714/1714
f 4046/4046 4045/4045 3991/3991
f 3991/3991 3993/3993 4046/4046
f 1717/1717 1715/1715 1716/1716
f 1714/1714 1715/1715 1713/1713
f 1718/1718 1715/1715 1717/1717
f 3646/3646 3649/3649 3651/3651
f 3649/3649 3650/3650 3651/3651
f 3651/3651 3650/3650 3656/3656
f 3650/3650 3693/3693 3656/3656
f 3693/3693 3694/3694 3695/3695
f 3650/3650 3694/3694 3693/3693
f 3652/3652 3649/3649 3648/3648
f 3649/3649 3668/3668 3650/3650
f 3741/3741 3650/3650 3668/3668
f 5232/5232 5235/5235 5236/5236
f 790/790 788/788 801/801
f 3649/3649 3652/3652 3668/3668
f 790/790 789/789 788/788
f 3653/3653 3652/3652 3648/3648
f 3668/3668 3744/3744 3798/3798
f 790/790 791/791 789/789
f 787/787 785/785 788/788
f 3746/3746 3652/3652 3653/3653
f 789/789 787/787 788/788
f 3744/3744 3668/3668 3652/3652
f 791/791 837/837 789/789
f 837/837 787/787 789/789
f 787/787 786/786 785/785
f 3652/3652 3746/3746 3744/3744
f 787/787 901/901 786/786
f 844/844 837/837 916/916
f 3745/3745 3744/3744 3746/3746
f 837/837 844/844 787/787
f 844/844 901/901 787/787
f 760/760 844/844 916/916
f 760/760 901/901 844/844
f 3746/3746 3747/3747 3745/3745
f 916/916 756/756 760/760
f 4699/4699 4707/4707 4706/4706
f 4706/4706 4708/4708 4686/4686
f 4705/4705 4699/4699 4686/4686
f 4686/4686 4699/4699 4706/4706
f 7896/7896 7895/7895 7900/7900
f 7900/7900 8495/8495 7898/7898
f 7900/7900 7898/7898 7896/7896
f 8495/8495 7900/7900 7899/7899
f 8273/8273 7898/7898 8495/8495
f 8273/8273 7901/7901 7898/7898
f 7901/7901 8273/8273 7904/7904
f 8698/8698 7904/7904 8273/8273
f 8698/8698 7909/7909 7904/7904
f 1699/1699 1693/1693 1698/1698
f 1699/1699 1702/1702 1703/1703
f 1704/1704 1818/1818 1699/1699
f 1818/1818 1693/1693 1699/1699
f 1703/1703 1704/1704 1699/1699
f 1709/1709 1703/1703 1705/1705
f 1710/1710 1709/1709 1705/1705
f 1818/1818 1704/1704 1585/1585
f 1709/1709 1704/1704 1703/1703
f 2243/2243 2242/2242 2319/2319
f 1994/1994 1709/1709 1710/1710
f 2319/2319 2242/2242 2241/2241
f 2242/2242 2240/2240 2241/2241
f 1585/1585 1417/1417 1818/1818
f 1709/1709 1994/1994 1585/1585
f 1709/1709 1585/1585 1704/1704
f 2055/2055 2242/2242 2057/2057
f 2055/2055 1955/1955 2242/2242
f 2242/2242 1955/1955 2240/2240
f 2055/2055 2054/2054 1955/1955
f 2055/2055 2056/2056 2054/2054
f 2056/2056 2198/2198 2054/2054
f 2198/2198 2162/2162 2054/2054
f 2257/2257 2198/2198 2056/2056
f 6035/6035 6032/6032 6036/6036
f 2198/2198 2197/2197 2162/2162
f 2256/2256 2197/2197 2198/2198
f 6034/6034 6032/6032 6035/6035
f 2197/2197 2256/2256 2196/2196
f 7496/7496 7499/7499 7500/7500
f 7499/7499 7496/7496 7495/7495
f 5941/5941 5934/5934 5942/5942
f 1522/1522 1525/1525 1521/1521
f 5940/5940 5941/5941 5943/5943
f 1524/1524 1556/1556 1522/1522
f 5967/5967 5945/5945 5970/5970
f 1556/1556 1525/1525 1522/1522
f 5943/5943 5970/5970 5945/5945
f 5938/5938 5934/5934 5941/5941
f 5945/5945 5940/5940 5943/5943
f 5940/5940 5938/5938 5941/5941
f 5938/5938 5935/5935 5934/5934
f 5946/5946 5940/5940 5945/5945
f 860/860 883/883 929/929
f 1212/1212 1214/1214 1215/1215
f 6840/6840 6803/6803 6768/6768
f 1212/1212 1208/1208 1214/1214
f 1211/1211 1212/1212 1213/1213
f 3723/3723 3720/3720 3791/3791
f 3723/3723 3722/3722 3720/3720
f 1212/1212 1211/1211 1208/1208
f 860/860 861/861 862/862
f 3720/3720 3722/3722 3719/3719
f 3719/3719 3716/3716 3720/3720
f 864/864 862/862 861/861
f 867/867 868/868 864/864
f 3721/3721 3720/3720 3716/3716
f 862/862 864/864 820/820
f 868/868 820/820 864/864
f 6615/6615 6639/6639 6614/6614
f 6623/6623 6610/6610 6611/6611
f 6612/6612 6610/6610 6623/6623
f 8648/8648 7599/7599 8493/8493
f 7599/7599 8648/8648 7602/7602
f 8412/8412 8648/8648 8493/8493
f 8648/8648 8759/8759 7602/7602
f 1590/1590 1591/1591 1589/1589
f 8412/8412 8759/8759 8648/8648
f 7616/7616 8412/8412 8493/8493
f 1591/1591 1590/1590 1623/1623
f 1623/1623 1615/1615 1624/1624
f 7614/7614 7616/7616 8493/8493
f 1590/1590 1615/1615 1623/1623
f 1621/1621 1610/1610 1620/1620
f 1610/1610 1590/1590 1620/1620
f 1621/1621 1622/1622 1610/1610
f 1590/1590 1610/1610 1615/1615
f 8369/8369 8702/8702 8368/8368
f 1610/1610 1611/1611 1615/1615
f 9130/9130 9131/9131 9132/9132
f 1615/1615 1611/1611 1616/1616
f 1554/1554 1609/1609 1610/1610
f 7616/7616 7617/7617 8412/8412
f 8908/8908 8909/8909 8910/8910
f 8909/8909 8916/8916 8910/8910
f 1609/1609 1611/1611 1610/1610
f 1650/1650 1615/1615 1616/1616
f 1612/1612 1611/1611 1609/1609
f 1649/1649 1616/1616 1611/1611
f 8733/8733 8732/8732 8731/8731
f 1613/1613 1649/1649 1611/1611
f 7615/7615 7617/7617 7616/7616
f 1613/1613 1611/1611 1612/1612
f 8908/8908 8911/8911 8909/8909
f 8912/8912 8909/8909 8911/8911
f 7615/7615 7618/7618 7617/7617
f 1502/1502 2159/2159 2160/2160
f 1662/1662 2159/2159 1502/1502
f 2159/2159 1564/1564 1984/1984
f 2159/2159 1662/1662 1564/1564
f 1564/1564 1662/1662 1563/1563
f 1662/1662 1500/1500 1497/1497
f 1662/1662 1497/1497 1563/1563
f 1498/1498 1497/1497 1499/1499
f 821/821 826/826 825/825
f 826/826 828/828 827/827
f 2153/2153 2192/2192 2154/2154
f 2154/2154 2192/2192 2206/2206
f 2192/2192 2207/2207 2206/2206
f 2207/2207 1435/1435 1672/1672
f 827/827 829/829 830/830
f 829/829 836/836 830/830
f 824/824 826/826 821/821
f 2192/2192 1435/1435 2207/2207
f 824/824 920/920 826/826
f 2192/2192 2153/2153 1599/1599
f 1599/1599 1435/1435 2192/2192
f 1586/1586 1435/1435 1599/1599
f 1586/1586 1437/1437 1435/1435
f 828/828 829/829 827/827
f 1599/1599 1587/1587 1586/1586
f 1437/1437 1586/1586 1587/1587
f 920/920 828/828 826/826
f 1587/1587 1548/1548 1437/1437
f 1435/1435 1437/1437 1436/1436
f 1436/1436 1434/1434 1435/1435
f 1587/1587 1597/1597 1548/1548
f 1180/1180 1436/1436 1437/1437
f 1548/1548 1179/1179 1437/1437
f 1179/1179 1180/1180 1437/1437
f 1180/1180 1440/1440 1436/1436
f 828/828 920/920 775/775
f 824/824 775/775 920/920
f 8769/8769 8768/8768 8765/8765
f 8768/8768 8764/8764 8765/8765
f 5704/5704 5706/5706 5715/5715
f 5706/5706 5717/5717 5715/5715
f 5706/5706 5718/5718 5717/5717
f 5703/5703 5718/5718 5706/5706
f 9873/9873 9876/9876 9875/9875
f 9875/9875 9876/9876 9879/9879
f 9873/9873 9905/9905 9876/9876
f 9876/9876 9884/9884 9879/9879
f 1221/1221 1219/1219 1222/1222
f 1225/1225 1219/1219 1226/1226
f 5782/5782 5783/5783 5785/5785
f 5782/5782 5781/5781 5783/5783
f 4126/4126 4031/4031 4146/4146
f 4030/4030 4146/4146 4031/4031
f 5781/5781 5784/5784 5783/5783
f 1220/1220 1219/1219 1221/1221
f 1220/1220 1221/1221 1365/1365
f 4087/4087 4086/4086 4092/4092
f 4086/4086 4043/4043 4085/4085
f 4028/4028 4030/4030 4031/4031
f 4032/4032 4028/4028 4031/4031
f 6765/6765 6766/6766 6759/6759
f 4027/4027 4025/4025 4026/4026
f 5784/5784 5831/5831 5783/5783
f 4028/4028 4021/4021 4030/4030
f 6086/6086 5831/5831 5784/5784
f 6766/6766 6765/6765 6767/6767
f 4043/4043 4086/4086 4039/4039
f 1218/1218 1238/1238 1226/1226
f 4029/4029 4020/4020 4028/4028
f 4028/4028 4020/4020 4021/4021
f 4044/4044 4025/4025 4027/4027
f 4039/4039 4036/4036 4043/4043
f 4043/4043 4044/4044 4027/4027
f 1219/1219 1218/1218 1226/1226
f 4086/4086 4087/4087 4039/4039
f 4043/4043 4036/4036 4044/4044
f 1213/1213 1219/1219 1220/1220
f 1219/1219 1213/1213 1218/1218
f 1215/1215 1238/1238 1218/1218
f 4036/4036 4045/4045 4044/4044
f 6765/6765 6768/6768 6767/6767
f 4039/4039 4135/4135 4037/4037
f 4036/4036 3991/3991 4045/4045
f 4037/4037 4036/4036 4039/4039
f 4035/4035 3991/3991 4036/4036
f 1220/1220 1223/1223 1213/1213
f 3723/3723 3791/3791 3793/3793
f 6768/6768 6803/6803 6767/6767
f 1213/1213 1223/1223 1211/1211
f 1213/1213 1212/1212 1218/1218
f 1215/1215 1218/1218 1212/1212
f 1908/1908 1927/1927 2204/2204
f 1926/1926 2204/2204 2314/2314
f 2314/2314 2204/2204 1927/1927
f 1777/1777 1555/1555 1542/1542
f 1542/1542 1718/1718 1777/1777
f 1543/1543 1542/1542 1555/1555
f 1718/1718 1720/1720 1719/1719
f 1542/1542 1687/1687 1718/1718
f 1687/1687 1720/1720 1718/1718
f 1461/1461 1542/1542 1543/1543
f 2276/2276 1908/1908 2204/2204
f 2277/2277 1908/1908 2276/2276
f 6029/6029 6031/6031 6032/6032
f 6034/6034 6033/6033 6032/6032
f 2324/2324 2277/2277 2276/2276
f 2324/2324 2325/2325 2277/2277
f 6033/6033 6029/6029 6032/6032
f 2323/2323 2322/2322 2324/2324
f 2324/2324 2327/2327 2325/2325
f 2324/2324 2321/2321 2327/2327
f 2322/2322 2321/2321 2324/2324
f 3053/3053 3073/3073 3072/3072
f 3053/3053 3052/3052 3073/3073
f 3071/3071 3053/3053 3072/3072
f 2319/2319 2321/2321 2322/2322
f 2319/2319 2320/2320 2321/2321
f 3071/3071 3066/3066 3053/3053
f 2319/2319 2241/2241 2320/2320
f 5708/5708 6088/6088 6010/6010
f 3068/3068 3066/3066 3071/3071
f 11110/11110 11125/11125 11129/11129
f 11110/11110 11121/11121 11125/11125
f 11129/11129 11108/11108 11110/11110
f 3067/3067 3066/3066 3068/3068
f 11091/11091 11092/11092 11093/11093
f 11109/11109 11121/11121 11110/11110
f 11108/11108 11109/11109 11110/11110
f 3067/3067 3068/3068 3069/3069
f 11101/11101 11092/11092 11091/11091
f 5217/5217 5218/5218 5219/5219
f 8492/8492 7631/7631 8405/8405
f 11092/11092 11101/11101 11106/11106
f 9137/9137 9136/9136 9138/9138
f 8492/8492 8638/8638 7656/7656
f 7631/7631 8492/8492 7656/7656
f 5709/5709 5720/5720 5708/5708
f 8502/8502 8492/8492 8405/8405
f 6069/6069 5720/5720 6068/6068
f 8543/8543 8492/8492 8502/8502
f 9168/9168 9169/9169 9170/9170
f 9170/9170 9171/9171 9168/9168
f 8044/8044 8043/8043 8638/8638
f 5709/5709 6068/6068 5720/5720
f 8044/8044 8042/8042 8043/8043
f 11111/11111 11109/11109 11108/11108
f 11108/11108 11119/11119 11111/11111
f 8543/8543 8035/8035 8044/8044
f 8042/8042 8040/8040 8043/8043
f 8044/8044 8039/8039 8042/8042
f 8042/8042 8039/8039 8040/8040
f 4165/4165 4169/4169 4166/4166
f 8035/8035 8037/8037 8044/8044
f 8037/8037 8039/8039 8044/8044
f 11099/11099 11101/11101 11091/11091
f 11111/11111 11112/11112 11109/11109
f 4165/4165 4166/4166 4167/4167
f 11102/11102 11101/11101 11099/11099
f 11114/11114 11112/11112 11111/11111
f 11119/11119 11115/11115 11111/11111
f 11115/11115 11119/11119 11120/11120
f 11101/11101 11102/11102 11103/11103
f 11111/11111 11115/11115 11114/11114
f 7609/7609 7527/7527 7579/7579
f 7527/7527 8721/8721 7585/7585
f 8416/8416 7609/7609 7579/7579
f 7609/7609 7610/7610 7527/7527
f 7527/7527 7610/7610 8721/8721
f 7610/7610 8540/8540 8721/8721
f 7609/7609 7611/7611 7610/7610
f 7612/7612 8540/8540 7610/7610
f 8415/8415 7611/7611 7609/7609
f 11115/11115 11116/11116 11114/11114
f 11114/11114 11116/11116 11117/11117
f 7110/7110 7109/7109 7111/7111
f 7611/7611 7612/7612 7610/7610
f 8943/8943 8945/8945 8946/8946
f 7611/7611 7613/7613 7612/7612
f 7612/7612 7613/7613 7614/7614
f 1494/1494 1524/1524 1522/1522
f 7612/7612 7614/7614 8493/8493
f 8106/8106 8105/8105 8415/8415
f 5692/5692 5693/5693 5694/5694
f 7112/7112 7109/7109 7106/7106
f 7109/7109 7112/7112 7113/7113
f 5995/5995 5996/5996 5692/5692
f 7113/7113 7118/7118 7109/7109
f 1492/1492 1546/1546 1494/1494
f 1546/1546 1524/1524 1494/1494
f 3378/3378 3380/3380 3381/3381
f 208/208 209/209 210/210
f 5308/5308 5311/5311 5310/5310
f 7109/7109 7124/7124 7123/7123
f 6771/6771 6772/6772 6770/6770
f 6655/6655 6786/6786 6784/6784
f 6777/6777 6772/6772 6771/6771
f 6784/6784 6786/6786 6785/6785
f 7113/7113 7124/7124 7118/7118
f 6787/6787 6785/6785 6786/6786
f 2971/2971 2976/2976 2972/2972
f 6785/6785 6778/6778 6784/6784
f 6778/6778 6771/6771 6784/6784
f 6778/6778 6777/6777 6771/6771
f 9889/9889 9898/9898 9890/9890
f 9889/9889 9892/9892 9898/9898
f 1530/1530 1546/1546 1492/1492
f 2971/2971 2977/2977 2976/2976
f 9889/9889 9891/9891 9892/9892
f 6872/6872 6850/6850 6778/6778
f 6777/6777 6776/6776 6772/6772
f 6779/6779 6777/6777 6778/6778
f 6575/6575 6573/6573 6850/6850
f 6573/6573 6778/6778 6850/6850
f 1524/1524 1565/1565 1556/1556
f 1546/1546 1565/1565 1524/1524
f 6779/6779 6780/6780 6777/6777
f 6777/6777 6780/6780 6776/6776
f 6776/6776 6780/6780 6608/6608
f 3617/3617 3616/3616 3618/3618
f 1487/1487 1530/1530 1492/1492
f 1487/1487 1549/1549 1530/1530
f 1556/1556 1565/1565 1568/1568
f 7551/7551 7552/7552 7549/7549
f 7552/7552 7553/7553 7549/7549
f 8391/8391 8389/8389 8390/8390
f 8390/8390 8389/8389 8095/8095
f 7551/7551 7574/7574 7552/7552
f 7574/7574 7555/7555 7552/7552
f 8936/8936 8938/8938 8937/8937
f 7562/7562 7560/7560 7574/7574
f 7560/7560 7557/7557 7574/7574
f 8934/8934 8936/8936 8937/8937
f 7562/7562 7561/7561 7560/7560
f 6759/6759 6754/6754 6758/6758
f 6758/6758 6754/6754 6753/6753
f 6755/6755 6753/6753 6752/6752
f 6757/6757 6758/6758 6753/6753
f 6755/6755 6756/6756 6753/6753
f 6756/6756 6757/6757 6753/6753
f 6758/6758 6765/6765 6759/6759
f 6770/6770 6756/6756 6755/6755
f 7335/7335 7337/7337 7355/7355
f 6756/6756 6770/6770 6757/6757
f 6758/6758 6768/6768 6765/6765
f 6769/6769 6758/6758 6757/6757
f 2157/2157 2117/2117 2116/2116
f 1974/1974 1996/1996 1969/1969
f 1694/1694 1844/1844 1697/1697
f 2117/2117 2079/2079 2116/2116
f 2080/2080 2079/2079 2117/2117
f 616/616 618/618 619/619
f 2080/2080 2117/2117 2157/2157
f 617/617 618/618 616/616
f 2156/2156 2080/2080 2157/2157
f 8261/8261 8262/8262 8255/8255
f 8263/8263 8262/8262 8261/8261
f 9104/9104 9102/9102 9105/9105
f 9184/9184 9185/9185 9181/9181
f 2080/2080 2078/2078 2079/2079
f 8263/8263 8264/8264 8262/8262
f 8262/8262 8264/8264 8266/8266
f 9102/9102 9104/9104 9103/9103
f 9186/9186 9185/9185 9184/9184
f 2156/2156 2078/2078 2080/2080
f 2078/2078 2077/2077 2079/2079
f 8268/8268 8267/8267 8264/8264
f 8264/8264 8267/8267 8266/8266
f 8268/8268 8422/8422 8267/8267
f 8281/8281 8279/8279 8280/8280
f 8422/8422 8726/8726 8267/8267
f 617/617 620/620 618/618
f 2078/2078 2156/2156 2119/2119
f 2078/2078 2076/2076 2077/2077
f 621/621 620/620 617/617
f 6707/6707 6705/6705 6706/6706
f 6711/6711 6707/6707 6706/6706
f 6804/6804 6709/6709 6805/6805
f 6805/6805 6559/6559 6804/6804
f 6709/6709 6804/6804 6562/6562
f 6559/6559 6557/6557 6804/6804
f 6557/6557 6560/6560 6804/6804
f 6560/6560 6807/6807 6804/6804
f 6804/6804 6809/6809 6562/6562
f 6557/6557 6556/6556 6560/6560
f 6556/6556 6561/6561 6560/6560
f 6562/6562 6809/6809 6561/6561
f 6711/6711 6709/6709 6562/6562
f 6165/6165 6166/6166 6167/6167
f 6562/6562 6561/6561 6556/6556
f 996/996 997/997 1000/1000
f 6149/6149 6150/6150 6151/6151
f 1000/1000 997/997 995/995
f 4757/4757 4770/4770 4754/4754
f 5132/5132 5133/5133 5134/5134
f 997/997 994/994 995/995
f 6711/6711 6733/6733 6707/6707
f 6733/6733 6734/6734 6707/6707
f 994/994 997/997 998/998
f 4775/4775 4770/4770 4757/4757
f 6551/6551 6555/6555 6556/6556
f 6553/6553 6555/6555 6551/6551
f 1/1 2/2 3/3
f 994/994 992/992 995/995
f 6564/6564 6733/6733 6711/6711
f 553/553 490/490 552/552
f 6953/6953 6954/6954 6955/6955
f 3439/3439 3420/3420 3440/3440
f 3448/3448 3440/3440 3420/3420
f 3440/3440 3441/3441 3439/3439
f 430/430 632/632 607/607
f 3441/3441 3450/3450 3439/3439
f 633/633 632/632 430/430
f 3448/3448 3449/3449 3440/3440
f 3449/3449 3442/3442 3440/3440
f 3442/3442 3441/3441 3440/3440
f 8704/8704 8464/8464 8463/8463
f 3451/3451 3442/3442 3449/3449
f 3442/3442 3443/3443 3441/3441
f 9863/9863 9865/9865 9867/9867
f 9865/9865 9863/9863 9862/9862
f 3451/3451 3443/3443 3442/3442
f 9232/9232 9236/9236 9237/9237
f 3441/3441 3443/3443 3450/3450
f 9868/9868 9863/9863 9867/9867
f 9236/9236 9241/9241 9237/9237
f 9236/9236 9244/9244 9241/9241
f 9244/9244 9246/9246 9241/9241
f 9241/9241 9246/9246 9247/9247
f 9234/9234 9244/9244 9236/9236
f 9232/9232 9234/9234 9236/9236
f 9230/9230 9235/9235 9234/9234
f 9244/9244 9234/9234 9235/9235
f 934/934 932/932 931/931
f 6031/6031 6029/6029 6030/6030
f 6029/6029 6027/6027 6030/6030
f 6028/6028 6027/6027 6029/6029
f 3050/3050 3051/3051 3052/3052
f 3052/3052 3053/3053 3050/3050
f 3050/3050 3064/3064 3054/3054
f 3066/3066 3064/3064 3053/3053
f 3064/3064 3050/3050 3053/3053
f 3064/3064 3061/3061 3054/3054
f 3063/3063 3061/3061 3064/3064
f 3065/3065 3066/3066 3067/3067
f 3065/3065 3064/3064 3066/3066
f 3065/3065 3063/3063 3064/3064
f 3067/3067 3070/3070 3065/3065
f 3070/3070 3063/3063 3065/3065
f 6011/6011 5838/5838 5925/5925
f 5925/5925 5838/5838 5837/5837
f 5838/5838 6011/6011 5765/5765
f 5765/5765 5740/5740 5838/5838
f 9238/9238 9232/9232 9237/9237
f 9219/9219 9216/9216 9218/9218
f 1698/1698 1695/1695 1708/1708
f 9220/9220 9216/9216 9219/9219
f 8758/8758 8211/8211 8260/8260
f 8211/8211 8215/8215 8260/8260
f 9216/9216 9217/9217 9218/9218
f 8392/8392 8391/8391 8393/8393
f 8211/8211 8210/8210 8215/8215
f 1693/1693 1695/1695 1698/1698
f 8141/8141 8147/8147 8539/8539
f 1695/1695 1697/1697 2161/2161
f 1695/1695 1694/1694 1697/1697
f 1818/1818 1417/1417 1693/1693
f 1693/1693 1694/1694 1695/1695
f 1696/1696 1694/1694 1693/1693
f 8729/8729 7716/7716 7718/7718
f 1417/1417 1416/1416 1693/1693
f 1416/1416 1696/1696 1693/1693
f 7772/7772 7716/7716 8729/8729
f 1696/1696 2247/2247 1694/1694
f 873/873 930/930 871/871
f 8651/8651 7772/7772 8729/8729
f 8636/8636 7772/7772 8651/8651
f 7703/7703 7701/7701 8636/8636
f 8501/8501 8651/8651 8635/8635
f 8651/8651 8501/8501 8636/8636
f 8501/8501 7698/7698 8636/8636
f 299/299 300/300 301/301
f 8501/8501 7692/7692 7698/7698
f 832/832 904/904 884/884
f 8501/8501 7696/7696 7692/7692
f 904/904 832/832 831/831
f 7692/7692 7696/7696 7694/7694
f 825/825 831/831 832/832
f 7692/7692 7697/7697 7698/7698
f 7665/7665 7667/7667 7668/7668
f 7667/7667 7669/7669 7668/7668
f 7668/7668 7669/7669 7674/7674
f 8384/8384 7667/7667 7664/7664
f 7670/7670 7667/7667 8384/8384
f 7670/7670 7669/7669 7667/7667
f 7669/7669 7670/7670 7671/7671
f 7671/7671 7673/7673 7669/7669
f 8382/8382 7669/7669 7673/7673
f 4011/4011 4149/4149 3978/3978
f 2356/2356 2359/2359 2354/2354
f 3882/3882 3884/3884 3881/3881
f 3882/3882 3881/3881 3878/3878
f 3878/3878 3881/3881 3879/3879
f 4012/4012 4127/4127 4011/4011
f 4012/4012 4128/4128 4127/4127
f 4124/4124 4148/4148 4012/4012
f 4012/4012 4148/4148 4128/4128
f 4744/4744 4694/4694 4705/4705
f 2116/2116 2096/2096 2118/2118
f 2118/2118 2114/2114 2282/2282
f 2096/2096 2114/2114 2118/2118
f 2114/2114 2096/2096 2097/2097
f 2116/2116 2079/2079 2096/2096
f 2096/2096 2095/2095 2097/2097
f 2095/2095 2098/2098 2097/2097
f 2079/2079 2089/2089 2096/2096
f 2096/2096 2089/2089 2095/2095
f 2077/2077 2089/2089 2079/2079
f 2094/2094 2095/2095 2089/2089
f 2077/2077 2074/2074 2089/2089
f 2076/2076 2074/2074 2077/2077
f 2074/2074 2094/2094 2089/2089
f 1312/1312 1310/1310 1325/1325
f 1312/1312 1302/1302 1310/1310
f 1330/1330 1329/1329 1327/1327
f 1278/1278 1279/1279 1270/1270
f 1310/1310 1302/1302 1309/1309
f 1310/1310 1330/1330 1327/1327
f 1269/1269 1278/1278 1270/1270
f 1278/1278 1302/1302 1279/1279
f 1279/1279 1302/1302 1312/1312
f 1309/1309 1330/1330 1310/1310
f 1278/1278 1309/1309 1302/1302
f 1274/1274 1309/1309 1278/1278
f 1333/1333 1331/1331 1330/1330
f 1333/1333 1330/1330 1332/1332
f 1309/1309 1332/1332 1330/1330
f 1311/1311 1309/1309 1274/1274
f 1332/1332 1309/1309 1318/1318
f 4120/4120 4089/4089 4091/4091
f 5869/5869 5904/5904 5872/5872
f 1277/1277 1275/1275 1276/1276
f 4089/4089 4088/4088 4087/4087
f 4090/4090 4120/4120 4121/4121
f 4090/4090 4089/4089 4120/4120
f 4122/4122 4090/4090 4121/4121
f 1256/1256 1275/1275 1277/1277
f 4089/4089 4090/4090 4088/4088
f 1363/1363 1277/1277 1346/1346
f 5988/5988 6024/6024 6074/6074
f 6085/6085 6074/6074 6075/6075
f 5988/5988 5871/5871 6024/6024
f 6024/6024 6075/6075 6074/6074
f 3898/3898 3901/3901 3896/3896
f 3888/3888 3898/3898 3896/3896
f 6024/6024 5891/5891 6075/6075
f 6024/6024 5871/5871 5874/5874
f 6024/6024 5874/5874 5891/5891
f 7546/7546 7540/7540 7544/7544
f 7551/7551 7545/7545 7605/7605
f 7544/7544 7542/7542 7545/7545
f 3887/3887 3888/3888 3889/3889
f 7540/7540 7542/7542 7544/7544
f 1277/1277 1363/1363 1256/1256
f 7089/7089 7090/7090 7091/7091
f 7091/7091 7090/7090 7092/7092
f 3888/3888 3890/3890 3892/3892
f 3887/3887 3890/3890 3888/3888
f 1363/1363 1252/1252 1256/1256
f 5566/5566 5557/5557 5567/5567
f 5874/5874 5890/5890 5891/5891
f 7540/7540 7541/7541 7542/7542
f 7545/7545 7547/7547 7605/7605
f 8939/8939 8934/8934 8937/8937
f 6727/6727 6878/6878 6843/6843
f 7542/7542 7547/7547 7545/7545
f 7539/7539 7541/7541 7540/7540
f 6878/6878 6877/6877 6843/6843
f 7542/7542 7543/7543 7547/7547
f 7866/7866 7855/7855 7865/7865
f 10551/10551 10553/10553 10554/10554
f 6726/6726 6810/6810 6727/6727
f 6727/6727 6810/6810 6878/6878
f 7856/7856 7864/7864 7855/7855
f 10553/10553 10551/10551 10552/10552
f 6810/6810 6877/6877 6878/6878
f 7864/7864 7865/7865 7855/7855
f 10549/10549 10552/10552 10551/10551
f 10551/10551 10550/10550 10549/10549
f 6152/6152 6153/6153 6154/6154
f 7859/7859 7860/7860 7856/7856
f 7860/7860 7864/7864 7856/7856
f 2093/2093 1348/1348 2092/2092
f 10530/10530 10529/10529 10531/10531
f 2120/2120 1384/1384 2093/2093
f 1384/1384 1348/1348 2093/2093
f 7864/7864 7867/7867 7865/7865
f 1383/1383 1384/1384 2121/2121
f 2121/2121 1384/1384 2120/2120
f 6810/6810 6867/6867 6877/6877
f 1384/1384 1383/1383 1338/1338
f 1384/1384 1338/1338 1348/1348
f 7860/7860 7868/7868 7864/7864
f 10528/10528 10529/10529 10530/10530
f 1338/1338 1339/1339 1348/1348
f 6879/6879 6867/6867 6810/6810
f 7868/7868 7867/7867 7864/7864
f 1328/1328 1339/1339 1338/1338
f 1328/1328 1340/1340 1339/1339
f 2188/2188 2185/2185 2190/2190
f 1339/1339 2189/2189 2190/2190
f 2189/2189 2188/2188 2190/2190
f 1340/1340 2189/2189 1339/1339
f 2189/2189 2187/2187 2188/2188
f 2187/2187 2185/2185 2188/2188
f 1340/1340 2187/2187 2189/2189
f 1920/1920 1914/1914 1918/1918
f 8434/8434 7653/7653 7656/7656
f 336/336 337/337 338/338
f 8472/8472 8319/8319 8691/8691
f 1913/1913 1920/1920 1929/1929
f 9042/9042 9044/9044 9043/9043
f 8984/8984 8985/8985 8986/8986
f 9041/9041 9042/9042 9043/9043
f 8485/8485 8487/8487 8691/8691
f 9030/9030 9031/9031 9032/9032
f 8985/8985 8987/8987 8986/8986
f 1920/1920 1913/1913 1914/1914
f 9032/9032 9033/9033 9030/9030
f 8043/8043 8040/8040 8434/8434
f 8485/8485 8481/8481 8487/8487
f 8481/8481 8558/8558 8487/8487
f 9037/9037 9042/9042 9041/9041
f 9040/9040 9037/9037 9041/9041
f 8483/8483 8481/8481 8485/8485
f 8558/8558 8321/8321 8472/8472
f 8478/8478 8321/8321 8558/8558
f 1913/1913 1905/1905 1914/1914
f 8481/8481 8478/8478 8558/8558
f 8039/8039 8038/8038 8040/8040
f 9040/9040 9034/9034 9037/9037
f 8321/8321 8332/8332 8322/8322
f 8321/8321 8478/8478 8332/8332
f 1906/1906 1905/1905 1913/1913
f 1905/1905 1915/1915 1914/1914
f 1905/1905 1916/1916 1915/1915
f 584/584 581/581 585/585
f 591/591 590/590 585/585
f 625/625 585/585 581/581
f 625/625 591/591 585/585
f 581/581 582/582 625/625
f 580/580 579/579 581/581
f 579/579 582/582 581/581
f 580/580 577/577 579/579
f 582/582 627/627 625/625
f 627/627 626/626 625/625
f 6826/6826 6827/6827 6825/6825
f 577/577 578/578 579/579
f 583/583 582/582 579/579
f 6755/6755 6790/6790 6823/6823
f 578/578 583/583 579/579
f 583/583 627/627 582/582
f 6828/6828 6827/6827 6826/6826
f 6825/6825 6755/6755 6823/6823
f 6828/6828 6657/6657 6827/6827
f 6657/6657 6658/6658 6827/6827
f 6658/6658 6825/6825 6827/6827
f 6755/6755 6825/6825 6658/6658
f 6658/6658 6771/6771 6755/6755
f 6655/6655 6658/6658 6657/6657
f 6771/6771 6770/6770 6755/6755
f 6655/6655 6784/6784 6658/6658
f 6784/6784 6771/6771 6658/6658
f 6654/6654 6786/6786 6655/6655
f 1766/1766 1736/1736 1733/1733
f 1790/1790 1733/1733 1789/1789
f 1735/1735 1733/1733 1736/1736
f 814/814 815/815 799/799
f 816/816 794/794 799/799
f 815/815 816/816 799/799
f 1736/1736 1734/1734 1735/1735
f 796/796 794/794 816/816
f 754/754 815/815 814/814
f 1734/1734 1733/1733 1735/1735
f 796/796 816/816 815/815
f 1733/1733 1739/1739 1789/1789
f 796/796 795/795 794/794
f 754/754 797/797 815/815
f 815/815 797/797 796/796
f 754/754 753/753 797/797
f 797/797 795/795 796/796
f 1734/1734 1731/1731 1733/1733
f 797/797 753/753 795/795
f 795/795 753/753 755/755
f 1739/1739 1733/1733 1732/1732
f 1864/1864 1865/1865 1863/1863
f 1876/1876 1865/1865 1864/1864
f 8231/8231 8224/8224 8226/8226
f 1884/1884 1863/1863 1865/1865
f 1741/1741 1731/1731 1734/1734
f 1731/1731 1732/1732 1733/1733
f 1876/1876 1888/1888 1887/1887
f 8231/8231 8232/8232 8224/8224
f 1887/1887 1865/1865 1876/1876
f 1885/1885 1884/1884 1865/1865
f 1890/1890 1885/1885 1865/1865
f 8232/8232 8234/8234 8224/8224
f 1885/1885 1870/1870 1884/1884
f 1887/1887 1890/1890 1865/1865
f 1890/1890 1870/1870 1885/1885
f 8224/8224 8241/8241 8235/8235
f 8419/8419 8234/8234 8237/8237
f 8241/8241 8224/8224 8234/8234
f 4721/4721 4718/4718 4722/4722
f 4720/4720 4717/4717 4718/4718
f 4718/4718 4730/4730 4724/4724
f 4721/4721 4741/4741 4720/4720
f 4721/4721 4720/4720 4718/4718
f 2065/2065 2066/2066 2345/2345
f 2066/2066 1967/1967 2348/2348
f 2066/2066 2065/2065 1967/1967
f 2067/2067 1758/1758 2065/2065
f 1850/1850 2067/2067 1852/1852
f 1855/1855 1852/1852 2067/2067
f 2880/2880 2864/2864 2882/2882
f 2877/2877 2864/2864 2880/2880
f 2877/2877 2876/2876 2864/2864
f 2875/2875 2876/2876 2877/2877
f 1856/1856 1854/1854 1855/1855
f 1854/1854 1852/1852 1855/1855
f 2875/2875 2860/2860 2876/2876
f 1852/1852 1853/1853 1851/1851
f 1854/1854 1853/1853 1852/1852
f 1859/1859 1853/1853 1854/1854
f 8684/8684 7494/7494 7493/7493
f 7498/7498 7494/7494 7503/7503
f 6601/6601 6602/6602 6578/6578
f 7498/7498 7491/7491 7494/7494
f 8526/8526 8527/8527 8524/8524
f 7503/7503 7504/7504 7498/7498
f 7491/7491 7498/7498 7509/7509
f 1773/1773 1791/1791 1942/1942
f 1942/1942 1791/1791 1792/1792
f 8761/8761 8762/8762 8763/8763
f 8762/8762 8767/8767 8763/8763
f 8524/8524 8531/8531 8530/8530
f 1771/1771 1767/1767 1773/1773
f 7509/7509 7492/7492 7491/7491
f 8764/8764 8762/8762 8761/8761
f 1822/1822 1797/1797 1803/1803
f 1995/1995 1803/1803 1808/1808
f 7509/7509 7497/7497 7492/7492
f 7497/7497 7495/7495 7492/7492
f 1790/1790 1788/1788 1791/1791
f 7497/7497 7509/7509 7501/7501
f 1770/1770 1773/1773 1767/1767
f 1803/1803 1805/1805 1808/1808
f 7495/7495 7497/7497 7501/7501
f 3401/3401 3400/3400 3399/3399
f 1768/1768 1766/1766 1767/1767
f 1770/1770 1790/1790 1791/1791
f 2895/2895 2894/2894 2947/2947
f 1770/1770 1733/1733 1790/1790
f 1802/1802 1803/1803 1797/1797
f 1802/1802 1804/1804 1803/1803
f 1804/1804 1805/1805 1803/1803
f 1943/1943 1771/1771 1942/1942
f 1942/1942 1792/1792 1796/1796
f 1795/1795 1802/1802 1797/1797
f 7309/7309 7308/7308 7307/7307
f 1762/1762 1831/1831 2310/2310
f 1762/1762 1761/1761 1831/1831
f 1773/1773 1942/1942 1771/1771
f 1762/1762 1759/1759 1761/1761
f 1759/1759 1760/1760 1761/1761
f 2260/2260 2200/2200 1762/1762
f 2200/2200 1759/1759 1762/1762
f 1806/1806 1805/1805 1804/1804
f 1759/1759 2200/2200 1951/1951
f 2195/2195 1951/1951 2200/2200
f 1951/1951 1757/1757 1759/1759
f 1756/1756 1760/1760 1759/1759
f 2195/2195 1952/1952 1951/1951
f 1819/1819 1817/1817 1760/1760
f 1756/1756 1819/1819 1760/1760
f 1952/1952 1757/1757 1951/1951
f 1802/1802 2049/2049 1804/1804
f 1843/1843 1757/1757 1952/1952
f 1759/1759 1757/1757 1756/1756
f 1794/1794 1795/1795 1792/1792
f 1806/1806 1804/1804 2049/2049
f 1843/1843 1842/1842 1757/1757
f 1768/1768 1767/1767 1771/1771
f 1756/1756 1757/1757 1755/1755
f 1755/1755 1757/1757 1842/1842
f 1794/1794 1802/1802 1795/1795
f 1791/1791 1773/1773 1770/1770
f 594/594 598/598 597/597
f 597/597 598/598 599/599
f 7344/7344 7281/7281 7276/7276
f 598/598 605/605 599/599
f 7410/7410 7411/7411 7412/7412
f 7413/7413 7410/7410 7412/7412
f 594/594 629/629 598/598
f 1770/1770 1767/1767 1733/1733
f 1733/1733 1767/1767 1766/1766
f 629/629 596/596 598/598
f 596/596 605/605 598/598
f 593/593 592/592 594/594
f 594/594 596/596 629/629
f 592/592 596/596 594/594
f 5703/5703 5702/5702 5718/5718
f 5717/5717 5718/5718 5719/5719
f 2074/2074 2307/2307 2094/2094
f 2095/2095 2094/2094 2307/2307
f 2181/2181 2307/2307 2074/2074
f 2076/2076 2075/2075 2074/2074
f 2074/2074 2169/2169 2181/2181
f 2655/2655 2651/2651 2653/2653
f 2168/2168 2169/2169 2074/2074
f 2168/2168 2174/2174 2169/2169
f 2169/2169 2174/2174 2175/2175
f 2651/2651 2652/2652 2653/2653
f 2168/2168 2171/2171 2174/2174
f 2072/2072 2074/2074 2075/2075
f 2654/2654 2657/2657 2653/2653
f 2654/2654 2653/2653 2652/2652
f 2072/2072 1930/1930 2074/2074
f 1930/1930 2168/2168 2074/2074
f 2170/2170 2168/2168 1930/1930
f 2168/2168 2170/2170 2171/2171
f 766/766 814/814 761/761
f 2072/2072 2070/2070 1930/1930
f 7193/7193 7204/7204 7194/7194
f 7204/7204 7203/7203 7194/7194
f 2672/2672 2668/2668 2651/2651
f 2651/2651 2668/2668 2652/2652
f 7194/7194 7202/7202 7201/7201
f 2668/2668 2667/2667 2652/2652
f 2652/2652 2667/2667 2654/2654
f 7203/7203 7202/7202 7194/7194
f 9867/9867 9874/9874 9870/9870
f 9867/9867 9904/9904 9874/9874
f 9865/9865 9880/9880 9867/9867
f 9867/9867 9880/9880 9904/9904
f 7206/7206 7201/7201 7202/7202
f 766/766 754/754 814/814
f 7203/7203 7206/7206 7202/7202
f 7204/7204 7357/7357 7203/7203
f 7357/7357 7206/7206 7203/7203
f 7362/7362 7357/7357 7204/7204
f 7358/7358 7362/7362 7204/7204
f 7351/7351 7201/7201 7206/7206
f 7362/7362 7353/7353 7357/7357
f 817/817 754/754 766/766
f 7353/7353 7362/7362 7358/7358
f 5754/5754 5755/5755 5758/5758
f 5769/5769 5758/5758 5770/5770
f 7351/7351 7206/7206 7357/7357
f 5755/5755 5770/5770 5758/5758
f 817/817 919/919 754/754
f 5772/5772 5774/5774 5770/5770
f 5753/5753 5755/5755 5754/5754
f 7353/7353 7212/7212 7354/7354
f 7353/7353 7354/7354 7357/7357
f 7419/7419 7420/7420 7421/7421
f 5772/5772 5798/5798 5774/5774
f 5755/5755 5771/5771 5770/5770
f 5771/5771 5772/5772 5770/5770
f 5766/5766 5771/5771 5755/5755
f 5753/5753 5756/5756 5755/5755
f 5773/5773 5772/5772 5771/5771
f 5736/5736 5756/5756 5753/5753
f 5755/5755 5756/5756 5766/5766
f 5772/5772 5775/5775 5798/5798
f 5772/5772 5773/5773 5775/5775
f 3453/3453 3422/3422 3447/3447
f 3447/3447 3422/3422 3444/3444
f 3422/3422 3436/3436 3444/3444
f 3453/3453 3421/3421 3422/3422
f 3422/3422 3437/3437 3436/3436
f 3437/3437 3435/3435 3436/3436
f 3420/3420 3422/3422 3421/3421
f 3419/3419 3420/3420 3421/3421
f 3437/3437 3438/3438 3435/3435
f 3420/3420 3437/3437 3422/3422
f 3437/3437 3439/3439 3438/3438
f 428/428 430/430 427/427
f 3437/3437 3420/3420 3439/3439
f 430/430 607/607 427/427
f 1530/1530 1547/1547 1546/1546
f 1487/1487 1486/1486 1489/1489
f 1554/1554 1669/1669 1489/1489
f 1622/1622 1669/1669 1610/1610
f 1554/1554 1610/1610 1669/1669
f 6769/6769 6768/6768 6758/6758
f 6773/6773 6769/6769 6757/6757
f 6772/6772 6776/6776 6770/6770
f 3783/3783 3792/3792 3719/3719
f 6770/6770 6773/6773 6757/6757
f 3725/3725 3719/3719 3792/3792
f 3719/3719 3722/3722 3783/3783
f 6776/6776 6774/6774 6770/6770
f 6774/6774 6773/6773 6770/6770
f 3727/3727 3717/3717 3725/3725
f 3725/3725 3717/3717 3719/3719
f 3717/3717 3716/3716 3719/3719
f 6608/6608 6774/6774 6776/6776
f 6608/6608 6607/6607 6774/6774
f 172/172 173/173 174/174
f 4062/4062 4068/4068 4137/4137
f 4067/4067 4068/4068 4062/4062
f 4062/4062 4064/4064 4116/4116
f 4115/4115 4062/4062 4137/4137
f 4115/4115 4064/4064 4062/4062
f 4142/4142 4137/4137 4138/4138
f 4115/4115 4137/4137 4142/4142
f 1877/1877 2065/2065 2328/2328
f 4143/4143 4142/4142 4138/4138
f 4138/4138 4145/4145 4143/4143
f 4682/4682 4685/4685 4683/4683
f 1877/1877 2067/2067 2065/2065
f 1877/1877 1855/1855 2067/2067
f 1877/1877 1856/1856 1855/1855
f 1873/1873 1857/1857 1877/1877
f 1877/1877 1857/1857 1856/1856
f 1872/1872 1857/1857 1873/1873
f 1874/1874 1872/1872 1873/1873
f 1857/1857 1854/1854 1856/1856
f 5908/5908 5906/5906 5907/5907
f 5906/5906 5895/5895 5850/5850
f 5907/5907 5935/5935 5936/5936
f 5936/5936 5908/5908 5907/5907
f 5895/5895 5851/5851 5850/5850
f 7580/7580 7521/7521 7519/7519
f 8894/8894 8898/8898 8896/8896
f 5908/5908 5895/5895 5906/5906
f 1614/1614 1613/1613 1612/1612
f 1553/1553 1617/1617 1614/1614
f 7512/7512 8545/8545 7580/7580
f 8623/8623 8628/8628 8627/8627
f 1617/1617 1618/1618 1614/1614
f 1614/1614 1619/1619 1613/1613
f 5935/5935 5915/5915 5936/5936
f 8621/8621 8629/8629 8623/8623
f 8625/8625 8629/8629 8621/8621
f 1671/1671 1618/1618 1617/1617
f 8888/8888 8883/8883 8889/8889
f 8349/8349 8347/8347 8348/8348
f 8345/8345 8347/8347 7817/7817
f 8347/8347 8349/8349 8350/8350
f 5935/5935 5937/5937 5915/5915
f 8347/8347 8350/8350 8503/8503
f 8545/8545 7523/7523 7580/7580
f 9176/9176 9179/9179 9178/9178
f 9179/9179 9180/9180 9178/9178
f 8340/8340 8342/8342 8339/8339
f 8546/8546 8341/8341 8342/8342
f 8339/8339 8342/8342 8341/8341
f 5908/5908 5964/5964 5895/5895
f 8342/8342 8340/8340 8503/8503
f 8340/8340 7835/7835 8503/8503
f 8340/8340 8339/8339 7835/7835
f 3969/3969 3977/3977 3984/3984
f 8699/8699 8338/8338 8341/8341
f 8341/8341 8338/8338 8339/8339
f 3977/3977 3983/3983 3984/3984
f 3976/3976 4040/4040 3983/3983
f 8339/8339 8338/8338 7835/7835
f 3969/3969 3968/3968 3966/3966
f 3977/3977 3976/3976 3983/3983
f 8545/8545 7582/7582 7523/7523
f 5895/5895 5856/5856 5851/5851
f 8338/8338 7837/7837 7835/7835
f 3966/3966 3970/3970 3969/3969
f 3970/3970 3977/3977 3969/3969
f 5918/5918 5964/5964 5908/5908
f 3971/3971 3970/3970 3966/3966
f 3976/3976 3977/3977 3970/3970
f 3976/3976 3978/3978 4040/4040
f 5908/5908 5936/5936 5918/5918
f 5915/5915 5918/5918 5936/5936
f 5964/5964 5909/5909 5895/5895
f 3971/3971 3972/3972 3970/3970
f 3970/3970 3975/3975 3976/3976
f 3975/3975 3978/3978 3976/3976
f 5909/5909 5856/5856 5895/5895
f 8421/8421 8399/8399 7848/7848
f 8399/8399 7853/7853 7846/7846
f 8564/8564 8399/8399 8421/8421
f 8421/8421 8662/8662 8564/8564
f 8564/8564 7857/7857 8399/8399
f 8399/8399 7857/7857 7853/7853
f 8564/8564 8662/8662 8496/8496
f 7857/7857 8564/8564 8496/8496
f 7857/7857 7856/7856 7853/7853
f 7863/7863 7857/7857 8496/8496
f 7858/7858 7856/7856 7857/7857
f 7858/7858 7857/7857 7863/7863
f 7861/7861 7858/7858 7863/7863
f 8452/8452 8469/8469 8444/8444
f 5982/5982 5984/5984 5983/5983
f 1189/1189 1337/1337 1193/1193
f 755/755 747/747 756/756
f 756/756 747/747 749/749
f 747/747 748/748 749/749
f 747/747 751/751 748/748
f 748/748 751/751 758/758
f 1193/1193 1191/1191 1187/1187
f 2053/2053 2051/2051 2050/2050
f 1834/1834 2051/2051 2053/2053
f 1193/1193 1187/1187 1189/1189
f 2051/2051 1957/1957 2050/2050
f 1834/1834 2052/2052 2051/2051
f 2052/2052 1957/1957 2051/2051
f 1192/1192 1188/1188 1191/1191
f 1191/1191 1188/1188 1187/1187
f 1834/1834 1957/1957 2052/2052
f 5975/5975 5976/5976 5981/5981
f 1187/1187 1188/1188 1189/1189
f 1834/1834 1837/1837 1957/1957
f 1957/1957 1837/1837 1950/1950
f 1189/1189 1188/1188 1190/1190
f 2269/2269 1950/1950 1837/1837
f 5920/5920 5813/5813 5921/5921
f 5976/5976 5922/5922 5981/5981
f 5922/5922 5921/5921 5981/5981
f 5922/5922 5920/5920 5921/5921
f 5919/5919 5813/5813 5920/5920
f 3523/3523 3524/3524 3527/3527
f 3522/3522 3520/3520 3524/3524
f 3520/3520 3536/3536 3524/3524
f 7658/7658 7660/7660 7661/7661
f 7663/7663 7660/7660 7664/7664
f 7664/7664 7665/7665 7663/7663
f 3536/3536 3535/3535 3524/3524
f 3596/3596 3535/3535 3536/3536
f 7664/7664 7667/7667 7665/7665
f 7658/7658 7659/7659 7660/7660
f 3596/3596 3590/3590 3535/3535
f 8398/8398 8722/8722 7659/7659
f 7659/7659 8716/8716 7660/7660
f 8716/8716 7664/7664 7660/7660
f 2402/2402 2400/2400 2401/2401
f 3590/3590 3589/3589 3535/3535
f 8722/8722 8716/8716 7659/7659
f 2400/2400 2398/2398 2401/2401
f 8716/8716 8384/8384 7664/7664
f 4646/4646 4636/4636 4638/4638
f 4647/4647 4646/4646 4638/4638
f 8980/8980 8981/8981 8982/8982
f 4636/4636 4637/4637 4638/4638
f 8507/8507 7755/7755 7756/7756
f 4638/4638 4637/4637 4655/4655
f 8818/8818 8815/8815 8819/8819
f 4638/4638 4655/4655 4656/4656
f 4638/4638 4656/4656 4648/4648
f 8970/8970 8969/8969 8967/8967
f 7644/7644 8507/8507 7639/7639
f 8818/8818 8816/8816 8815/8815
f 8969/8969 8968/8968 8967/8967
f 8968/8968 8965/8965 8967/8967
f 7641/7641 7642/7642 7644/7644
f 8816/8816 8813/8813 8815/8815
f 8813/8813 8814/8814 8815/8815
f 8489/8489 7661/7661 7666/7666
f 7642/7642 7643/7643 7644/7644
f 7643/7643 8489/8489 7644/7644
f 8816/8816 8818/8818 8817/8817
f 8489/8489 7658/7658 7661/7661
f 8701/8701 7672/7672 8384/8384
f 2354/2354 2355/2355 2356/2356
f 2355/2355 2357/2357 2356/2356
f 2357/2357 2358/2358 2360/2360
f 4068/4068 4067/4067 4133/4133
f 7694/7694 7693/7693 7692/7692
f 2355/2355 2358/2358 2357/2357
f 7692/7692 7691/7691 7697/7697
f 7689/7689 7691/7691 7692/7692
f 7693/7693 7689/7689 7692/7692
f 7691/7691 7686/7686 7688/7688
f 7689/7689 7684/7684 7686/7686
f 7689/7689 7686/7686 7691/7691
f 7686/7686 7687/7687 7688/7688
f 7682/7682 7687/7687 7686/7686
f 3878/3878 3879/3879 3880/3880
f 3880/3880 3879/3879 3883/3883
f 3879/3879 3885/3885 3883/3883
f 3885/3885 3879/3879 3886/3886
f 7682/7682 8377/8377 7687/7687
f 7684/7684 7682/7682 7686/7686
f 4138/4138 4137/4137 4068/4068
f 3880/3880 3883/3883 3885/3885
f 1141/1141 1142/1142 1143/1143
f 1144/1144 1142/1142 1141/1141
f 1144/1144 1145/1145 1142/1142
f 7069/7069 7070/7070 7071/7071
f 1146/1146 1145/1145 1144/1144
f 6329/6329 6331/6331 6332/6332
f 6329/6329 6330/6330 6331/6331
f 290/290 291/291 292/292
f 6921/6921 6922/6922 6923/6923
f 6921/6921 6923/6923 6924/6924
f 6924/6924 6923/6923 6925/6925
f 4068/4068 4140/4140 4139/4139
f 4068/4068 4139/4139 4138/4138
f 7682/7682 7679/7679 8377/8377
f 7679/7679 8760/8760 8377/8377
f 4141/4141 4139/4139 4140/4140
f 4139/4139 4145/4145 4138/4138
f 4128/4128 4155/4155 4139/4139
f 4155/4155 4145/4145 4139/4139
f 1224/1224 1228/1228 1263/1263
f 3729/3729 3730/3730 3714/3714
f 3729/3729 3731/3731 3730/3730
f 5533/5533 5531/5531 5532/5532
f 5537/5537 5538/5538 5540/5540
f 5537/5537 5531/5531 5533/5533
f 3729/3729 3732/3732 3731/3731
f 5531/5531 5530/5530 5532/5532
f 1195/1195 1194/1194 1197/1197
f 1182/1182 1198/1198 1183/1183
f 1228/1228 1225/1225 1229/1229
f 3740/3740 3732/3732 3729/3729
f 1197/1197 1198/1198 1195/1195
f 5537/5537 5540/5540 5539/5539
f 1197/1197 1183/1183 1198/1198
f 3732/3732 3733/3733 3731/3731
f 5539/5539 5531/5531 5537/5537
f 6775/6775 6766/6766 6794/6794
f 1225/1225 1228/1228 1224/1224
f 1224/1224 1222/1222 1219/1219
f 1225/1225 1224/1224 1219/1219
f 6759/6759 6766/6766 6775/6775
f 1365/1365 1221/1221 1261/1261
f 1221/1221 1222/1222 1261/1261
f 8837/8837 8843/8843 8842/8842
f 8059/8059 8057/8057 8064/8064
f 8059/8059 8058/8058 8057/8057
f 8411/8411 8059/8059 8064/8064
f 8060/8060 8058/8058 8059/8059
f 8064/8064 8402/8402 8403/8403
f 8064/8064 8403/8403 8411/8411
f 8842/8842 8841/8841 8837/8837
f 8059/8059 8411/8411 8069/8069
f 8061/8061 8060/8060 8059/8059
f 1382/1382 2082/2082 1381/1381
f 1353/1353 1379/1379 1378/1378
f 8069/8069 8061/8061 8059/8059
f 2082/2082 1382/1382 1371/1371
f 1352/1352 1353/1353 1378/1378
f 2082/2082 1371/1371 2083/2083
f 8836/8836 8834/8834 8837/8837
f 8832/8832 8835/8835 8834/8834
f 1353/1353 1352/1352 1350/1350
f 1350/1350 1371/1371 1382/1382
f 205/205 206/206 207/207
f 1350/1350 1354/1354 1371/1371
f 8839/8839 8837/8837 8840/8840
f 8834/8834 8833/8833 8832/8832
f 1371/1371 2085/2085 2083/2083
f 1354/1354 2090/2090 1371/1371
f 2139/2139 1601/1601 1600/1600
f 2139/2139 1600/1600 2150/2150
f 1349/1349 1354/1354 1350/1350
f 2090/2090 2085/2085 1371/1371
f 8837/8837 8839/8839 8838/8838
f 2148/2148 2150/2150 2149/2149
f 8838/8838 8836/8836 8837/8837
f 770/770 772/772 835/835
f 1349/1349 1355/1355 1354/1354
f 2090/2090 1354/1354 1355/1355
f 1600/1600 1598/1598 2150/2150
f 1600/1600 1570/1570 1598/1598
f 2265/2265 1355/1355 1349/1349
f 1594/1594 1570/1570 1600/1600
f 1593/1593 1573/1573 1594/1594
f 1594/1594 1572/1572 1570/1570
f 1572/1572 1571/1571 1570/1570
f 1572/1572 1594/1594 1573/1573
f 1573/1573 1571/1571 1572/1572
f 1593/1593 1592/1592 1573/1573
f 1574/1574 1571/1571 1573/1573
f 1573/1573 1592/1592 1574/1574
f 1569/1569 1571/1571 1172/1172
f 1574/1574 1172/1172 1571/1571
f 2670/2670 2673/2673 2663/2663
f 2673/2673 2675/2675 2674/2674
f 2673/2673 2678/2678 2675/2675
f 8327/8327 8328/8328 8330/8330
f 8331/8331 8329/8329 8324/8324
f 8329/8329 8328/8328 8324/8324
f 8754/8754 8331/8331 8500/8500
f 9049/9049 9052/9052 9056/9056
f 9052/9052 9057/9057 9056/9056
f 2680/2680 2673/2673 2670/2670
f 2673/2673 2679/2679 2678/2678
f 8754/8754 8488/8488 8331/8331
f 9049/9049 9050/9050 9051/9051
f 2673/2673 2680/2680 2679/2679
f 9051/9051 9052/9052 9049/9049
f 2677/2677 2678/2678 2679/2679
f 8488/8488 8329/8329 8331/8331
f 354/354 355/355 356/356
f 9051/9051 9053/9053 9052/9052
f 2681/2681 2680/2680 2670/2670
f 8754/8754 8742/8742 8488/8488
f 9064/9064 9051/9051 9050/9050
f 2680/2680 2683/2683 2679/2679
f 8742/8742 8461/8461 8488/8488
f 9053/9053 9051/9051 9054/9054
f 2679/2679 2687/2687 2677/2677
f 9055/9055 9054/9054 9051/9051
f 2681/2681 2683/2683 2680/2680
f 2683/2683 2687/2687 2679/2679
f 2681/2681 2687/2687 2683/2683
f 5864/5864 5867/5867 5863/5863
f 5867/5867 5872/5872 5863/5863
f 5863/5863 5872/5872 5875/5875
f 1853/1853 1882/1882 1851/1851
f 1882/1882 2014/2014 2193/2193
f 1882/1882 2016/2016 2014/2014
f 2016/2016 1881/1881 2014/2014
f 1853/1853 1881/1881 1882/1882
f 1881/1881 2011/2011 2014/2014
f 1881/1881 2009/2009 2011/2011
f 5273/5273 5274/5274 5275/5275
f 1861/1861 1881/1881 1853/1853
f 8593/8593 8604/8604 8605/8605
f 8593/8593 8595/8595 8602/8602
f 8591/8591 8592/8592 8593/8593
f 8592/8592 8594/8594 8593/8593
f 8593/8593 8594/8594 8595/8595
f 8592/8592 8596/8596 8594/8594
f 8590/8590 8592/8592 8591/8591
f 8590/8590 8633/8633 8592/8592
f 8592/8592 8633/8633 8596/8596
f 1389/1389 1815/1815 1774/1774
f 1815/1815 1389/1389 1821/1821
f 1821/1821 1389/1389 1392/1392
f 1389/1389 1774/1774 1390/1390
f 8113/8113 8114/8114 8112/8112
f 8112/8112 8114/8114 8115/8115
f 1390/1390 1764/1764 1816/1816
f 3568/3568 3567/3567 3565/3565
f 1764/1764 1846/1846 1816/1816
f 1740/1740 1764/1764 1390/1390
f 3568/3568 3569/3569 3567/3567
f 1848/1848 1764/1764 1740/1740
f 3567/3567 3569/3569 3586/3586
f 1847/1847 1846/1846 1764/1764
f 2111/2111 2107/2107 2112/2112
f 7240/7240 7236/7236 7235/7235
f 2100/2100 2103/2103 2111/2111
f 2111/2111 2103/2103 2107/2107
f 2103/2103 2104/2104 2107/2107
f 3570/3570 3586/3586 3569/3569
f 2100/2100 2102/2102 2103/2103
f 3586/3586 3578/3578 3567/3567
f 3567/3567 3578/3578 3566/3566
f 2102/2102 2104/2104 2103/2103
f 2101/2101 2102/2102 2100/2100
f 2102/2102 2105/2105 2104/2104
f 2104/2104 2105/2105 2108/2108
f 2105/2105 2115/2115 2108/2108
f 2101/2101 2138/2138 2102/2102
f 2138/2138 2106/2106 2102/2102
f 3570/3570 3578/3578 3586/3586
f 2102/2102 2106/2106 2105/2105
f 2155/2155 2138/2138 2101/2101
f 2115/2115 2105/2105 2106/2106
f 3570/3570 3597/3597 3578/3578
f 3597/3597 3598/3598 3578/3578
f 3604/3604 3598/3598 3597/3597
f 3530/3530 3598/3598 3604/3604
f 8315/8315 8334/8334 8318/8318
f 8319/8319 8316/8316 8317/8317
f 8317/8317 8315/8315 8318/8318
f 8317/8317 8316/8316 8315/8315
f 3579/3579 3576/3576 3575/3575
f 3581/3581 3580/3580 3579/3579
f 3579/3579 3580/3580 3576/3576
f 8472/8472 8316/8316 8319/8319
f 8315/8315 8314/8314 8334/8334
f 3580/3580 3584/3584 3576/3576
f 8472/8472 8313/8313 8316/8316
f 3601/3601 3599/3599 3580/3580
f 3580/3580 3599/3599 3584/3584
f 8316/8316 8313/8313 8315/8315
f 8313/8313 8314/8314 8315/8315
f 926/926 927/927 917/917
f 7549/7549 7550/7550 7544/7544
f 3601/3601 3611/3611 3599/3599
f 7544/7544 7545/7545 7549/7549
f 7551/7551 7549/7549 7545/7545
f 8312/8312 8314/8314 8313/8313
f 8311/8311 8312/8312 8313/8313
f 8472/8472 8311/8311 8313/8313
f 8321/8321 8311/8311 8472/8472
f 8321/8321 8310/8310 8311/8311
f 8310/8310 8308/8308 8311/8311
f 8311/8311 8308/8308 8312/8312
f 2379/2379 2383/2383 2381/2381
f 2383/2383 2379/2379 2382/2382
f 3550/3550 3572/3572 3559/3559
f 3550/3550 3559/3559 3552/3552
f 650/650 649/649 648/648
f 674/674 650/650 651/651
f 649/649 650/650 674/674
f 651/651 679/679 674/674
f 649/649 646/646 648/648
f 651/651 678/678 679/679
f 680/680 678/678 651/651
f 674/674 679/679 678/678
f 677/677 675/675 674/674
f 649/649 672/672 646/646
f 674/674 678/678 677/677
f 672/672 649/649 431/431
f 5374/5374 5365/5365 5379/5379
f 675/675 673/673 674/674
f 676/676 673/673 675/675
f 646/646 672/672 434/434
f 5365/5365 5380/5380 5379/5379
f 673/673 649/649 674/674
f 646/646 434/434 645/645
f 5378/5378 5374/5374 5379/5379
f 5377/5377 5374/5374 5378/5378
f 681/681 673/673 676/676
f 682/682 673/673 681/681
f 673/673 431/431 649/649
f 431/431 434/434 672/672
f 5378/5378 5384/5384 5377/5377
f 5383/5383 5384/5384 5378/5378
f 684/684 666/666 682/682
f 666/666 673/673 682/682
f 2332/2332 1810/1810 2166/2166
f 1810/1810 1809/1809 2166/2166
f 2166/2166 1809/1809 2003/2003
f 1811/1811 1746/1746 1810/1810
f 1810/1810 1746/1746 1809/1809
f 5385/5385 5384/5384 5383/5383
f 1725/1725 1746/1746 1811/1811
f 433/433 434/434 431/431
f 1725/1725 1726/1726 1746/1746
f 1746/1746 1726/1726 2163/2163
f 431/431 673/673 683/683
f 1725/1725 1722/1722 1726/1726
f 5198/5198 5196/5196 5195/5195
f 1722/1722 1723/1723 1726/1726
f 1723/1723 1823/1823 1726/1726
f 2163/2163 1726/1726 1823/1823
f 666/666 683/683 673/673
f 1723/1723 1745/1745 1823/1823
f 1716/1716 1714/1714 1722/1722
f 431/431 432/432 433/433
f 5194/5194 5195/5195 5196/5196
f 690/690 689/689 666/666
f 4966/4966 4957/4957 4968/4968
f 685/685 432/432 431/431
f 685/685 431/431 683/683
f 689/689 688/688 666/666
f 687/687 666/666 688/688
f 5197/5197 5195/5195 5194/5194
f 686/686 666/666 687/687
f 666/666 685/685 683/683
f 5697/5697 5696/5696 5699/5699
f 432/432 685/685 696/696
f 666/666 686/686 668/668
f 685/685 664/664 696/696
f 685/685 666/666 664/664
f 5989/5989 5731/5731 5991/5991
f 2232/2232 2228/2228 2227/2227
f 2227/2227 2218/2218 2220/2220
f 5696/5696 5704/5704 5709/5709
f 1409/1409 2218/2218 2228/2228
f 2228/2228 2218/2218 2227/2227
f 2220/2220 2218/2218 2216/2216
f 2218/2218 2211/2211 2216/2216
f 1408/1408 2213/2213 2218/2218
f 5991/5991 5752/5752 5701/5701
f 2218/2218 2213/2213 2211/2211
f 1405/1405 1407/1407 1408/1408
f 1407/1407 2213/2213 1408/1408
f 2213/2213 2212/2212 2211/2211
f 1407/1407 2212/2212 2213/2213
f 2212/2212 1407/1407 2214/2214
f 1406/1406 2214/2214 1407/1407
f 1405/1405 1406/1406 1407/1407
f 1364/1364 1406/1406 1405/1405
f 1378/1378 1379/1379 2214/2214
f 5696/5696 5697/5697 5698/5698
f 5698/5698 5704/5704 5696/5696
f 5698/5698 5706/5706 5704/5704
f 1947/1947 1945/1945 1944/1944
f 1945/1945 1772/1772 1944/1944
f 1772/1772 1771/1771 1943/1943
f 1772/1772 1945/1945 2259/2259
f 1772/1772 1769/1769 1771/1771
f 2342/2342 1769/1769 1772/1772
f 1769/1769 1768/1768 1771/1771
f 2340/2340 1769/1769 2342/2342
f 2004/2004 1769/1769 2340/2340
f 2340/2340 2005/2005 2004/2004
f 2004/2004 2003/2003 1769/1769
f 1769/1769 1766/1766 1768/1768
f 2166/2166 2003/2003 2005/2005
f 2005/2005 2003/2003 2004/2004
f 2003/2003 1742/1742 1769/1769
f 1742/1742 1766/1766 1769/1769
f 9154/9154 9155/9155 9156/9156
f 7956/7956 7957/7957 7959/7959
f 7957/7957 8254/8254 7959/7959
f 8298/8298 8476/8476 8474/8474
f 9154/9154 9158/9158 9155/9155
f 7956/7956 7954/7954 7957/7957
f 7957/7957 7958/7958 8254/8254
f 7956/7956 8256/8256 7955/7955
f 7956/7956 7955/7955 7954/7954
f 651/651 691/691 680/680
f 692/692 691/691 651/651
f 7954/7954 7958/7958 7957/7957
f 4065/4065 4066/4066 4069/4069
f 9159/9159 9154/9154 9161/9161
f 4063/4063 4066/4066 4065/4065
f 4236/4236 4237/4237 4221/4221
f 9154/9154 9159/9159 9158/9158
f 7955/7955 7953/7953 7954/7954
f 4235/4235 4223/4223 4222/4222
f 4235/4235 4222/4222 4236/4236
f 4236/4236 4221/4221 4235/4235
f 8476/8476 8298/8298 8557/8557
f 7953/7953 7951/7951 7954/7954
f 7951/7951 8269/8269 7954/7954
f 9224/9224 9225/9225 9226/9226
f 7954/7954 8269/8269 7958/7958
f 9227/9227 9224/9224 9226/9226
f 7905/7905 7903/7903 7904/7904
f 8298/8298 7882/7882 8557/8557
f 7882/7882 8301/8301 8557/8557
f 7863/7863 8496/8496 8557/8557
f 4967/4967 4966/4966 4968/4968
f 7908/7908 7905/7905 7909/7909
f 7909/7909 7905/7905 7904/7904
f 8557/8557 7861/7861 7863/7863
f 9149/9149 9151/9151 9153/9153
f 7905/7905 7906/7906 7903/7903
f 7881/7881 8301/8301 7882/7882
f 9224/9224 9223/9223 9225/9225
f 7908/7908 7907/7907 7905/7905
f 7905/7905 7907/7907 7906/7906
f 5495/5495 5496/5496 5497/5497
f 7908/7908 7910/7910 7907/7907
f 7910/7910 7912/7912 7907/7907
f 7907/7907 7912/7912 7915/7915
f 1314/1314 1319/1319 1320/1320
f 1314/1314 1311/1311 1319/1319
f 1314/1314 1313/1313 1311/1311
f 1321/1321 1320/1320 1234/1234
f 1320/1320 1321/1321 1314/1314
f 7912/7912 7910/7910 7913/7913
f 1321/1321 1370/1370 1314/1314
f 1313/1313 1314/1314 1335/1335
f 1321/1321 1366/1366 1370/1370
f 1314/1314 1336/1336 1335/1335
f 1370/1370 1336/1336 1314/1314
f 7912/7912 7923/7923 7915/7915
f 1231/1231 1321/1321 1234/1234
f 1370/1370 1366/1366 1245/1245
f 1366/1366 1321/1321 1244/1244
f 1245/1245 1336/1336 1370/1370
f 1245/1245 1366/1366 1244/1244
f 7913/7913 7914/7914 7912/7912
f 5980/5980 6045/6045 6083/6083
f 7923/7923 7912/7912 7914/7914
f 5978/5978 6045/6045 5980/5980
f 1231/1231 1240/1240 1321/1321
f 1240/1240 1244/1244 1321/1321
f 1244/1244 1243/1243 1245/1245
f 5978/5978 5983/5983 6045/6045
f 5814/5814 5730/5730 5731/5731
f 5919/5919 5811/5811 5813/5813
f 5811/5811 5812/5812 5813/5813
f 5812/5812 5730/5730 5814/5814
f 7913/7913 7933/7933 7914/7914
f 5919/5919 5810/5810 5811/5811
f 5809/5809 5744/5744 5810/5810
f 5810/5810 5744/5744 5811/5811
f 5811/5811 5744/5744 5812/5812
f 5744/5744 5730/5730 5812/5812
f 5749/5749 5745/5745 5809/5809
f 5809/5809 5745/5745 5744/5744
f 5745/5745 5743/5743 5744/5744
f 5743/5743 5730/5730 5744/5744
f 5738/5738 5730/5730 5743/5743
f 5745/5745 5746/5746 5743/5743
f 7083/7083 7084/7084 7085/7085
f 320/320 321/321 322/322
f 7729/7729 7727/7727 7728/7728
f 330/330 331/331 332/332
f 7728/7728 7736/7736 7737/7737
f 8384/8384 7672/7672 7670/7670
f 7728/7728 7730/7730 7731/7731
f 7731/7731 7730/7730 7732/7732
f 7733/7733 7731/7731 7732/7732
f 7725/7725 7730/7730 7728/7728
f 8817/8817 8813/8813 8816/8816
f 4676/4676 4675/4675 4677/4677
f 8821/8821 8822/8822 8823/8823
f 4676/4676 4677/4677 4678/4678
f 8715/8715 7589/7589 8561/8561
f 7725/7725 7770/7770 7730/7730
f 4846/4846 4839/4839 4847/4847
f 8822/8822 8821/8821 8824/8824
f 7730/7730 7770/7770 7732/7732
f 8314/8314 8655/8655 8334/8334
f 8334/8334 8655/8655 8701/8701
f 7770/7770 8727/8727 7732/7732
f 8355/8355 8353/8353 8354/8354
f 7720/7720 7770/7770 7722/7722
f 8355/8355 8356/8356 8353/8353
f 7770/7770 8560/8560 8727/8727
f 7717/7717 8560/8560 7770/7770
f 7720/7720 7719/7719 7770/7770
f 8314/8314 8335/8335 8655/8655
f 7719/7719 7717/7717 7770/7770
f 8312/8312 8335/8335 8314/8314
f 8312/8312 8308/8308 8335/8335
f 8824/8824 8825/8825 8822/8822
f 8709/8709 8356/8356 8355/8355
f 7720/7720 7718/7718 7719/7719
f 7719/7719 7718/7718 7717/7717
f 8335/8335 8709/8709 8655/8655
f 7721/7721 7718/7718 7720/7720
f 8709/8709 8689/8689 8356/8356
f 4770/4770 4774/4774 4754/4754
f 4754/4754 4774/4774 4755/4755
f 4754/4754 4755/4755 4750/4750
f 4754/4754 4750/4750 4752/4752
f 4752/4752 4753/4753 4754/4754
f 4753/4753 4761/4761 4760/4760
f 9539/9539 9542/9542 9541/9541
f 9551/9551 9542/9542 9539/9539
f 4750/4750 4751/4751 4752/4752
f 4767/4767 4751/4751 4750/4750
f 4752/4752 4751/4751 4753/4753
f 552/552 490/490 551/551
f 551/551 490/490 550/550
f 490/490 547/547 550/550
f 4751/4751 4763/4763 4753/4753
f 4763/4763 4761/4761 4753/4753
f 477/477 482/482 475/475
f 547/547 487/487 483/483
f 483/483 482/482 477/477
f 487/487 484/484 483/483
f 484/484 482/482 483/483
f 1715/1715 1719/1719 1713/1713
f 1718/1718 1719/1719 1715/1715
f 488/488 487/487 490/490
f 490/490 487/487 547/547
f 5918/5918 5909/5909 5964/5964
f 5949/5949 5915/5915 5937/5937
f 1719/1719 1721/1721 1713/1713
f 5949/5949 5914/5914 5915/5915
f 5912/5912 5918/5918 5915/5915
f 5909/5909 5910/5910 5856/5856
f 484/484 485/485 482/482
f 5914/5914 5912/5912 5915/5915
f 5918/5918 5912/5912 5909/5909
f 488/488 486/486 487/487
f 486/486 484/484 487/487
f 5910/5910 5858/5858 5856/5856
f 5912/5912 5911/5911 5909/5909
f 5911/5911 5910/5910 5909/5909
f 1720/1720 1721/1721 1719/1719
f 6012/6012 5858/5858 5910/5910
f 5911/5911 6012/6012 5910/5910
f 1720/1720 1663/1663 1721/1721
f 5911/5911 5912/5912 5913/5913
f 6012/6012 6005/6005 5858/5858
f 5015/5015 5018/5018 5017/5017
f 6012/6012 5911/5911 6039/6039
f 8085/8085 8084/8084 8087/8087
f 8702/8702 8087/8087 8084/8084
f 8123/8123 8084/8084 8082/8082
f 8085/8085 8083/8083 8084/8084
f 8083/8083 8082/8082 8084/8084
f 8082/8082 8033/8033 8123/8123
f 8123/8123 8033/8033 8465/8465
f 9135/9135 9136/9136 9137/9137
f 8125/8125 8077/8077 8083/8083
f 8077/8077 8082/8082 8083/8083
f 9135/9135 9139/9139 9136/9136
f 8664/8664 8077/8077 8125/8125
f 8077/8077 8033/8033 8082/8082
f 8033/8033 8035/8035 8543/8543
f 8664/8664 8046/8046 8077/8077
f 8076/8076 8046/8046 8664/8664
f 9126/9126 9125/9125 9127/9127
f 8034/8034 8035/8035 8033/8033
f 8034/8034 8036/8036 8035/8035
f 8046/8046 8033/8033 8077/8077
f 8605/8605 8606/8606 8607/8607
f 8103/8103 8105/8105 8106/8106
f 8605/8605 8604/8604 8606/8606
f 8943/8943 8944/8944 8945/8945
f 8105/8105 8102/8102 8414/8414
f 8103/8103 8102/8102 8105/8105
f 8292/8292 8414/8414 8102/8102
f 8414/8414 7613/7613 7611/7611
f 7614/7614 7613/7613 7615/7615
f 7614/7614 7615/7615 7616/7616
f 8414/8414 7615/7615 7613/7613
f 8291/8291 8292/8292 8102/8102
f 423/423 422/422 424/424
f 7293/7293 7186/7186 7175/7175
f 600/600 601/601 423/423
f 7295/7295 7186/7186 7293/7293
f 7209/7209 7188/7188 7186/7186
f 7295/7295 7209/7209 7186/7186
f 7294/7294 7295/7295 7293/7293
f 7209/7209 7190/7190 7188/7188
f 7188/7188 7190/7190 7189/7189
f 421/421 422/422 423/423
f 7295/7295 7346/7346 7209/7209
f 7190/7190 7209/7209 7346/7346
f 7346/7346 7211/7211 7190/7190
f 7345/7345 7346/7346 7295/7295
f 7329/7329 7279/7279 7275/7275
f 7422/7422 7423/7423 7424/7424
f 7211/7211 7346/7346 7213/7213
f 7422/7422 7424/7424 7425/7425
f 7275/7275 7270/7270 7280/7280
f 7279/7279 7277/7277 7275/7275
f 600/600 597/597 601/601
f 7275/7275 7273/7273 7270/7270
f 7232/7232 7229/7229 7228/7228
f 7227/7227 7235/7235 7234/7234
f 7227/7227 7234/7234 7228/7228
f 7236/7236 7234/7234 7235/7235
f 7228/7228 7234/7234 7232/7232
f 7236/7236 7237/7237 7234/7234
f 7278/7278 7277/7277 7279/7279
f 7276/7276 7273/7273 7275/7275
f 7234/7234 7237/7237 7238/7238
f 5138/5138 5139/5139 5140/5140
f 7234/7234 7248/7248 7232/7232
f 7277/7277 7276/7276 7275/7275
f 7277/7277 7278/7278 7276/7276
f 7236/7236 7241/7241 7237/7237
f 7247/7247 7241/7241 7236/7236
f 7276/7276 7281/7281 7273/7273
f 7281/7281 7274/7274 7273/7273
f 7241/7241 7239/7239 7237/7237
f 7237/7237 7239/7239 7238/7238
f 7239/7239 7241/7241 7242/7242
f 7239/7239 7248/7248 7238/7238
f 7247/7247 7242/7242 7241/7241
f 7242/7242 7243/7243 7239/7239
f 7247/7247 7243/7243 7242/7242
f 7245/7245 7244/7244 7243/7243
f 7243/7243 7244/7244 7239/7239
f 7823/7823 7822/7822 7793/7793
f 7674/7674 8383/8383 8757/8757
f 8797/8797 8798/8798 8799/8799
f 8383/8383 7822/7822 7823/7823
f 7675/7675 8383/8383 7674/7674
f 8383/8383 8343/8343 7822/7822
f 5679/5679 5673/5673 5682/5682
f 667/667 666/666 668/668
f 666/666 665/665 664/664
f 7669/7669 7675/7675 7674/7674
f 7675/7675 7676/7676 8383/8383
f 8800/8800 8802/8802 8804/8804
f 5674/5674 5673/5673 5679/5679
f 667/667 665/665 666/666
f 7669/7669 7676/7676 7675/7675
f 8800/8800 8801/8801 8802/8802
f 5672/5672 5673/5673 5674/5674
f 214/214 215/215 216/216
f 7669/7669 8381/8381 7676/7676
f 8803/8803 8801/8801 8800/8800
f 5441/5441 5445/5445 5444/5444
f 665/665 663/663 664/664
f 8805/8805 8806/8806 8807/8807
f 5444/5444 5442/5442 5441/5441
f 5673/5673 5680/5680 5681/5681
f 6901/6901 6900/6900 6902/6902
f 5208/5208 5209/5209 5210/5210
f 5441/5441 5442/5442 5443/5443
f 6295/6295 6292/6292 6291/6291
f 6291/6291 6292/6292 6293/6293
f 6294/6294 6291/6291 6293/6293
f 220/220 221/221 222/222
f 5673/5673 5677/5677 5680/5680
f 6902/6902 6900/6900 6903/6903
f 6902/6902 6903/6903 6904/6904
f 5661/5661 5662/5662 5663/5663
f 5663/5663 5664/5664 5661/5661
f 6262/6262 6263/6263 6264/6264
f 695/695 669/669 694/694
f 5664/5664 5663/5663 5667/5667
f 5673/5673 5676/5676 5677/5677
f 5663/5663 5677/5677 5676/5676
f 5663/5663 5676/5676 5665/5665
f 694/694 669/669 663/663
f 5672/5672 5669/5669 5673/5673
f 5669/5669 5678/5678 5673/5673
f 217/217 218/218 219/219
f 5673/5673 5678/5678 5665/5665
f 661/661 663/663 669/669
f 3916/3916 3919/3919 3914/3914
f 7903/7903 7924/7924 7902/7902
f 5669/5669 5665/5665 5678/5678
f 10521/10521 10522/10522 10523/10523
f 5666/5666 5667/5667 5663/5663
f 8425/8425 7924/7924 8424/8424
f 10522/10522 10524/10524 10523/10523
f 7906/7906 7924/7924 7903/7903
f 5665/5665 5666/5666 5663/5663
f 7906/7906 8424/8424 7924/7924
f 5118/5118 5119/5119 5120/5120
f 9256/9256 9261/9261 9262/9262
f 662/662 661/661 669/669
f 7906/7906 8426/8426 8424/8424
f 9256/9256 9260/9260 9261/9261
f 10556/10556 10555/10555 10557/10557
f 5669/5669 5668/5668 5665/5665
f 5665/5665 5668/5668 5666/5666
f 5735/5735 5733/5733 5736/5736
f 5671/5671 5670/5670 5669/5669
f 5669/5669 5670/5670 5668/5668
f 662/662 558/558 661/661
f 5733/5733 5750/5750 5736/5736
f 5733/5733 5734/5734 5732/5732
f 4918/4918 4920/4920 4919/4919
f 6428/6428 6429/6429 6430/6430
f 4746/4746 4747/4747 4748/4748
f 238/238 239/239 240/240
f 5721/5721 5723/5723 5732/5732
f 5733/5733 5723/5723 5750/5750
f 5732/5732 5723/5723 5733/5733
f 7544/7544 7606/7606 7546/7546
f 7079/7079 7082/7082 7081/7081
f 4749/4749 4747/4747 4746/4746
f 670/670 558/558 662/662
f 5867/5867 5869/5869 5872/5872
f 5868/5868 5869/5869 5867/5867
f 7800/7800 7801/7801 7796/7796
f 7800/7800 7811/7811 7803/7803
f 5868/5868 5988/5988 5869/5869
f 4179/4179 4183/4183 4180/4180
f 7796/7796 7799/7799 7800/7800
f 7798/7798 7799/7799 7796/7796
f 4181/4181 4180/4180 4182/4182
f 4180/4180 4181/4181 4178/4178
f 4178/4178 4179/4179 4180/4180
f 5868/5868 5871/5871 5988/5988
f 5870/5870 5871/5871 5868/5868
f 4178/4178 4181/4181 4184/4184
f 4913/4913 4914/4914 4915/4915
f 5870/5870 5873/5873 5871/5871
f 4915/4915 4914/4914 4916/4916
f 7813/7813 7799/7799 7802/7802
f 5541/5541 5542/5542 5543/5543
f 5873/5873 5874/5874 5871/5871
f 7802/7802 7816/7816 7813/7813
f 7816/7816 8644/8644 7813/7813
f 7816/7816 8554/8554 8644/8644
f 4162/4162 4161/4161 4163/4163
f 4829/4829 4830/4830 4831/4831
f 4162/4162 4163/4163 4164/4164
f 5211/5211 5212/5212 5213/5213
f 7815/7815 8511/8511 7816/7816
f 7816/7816 8511/8511 8554/8554
f 8511/8511 8516/8516 8554/8554
f 8554/8554 8518/8518 8555/8555
f 8516/8516 8518/8518 8554/8554
f 4826/4826 4824/4824 4825/4825
f 4824/4824 4822/4822 4825/4825
f 1979/1979 1981/1981 1980/1980
f 1985/1985 1980/1980 1982/1982
f 1988/1988 2026/2026 2025/2025
f 1521/1521 1981/1981 1979/1979
f 1982/1982 1980/1980 1981/1981
f 1982/1982 1981/1981 2025/2025
f 1988/1988 2027/2027 2026/2026
f 4903/4903 4904/4904 4905/4905
f 1982/1982 1987/1987 1985/1985
f 1981/1981 1988/1988 2025/2025
f 1521/1521 1988/1988 1981/1981
f 1987/1987 1982/1982 2025/2025
f 2028/2028 1987/1987 2025/2025
f 2348/2348 1967/1967 2349/2349
f 2065/2065 1966/1966 1967/1967
f 2028/2028 2025/2025 2026/2026
f 2065/2065 1758/1758 1966/1966
f 2067/2067 1850/1850 1758/1758
f 1521/1521 1608/1608 1988/1988
f 1850/1850 1849/1849 1758/1758
f 1849/1849 1763/1763 1758/1758
f 1851/1851 1850/1850 1852/1852
f 1851/1851 1849/1849 1850/1850
f 1881/1881 2006/2006 2009/2009
f 1861/1861 1869/1869 1881/1881
f 2006/2006 2008/2008 2009/2009
f 1869/1869 2006/2006 1881/1881
f 1849/1849 1851/1851 2193/2193
f 1861/1861 1867/1867 1869/1869
f 2193/2193 2014/2014 1849/1849
f 1849/1849 2014/2014 2015/2015
f 1867/1867 2006/2006 1869/1869
f 1851/1851 1882/1882 2193/2193
f 8850/8850 8854/8854 8847/8847
f 8854/8854 8846/8846 8847/8847
f 1886/1886 2007/2007 2006/2006
f 2006/2006 1867/1867 1886/1886
f 1867/1867 1883/1883 1886/1886
f 1886/1886 2020/2020 2007/2007
f 8225/8225 8229/8229 8238/8238
f 8678/8678 8227/8227 8238/8238
f 5835/5835 5834/5834 5836/5836
f 1886/1886 2021/2021 2020/2020
f 8227/8227 8225/8225 8238/8238
f 8229/8229 8228/8228 8230/8230
f 8228/8228 8700/8700 8230/8230
f 5834/5834 5828/5828 5836/5836
f 1421/1421 1420/1420 1423/1423
f 8225/8225 8228/8228 8229/8229
f 1420/1420 1421/1421 1418/1418
f 8227/8227 8236/8236 8226/8226
f 8226/8226 8225/8225 8227/8227
f 5834/5834 5790/5790 5828/5828
f 5828/5828 5827/5827 5829/5829
f 8225/8225 8223/8223 8228/8228
f 5790/5790 5826/5826 5828/5828
f 8236/8236 8231/8231 8226/8226
f 8228/8228 8223/8223 8700/8700
f 8224/8224 8225/8225 8226/8226
f 1418/1418 1419/1419 1420/1420
f 5826/5826 5827/5827 5828/5828
f 8224/8224 8223/8223 8225/8225
f 5731/5731 5725/5725 5991/5991
f 5725/5725 5752/5752 5991/5991
f 5730/5730 5725/5725 5731/5731
f 5725/5725 5697/5697 5752/5752
f 852/852 853/853 866/866
f 5826/5826 5825/5825 5827/5827
f 1418/1418 1422/1422 1419/1419
f 848/848 767/767 852/852
f 5698/5698 5703/5703 5706/5706
f 5730/5730 5727/5727 5725/5725
f 852/852 767/767 853/853
f 5727/5727 5724/5724 5725/5725
f 5724/5724 5697/5697 5725/5725
f 5697/5697 5700/5700 5698/5698
f 848/848 851/851 767/767
f 5724/5724 5700/5700 5697/5697
f 5738/5738 5727/5727 5730/5730
f 853/853 767/767 854/854
f 5791/5791 5825/5825 5826/5826
f 767/767 851/851 908/908
f 767/767 869/869 854/854
f 767/767 768/768 769/769
f 769/769 869/869 767/767
f 908/908 768/768 767/767
f 908/908 849/849 839/839
f 908/908 839/839 768/768
f 768/768 869/869 769/769
f 768/768 840/840 869/869
f 810/810 768/768 839/839
f 768/768 808/808 840/840
f 2049/2049 1801/1801 1806/1806
f 5408/5408 5410/5410 5409/5409
f 5419/5419 5410/5410 5408/5408
f 8608/8608 8607/8607 8609/8609
f 8605/8605 8607/8607 8608/8608
f 5420/5420 5410/5410 5421/5421
f 1673/1673 1678/1678 1670/1670
f 5419/5419 5421/5421 5410/5410
f 1682/1682 1678/1678 1673/1673
f 4076/4076 4071/4071 4117/4117
f 4117/4117 4071/4071 4070/4070
f 5739/5739 5845/5845 5844/5844
f 4065/4065 4069/4069 4070/4070
f 4070/4070 4069/4069 4158/4158
f 4072/4072 4061/4061 4071/4071
f 4071/4071 4065/4065 4070/4070
f 5846/5846 5845/5845 5739/5739
f 5903/5903 5846/5846 5847/5847
f 6042/6042 5845/5845 5846/5846
f 6042/6042 5848/5848 5845/5845
f 5846/5846 5903/5903 6042/6042
f 5934/5934 5935/5935 5903/5903
f 5907/5907 6042/6042 5903/5903
f 5935/5935 5907/5907 5903/5903
f 5894/5894 5848/5848 6042/6042
f 5907/5907 5894/5894 6042/6042
f 5848/5848 5842/5842 5845/5845
f 5848/5848 5849/5849 5842/5842
f 7561/7561 7581/7581 7559/7559
f 7559/7559 7581/7581 7577/7577
f 5848/5848 5894/5894 5850/5850
f 5907/5907 5906/5906 5894/5894
f 5850/5850 5894/5894 5906/5906
f 5850/5850 5849/5849 5848/5848
f 7561/7561 8537/8537 7581/7581
f 8537/8537 8649/8649 7581/7581
f 7581/7581 8658/8658 7577/7577
f 8649/8649 8658/8658 7581/7581
f 7566/7566 8537/8537 7561/7561
f 3515/3515 3522/3522 3516/3516
f 8649/8649 8650/8650 8658/8658
f 3515/3515 3513/3513 3517/3517
f 8537/8537 8650/8650 8649/8649
f 9332/9332 9333/9333 9334/9334
f 9332/9332 9335/9335 9333/9333
f 7971/7971 7972/7972 7969/7969
f 7969/7969 7972/7972 7973/7973
f 7970/7970 7969/7969 7965/7965
f 3515/3515 3520/3520 3522/3522
f 7970/7970 7971/7971 7969/7969
f 7965/7965 8257/8257 7970/7970
f 7961/7961 8257/8257 7965/7965
f 3515/3515 3517/3517 3518/3518
f 3518/3518 3519/3519 3515/3515
f 7971/7971 7970/7970 8257/8257
f 3515/3515 3519/3519 3520/3520
f 7971/7971 8257/8257 8740/8740
f 8740/8740 8290/8290 7971/7971
f 7960/7960 7959/7959 7961/7961
f 7961/7961 7959/7959 8257/8257
f 8257/8257 7959/7959 8740/8740
f 8286/8286 8290/8290 8740/8740
f 3520/3520 3519/3519 3536/3536
f 7959/7959 8254/8254 8740/8740
f 7960/7960 7956/7956 7959/7959
f 3518/3518 3587/3587 3519/3519
f 3519/3519 3587/3587 3536/3536
f 3518/3518 3588/3588 3587/3587
f 3596/3596 3536/3536 3587/3587
f 3585/3585 3518/3518 3507/3507
f 2396/2396 2398/2398 2397/2397
f 2397/2397 2398/2398 2400/2400
f 3588/3588 3518/3518 3585/3585
f 2395/2395 2396/2396 2397/2397
f 4639/4639 4637/4637 4640/4640
f 2399/2399 2396/2396 2395/2395
f 4640/4640 4637/4637 4636/4636
f 4637/4637 4639/4639 4641/4641
f 4643/4643 4644/4644 4642/4642
f 4643/4643 4642/4642 4641/4641
f 4641/4641 4642/4642 4637/4637
f 4642/4642 4654/4654 4637/4637
f 323/323 324/324 325/325
f 327/327 328/328 329/329
f 323/323 325/325 326/326
f 9345/9345 9346/9346 9347/9347
f 7728/7728 7731/7731 7736/7736
f 4655/4655 4637/4637 4654/4654
f 1450/1450 1449/1449 1451/1451
f 1451/1451 1449/1449 1455/1455
f 1446/1446 1447/1447 1449/1449
f 1449/1449 1471/1471 1455/1455
f 1447/1447 1483/1483 1449/1449
f 1449/1449 1483/1483 1471/1471
f 1528/1528 1483/1483 1447/1447
f 1528/1528 1481/1481 1483/1483
f 1674/1674 1481/1481 1528/1528
f 1481/1481 1480/1480 1483/1483
f 1479/1479 1483/1483 1480/1480
f 1481/1481 1474/1474 1480/1480
f 1674/1674 1482/1482 1481/1481
f 1482/1482 1474/1474 1481/1481
f 1533/1533 1474/1474 1482/1482
f 1472/1472 1480/1480 1474/1474
f 7145/7145 7146/7146 7147/7147
f 7144/7144 7140/7140 7145/7145
f 7140/7140 7146/7146 7145/7145
f 7172/7172 7169/7169 7170/7170
f 7140/7140 7155/7155 7146/7146
f 7222/7222 7169/7169 7172/7172
f 7139/7139 7155/7155 7140/7140
f 7138/7138 7139/7139 7140/7140
f 7372/7372 7374/7374 7382/7382
f 7374/7374 7377/7377 7382/7382
f 7381/7381 7382/7382 7377/7377
f 7381/7381 7377/7377 7380/7380
f 7172/7172 7176/7176 7222/7222
f 7176/7176 7187/7187 7222/7222
f 7887/7887 7888/7888 7886/7886
f 7888/7888 7887/7887 7889/7889
f 7888/7888 7891/7891 7886/7886
f 7891/7891 8420/8420 7886/7886
f 8420/8420 7891/7891 7894/7894
f 7888/7888 7889/7889 7890/7890
f 7888/7888 7890/7890 7891/7891
f 7176/7176 7186/7186 7187/7187
f 7892/7892 7891/7891 7890/7890
f 7175/7175 7186/7186 7176/7176
f 7892/7892 7893/7893 7891/7891
f 7892/7892 7899/7899 7893/7893
f 361/361 362/362 363/363
f 8169/8169 8171/8171 8196/8196
f 8169/8169 8167/8167 8171/8171
f 8180/8180 8196/8196 8490/8490
f 8180/8180 8177/8177 8196/8196
f 8169/8169 8168/8168 8167/8167
f 8177/8177 8169/8169 8196/8196
f 8858/8858 8859/8859 8860/8860
f 8700/8700 8180/8180 8490/8490
f 8426/8426 7906/7906 8427/8427
f 8426/8426 8456/8456 8424/8424
f 8180/8180 8178/8178 8177/8177
f 5561/5561 5555/5555 5560/5560
f 5555/5555 5559/5559 5560/5560
f 5625/5625 5624/5624 5623/5623
f 3481/3481 3461/3461 3483/3483
f 6483/6483 6484/6484 6485/6485
f 6480/6480 6481/6481 6482/6482
f 3483/3483 3461/3461 3458/3458
f 5565/5565 5557/5557 5566/5566
f 5558/5558 5559/5559 5555/5555
f 5558/5558 5562/5562 5559/5559
f 5182/5182 5183/5183 5184/5184
f 3891/3891 3899/3899 3887/3887
f 8182/8182 8180/8180 8700/8700
f 7120/7120 7119/7119 7117/7117
f 5570/5570 5557/5557 5556/5556
f 8182/8182 8178/8178 8180/8180
f 9256/9256 9259/9259 9260/9260
f 8177/8177 8176/8176 8169/8169
f 3463/3463 3461/3461 3481/3481
f 8177/8177 8178/8178 8176/8176
f 10546/10546 10547/10547 10548/10548
f 5622/5622 5623/5623 5624/5624
f 5555/5555 5554/5554 5558/5558
f 5565/5565 5554/5554 5557/5557
f 3473/3473 3472/3472 3470/3470
f 3474/3474 3472/3472 3473/3473
f 8176/8176 8170/8170 8169/8169
f 5029/5029 5028/5028 5032/5032
f 3463/3463 3459/3459 3461/3461
f 8169/8169 8170/8170 8168/8168
f 5554/5554 5555/5555 5556/5556
f 5557/5557 5554/5554 5556/5556
f 5028/5028 5029/5029 5030/5030
f 4233/4233 4231/4231 4232/4232
f 4228/4228 4231/4231 4233/4233
f 4227/4227 4228/4228 4229/4229
f 4230/4230 4228/4228 4227/4227
f 3459/3459 3414/3414 3461/3461
f 8182/8182 8176/8176 8178/8178
f 8170/8170 8240/8240 8168/8168
f 3460/3460 3413/3413 3459/3459
f 5892/5892 6055/6055 6056/6056
f 7119/7119 7104/7104 7117/7117
f 8170/8170 8176/8176 8179/8179
f 5570/5570 5556/5556 5573/5573
f 8179/8179 8240/8240 8170/8170
f 8183/8183 8240/8240 8179/8179
f 3413/3413 3411/3411 3459/3459
f 3459/3459 3411/3411 3414/3414
f 5030/5030 5029/5029 5031/5031
f 8223/8223 8181/8181 8700/8700
f 8182/8182 8181/8181 8176/8176
f 8181/8181 8179/8179 8176/8176
f 3410/3410 3414/3414 3411/3411
f 8427/8427 8428/8428 8426/8426
f 3413/3413 3412/3412 3411/3411
f 3410/3410 3411/3411 3412/3412
f 4817/4817 4821/4821 4818/4818
f 651/651 650/650 648/648
f 10545/10545 10543/10543 10546/10546
f 4816/4816 4818/4818 4819/4819
f 4816/4816 4817/4817 4818/4818
f 8430/8430 8429/8429 8427/8427
f 8427/8427 8429/8429 8428/8428
f 4016/4016 4004/4004 4096/4096
f 4123/4123 4018/4018 4019/4019
f 4819/4819 4818/4818 4820/4820
f 4019/4019 4017/4017 4033/4033
f 4017/4017 4016/4016 4033/4033
f 4018/4018 4017/4017 4019/4019
f 6054/6054 6055/6055 5892/5892
f 4017/4017 4018/4018 4013/4013
f 6059/6059 6055/6055 6054/6054
f 4003/4003 4004/4004 4016/4016
f 4003/4003 4017/4017 4013/4013
f 4016/4016 4017/4017 4003/4003
f 8430/8430 8435/8435 8429/8429
f 8429/8429 8431/8431 8428/8428
f 7135/7135 7126/7126 7136/7136
f 10544/10544 10543/10543 10545/10545
f 4009/4009 4013/4013 3997/3997
f 4003/4003 4013/4013 4009/4009
f 7126/7126 7104/7104 7119/7119
f 3999/3999 4009/4009 3997/3997
f 4009/4009 4001/4001 4003/4003
f 11192/11192 11193/11193 11194/11194
f 11198/11198 11197/11197 11200/11200
f 11197/11197 11198/11198 11199/11199
f 7135/7135 7134/7134 7126/7126
f 5176/5176 5175/5175 5177/5177
f 4001/4001 4002/4002 4003/4003
f 7126/7126 7134/7134 7131/7131
f 4200/4200 4201/4201 4202/4202
f 3999/3999 4001/4001 4009/4009
f 7126/7126 7116/7116 7104/7104
f 11194/11194 11195/11195 11192/11192
f 11195/11195 11196/11196 11192/11192
f 11200/11200 11201/11201 11198/11198
f 5174/5174 5175/5175 5176/5176
f 5178/5178 5174/5174 5176/5176
f 7134/7134 7137/7137 7131/7131
f 7104/7104 7116/7116 7102/7102
f 5893/5893 5901/5901 6054/6054
f 7126/7126 7131/7131 7116/7116
f 8453/8453 8454/8454 8452/8452
f 8454/8454 8469/8469 8452/8452
f 8853/8853 8851/8851 8852/8852
f 7107/7107 7106/7106 7102/7102
f 8874/8874 8869/8869 8873/8873
f 8869/8869 8872/8872 8873/8873
f 8883/8883 8873/8873 8872/8872
f 5226/5226 5227/5227 5228/5228
f 8857/8857 8856/8856 8855/8855
f 8851/8851 8853/8853 8855/8855
f 8878/8878 8885/8885 8883/8883
f 8872/8872 8878/8878 8883/8883
f 8856/8856 8851/8851 8855/8855
f 8856/8856 8849/8849 8851/8851
f 8871/8871 8872/8872 8869/8869
f 8669/8669 8672/8672 8668/8668
f 8872/8872 8871/8871 8878/8878
f 8599/8599 8668/8668 8667/8667
f 8668/8668 8599/8599 8669/8669
f 8599/8599 8670/8670 8669/8669
f 8599/8599 8667/8667 8600/8600
f 8599/8599 8678/8678 8670/8670
f 8598/8598 8678/8678 8599/8599
f 5740/5740 5737/5737 5837/5837
f 5737/5737 5754/5754 5837/5837
f 5754/5754 5737/5737 5753/5753
f 5714/5714 5737/5737 5740/5740
f 5714/5714 5735/5735 5737/5737
f 5737/5737 5736/5736 5753/5753
f 5747/5747 5734/5734 5714/5714
f 5734/5734 5735/5735 5714/5714
f 5735/5735 5736/5736 5737/5737
f 5734/5734 5733/5733 5735/5735
f 923/923 924/924 925/925
f 923/923 925/925 928/928
f 1799/1799 1797/1797 1822/1822
f 1800/1800 1799/1799 2267/2267
f 1798/1798 1799/1799 1800/1800
f 1798/1798 1797/1797 1799/1799
f 1796/1796 1798/1798 1800/1800
f 1796/1796 1797/1797 1798/1798
f 1796/1796 1795/1795 1797/1797
f 2239/2239 2228/2228 2232/2232
f 442/442 546/546 545/545
f 2250/2250 2228/2228 2239/2239
f 2250/2250 2249/2249 2228/2228
f 1796/1796 1792/1792 1795/1795
f 442/442 443/443 546/546
f 2249/2249 1409/1409 2228/2228
f 4874/4874 4875/4875 4876/4876
f 1788/1788 1774/1774 1813/1813
f 1813/1813 1774/1774 1814/1814
f 1774/1774 1815/1815 1814/1814
f 444/444 511/511 443/443
f 1405/1405 1408/1408 1409/1409
f 441/441 444/444 443/443
f 444/444 512/512 511/511
f 1409/1409 1367/1367 1405/1405
f 1739/1739 1774/1774 1788/1788
f 1739/1739 1390/1390 1774/1774
f 1389/1389 1390/1390 1391/1391
f 1368/1368 1296/1296 1367/1367
f 445/445 444/444 441/441
f 1367/1367 1364/1364 1405/1405
f 1368/1368 1369/1369 1296/1296
f 1915/1915 1928/1928 1917/1917
f 1914/1914 1915/1915 1917/1917
f 1915/1915 2045/2045 1928/1928
f 1934/1934 1933/1933 1932/1932
f 1934/1934 1601/1601 1933/1933
f 1594/1594 1600/1600 1601/1601
f 1934/1934 1575/1575 1601/1601
f 1601/1601 1575/1575 1594/1594
f 1915/1915 1911/1911 2045/2045
f 1934/1934 1939/1939 1602/1602
f 1575/1575 1593/1593 1594/1594
f 1575/1575 1934/1934 1602/1602
f 1940/1940 1939/1939 1936/1936
f 1936/1936 1939/1939 1934/1934
f 1592/1592 1593/1593 1575/1575
f 1575/1575 1574/1574 1592/1592
f 1939/1939 1684/1684 1602/1602
f 3591/3591 3589/3589 3590/3590
f 1940/1940 1684/1684 1939/1939
f 4636/4636 4646/4646 4640/4640
f 1176/1176 1574/1574 1575/1575
f 1916/1916 1910/1910 1915/1915
f 1911/1911 1915/1915 1910/1910
f 2020/2020 2021/2021 2022/2022
f 2205/2205 2023/2023 2022/2022
f 2205/2205 1544/1544 2018/2018
f 1543/1543 2018/2018 1544/1544
f 2039/2039 2022/2022 2021/2021
f 2039/2039 2205/2205 2022/2022
f 2330/2330 2205/2205 2039/2039
f 2330/2330 1544/1544 2205/2205
f 2304/2304 1544/1544 2330/2330
f 2208/2208 1544/1544 2304/2304
f 2207/2207 1667/1667 1544/1544
f 2303/2303 2304/2304 2330/2330
f 2208/2208 2207/2207 1544/1544
f 2208/2208 2206/2206 2207/2207
f 2303/2303 2154/2154 2304/2304
f 2208/2208 2304/2304 2154/2154
f 2207/2207 1672/1672 1667/1667
f 2154/2154 2206/2206 2208/2208
f 2152/2152 2154/2154 2303/2303
f 2153/2153 2154/2154 2152/2152
f 1895/1895 1894/1894 1912/1912
f 1894/1894 1893/1893 1888/1888
f 1895/1895 1893/1893 1894/1894
f 1893/1893 1892/1892 1888/1888
f 2167/2167 1896/1896 1900/1900
f 1900/1900 1896/1896 1895/1895
f 1896/1896 1893/1893 1895/1895
f 1893/1893 1897/1897 1892/1892
f 1888/1888 1892/1892 1887/1887
f 596/596 619/619 605/605
f 1896/1896 1897/1897 1893/1893
f 1897/1897 1887/1887 1892/1892
f 1896/1896 1898/1898 1897/1897
f 1898/1898 1887/1887 1897/1897
f 592/592 610/610 596/596
f 610/610 616/616 596/596
f 596/596 616/616 619/619
f 615/615 616/616 610/610
f 611/611 615/615 610/610
f 7706/7706 7707/7707 7705/7705
f 739/739 740/740 742/742
f 7704/7704 7774/7774 7706/7706
f 7707/7707 7706/7706 7709/7709
f 729/729 740/740 739/739
f 7702/7702 7774/7774 7704/7704
f 729/729 739/739 732/732
f 592/592 611/611 610/610
f 7774/7774 7710/7710 7706/7706
f 7709/7709 7706/7706 7710/7710
f 8706/8706 7710/7710 7774/7774
f 614/614 612/612 592/592
f 616/616 615/615 617/617
f 727/727 729/729 732/732
f 727/727 728/728 729/729
f 7710/7710 7771/7771 7709/7709
f 731/731 727/727 732/732
f 612/612 611/611 592/592
f 730/730 727/727 731/731
f 6747/6747 6867/6867 6879/6879
f 622/622 612/612 614/614
f 611/611 613/613 615/615
f 6867/6867 6858/6858 6877/6877
f 6858/6858 6764/6764 6877/6877
f 6877/6877 6764/6764 6843/6843
f 6763/6763 6858/6858 6867/6867
f 6783/6783 6867/6867 6747/6747
f 6763/6763 6867/6867 6783/6783
f 6783/6783 6737/6737 6763/6763
f 6763/6763 6764/6764 6858/6858
f 6737/6737 6742/6742 6763/6763
f 6763/6763 6762/6762 6764/6764
f 6762/6762 6820/6820 6764/6764
f 6820/6820 6795/6795 6764/6764
f 6736/6736 6742/6742 6737/6737
f 6736/6736 6743/6743 6742/6742
f 6820/6820 6775/6775 6795/6795
f 6743/6743 6751/6751 6742/6742
f 6761/6761 6762/6762 6763/6763
f 6760/6760 6775/6775 6820/6820
f 8081/8081 8029/8029 8074/8074
f 5785/5785 5786/5786 5807/5807
f 5832/5832 5822/5822 6014/6014
f 5786/5786 5821/5821 5807/5807
f 5783/5783 5786/5786 5785/5785
f 5821/5821 5823/5823 5822/5822
f 5783/5783 5824/5824 5786/5786
f 5025/5025 5026/5026 5027/5027
f 5823/5823 6063/6063 5822/5822
f 5786/5786 5824/5824 5821/5821
f 5824/5824 5783/5783 5831/5831
f 5824/5824 5823/5823 5821/5821
f 7229/7229 7232/7232 7233/7233
f 7233/7233 7232/7232 7298/7298
f 3902/3902 3905/3905 3903/3903
f 5823/5823 5824/5824 5831/5831
f 7232/7232 7299/7299 7298/7298
f 7298/7298 7299/7299 7305/7305
f 7232/7232 7300/7300 7299/7299
f 7325/7325 7299/7299 7300/7300
f 5823/5823 5831/5831 5992/5992
f 4098/4098 4099/4099 4096/4096
f 6063/6063 5823/5823 5992/5992
f 7300/7300 7302/7302 7325/7325
f 7300/7300 7301/7301 7302/7302
f 7300/7300 7232/7232 7301/7301
f 6086/6086 5993/5993 5831/5831
f 5993/5993 5992/5992 5831/5831
f 7301/7301 7303/7303 7302/7302
f 7239/7239 7246/7246 7248/7248
f 7402/7402 7403/7403 7404/7404
f 4021/4021 4123/4123 4019/4019
f 4019/4019 4033/4033 4096/4096
f 7232/7232 7304/7304 7301/7301
f 7304/7304 7303/7303 7301/7301
f 7402/7402 7405/7405 7403/7403
f 7304/7304 7332/7332 7303/7303
f 5779/5779 5781/5781 5780/5780
f 4016/4016 4096/4096 4033/4033
f 5804/5804 5779/5779 5778/5778
f 4126/4126 4146/4146 4125/4125
f 5804/5804 5806/5806 5779/5779
f 4126/4126 4032/4032 4031/4031
f 4125/4125 4119/4119 4118/4118
f 4125/4125 4118/4118 4126/4126
f 4118/4118 4032/4032 4126/4126
f 4084/4084 4029/4029 4119/4119
f 4119/4119 4029/4029 4118/4118
f 4118/4118 4028/4028 4032/4032
f 4118/4118 4029/4029 4028/4028
f 4083/4083 4029/4029 4084/4084
f 4083/4083 4026/4026 4029/4029
f 4026/4026 4020/4020 4029/4029
f 4026/4026 4023/4023 4020/4020
f 10532/10532 10528/10528 10530/10530
f 8594/8594 8600/8600 8595/8595
f 8600/8600 8594/8594 8599/8599
f 7867/7867 7868/7868 8535/8535
f 8594/8594 8598/8598 8599/8599
f 10533/10533 10532/10532 10530/10530
f 8594/8594 8597/8597 8598/8598
f 9164/9164 9165/9165 9166/9166
f 9167/9167 9166/9166 9165/9165
f 8864/8864 8861/8861 8863/8863
f 8861/8861 8862/8862 8863/8863
f 8596/8596 8597/8597 8594/8594
f 8236/8236 8227/8227 8678/8678
f 8535/8535 7868/7868 8741/8741
f 10532/10532 10534/10534 10535/10535
f 8596/8596 8601/8601 8597/8597
f 8865/8865 8861/8861 8864/8864
f 10533/10533 10534/10534 10532/10532
f 7894/7894 8535/8535 8741/8741
f 8866/8866 8861/8861 8865/8865
f 7897/7897 8535/8535 7894/7894
f 8596/8596 8633/8633 8601/8601
f 8601/8601 8633/8633 8749/8749
f 10533/10533 10542/10542 10534/10534
f 8236/8236 8749/8749 8231/8231
f 7897/7897 7935/7935 8535/8535
f 7896/7896 7897/7897 7894/7894
f 7935/7935 7936/7936 8272/8272
f 6180/6180 6183/6183 6182/6182
f 6179/6179 6180/6180 6181/6181
f 5316/5316 5317/5317 5318/5318
f 10663/10663 10666/10666 10667/10667
f 9923/9923 9921/9921 9920/9920
f 5318/5318 5319/5319 5316/5316
f 7021/7021 7022/7022 7023/7023
f 9816/9816 9812/9812 9813/9813
f 91/91 92/92 93/93
f 5425/5425 5426/5426 5427/5427
f 10657/10657 10655/10655 10656/10656
f 9920/9920 9921/9921 9922/9922
f 10657/10657 10666/10666 10663/10663
f 9821/9821 9822/9822 9816/9816
f 9823/9823 9822/9822 9821/9821
f 9821/9821 9816/9816 9813/9813
f 5628/5628 5627/5627 5629/5629
f 10660/10660 10663/10663 10664/10664
f 9826/9826 9816/9816 9822/9822
f 9809/9809 9812/9812 9805/9805
f 10657/10657 10662/10662 10660/10660
f 10657/10657 10660/10660 10655/10655
f 10660/10660 10662/10662 10663/10663
f 9817/9817 9805/9805 9812/9812
f 10663/10663 10662/10662 10657/10657
f 2697/2697 2707/2707 2692/2692
f 7024/7024 7023/7023 7022/7022
f 6114/6114 6115/6115 6116/6116
f 10663/10663 10665/10665 10664/10664
f 9838/9838 9812/9812 9839/9839
f 9817/9817 9812/9812 9838/9838
f 2697/2697 2698/2698 2708/2708
f 2699/2699 2708/2708 2698/2698
f 5104/5104 5102/5102 5103/5103
f 2699/2699 2700/2700 2708/2708
f 2711/2711 2712/2712 2708/2708
f 5103/5103 5101/5101 5100/5100
f 6891/6891 6887/6887 6890/6890
f 6887/6887 6889/6889 6890/6890
f 2701/2701 2708/2708 2700/2700
f 5102/5102 5101/5101 5103/5103
f 5101/5101 5097/5097 5100/5100
f 5100/5100 5099/5099 5105/5105
f 6887/6887 6888/6888 6889/6889
f 2703/2703 2708/2708 2701/2701
f 5097/5097 5099/5099 5100/5100
f 6887/6887 6885/6885 6888/6888
f 2703/2703 2711/2711 2708/2708
f 6026/6026 5762/5762 5764/5764
f 4621/4621 4623/4623 4622/4622
f 8589/8589 8584/8584 8590/8590
f 6028/6028 6026/6026 6027/6027
f 4621/4621 4620/4620 4624/4624
f 4620/4620 4621/4621 4622/4622
f 3051/3051 3054/3054 3055/3055
f 5762/5762 5759/5759 5761/5761
f 3051/3051 3050/3050 3054/3054
f 3056/3056 3055/3055 3054/3054
f 5763/5763 5759/5759 5762/5762
f 3061/3061 3060/3060 3054/3054
f 3054/3054 3057/3057 3059/3059
f 3060/3060 3057/3057 3054/3054
f 934/934 933/933 932/932
f 3060/3060 3058/3058 3057/3057
f 3061/3061 3062/3062 3060/3060
f 3060/3060 3062/3062 3058/3058
f 933/933 934/934 935/935
f 3063/3063 3062/3062 3061/3061
f 936/936 935/935 934/934
f 5839/5839 5754/5754 6009/6009
f 5925/5925 5837/5837 5839/5839
f 7932/7932 7929/7929 7928/7928
f 7929/7929 7926/7926 7928/7928
f 7926/7926 7929/7929 7937/7937
f 9247/9247 9246/9246 9248/9248
f 9246/9246 9249/9249 9248/9248
f 5839/5839 5837/5837 5754/5754
f 7920/7920 7917/7917 7937/7937
f 7918/7918 7917/7917 7920/7920
f 9244/9244 9240/9240 9246/9246
f 9235/9235 9240/9240 9244/9244
f 5740/5740 5837/5837 5838/5838
f 936/936 938/938 935/935
f 7921/7921 7918/7918 7920/7920
f 1814/1814 1821/1821 1830/1830
f 1830/1830 1821/1821 1961/1961
f 8508/8508 8117/8117 8106/8106
f 8103/8103 8106/8106 8117/8117
f 1815/1815 1821/1821 1814/1814
f 8104/8104 8103/8103 8117/8117
f 5167/5167 5168/5168 5169/5169
f 8113/8113 8100/8100 8117/8117
f 1391/1391 1393/1393 1392/1392
f 8104/8104 8117/8117 8101/8101
f 8101/8101 8103/8103 8104/8104
f 8100/8100 8101/8101 8117/8117
f 8101/8101 8102/8102 8103/8103
f 8112/8112 8100/8100 8113/8113
f 7158/7158 7141/7141 7144/7144
f 8116/8116 8111/8111 8112/8112
f 8111/8111 8100/8100 8112/8112
f 8098/8098 8102/8102 8101/8101
f 7250/7250 7224/7224 7217/7217
f 7224/7224 7223/7223 7217/7217
f 7223/7223 7218/7218 7217/7217
f 7252/7252 7224/7224 7250/7250
f 7876/7876 8298/8298 8302/8302
f 7140/7140 7144/7144 7141/7141
f 7363/7363 7364/7364 7365/7365
f 7253/7253 7251/7251 7252/7252
f 7251/7251 7224/7224 7252/7252
f 7251/7251 7225/7225 7224/7224
f 7224/7224 7225/7225 7223/7223
f 7251/7251 7347/7347 7225/7225
f 7386/7386 7387/7387 7385/7385
f 7387/7387 7388/7388 7385/7385
f 7879/7879 7876/7876 7878/7878
f 8413/8413 7617/7617 7618/7618
f 7157/7157 7142/7142 7141/7141
f 7876/7876 7879/7879 8298/8298
f 7347/7347 7249/7249 7225/7225
f 7349/7349 7235/7235 7249/7249
f 8914/8914 8913/8913 8911/8911
f 8911/8911 8913/8913 8912/8912
f 7651/7651 7638/7638 7646/7646
f 2271/2271 2112/2112 2272/2272
f 7619/7619 7620/7620 7618/7618
f 7620/7620 8413/8413 7618/7618
f 7651/7651 7637/7637 7638/7638
f 7141/7141 7138/7138 7140/7140
f 7651/7651 8499/8499 7637/7637
f 7880/7880 7879/7879 7878/7878
f 7879/7879 7882/7882 8298/8298
f 8915/8915 8913/8913 8914/8914
f 8915/8915 8918/8918 8913/8913
f 7142/7142 7138/7138 7141/7141
f 7621/7621 7624/7624 7620/7620
f 7624/7624 7625/7625 7620/7620
f 7620/7620 7625/7625 8413/8413
f 8499/8499 7633/7633 7637/7637
f 8656/8656 7563/7563 7564/7564
f 8724/8724 8656/8656 7564/7564
f 7569/7569 7570/7570 7571/7571
f 7880/7880 7881/7881 7879/7879
f 7881/7881 7882/7882 7879/7879
f 7568/7568 7567/7567 7563/7563
f 7567/7567 7570/7570 7569/7569
f 7878/7878 8300/8300 7880/7880
f 8656/8656 7568/7568 7563/7563
f 7568/7568 8656/8656 7604/7604
f 7567/7567 7572/7572 7570/7570
f 7143/7143 7142/7142 7157/7157
f 7364/7364 7363/7363 7366/7366
f 8992/8992 8995/8995 8996/8996
f 7591/7591 7568/7568 7604/7604
f 7570/7570 7572/7572 7584/7584
f 7591/7591 7583/7583 7568/7568
f 7583/7583 7567/7567 7568/7568
f 7604/7604 7593/7593 7591/7591
f 7583/7583 7572/7572 7567/7567
f 7584/7584 7572/7572 8497/8497
f 7592/7592 7591/7591 7593/7593
f 7142/7142 7143/7143 7138/7138
f 7366/7366 7369/7369 7372/7372
f 7368/7368 7369/7369 7366/7366
f 7369/7369 7374/7374 7372/7372
f 7880/7880 8300/8300 7883/7883
f 7880/7880 7883/7883 7881/7881
f 7493/7493 7502/7502 8684/8684
f 9189/9189 9190/9190 9191/9191
f 6419/6419 6420/6420 6421/6421
f 8685/8685 8565/8565 8567/8567
f 6811/6811 6796/6796 6812/6812
f 6875/6875 6811/6811 6814/6814
f 7502/7502 7500/7500 8685/8685
f 8685/8685 8568/8568 8565/8565
f 6838/6838 6812/6812 6796/6796
f 5179/5179 5180/5180 5181/5181
f 3698/3698 3697/3697 3699/3699
f 7493/7493 7496/7496 7502/7502
f 6813/6813 6811/6811 6812/6812
f 3655/3655 3799/3799 3800/3800
f 6574/6574 6812/6812 6838/6838
f 3696/3696 3697/3697 3698/3698
f 3801/3801 3655/3655 3800/3800
f 7502/7502 7496/7496 7500/7500
f 8940/8940 8941/8941 8942/8942
f 6813/6813 6814/6814 6811/6811
f 7007/7007 7008/7008 7009/7009
f 7491/7491 7493/7493 7494/7494
f 3654/3654 3655/3655 3801/3801
f 6844/6844 6813/6813 6812/6812
f 3655/3655 3656/3656 3799/3799
f 5246/5246 5244/5244 5243/5243
f 3693/3693 3697/3697 3696/3696
f 7491/7491 7492/7492 7493/7493
f 3654/3654 3651/3651 3655/3655
f 7010/7010 7008/7008 7007/7007
f 7492/7492 7495/7495 7493/7493
f 7495/7495 7496/7496 7493/7493
f 3651/3651 3656/3656 3655/3655
f 5243/5243 5244/5244 5245/5245
f 3656/3656 3693/3693 3696/3696
f 8568/8568 8719/8719 7590/7590
f 7010/7010 7011/7011 7008/7008
f 296/296 297/297 298/298
f 3697/3697 3693/3693 3695/3695
f 9007/9007 9008/9008 9009/9009
f 7499/7499 7495/7495 7505/7505
f 7499/7499 7505/7505 7506/7506
f 1257/1257 1267/1267 1259/1259
f 7590/7590 8719/8719 8561/8561
f 1250/1250 1257/1257 1253/1253
f 1251/1251 1250/1250 1253/1253
f 1251/1251 1256/1256 1252/1252
f 1250/1250 1235/1235 1257/1257
f 1257/1257 1235/1235 1267/1267
f 1252/1252 1249/1249 1251/1251
f 1249/1249 1250/1250 1251/1251
f 1252/1252 1262/1262 1249/1249
f 1247/1247 1235/1235 1250/1250
f 1249/1249 1247/1247 1250/1250
f 2337/2337 2312/2312 2335/2335
f 2337/2337 1812/1812 2312/2312
f 1752/1752 1724/1724 1812/1812
f 1752/1752 1753/1753 1749/1749
f 1749/1749 1724/1724 1752/1752
f 1753/1753 1751/1751 1749/1749
f 1249/1249 1248/1248 1247/1247
f 1750/1750 1749/1749 1751/1751
f 1749/1749 1717/1717 1724/1724
f 1234/1234 1235/1235 1233/1233
f 1782/1782 1750/1750 1751/1751
f 1750/1750 1717/1717 1749/1749
f 1717/1717 1716/1716 1724/1724
f 1247/1247 1233/1233 1235/1235
f 3391/3391 3382/3382 3386/3386
f 9857/9857 9854/9854 9858/9858
f 9858/9858 9859/9859 9857/9857
f 3386/3386 3384/3384 3387/3387
f 9859/9859 9861/9861 9860/9860
f 3382/3382 3384/3384 3386/3386
f 3387/3387 3384/3384 3388/3388
f 9903/9903 9902/9902 9859/9859
f 3382/3382 3383/3383 3384/3384
f 3385/3385 3383/3383 3382/3382
f 3384/3384 3383/3383 3388/3388
f 3388/3388 3383/3383 3390/3390
f 4834/4834 4832/4832 4835/4835
f 8050/8050 8051/8051 8049/8049
f 8048/8048 8050/8050 8049/8049
f 8052/8052 8049/8049 8051/8051
f 8048/8048 8008/8008 8071/8071
f 8049/8049 8047/8047 8048/8048
f 8048/8048 8047/8047 8008/8008
f 8006/8006 8008/8008 8007/8007
f 8047/8047 8007/8007 8008/8008
f 8012/8012 8009/8009 8010/8010
f 8073/8073 8049/8049 8052/8052
f 8006/8006 8004/8004 8009/8009
f 8004/8004 8010/8010 8009/8009
f 8007/8007 8005/8005 8006/8006
f 8073/8073 8047/8047 8049/8049
f 5327/5327 5328/5328 5329/5329
f 8010/8010 8004/8004 8011/8011
f 8006/8006 8005/8005 8004/8004
f 8073/8073 8007/8007 8047/8047
f 8011/8011 8004/8004 8026/8026
f 8073/8073 8728/8728 8007/8007
f 8907/8907 8906/8906 8904/8904
f 8004/8004 8000/8000 8026/8026
f 8906/8906 8905/8905 8904/8904
f 8058/8058 8070/8070 8728/8728
f 3757/3757 3759/3759 3756/3756
f 3760/3760 3759/3759 3757/3757
f 3757/3757 3761/3761 3760/3760
f 3759/3759 3758/3758 3752/3752
f 3762/3762 3758/3758 3759/3759
f 3752/3752 3751/3751 3750/3750
f 3758/3758 3751/3751 3752/3752
f 6222/6222 6221/6221 6206/6206
f 6219/6219 6210/6210 6220/6220
f 6206/6206 6210/6210 6219/6219
f 3762/3762 3764/3764 3758/3758
f 3777/3777 3764/3764 3762/3762
f 3764/3764 3751/3751 3758/3758
f 6221/6221 6204/6204 6206/6206
f 6222/6222 6204/6204 6221/6221
f 6206/6206 6205/6205 6210/6210
f 6204/6204 6205/6205 6206/6206
f 6926/6926 6927/6927 6928/6928
f 3628/3628 3629/3629 3630/3630
f 7067/7067 7066/7066 7068/7068
f 7065/7065 7066/7066 7067/7067
f 4909/4909 4911/4911 4912/4912
f 4910/4910 4912/4912 4911/4911
f 88/88 89/89 90/90
f 3629/3629 3628/3628 3632/3632
f 3632/3632 3628/3628 3634/3634
f 6218/6218 6208/6208 6212/6212
f 6201/6201 6202/6202 6203/6203
f 6212/6212 6214/6214 6215/6215
f 6212/6212 6217/6217 6218/6218
f 6215/6215 6216/6216 6212/6212
f 6217/6217 6212/6212 6216/6216
f 4909/4909 4910/4910 4911/4911
f 6215/6215 6202/6202 6201/6201
f 6201/6201 6217/6217 6215/6215
f 6217/6217 6216/6216 6215/6215
f 9833/9833 9827/9827 9814/9814
f 9827/9827 9813/9813 9814/9814
f 9813/9813 9809/9809 9814/9814
f 9813/9813 9812/9812 9809/9809
f 9912/9912 9914/9914 9915/9915
f 9915/9915 9914/9914 9917/9917
f 9915/9915 9917/9917 9918/9918
f 94/94 95/95 96/96
f 9915/9915 9918/9918 9919/9919
f 9828/9828 9813/9813 9827/9827
f 9828/9828 9834/9834 9813/9813
f 9912/9912 9913/9913 9914/9914
f 9912/9912 9916/9916 9913/9913
f 10673/10673 10650/10650 10674/10674
f 10651/10651 10650/10650 10673/10673
f 1602/1602 1176/1176 1575/1575
f 1176/1176 1170/1170 1574/1574
f 5761/5761 5760/5760 6080/6080
f 1684/1684 1177/1177 1602/1602
f 5759/5759 5760/5760 5761/5761
f 1177/1177 1176/1176 1602/1602
f 1176/1176 1175/1175 1170/1170
f 1177/1177 1175/1175 1176/1176
f 6053/6053 5760/5760 5816/5816
f 3057/3057 3058/3058 3059/3059
f 5760/5760 5759/5759 5758/5758
f 5760/5760 5768/5768 5816/5816
f 6009/6009 5754/5754 5759/5759
f 5758/5758 5768/5768 5760/5760
f 5758/5758 5759/5759 5754/5754
f 5769/5769 5768/5768 5758/5758
f 5768/5768 5769/5769 5808/5808
f 2057/2057 2242/2242 2243/2243
f 2056/2056 2057/2057 2058/2058
f 2058/2058 2185/2185 2186/2186
f 2055/2055 2057/2057 2056/2056
f 2186/2186 1412/1412 2058/2058
f 6037/6037 6035/6035 6038/6038
f 2056/2056 2058/2058 2257/2257
f 1413/1413 2058/2058 1412/1412
f 8255/8255 8470/8470 8252/8252
f 9123/9123 9124/9124 9125/9125
f 8262/8262 8470/8470 8255/8255
f 9102/9102 9106/9106 9105/9105
f 1411/1411 1413/1413 1412/1412
f 6037/6037 6034/6034 6035/6035
f 8263/8263 8265/8265 8264/8264
f 2058/2058 1413/1413 2191/2191
f 2191/2191 2203/2203 2058/2058
f 8265/8265 8268/8268 8264/8264
f 9187/9187 9184/9184 9183/9183
f 7407/7407 7409/7409 7408/7408
f 7313/7313 7327/7327 7326/7326
f 7313/7313 7326/7326 7312/7312
f 9186/9186 9184/9184 9187/9187
f 9184/9184 9181/9181 9183/9183
f 2274/2274 2263/2263 2264/2264
f 2263/2263 2262/2262 2264/2264
f 2260/2260 2262/2262 2263/2263
f 2263/2263 2274/2274 2281/2281
f 2281/2281 2280/2280 2263/2263
f 2274/2274 2347/2347 2281/2281
f 2350/2350 2280/2280 2281/2281
f 2347/2347 2350/2350 2281/2281
f 2347/2347 2349/2349 2350/2350
f 2343/2343 2346/2346 2347/2347
f 8200/8200 8198/8198 8201/8201
f 8199/8199 8198/8198 8200/8200
f 2345/2345 2346/2346 2343/2343
f 2346/2346 2348/2348 2347/2347
f 8198/8198 8202/8202 8201/8201
f 8198/8198 8204/8204 8202/8202
f 3492/3492 3490/3490 3491/3491
f 3491/3491 3490/3490 3487/3487
f 3490/3490 3488/3488 3487/3487
f 3487/3487 3488/3488 3489/3489
f 8204/8204 8205/8205 8202/8202
f 4731/4731 4728/4728 4732/4732
f 4732/4732 4733/4733 4738/4738
f 2345/2345 2066/2066 2346/2346
f 2346/2346 2066/2066 2348/2348
f 2238/2238 2292/2292 2299/2299
f 2292/2292 2295/2295 2296/2296
f 2299/2299 2292/2292 2296/2296
f 2300/2300 2299/2299 2296/2296
f 2299/2299 2300/2300 2238/2238
f 467/467 466/466 469/469
f 469/469 468/468 467/467
f 473/473 470/470 469/469
f 470/470 468/468 469/469
f 499/499 548/548 470/470
f 470/470 548/548 468/468
f 548/548 541/541 468/468
f 541/541 472/472 468/468
f 468/468 472/472 471/471
f 426/426 600/600 423/423
f 427/427 600/600 426/426
f 427/427 602/602 600/600
f 427/427 607/607 602/602
f 3608/3608 3562/3562 3603/3603
f 631/631 602/602 607/607
f 632/632 631/631 607/607
f 602/602 595/595 600/600
f 768/768 810/810 808/808
f 602/602 603/603 595/595
f 602/602 631/631 603/603
f 810/810 800/800 808/808
f 800/800 801/801 808/808
f 595/595 597/597 600/600
f 802/802 800/800 810/810
f 1519/1519 1523/1523 1562/1562
f 799/799 792/792 800/800
f 792/792 801/801 800/800
f 1523/1523 1521/1521 1688/1688
f 1521/1521 1979/1979 1688/1688
f 792/792 790/790 801/801
f 792/792 791/791 790/790
f 603/603 631/631 632/632
f 1519/1519 1521/1521 1523/1523
f 1520/1520 1519/1519 1495/1495
f 1520/1520 1521/1521 1519/1519
f 4002/4002 4006/4006 4008/4008
f 4008/4008 4006/4006 3962/3962
f 3962/3962 3964/3964 3963/3963
f 5422/5422 5414/5414 5416/5416
f 1494/1494 1520/1520 1495/1495
f 1493/1493 1494/1494 1495/1495
f 1520/1520 1522/1522 1521/1521
f 4006/4006 4010/4010 3962/3962
f 4002/4002 4005/4005 4006/4006
f 5422/5422 5423/5423 5414/5414
f 4007/4007 4010/4010 4006/4006
f 4005/4005 4007/4007 4006/4006
f 5423/5423 5424/5424 5414/5414
f 2801/2801 2800/2800 2804/2804
f 2799/2799 2800/2800 2801/2801
f 2801/2801 2802/2802 2799/2799
f 2801/2801 2803/2803 2802/2802
f 3985/3985 4152/4152 4005/4005
f 4152/4152 4153/4153 4005/4005
f 2804/2804 2805/2805 2801/2801
f 3953/3953 3955/3955 3954/3954
f 7817/7817 7820/7820 7815/7815
f 3952/3952 3953/3953 3954/3954
f 4056/4056 4073/4073 4074/4074
f 8503/8503 7817/7817 8347/8347
f 4056/4056 4153/4153 4152/4152
f 8503/8503 8344/8344 7817/7817
f 8344/8344 7820/7820 7817/7817
f 7820/7820 7821/7821 7815/7815
f 8344/8344 7821/7821 7820/7820
f 8503/8503 7833/7833 8344/8344
f 7821/7821 8344/8344 7831/7831
f 7830/7830 7821/7821 7831/7831
f 1494/1494 1522/1522 1520/1520
f 7831/7831 8344/8344 7833/7833
f 7835/7835 7833/7833 8503/8503
f 7835/7835 7832/7832 7833/7833
f 7833/7833 7832/7832 7831/7831
f 7831/7831 7832/7832 7830/7830
f 7835/7835 7836/7836 7832/7832
f 7837/7837 7836/7836 7835/7835
f 8095/8095 8389/8389 8109/8109
f 8109/8109 8093/8093 8095/8095
f 8391/8391 8392/8392 8389/8389
f 8389/8389 8392/8392 8394/8394
f 8394/8394 8109/8109 8389/8389
f 1997/1997 1969/1969 1996/1996
f 1697/1697 1997/1997 2161/2161
f 8109/8109 8092/8092 8093/8093
f 1697/1697 1969/1969 1997/1997
f 1697/1697 1844/1844 1969/1969
f 1996/1996 1974/1974 1993/1993
f 8293/8293 8092/8092 8109/8109
f 9258/9258 9253/9253 9257/9257
f 9253/9253 9256/9256 9257/9257
f 7913/7913 7922/7922 7933/7933
f 1844/1844 1694/1694 2247/2247
f 9253/9253 9255/9255 9256/9256
f 9255/9255 9259/9259 9256/9256
f 1844/1844 1970/1970 1969/1969
f 1970/1970 1974/1974 1969/1969
f 9253/9253 9254/9254 9255/9255
f 8373/8373 8718/8718 7922/7922
f 1687/1687 1663/1663 1720/1720
f 1577/1577 1584/1584 1663/1663
f 1545/1545 1663/1663 1687/1687
f 1663/1663 1545/1545 1577/1577
f 2236/2236 2289/2289 2290/2290
f 2291/2291 2238/2238 2290/2290
f 1577/1577 1578/1578 1584/1584
f 1545/1545 1576/1576 1577/1577
f 1545/1545 1458/1458 1576/1576
f 1458/1458 1460/1460 1576/1576
f 1460/1460 1463/1463 1576/1576
f 2236/2236 2235/2235 2231/2231
f 1448/1448 1459/1459 1458/1458
f 1460/1460 1462/1462 1463/1463
f 1458/1458 1459/1459 1460/1460
f 1459/1459 1462/1462 1460/1460
f 2238/2238 2236/2236 2290/2290
f 2237/2237 2235/2235 2236/2236
f 2238/2238 2237/2237 2236/2236
f 466/466 465/465 454/454
f 467/467 465/465 466/466
f 454/454 442/442 455/455
f 468/468 465/465 467/467
f 454/454 453/453 442/442
f 453/453 454/454 465/465
f 471/471 465/465 468/468
f 471/471 453/453 465/465
f 1705/1705 1711/1711 1710/1710
f 1721/1721 1712/1712 1713/1713
f 5634/5634 5645/5645 5644/5644
f 1712/1712 1710/1710 1711/1711
f 5634/5634 5646/5646 5645/5645
f 5647/5647 5646/5646 5634/5634
f 6866/6866 6749/6749 6851/6851
f 5646/5646 5647/5647 5648/5648
f 1783/1783 1779/1779 1782/1782
f 8040/8040 8038/8038 8041/8041
f 9034/9034 9040/9040 9047/9047
f 2013/2013 1785/1785 1787/1787
f 8483/8483 8479/8479 8481/8481
f 8481/8481 8479/8479 8478/8478
f 8332/8332 8478/8478 8479/8479
f 9034/9034 9036/9036 9037/9037
f 1721/1721 1710/1710 1712/1712
f 1785/1785 1783/1783 1787/1787
f 9047/9047 9046/9046 9034/9034
f 8322/8322 8332/8332 8323/8323
f 1783/1783 1784/1784 1779/1779
f 8332/8332 8479/8479 8480/8480
f 9045/9045 9039/9039 9034/9034
f 9038/9038 9035/9035 9034/9034
f 9034/9034 9035/9035 9036/9036
f 8326/8326 8323/8323 8332/8332
f 9039/9039 9038/9038 9034/9034
f 8480/8480 8500/8500 8332/8332
f 2014/2014 2011/2011 2013/2013
f 1785/1785 1784/1784 1783/1783
f 8579/8579 8577/8577 8576/8576
f 7750/7750 7760/7760 7759/7759
f 8332/8332 8500/8500 8326/8326
f 8974/8974 8972/8972 8971/8971
f 2012/2012 1785/1785 2013/2013
f 8976/8976 8974/8974 8971/8971
f 8578/8578 8572/8572 8577/8577
f 8972/8972 8974/8974 8979/8979
f 8572/8572 8576/8576 8577/8577
f 8572/8572 8573/8573 8576/8576
f 8573/8573 8572/8572 8480/8480
f 2011/2011 2012/2012 2013/2013
f 7685/7685 7683/7683 8376/8376
f 1721/1721 1765/1765 1710/1710
f 1785/1785 1839/1839 1784/1784
f 1784/1784 1778/1778 1779/1779
f 1765/1765 1666/1666 1710/1710
f 1710/1710 1666/1666 1994/1994
f 1786/1786 1778/1778 1784/1784
f 7750/7750 7761/7761 7760/7760
f 8976/8976 8977/8977 8974/8974
f 1663/1663 1765/1765 1721/1721
f 1785/1785 2012/2012 1839/1839
f 1786/1786 1781/1781 1778/1778
f 8378/8378 7685/7685 8751/8751
f 2009/2009 2010/2010 2011/2011
f 2011/2011 2010/2010 2012/2012
f 8977/8977 8978/8978 8974/8974
f 485/485 489/489 482/482
f 482/482 489/489 495/495
f 489/489 544/544 495/495
f 549/549 544/544 542/542
f 8378/8378 7680/7680 7685/7685
f 509/509 544/544 489/489
f 489/489 485/485 560/560
f 489/489 560/560 561/561
f 489/489 561/561 509/509
f 2010/2010 1839/1839 2012/2012
f 2009/2009 2008/2008 2010/2010
f 1839/1839 1786/1786 1784/1784
f 485/485 491/491 560/560
f 560/560 494/494 561/561
f 491/491 494/494 560/560
f 494/494 501/501 561/561
f 491/491 493/493 494/494
f 7681/7681 8378/8378 8751/8751
f 498/498 501/501 494/494
f 498/498 502/502 501/501
f 493/493 498/498 494/494
f 757/757 749/749 750/750
f 757/757 750/750 778/778
f 778/778 750/750 777/777
f 750/750 781/781 777/777
f 1946/1946 1964/1964 1960/1960
f 1946/1946 1948/1948 1964/1964
f 1959/1959 1960/1960 1964/1964
f 1946/1946 1943/1943 1948/1948
f 1959/1959 1947/1947 1960/1960
f 1960/1960 1947/1947 1946/1946
f 1944/1944 1943/1943 1946/1946
f 1947/1947 1944/1944 1946/1946
f 1772/1772 1943/1943 1944/1944
f 8541/8541 8542/8542 8156/8156
f 8167/8167 8154/8154 8165/8165
f 9270/9270 9264/9264 9271/9271
f 8154/8154 8157/8157 8155/8155
f 9273/9273 9269/9269 9270/9270
f 9269/9269 9264/9264 9270/9270
f 8167/8167 8168/8168 8154/8154
f 8154/8154 8168/8168 8240/8240
f 8154/8154 8743/8743 8157/8157
f 8240/8240 8743/8743 8154/8154
f 8743/8743 8541/8541 8157/8157
f 9274/9274 9269/9269 9273/9273
f 8743/8743 8191/8191 8193/8193
f 8183/8183 8743/8743 8240/8240
f 8185/8185 8191/8191 8743/8743
f 847/847 848/848 889/889
f 889/889 848/848 890/890
f 890/890 848/848 852/852
f 847/847 846/846 848/848
f 850/850 851/851 848/848
f 846/846 850/850 848/848
f 845/845 847/847 915/915
f 908/908 851/851 849/849
f 850/850 849/849 851/851
f 845/845 846/846 847/847
f 846/846 849/849 850/850
f 845/845 839/839 846/846
f 846/846 839/839 849/849
f 811/811 839/839 845/845
f 845/845 812/812 811/811
f 811/811 810/810 839/839
f 1714/1714 1723/1723 1722/1722
f 1723/1723 2313/2313 1745/1745
f 1723/1723 1748/1748 2313/2313
f 1711/1711 1748/1748 1723/1723
f 1713/1713 1711/1711 1714/1714
f 1714/1714 1711/1711 1723/1723
f 1713/1713 1712/1712 1711/1711
f 777/777 780/780 779/779
f 5521/5521 5522/5522 5523/5523
f 2268/2268 2316/2316 2267/2267
f 202/202 203/203 204/204
f 2268/2268 2267/2267 1822/1822
f 781/781 780/780 777/777
f 1799/1799 1822/1822 2267/2267
f 781/781 782/782 780/780
f 782/782 842/842 780/780
f 782/782 781/781 783/783
f 783/783 842/842 782/782
f 887/887 783/783 781/781
f 1800/1800 2266/2266 1942/1942
f 1942/1942 1796/1796 1800/1800
f 1943/1943 1942/1942 2266/2266
f 7824/7824 7797/7797 7818/7818
f 8381/8381 7824/7824 7818/7818
f 8805/8805 8807/8807 8808/8808
f 8808/8808 8809/8809 8805/8805
f 7824/7824 8714/8714 7797/7797
f 8810/8810 8809/8809 8808/8808
f 1267/1267 1268/1268 1259/1259
f 4882/4882 4881/4881 4885/4885
f 4881/4881 4882/4882 4883/4883
f 4881/4881 4883/4883 4886/4886
f 1267/1267 1237/1237 1268/1268
f 1268/1268 1237/1237 1269/1269
f 4884/4884 4883/4883 4882/4882
f 4883/4883 4884/4884 4886/4886
f 1237/1237 1278/1278 1269/1269
f 4807/4807 4808/4808 4809/4809
f 1237/1237 1267/1267 1235/1235
f 4809/4809 4808/4808 4810/4810
f 1235/1235 1236/1236 1237/1237
f 1236/1236 1274/1274 1237/1237
f 8637/8637 8714/8714 8418/8418
f 1237/1237 1274/1274 1278/1278
f 8714/8714 8637/8637 7814/7814
f 1322/1322 1274/1274 1236/1236
f 8418/8418 8359/8359 8637/8637
f 1322/1322 1319/1319 1274/1274
f 1319/1319 1322/1322 1320/1320
f 1236/1236 1320/1320 1322/1322
f 1319/1319 1311/1311 1274/1274
f 1234/1234 1236/1236 1235/1235
f 1234/1234 1320/1320 1236/1236
f 8358/8358 7819/7819 8359/8359
f 8359/8359 7819/7819 8637/8637
f 8345/8345 7819/7819 8358/8358
f 8348/8348 8345/8345 8358/8358
f 776/776 907/907 834/834
f 822/822 907/907 776/776
f 7171/7171 7172/7172 7170/7170
f 8345/8345 7817/7817 7819/7819
f 833/833 834/834 813/813
f 7171/7171 7173/7173 7172/7172
f 7173/7173 7176/7176 7172/7172
f 788/788 785/785 833/833
f 833/833 776/776 834/834
f 7174/7174 7173/7173 7171/7171
f 8347/8347 8345/8345 8348/8348
f 7174/7174 7175/7175 7173/7173
f 7175/7175 7176/7176 7173/7173
f 776/776 833/833 785/785
f 785/785 784/784 776/776
f 786/786 784/784 785/785
f 778/778 776/776 784/784
f 7177/7177 7171/7171 7178/7178
f 7171/7171 7177/7177 7174/7174
f 784/784 786/786 778/778
f 7174/7174 7177/7177 7175/7175
f 786/786 901/901 757/757
f 757/757 778/778 786/786
f 777/777 776/776 778/778
f 5750/5750 6046/6046 5757/5757
f 5777/5777 5757/5757 5804/5804
f 5750/5750 5751/5751 6046/6046
f 5805/5805 5804/5804 5757/5757
f 5805/5805 5757/5757 6046/6046
f 6046/6046 5751/5751 6062/6062
f 5805/5805 6046/6046 6062/6062
f 5805/5805 5806/5806 5804/5804
f 4084/4084 4119/4119 4160/4160
f 6071/6071 5805/5805 6062/6062
f 6072/6072 5805/5805 6071/6071
f 4083/4083 4084/4084 4151/4151
f 4085/4085 4083/4083 4151/4151
f 4085/4085 4092/4092 4086/4086
f 4027/4027 4083/4083 4043/4043
f 4027/4027 4026/4026 4083/4083
f 4085/4085 4043/4043 4083/4083
f 2265/2265 2087/2087 1355/1355
f 1355/1355 2087/2087 2090/2090
f 2087/2087 2085/2085 2090/2090
f 1349/1349 2202/2202 2265/2265
f 2265/2265 2202/2202 2087/2087
f 2087/2087 2086/2086 2085/2085
f 2091/2091 2087/2087 2202/2202
f 893/893 891/891 892/892
f 892/892 891/891 889/889
f 2124/2124 2125/2125 2091/2091
f 2124/2124 2091/2091 2202/2202
f 847/847 889/889 891/891
f 2125/2125 2122/2122 2091/2091
f 2091/2091 2088/2088 2087/2087
f 894/894 847/847 891/891
f 2122/2122 2123/2123 2091/2091
f 2123/2123 2088/2088 2091/2091
f 891/891 895/895 894/894
f 910/910 915/915 847/847
f 910/910 847/847 894/894
f 2122/2122 2120/2120 2123/2123
f 2123/2123 2093/2093 2088/2088
f 2120/2120 2093/2093 2123/2123
f 8188/8188 8197/8197 8219/8219
f 2122/2122 2121/2121 2120/2120
f 895/895 900/900 894/894
f 900/900 910/910 894/894
f 2093/2093 2092/2092 2088/2088
f 8188/8188 8194/8194 8197/8197
f 8189/8189 8194/8194 8188/8188
f 8194/8194 8198/8198 8197/8197
f 910/910 845/845 915/915
f 903/903 902/902 895/895
f 895/895 902/902 900/900
f 885/885 845/845 910/910
f 3494/3494 3493/3493 3492/3492
f 3490/3490 3492/3492 3493/3493
f 910/910 900/900 885/885
f 812/812 845/845 885/885
f 900/900 902/902 885/885
f 4729/4729 4728/4728 4731/4731
f 3495/3495 3493/3493 3494/3494
f 902/902 886/886 885/885
f 4735/4735 4727/4727 4729/4729
f 886/886 812/812 885/885
f 8760/8760 7825/7825 7826/7826
f 7826/7826 7790/7790 7827/7827
f 7790/7790 8361/8361 7827/7827
f 8361/8361 7785/7785 7781/7781
f 7790/7790 7785/7785 8361/8361
f 7825/7825 7793/7793 7826/7826
f 7790/7790 7826/7826 7793/7793
f 7790/7790 7787/7787 7785/7785
f 1643/1643 1642/1642 1635/1635
f 1654/1654 1642/1642 1643/1643
f 1642/1642 1641/1641 1635/1635
f 1654/1654 1653/1653 1642/1642
f 1655/1655 1653/1653 1654/1654
f 4129/4129 4106/4106 4131/4131
f 4131/4131 4106/4106 4107/4107
f 1642/1642 1653/1653 1652/1652
f 1641/1641 1642/1642 1652/1652
f 4106/4106 4105/4105 4107/4107
f 5411/5411 5405/5405 5404/5404
f 3961/3961 4107/4107 4105/4105
f 5417/5417 5412/5412 5411/5411
f 5412/5412 5405/5405 5411/5411
f 5412/5412 5417/5417 5416/5416
f 8190/8190 8192/8192 8191/8191
f 8195/8195 8190/8190 8188/8188
f 8191/8191 8185/8185 8190/8190
f 8185/8185 8188/8188 8190/8190
f 8187/8187 8188/8188 8185/8185
f 8189/8189 8188/8188 8187/8187
f 1525/1525 1608/1608 1521/1521
f 1608/1608 1525/1525 1588/1588
f 1626/1626 1625/1625 1627/1627
f 1556/1556 1588/1588 1525/1525
f 1645/1645 1626/1626 1588/1588
f 1556/1556 1568/1568 1588/1588
f 1645/1645 1623/1623 1626/1626
f 1623/1623 1625/1625 1626/1626
f 1568/1568 1589/1589 1588/1588
f 1588/1588 1589/1589 1645/1645
f 1589/1589 1591/1591 1645/1645
f 1645/1645 1591/1591 1623/1623
f 1625/1625 1623/1623 1624/1624
f 3495/3495 3494/3494 3496/3496
f 3495/3495 3496/3496 3497/3497
f 4737/4737 4726/4726 4735/4735
f 4726/4726 4727/4727 4735/4735
f 1173/1173 1548/1548 1569/1569
f 1173/1173 1179/1179 1548/1548
f 7102/7102 7116/7116 7115/7115
f 7116/7116 7131/7131 7130/7130
f 7102/7102 7115/7115 7107/7107
f 4202/4202 4201/4201 4203/4203
f 4201/4201 4204/4204 4203/4203
f 1179/1179 1173/1173 1178/1178
f 1178/1178 1180/1180 1179/1179
f 1440/1440 1438/1438 1436/1436
f 7115/7115 7116/7116 7127/7127
f 5893/5893 5900/5900 5901/5901
f 5238/5238 5242/5242 5241/5241
f 1178/1178 1440/1440 1180/1180
f 5694/5694 5695/5695 5692/5692
f 1178/1178 1174/1174 1681/1681
f 1679/1679 1440/1440 1178/1178
f 287/287 288/288 289/289
f 7128/7128 7116/7116 7130/7130
f 5240/5240 5237/5237 5239/5239
f 5237/5237 5238/5238 5239/5239
f 7127/7127 7128/7128 7129/7129
f 7127/7127 7116/7116 7128/7128
f 1178/1178 1681/1681 1679/1679
f 5238/5238 5241/5241 5239/5239
f 5900/5900 5995/5995 5695/5695
f 5995/5995 5692/5692 5695/5695
f 6092/6092 6050/6050 6091/6091
f 6091/6091 6050/6050 6025/6025
f 1440/1440 1679/1679 1425/1425
f 1425/1425 1423/1423 1440/1440
f 284/284 285/285 286/286
f 6050/6050 5836/5836 6025/6025
f 1423/1423 1425/1425 1421/1421
f 5994/5994 5995/5995 5900/5900
f 5188/5188 5189/5189 5190/5190
f 5836/5836 5829/5829 6025/6025
f 9878/9878 9875/9875 9879/9879
f 5836/5836 5828/5828 5829/5829
f 3374/3374 3375/3375 3372/3372
f 3372/3372 3375/3375 3378/3378
f 3375/3375 3380/3380 3378/3378
f 9878/9878 9879/9879 9900/9900
f 9900/9900 9886/9886 9887/9887
f 9900/9900 9887/9887 9890/9890
f 2251/2251 2252/2252 2170/2170
f 2252/2252 2251/2251 2209/2209
f 2253/2253 1922/1922 2251/2251
f 2251/2251 1922/1922 2209/2209
f 1921/1921 1922/1922 2253/2253
f 1918/1918 1919/1919 1922/1922
f 1921/1921 1918/1918 1922/1922
f 1920/1920 1918/1918 1921/1921
f 1918/1918 1914/1914 1917/1917
f 11105/11105 11103/11103 11102/11102
f 934/934 931/931 937/937
f 940/940 944/944 937/937
f 11118/11118 11116/11116 11115/11115
f 945/945 937/937 944/944
f 937/937 936/936 934/934
f 3366/3366 3367/3367 3368/3368
f 3370/3370 3369/3369 3368/3368
f 3369/3369 3366/3366 3368/3368
f 3365/3365 3367/3367 3366/3366
f 8539/8539 8147/8147 8748/8748
f 8212/8212 8211/8211 8539/8539
f 9337/9337 9338/9338 9339/9339
f 9323/9323 9324/9324 9325/9325
f 8218/8218 8748/8748 8217/8217
f 8217/8217 8214/8214 8218/8218
f 6132/6132 6134/6134 6136/6136
f 6168/6168 6169/6169 6170/6170
f 9319/9319 9320/9320 9321/9321
f 6132/6132 6133/6133 6134/6134
f 181/181 182/182 183/183
f 6171/6171 6170/6170 6169/6169
f 9320/9320 9322/9322 9321/9321
f 9324/9324 9323/9323 9322/9322
f 9323/9323 9321/9321 9322/9322
f 8212/8212 8209/8209 8211/8211
f 8211/8211 8209/8209 8210/8210
f 1311/1311 1313/1313 1309/1309
f 1309/1309 1313/1313 1318/1318
f 8214/8214 8217/8217 8213/8213
f 8214/8214 8213/8213 8212/8212
f 6133/6133 6135/6135 6134/6134
f 9277/9277 9266/9266 9276/9276
f 8213/8213 8209/8209 8212/8212
f 8213/8213 8219/8219 8209/8209
f 1333/1333 1332/1332 1334/1334
f 1318/1318 1334/1334 1332/1332
f 9275/9275 9276/9276 9266/9266
f 8219/8219 8197/8197 8209/8209
f 9267/9267 9275/9275 9266/9266
f 1313/1313 1335/1335 1318/1318
f 1335/1335 1334/1334 1318/1318
f 1335/1335 1336/1336 1334/1334
f 5987/5987 6083/6083 6045/6045
f 1358/1358 1334/1334 1336/1336
f 1334/1334 1337/1337 1333/1333
f 1358/1358 1337/1337 1334/1334
f 5983/5983 5986/5986 5987/5987
f 6045/6045 5983/5983 5987/5987
f 5984/5984 5986/5986 5983/5983
f 2258/2258 1844/1844 2247/2247
f 2258/2258 2130/2130 1977/1977
f 1547/1547 1566/1566 1546/1546
f 1546/1546 1566/1566 1565/1565
f 1547/1547 1621/1621 1566/1566
f 1487/1487 1489/1489 1549/1549
f 1549/1549 1489/1489 1530/1530
f 1530/1530 1489/1489 1547/1547
f 1566/1566 1621/1621 1567/1567
f 1547/1547 1622/1622 1621/1621
f 1489/1489 1622/1622 1547/1547
f 1486/1486 1554/1554 1489/1489
f 1489/1489 1669/1669 1622/1622
f 1486/1486 1552/1552 1554/1554
f 1518/1518 1552/1552 1486/1486
f 1554/1554 1553/1553 1609/1609
f 1635/1635 1641/1641 1636/1636
f 1637/1637 1638/1638 1633/1633
f 1636/1636 1637/1637 1633/1633
f 1641/1641 1651/1651 1636/1636
f 5404/5404 5406/5406 5403/5403
f 1636/1636 1651/1651 1637/1637
f 5406/5406 5407/5407 5403/5403
f 5404/5404 5405/5405 5406/5406
f 5407/5407 5409/5409 5403/5403
f 5405/5405 5408/5408 5406/5406
f 5418/5418 5408/5408 5405/5405
f 5406/5406 5408/5408 5407/5407
f 5408/5408 5409/5409 5407/5407
f 7734/7734 7731/7731 7733/7733
f 2819/2819 2820/2820 2817/2817
f 2819/2819 2817/2817 2818/2818
f 2813/2813 2817/2817 2814/2814
f 2817/2817 2813/2813 2818/2818
f 7735/7735 7734/7734 7733/7733
f 7734/7734 7735/7735 8556/8556
f 7732/7732 7735/7735 7733/7733
f 7732/7732 8727/8727 7735/7735
f 9071/9071 9072/9072 9073/9073
f 9073/9073 9074/9074 9071/9071
f 9073/9073 9075/9075 9074/9074
f 7717/7717 7711/7711 8560/8560
f 7717/7717 7718/7718 7716/7716
f 7717/7717 7716/7716 7711/7711
f 2668/2668 2669/2669 2667/2667
f 2669/2669 2670/2670 2667/2667
f 2682/2682 2670/2670 2669/2669
f 827/827 830/830 831/831
f 830/830 838/838 831/831
f 7494/7494 8684/8684 7503/7503
f 836/836 838/838 830/830
f 2684/2684 2682/2682 2669/2669
f 2682/2682 2681/2681 2670/2670
f 5862/5862 5861/5861 5860/5860
f 5860/5860 5863/5863 5862/5862
f 5860/5860 5864/5864 5863/5863
f 5865/5865 5864/5864 5860/5860
f 8310/8310 8309/8309 8308/8308
f 8322/8322 8320/8320 8321/8321
f 8321/8321 8320/8320 8310/8310
f 8310/8310 8320/8320 8309/8309
f 8308/8308 8309/8309 8306/8306
f 8322/8322 8323/8323 8320/8320
f 8309/8309 8320/8320 8682/8682
f 8309/8309 8682/8682 8306/8306
f 8320/8320 8325/8325 8682/8682
f 8325/8325 8333/8333 8682/8682
f 8324/8324 8320/8320 8323/8323
f 8320/8320 8324/8324 8325/8325
f 8324/8324 8327/8327 8325/8325
f 8324/8324 8323/8323 8326/8326
f 8325/8325 8327/8327 8333/8333
f 8330/8330 8333/8333 8327/8327
f 8324/8324 8326/8326 8331/8331
f 8326/8326 8500/8500 8331/8331
f 8324/8324 8328/8328 8327/8327
f 8431/8431 8429/8429 8432/8432
f 9800/9800 9795/9795 9799/9799
f 8435/8435 8433/8433 8429/8429
f 8429/8429 8433/8433 8432/8432
f 5916/5916 6008/6008 6019/6019
f 9794/9794 9793/9793 9800/9800
f 1388/1388 1361/1361 1201/1201
f 5653/5653 5654/5654 5655/5655
f 1361/1361 1372/1372 1205/1205
f 3787/3787 3788/3788 3797/3797
f 5653/5653 5655/5655 5656/5656
f 5916/5916 6019/6019 6018/6018
f 6018/6018 6019/6019 6020/6020
f 6089/6089 6060/6060 6084/6084
f 6019/6019 6084/6084 6060/6060
f 6296/6296 6297/6297 6298/6298
f 6019/6019 6060/6060 6020/6020
f 6023/6023 6020/6020 6060/6060
f 3875/3875 3873/3873 3872/3872
f 3789/3789 3788/3788 3786/3786
f 9845/9845 9846/9846 9847/9847
f 1166/1166 1165/1165 1163/1163
f 1165/1165 1164/1164 1163/1163
f 9847/9847 9848/9848 9856/9856
f 9847/9847 9846/9846 9848/9848
f 8760/8760 7679/7679 8380/8380
f 8380/8380 7825/7825 8760/8760
f 7674/7674 8380/8380 7679/7679
f 1473/1473 1470/1470 1472/1472
f 1488/1488 1487/1487 1492/1492
f 1485/1485 1503/1503 1470/1470
f 1473/1473 1485/1485 1470/1470
f 1485/1485 1488/1488 1503/1503
f 8380/8380 7823/7823 7825/7825
f 7674/7674 8757/8757 8380/8380
f 9050/9050 9065/9065 9064/9064
f 8459/8459 8488/8488 8461/8461
f 9051/9051 9064/9064 9055/9055
f 7823/7823 7793/7793 7825/7825
f 7983/7983 7975/7975 7979/7979
f 1475/1475 1476/1476 1473/1473
f 8757/8757 7823/7823 8380/8380
f 7975/7975 7983/7983 7974/7974
f 1476/1476 1485/1485 1473/1473
f 1485/1485 1487/1487 1488/1488
f 8462/8462 8458/8458 8461/8461
f 8459/8459 8461/8461 8458/8458
f 9064/9064 9066/9066 9055/9055
f 8544/8544 7974/7974 7983/7983
f 8259/8259 8459/8459 8458/8458
f 8259/8259 8544/8544 8459/8459
f 7518/7518 8715/8715 8561/8561
f 7985/7985 7968/7968 8259/8259
f 2248/2248 1701/1701 1731/1731
f 1731/1731 1701/1701 1729/1729
f 1698/1698 1706/1706 1701/1701
f 7968/7968 7969/7969 8259/8259
f 8259/8259 7969/7969 8544/8544
f 8544/8544 7969/7969 7974/7974
f 7969/7969 7973/7973 7974/7974
f 1701/1701 1706/1706 1707/1707
f 1706/1706 1727/1727 1707/1707
f 7967/7967 7965/7965 7968/7968
f 7965/7965 7969/7969 7968/7968
f 472/472 510/510 471/471
f 471/471 440/440 453/453
f 510/510 440/440 471/471
f 453/453 440/440 442/442
f 510/510 441/441 440/440
f 440/440 441/441 442/442
f 441/441 443/443 442/442
f 472/472 507/507 510/510
f 510/510 507/507 441/441
f 507/507 447/447 441/441
f 447/447 446/446 441/441
f 3683/3683 3676/3676 3686/3686
f 441/441 446/446 445/445
f 6517/6517 6519/6519 6520/6520
f 6517/6517 6518/6518 6519/6519
f 6522/6522 6518/6518 6517/6517
f 5344/5344 5345/5345 5346/5346
f 5347/5347 5345/5345 5344/5344
f 5348/5348 5345/5345 5347/5347
f 5351/5351 5345/5345 5348/5348
f 3757/3757 3775/3775 3776/3776
f 3757/3757 3774/3774 3775/3775
f 3757/3757 3771/3771 3774/3774
f 939/939 946/946 941/941
f 6094/6094 6097/6097 6095/6095
f 947/947 941/941 946/946
f 6094/6094 6096/6096 6097/6097
f 6098/6098 6095/6095 6097/6097
f 946/946 948/948 947/947
f 6097/6097 6096/6096 6098/6098
f 5315/5315 5312/5312 5314/5314
f 943/943 942/942 941/941
f 5154/5154 5155/5155 5156/5156
f 5247/5247 5248/5248 5249/5249
f 5312/5312 5313/5313 5314/5314
f 2405/2405 2403/2403 2406/2406
f 2403/2403 2405/2405 2404/2404
f 2939/2939 2867/2867 2946/2946
f 2946/2946 2945/2945 2942/2942
f 2867/2867 2945/2945 2946/2946
f 2945/2945 2943/2943 2942/2942
f 6652/6652 6654/6654 6653/6653
f 6650/6650 6649/6649 6651/6651
f 6648/6648 6649/6649 6650/6650
f 13/13 14/14 15/15
f 2865/2865 2867/2867 2864/2864
f 6648/6648 6652/6652 6649/6649
f 6654/6654 6787/6787 6786/6786
f 2883/2883 2864/2864 2867/2867
f 6652/6652 6661/6661 6654/6654
f 2860/2860 2862/2862 2864/2864
f 6661/6661 6787/6787 6654/6654
f 2860/2860 2864/2864 2876/2876
f 6662/6662 6661/6661 6652/6652
f 2860/2860 2861/2861 2862/2862
f 6873/6873 6787/6787 6661/6661
f 2970/2970 2971/2971 2972/2972
f 8450/8450 8451/8451 8455/8455
f 6662/6662 6873/6873 6661/6661
f 1614/1614 1618/1618 1686/1686
f 8450/8450 8449/8449 8451/8451
f 8453/8453 8450/8450 8455/8455
f 2858/2858 2869/2869 2868/2868
f 2868/2868 2869/2869 2872/2872
f 2868/2868 2872/2872 2870/2870
f 2870/2870 2872/2872 2873/2873
f 2870/2870 2873/2873 2871/2871
f 2874/2874 2970/2970 2863/2863
f 2871/2871 2874/2874 2863/2863
f 2874/2874 2969/2969 2970/2970
f 2901/2901 2969/2969 2874/2874
f 2970/2970 2969/2969 2971/2971
f 6575/6575 6850/6850 6872/6872
f 6601/6601 6578/6578 6600/6600
f 6578/6578 6599/6599 6600/6600
f 6578/6578 6598/6598 6599/6599
f 6578/6578 6597/6597 6598/6598
f 6578/6578 6575/6575 6597/6597
f 8882/8882 8883/8883 8888/8888
f 8453/8453 8452/8452 8450/8450
f 6577/6577 6575/6575 6578/6578
f 8452/8452 8444/8444 8450/8450
f 2894/2894 2913/2913 2947/2947
f 2913/2913 2910/2910 2947/2947
f 2910/2910 2912/2912 2947/2947
f 6579/6579 6577/6577 6578/6578
f 6577/6577 6571/6571 6575/6575
f 8874/8874 8882/8882 8886/8886
f 8874/8874 8873/8873 8882/8882
f 2912/2912 2848/2848 2850/2850
f 2911/2911 2848/2848 2912/2912
f 6571/6571 6573/6573 6575/6575
f 8882/8882 8873/8873 8883/8883
f 1671/1671 1685/1685 1618/1618
f 1686/1686 1618/1618 1685/1685
f 2848/2848 2911/2911 2906/2906
f 6577/6577 6570/6570 6571/6571
f 3999/3999 4000/4000 4001/4001
f 4000/4000 3986/3986 4001/4001
f 3986/3986 4002/4002 4001/4001
f 3998/3998 4000/4000 3999/3999
f 4005/4005 4002/4002 3986/3986
f 3998/3998 3981/3981 4000/4000
f 3981/3981 3986/3986 4000/4000
f 3973/3973 3986/3986 3981/3981
f 3986/3986 3985/3985 4005/4005
f 3973/3973 3985/3985 3986/3986
f 3984/3984 3973/3973 3969/3969
f 3973/3973 3984/3984 3985/3985
f 3984/3984 3983/3983 3985/3985
f 3983/3983 4152/4152 3985/3985
f 7909/7909 8634/8634 7908/7908
f 7928/7928 7926/7926 7927/7927
f 7927/7927 7908/7908 8634/8634
f 7927/7927 7926/7926 7908/7908
f 7937/7937 7911/7911 7926/7926
f 7911/7911 7908/7908 7926/7926
f 7911/7911 7910/7910 7908/7908
f 7937/7937 7910/7910 7911/7911
f 7937/7937 7917/7917 7910/7910
f 7917/7917 7916/7916 7910/7910
f 7916/7916 7913/7913 7910/7910
f 5800/5800 5773/5773 5771/5771
f 5800/5800 5771/5771 5766/5766
f 5800/5800 5777/5777 5773/5773
f 5750/5750 5756/5756 5736/5736
f 5766/5766 5756/5756 5757/5757
f 5777/5777 5776/5776 5773/5773
f 5777/5777 5800/5800 5766/5766
f 1225/1225 1238/1238 1230/1230
f 1238/1238 1239/1239 1230/1230
f 5778/5778 5776/5776 5777/5777
f 1239/1239 1217/1217 1241/1241
f 1226/1226 1238/1238 1225/1225
f 5804/5804 5778/5778 5777/5777
f 5750/5750 5757/5757 5756/5756
f 5757/5757 5777/5777 5766/5766
f 1241/1241 1217/1217 1242/1242
f 1238/1238 1217/1217 1239/1239
f 1217/1217 1246/1246 1242/1242
f 1173/1173 1569/1569 1172/1172
f 1215/1215 1217/1217 1238/1238
f 1173/1173 1172/1172 1171/1171
f 1171/1171 1174/1174 1173/1173
f 1174/1174 1178/1178 1173/1173
f 5973/5973 5972/5972 5974/5974
f 5820/5820 5817/5817 6052/6052
f 5820/5820 5818/5818 5817/5817
f 5817/5817 6051/6051 6052/6052
f 5270/5270 5271/5271 5272/5272
f 6052/6052 6051/6051 6050/6050
f 5969/5969 5972/5972 5973/5973
f 5818/5818 5803/5803 5817/5817
f 6051/6051 6007/6007 6050/6050
f 1215/1215 1216/1216 1217/1217
f 1214/1214 1216/1216 1215/1215
f 5803/5803 5796/5796 5817/5817
f 5985/5985 5969/5969 5973/5973
f 5796/5796 6051/6051 5817/5817
f 5796/5796 5835/5835 6051/6051
f 6051/6051 5835/5835 6007/6007
f 6007/6007 5835/5835 5836/5836
f 5803/5803 5795/5795 5796/5796
f 5795/5795 5792/5792 5796/5796
f 5796/5796 5834/5834 5835/5835
f 8929/8929 8932/8932 8933/8933
f 5842/5842 5850/5850 5851/5851
f 7745/7745 7744/7744 7743/7743
f 7747/7747 7768/7768 7744/7744
f 8929/8929 8931/8931 8932/8932
f 7746/7746 7745/7745 7743/7743
f 8505/8505 7745/7745 7746/7746
f 7745/7745 7747/7747 7744/7744
f 7747/7747 7763/7763 7768/7768
f 5852/5852 5902/5902 5853/5853
f 8927/8927 8931/8931 8929/8929
f 7745/7745 7748/7748 7747/7747
f 8505/8505 7757/7757 7745/7745
f 7758/7758 7757/7757 8505/8505
f 7757/7757 7749/7749 7745/7745
f 5852/5852 5842/5842 5851/5851
f 5852/5852 5854/5854 5902/5902
f 5854/5854 5865/5865 5902/5902
f 7763/7763 7748/7748 7759/7759
f 1995/1995 2311/2311 1822/1822
f 7749/7749 7748/7748 7745/7745
f 1803/1803 1995/1995 1822/1822
f 5854/5854 5852/5852 5851/5851
f 5854/5854 5876/5876 5865/5865
f 5856/5856 5855/5855 5851/5851
f 5855/5855 5854/5854 5851/5851
f 5879/5879 5876/5876 5854/5854
f 5962/5962 5946/5946 5945/5945
f 5939/5939 5940/5940 5946/5946
f 5939/5939 5938/5938 5940/5940
f 5963/5963 5939/5939 5946/5946
f 5938/5938 5937/5937 5935/5935
f 1565/1565 1567/1567 1568/1568
f 1568/1568 1567/1567 1589/1589
f 1567/1567 1590/1590 1589/1589
f 5146/5146 5145/5145 5147/5147
f 6299/6299 6300/6300 6301/6301
f 1566/1566 1567/1567 1565/1565
f 46/46 47/47 48/48
f 4811/4811 4813/4813 4815/4815
f 5963/5963 5950/5950 5939/5939
f 1567/1567 1620/1620 1590/1590
f 1567/1567 1621/1621 1620/1620
f 5952/5952 5950/5950 5963/5963
f 5950/5950 5949/5949 5939/5939
f 5939/5939 5937/5937 5938/5938
f 5949/5949 5937/5937 5939/5939
f 5951/5951 5950/5950 5952/5952
f 8734/8734 8733/8733 8735/8735
f 5953/5953 5951/5951 5952/5952
f 1455/1455 1467/1467 1451/1451
f 1468/1468 1467/1467 1455/1455
f 1467/1467 1493/1493 1496/1496
f 1468/1468 1493/1493 1467/1467
f 1469/1469 1455/1455 1471/1471
f 1469/1469 1468/1468 1455/1455
f 1483/1483 1479/1479 1471/1471
f 1469/1469 1471/1471 1479/1479
f 1503/1503 1493/1493 1468/1468
f 1480/1480 1472/1472 1479/1479
f 1472/1472 1469/1469 1479/1479
f 1470/1470 1468/1468 1469/1469
f 1470/1470 1503/1503 1468/1468
f 1503/1503 1488/1488 1493/1493
f 1472/1472 1470/1470 1469/1469
f 5413/5413 5418/5418 5405/5405
f 5419/5419 5408/5408 5418/5418
f 5415/5415 5419/5419 5418/5418
f 4117/4117 4147/4147 4076/4076
f 4081/4081 4076/4076 4147/4147
f 4077/4077 4081/4081 4113/4113
f 4077/4077 4076/4076 4081/4081
f 4072/4072 4071/4071 4076/4076
f 4113/4113 4078/4078 4077/4077
f 4077/4077 4072/4072 4076/4076
f 4072/4072 4077/4077 4078/4078
f 6155/6155 6156/6156 6157/6157
f 7272/7272 7281/7281 7268/7268
f 7281/7281 7266/7266 7268/7268
f 7266/7266 7281/7281 7282/7282
f 7282/7282 7281/7281 7344/7344
f 7344/7344 7334/7334 7282/7282
f 7334/7334 7289/7289 7282/7282
f 7339/7339 7334/7334 7344/7344
f 7334/7334 7335/7335 7289/7289
f 7339/7339 7336/7336 7334/7334
f 7336/7336 7335/7335 7334/7334
f 7338/7338 7336/7336 7339/7339
f 7337/7337 7335/7335 7336/7336
f 7338/7338 7337/7337 7336/7336
f 589/589 603/603 608/608
f 608/608 603/603 633/633
f 633/633 603/603 632/632
f 2285/2285 1950/1950 2269/2269
f 3452/3452 3443/3443 3451/3451
f 2165/2165 2269/2269 2270/2270
f 2259/2259 2269/2269 2165/2165
f 2259/2259 2285/2285 2269/2269
f 589/589 608/608 588/588
f 630/630 609/609 608/608
f 609/609 588/588 608/608
f 2165/2165 2194/2194 2201/2201
f 2165/2165 2201/2201 2259/2259
f 588/588 586/586 589/589
f 586/586 606/606 589/589
f 586/586 587/587 606/606
f 700/700 588/588 609/609
f 2194/2194 2331/2331 2201/2201
f 3593/3593 3605/3605 3594/3594
f 7727/7727 7726/7726 7725/7725
f 7727/7727 7725/7725 7728/7728
f 2331/2331 2334/2334 2201/2201
f 584/584 588/588 700/700
f 9019/9019 9017/9017 9016/9016
f 7724/7724 7725/7725 7726/7726
f 588/588 584/584 586/586
f 2331/2331 2333/2333 2334/2334
f 699/699 584/584 700/700
f 7723/7723 7724/7724 7738/7738
f 585/585 587/587 586/586
f 2336/2336 2335/2335 2331/2331
f 584/584 585/585 586/586
f 2331/2331 2332/2332 2333/2333
f 2335/2335 2332/2332 2331/2331
f 585/585 590/590 587/587
f 7724/7724 7722/7722 7725/7725
f 7723/7723 7722/7722 7724/7724
f 7722/7722 7770/7770 7725/7725
f 7739/7739 7723/7723 7738/7738
f 7723/7723 7721/7721 7722/7722
f 1596/1596 1677/1677 1595/1595
f 1402/1402 1398/1398 1535/1535
f 4108/4108 4101/4101 4109/4109
f 4099/4099 4108/4108 4110/4110
f 8747/8747 8572/8572 8578/8578
f 1401/1401 1398/1398 1402/1402
f 4098/4098 4108/4108 4099/4099
f 1401/1401 1399/1399 1398/1398
f 1399/1399 1397/1397 1398/1398
f 1398/1398 1397/1397 1396/1396
f 8572/8572 8571/8571 8480/8480
f 8571/8571 8500/8500 8480/8480
f 7861/7861 7859/7859 7858/7858
f 4101/4101 4108/4108 4098/4098
f 4098/4098 4100/4100 4101/4101
f 7739/7739 7740/7740 7723/7723
f 7858/7858 7859/7859 7856/7856
f 1399/1399 1643/1643 1397/1397
f 4097/4097 4100/4100 4098/4098
f 1654/1654 1643/1643 1399/1399
f 7721/7721 7720/7720 7722/7722
f 4096/4096 4097/4097 4098/4098
f 4100/4100 4097/4097 4102/4102
f 8575/8575 8574/8574 8747/8747
f 8747/8747 8574/8574 8572/8572
f 8574/8574 8571/8571 8572/8572
f 8754/8754 8500/8500 8571/8571
f 7861/7861 7862/7862 7859/7859
f 8510/8510 7862/7862 7861/7861
f 1654/1654 1664/1664 1657/1657
f 7740/7740 7768/7768 7723/7723
f 4004/4004 4097/4097 4096/4096
f 7768/7768 7721/7721 7723/7723
f 8574/8574 8575/8575 8571/8571
f 8575/8575 8754/8754 8571/8571
f 7744/7744 7768/7768 7740/7740
f 7862/7862 7860/7860 7859/7859
f 9140/9140 9143/9143 9141/9141
f 9143/9143 9144/9144 9141/9141
f 8713/8713 8742/8742 8754/8754
f 8250/8250 8703/8703 8713/8713
f 8703/8703 8742/8742 8713/8713
f 7989/7989 7988/7988 8250/8250
f 7988/7988 8703/8703 8250/8250
f 8703/8703 8677/8677 8742/8742
f 7988/7988 8677/8677 8703/8703
f 2038/2038 2204/2204 1926/1926
f 2062/2062 2061/2061 2060/2060
f 2061/2061 2038/2038 2060/2060
f 2062/2062 2092/2092 2061/2061
f 2061/2061 2276/2276 2038/2038
f 2038/2038 2276/2276 2204/2204
f 1348/1348 2061/2061 2092/2092
f 2061/2061 2059/2059 2276/2276
f 2059/2059 2323/2323 2276/2276
f 2323/2323 2324/2324 2276/2276
f 1339/1339 2061/2061 1348/1348
f 2190/2190 2061/2061 1339/1339
f 2190/2190 2185/2185 2061/2061
f 2059/2059 2061/2061 2185/2185
f 2059/2059 2243/2243 2323/2323
f 2243/2243 2322/2322 2323/2323
f 2185/2185 2058/2058 2059/2059
f 2058/2058 2057/2057 2059/2059
f 6748/6748 6743/6743 6736/6736
f 6742/6742 6761/6761 6763/6763
f 6751/6751 6761/6761 6742/6742
f 2059/2059 2057/2057 2243/2243
f 6762/6762 6760/6760 6820/6820
f 2243/2243 2319/2319 2322/2322
f 6748/6748 6750/6750 6743/6743
f 6750/6750 6751/6751 6743/6743
f 6761/6761 6760/6760 6762/6762
f 6752/6752 6751/6751 6750/6750
f 6752/6752 6753/6753 6751/6751
f 6754/6754 6760/6760 6761/6761
f 6760/6760 6759/6759 6775/6775
f 6754/6754 6761/6761 6751/6751
f 6753/6753 6754/6754 6751/6751
f 6759/6759 6760/6760 6754/6754
f 953/953 959/959 952/952
f 959/959 953/953 960/960
f 954/954 960/960 953/953
f 950/950 954/954 953/953
f 958/958 960/960 954/954
f 956/956 958/958 954/954
f 956/956 954/954 955/955
f 985/985 987/987 988/988
f 963/963 960/960 958/958
f 971/971 973/973 987/987
f 971/971 972/972 973/973
f 977/977 975/975 976/976
f 976/976 975/975 972/972
f 972/972 975/975 973/973
f 976/976 972/972 978/978
f 8766/8766 8765/8765 8761/8761
f 8765/8765 8764/8764 8761/8761
f 8768/8768 8762/8762 8764/8764
f 3398/3398 3399/3399 3400/3400
f 8466/8466 8296/8296 8300/8300
f 2386/2386 2391/2391 2389/2389
f 7984/7984 8283/8283 7976/7976
f 8467/8467 8657/8657 8283/8283
f 7973/7973 7984/7984 7976/7976
f 7972/7972 7984/7984 7973/7973
f 7971/7971 7984/7984 7972/7972
f 7984/7984 7971/7971 8290/8290
f 8283/8283 8287/8287 8467/8467
f 8287/8287 8693/8693 8467/8467
f 7984/7984 8284/8284 8283/8283
f 8467/8467 8693/8693 8466/8466
f 8284/8284 8287/8287 8283/8283
f 660/660 498/498 493/493
f 8290/8290 8286/8286 7984/7984
f 660/660 493/493 496/496
f 8285/8285 8284/8284 7984/7984
f 8286/8286 8285/8285 7984/7984
f 8285/8285 8289/8289 8284/8284
f 660/660 496/496 503/503
f 8284/8284 8288/8288 8287/8287
f 9202/9202 9203/9203 9201/9201
f 9192/9192 9193/9193 9194/9194
f 503/503 496/496 500/500
f 1541/1541 1687/1687 1542/1542
f 496/496 497/497 500/500
f 503/503 500/500 521/521
f 1461/1461 1541/1541 1542/1542
f 1544/1544 1461/1461 1543/1543
f 500/500 497/497 658/658
f 1545/1545 1687/1687 1541/1541
f 6013/6013 5998/5998 5898/5898
f 5898/5898 5900/5900 5893/5893
f 5999/5999 5997/5997 5998/5998
f 5997/5997 5898/5898 5998/5998
f 1667/1667 1461/1461 1544/1544
f 5898/5898 5994/5994 5900/5900
f 5997/5997 5994/5994 5898/5898
f 526/526 523/523 522/522
f 500/500 524/524 521/521
f 1461/1461 1457/1457 1541/1541
f 528/528 526/526 562/562
f 1541/1541 1458/1458 1545/1545
f 1541/1541 1457/1457 1458/1458
f 526/526 527/527 523/523
f 658/658 524/524 500/500
f 3376/3376 3371/3371 3373/3373
f 3371/3371 3372/3372 3373/3373
f 3372/3372 3371/3371 3374/3374
f 1461/1461 1667/1667 1439/1439
f 528/528 527/527 526/526
f 9875/9875 9878/9878 9877/9877
f 1667/1667 1672/1672 1439/1439
f 1439/1439 1457/1457 1461/1461
f 658/658 563/563 524/524
f 1439/1439 1448/1448 1457/1457
f 6745/6745 6728/6728 6741/6741
f 6724/6724 6741/6741 6728/6728
f 6723/6723 6741/6741 6724/6724
f 1457/1457 1448/1448 1458/1458
f 532/532 523/523 527/527
f 6724/6724 6728/6728 6725/6725
f 524/524 522/522 521/521
f 6725/6725 6720/6720 6724/6724
f 6720/6720 6723/6723 6724/6724
f 563/563 562/562 524/524
f 562/562 526/526 524/524
f 522/522 520/520 521/521
f 526/526 522/522 524/524
f 8677/8677 8462/8462 8742/8742
f 8462/8462 8461/8461 8742/8742
f 7988/7988 8462/8462 8677/8677
f 7989/7989 7987/7987 7988/7988
f 7988/7988 8458/8458 8462/8462
f 7987/7987 7985/7985 7988/7988
f 8259/8259 8458/8458 7988/7988
f 8259/8259 7988/7988 7985/7985
f 8686/8686 7986/7986 7987/7987
f 7985/7985 7987/7987 7986/7986
f 7991/7991 8249/8249 7987/7987
f 7985/7985 7967/7967 7968/7968
f 7986/7986 7967/7967 7985/7985
f 8686/8686 7967/7967 7986/7986
f 2211/2211 2215/2215 2216/2216
f 8249/8249 8686/8686 7987/7987
f 2215/2215 2211/2211 2210/2210
f 1380/1380 2071/2071 2210/2210
f 1380/1380 2210/2210 2211/2211
f 2071/2071 2069/2069 2070/2070
f 7964/7964 7967/7967 8686/8686
f 2070/2070 2069/2069 1930/1930
f 1380/1380 2069/2069 2071/2071
f 1380/1380 1381/1381 2069/2069
f 2211/2211 1379/1379 1380/1380
f 2212/2212 1379/1379 2211/2211
f 2069/2069 2082/2082 2068/2068
f 1381/1381 2082/2082 2069/2069
f 1380/1380 1353/1353 1381/1381
f 1353/1353 1380/1380 1379/1379
f 2214/2214 1379/1379 2212/2212
f 2082/2082 2083/2083 2068/2068
f 1381/1381 1353/1353 1382/1382
f 5920/5920 5922/5922 5923/5923
f 5920/5920 5923/5923 5919/5919
f 5922/5922 5810/5810 5923/5923
f 5974/5974 5979/5979 5976/5976
f 5979/5979 5922/5922 5976/5976
f 5810/5810 5919/5919 5923/5923
f 5979/5979 5948/5948 5922/5922
f 5922/5922 5924/5924 5810/5810
f 5972/5972 5979/5979 5974/5974
f 5948/5948 5924/5924 5922/5922
f 3616/3616 3619/3619 3618/3618
f 5924/5924 5809/5809 5810/5810
f 5809/5809 5924/5924 5948/5948
f 6571/6571 6572/6572 6573/6573
f 6573/6573 6781/6781 6778/6778
f 6781/6781 6779/6779 6778/6778
f 5947/5947 5948/5948 5979/5979
f 6572/6572 6580/6580 6573/6573
f 5947/5947 5809/5809 5948/5948
f 6580/6580 6781/6781 6573/6573
f 6781/6781 6780/6780 6779/6779
f 3615/3615 3616/3616 3617/3617
f 6781/6781 6782/6782 6780/6780
f 5972/5972 5947/5947 5979/5979
f 3615/3615 3620/3620 3616/3616
f 5748/5748 5749/5749 5809/5809
f 3616/3616 3620/3620 3619/3619
f 5947/5947 5944/5944 5809/5809
f 5944/5944 5748/5748 5809/5809
f 6569/6569 6574/6574 6572/6572
f 6572/6572 6839/6839 6580/6580
f 6796/6796 6782/6782 6781/6781
f 6580/6580 6838/6838 6781/6781
f 6839/6839 6838/6838 6580/6580
f 6572/6572 6574/6574 6839/6839
f 3620/3620 3615/3615 3698/3698
f 6838/6838 6796/6796 6781/6781
f 6796/6796 6811/6811 6782/6782
f 6811/6811 6875/6875 6782/6782
f 3699/3699 3620/3620 3698/3698
f 6574/6574 6838/6838 6839/6839
f 7564/7564 7563/7563 7562/7562
f 8934/8934 8935/8935 8936/8936
f 7562/7562 7563/7563 7561/7561
f 7563/7563 7566/7566 7561/7561
f 7607/7607 7564/7564 7562/7562
f 9291/9291 9292/9292 9293/9293
f 7607/7607 8724/8724 7564/7564
f 8029/8029 8081/8081 8121/8121
f 7569/7569 8537/8537 7566/7566
f 9286/9286 9292/9292 9291/9291
f 9286/9286 9291/9291 9290/9290
f 7563/7563 7567/7567 7566/7566
f 7567/7567 7569/7569 7566/7566
f 8081/8081 8477/8477 8482/8482
f 9288/9288 9283/9283 9290/9290
f 9286/9286 9283/9283 9285/9285
f 9290/9290 9283/9283 9286/9286
f 9289/9289 9287/9287 9288/9288
f 9288/9288 9287/9287 9283/9283
f 9287/9287 9281/9281 9283/9283
f 9283/9283 9284/9284 9285/9285
f 8746/8746 8153/8153 8161/8161
f 9281/9281 9282/9282 9283/9283
f 9284/9284 9283/9283 9282/9282
f 8153/8153 8152/8152 8161/8161
f 8152/8152 8150/8150 8161/8161
f 8150/8150 8148/8148 8161/8161
f 8148/8148 8137/8137 8136/8136
f 2289/2289 2236/2236 2288/2288
f 2288/2288 2236/2236 2231/2231
f 622/622 623/623 612/612
f 2235/2235 2233/2233 2231/2231
f 2231/2231 2233/2233 2226/2226
f 2225/2225 2231/2231 2226/2226
f 2226/2226 2224/2224 2225/2225
f 7625/7625 7627/7627 8499/8499
f 7627/7627 7633/7633 8499/8499
f 2232/2232 2226/2226 2233/2233
f 2235/2235 2234/2234 2233/2233
f 5191/5191 5192/5192 5193/5193
f 7626/7626 7625/7625 7624/7624
f 7626/7626 7627/7627 7625/7625
f 442/442 545/545 455/455
f 9121/9121 9115/9115 9118/9118
f 2234/2234 2232/2232 2233/2233
f 2226/2226 2232/2232 2224/2224
f 9116/9116 9118/9118 9115/9115
f 2232/2232 2227/2227 2224/2224
f 6431/6431 6432/6432 6433/6433
f 7627/7627 7632/7632 7633/7633
f 7632/7632 7634/7634 7633/7633
f 7628/7628 7626/7626 7629/7629
f 7626/7626 7628/7628 7627/7627
f 2234/2234 2239/2239 2232/2232
f 9116/9116 9119/9119 9118/9118
f 7628/7628 7632/7632 7627/7627
f 2234/2234 2250/2250 2239/2239
f 7630/7630 7628/7628 7629/7629
f 7629/7629 8406/8406 8405/8405
f 7628/7628 7631/7631 7632/7632
f 7630/7630 7631/7631 7628/7628
f 7629/7629 8405/8405 7630/7630
f 7630/7630 8405/8405 7631/7631
f 7631/7631 7656/7656 7632/7632
f 8153/8153 8151/8151 8152/8152
f 8150/8150 8137/8137 8148/8148
f 8136/8136 8137/8137 8135/8135
f 8150/8150 8152/8152 8151/8151
f 8151/8151 8137/8137 8150/8150
f 9279/9279 9270/9270 9278/9278
f 9270/9270 9272/9272 9278/9278
f 8137/8137 8149/8149 8138/8138
f 9270/9270 9279/9279 9280/9280
f 8153/8153 8154/8154 8151/8151
f 8151/8151 8155/8155 8156/8156
f 8154/8154 8153/8153 8164/8164
f 8154/8154 8155/8155 8151/8151
f 8156/8156 8155/8155 8157/8157
f 8165/8165 8154/8154 8164/8164
f 8541/8541 8156/8156 8157/8157
f 640/640 630/630 653/653
f 638/638 634/634 639/639
f 3449/3449 3452/3452 3451/3451
f 630/630 640/640 634/634
f 637/637 634/634 638/638
f 639/639 634/634 640/640
f 539/539 637/637 656/656
f 634/634 609/609 630/630
f 634/634 635/635 609/609
f 637/637 636/636 634/634
f 636/636 635/635 634/634
f 635/635 700/700 609/609
f 700/700 635/635 699/699
f 247/247 248/248 249/249
f 698/698 699/699 635/635
f 540/540 637/637 539/539
f 540/540 636/636 637/637
f 636/636 671/671 698/698
f 698/698 671/671 699/699
f 7775/7775 7771/7771 7710/7710
f 730/730 731/731 733/733
f 7779/7779 7710/7710 8706/8706
f 736/736 734/734 733/733
f 7779/7779 7776/7776 7710/7710
f 7776/7776 7775/7775 7710/7710
f 7780/7780 7776/7776 7779/7779
f 7776/7776 7777/7777 7775/7775
f 7781/7781 7776/7776 7780/7780
f 737/737 735/735 736/736
f 7777/7777 7776/7776 8362/8362
f 7781/7781 7782/7782 7776/7776
f 7782/7782 8362/8362 7776/7776
f 7218/7218 7340/7340 7181/7181
f 7389/7389 7390/7390 7391/7391
f 7223/7223 7340/7340 7218/7218
f 7390/7390 7392/7392 7391/7391
f 7226/7226 7230/7230 7340/7340
f 7223/7223 7226/7226 7340/7340
f 7225/7225 7226/7226 7223/7223
f 7230/7230 7226/7226 7229/7229
f 7225/7225 7227/7227 7226/7226
f 7228/7228 7229/7229 7226/7226
f 7225/7225 7249/7249 7227/7227
f 7227/7227 7228/7228 7226/7226
f 7227/7227 7249/7249 7235/7235
f 8833/8833 8830/8830 8832/8832
f 8830/8830 8831/8831 8832/8832
f 8069/8069 8520/8520 8075/8075
f 8124/8124 8074/8074 8002/8002
f 8124/8124 8081/8081 8074/8074
f 8124/8124 8477/8477 8081/8081
f 8826/8826 8827/8827 8828/8828
f 8827/8827 8829/8829 8828/8828
f 8750/8750 8746/8746 8124/8124
f 8124/8124 8746/8746 8477/8477
f 8440/8440 8520/8520 8460/8460
f 8750/8750 8174/8174 8746/8746
f 8440/8440 8437/8437 8520/8520
f 8175/8175 8174/8174 8520/8520
f 8437/8437 8175/8175 8520/8520
f 8248/8248 8153/8153 8746/8746
f 8173/8173 8172/8172 8174/8174
f 8746/8746 8174/8174 8172/8172
f 9326/9326 9327/9327 9328/9328
f 8173/8173 8174/8174 8175/8175
f 8436/8436 8175/8175 8437/8437
f 8093/8093 8091/8091 8094/8094
f 8091/8091 8096/8096 8094/8094
f 8753/8753 8366/8366 8363/8363
f 8364/8364 8363/8363 8365/8365
f 8365/8365 8363/8363 8366/8366
f 8096/8096 8091/8091 8753/8753
f 8753/8753 8370/8370 8366/8366
f 8366/8366 8370/8370 8369/8369
f 8091/8091 8090/8090 8753/8753
f 8093/8093 8092/8092 8091/8091
f 8092/8092 8089/8089 8091/8091
f 9132/9132 9133/9133 9134/9134
f 9131/9131 9133/9133 9132/9132
f 8089/8089 8086/8086 8090/8090
f 8090/8090 8086/8086 8753/8753
f 8087/8087 8753/8753 8086/8086
f 8092/8092 8118/8118 8089/8089
f 5773/5773 5776/5776 5775/5775
f 5775/5775 5787/5787 5797/5797
f 5776/5776 5799/5799 5775/5775
f 5799/5799 5787/5787 5775/5775
f 5799/5799 5780/5780 5787/5787
f 5780/5780 5782/5782 5787/5787
f 5776/5776 5780/5780 5799/5799
f 5781/5781 5782/5782 5780/5780
f 5778/5778 5779/5779 5776/5776
f 5779/5779 5780/5780 5776/5776
f 7222/7222 7348/7348 7169/7169
f 7341/7341 7296/7296 7348/7348
f 7222/7222 7341/7341 7348/7348
f 7222/7222 7191/7191 7341/7341
f 7191/7191 7205/7205 7341/7341
f 7192/7192 7205/7205 7191/7191
f 7187/7187 7191/7191 7222/7222
f 7192/7192 7195/7195 7205/7205
f 4064/4064 4115/4115 4063/4063
f 4115/4115 3957/3957 4063/4063
f 4063/4063 3957/3957 4082/4082
f 8587/8587 8585/8585 8586/8586
f 4684/4684 4687/4687 4688/4688
f 4683/4683 4710/4710 4687/4687
f 4710/4710 4711/4711 4687/4687
f 4687/4687 4711/4711 4712/4712
f 4687/4687 4712/4712 4713/4713
f 4687/4687 4684/4684 4683/4683
f 4713/4713 4688/4688 4687/4687
f 4862/4862 4865/4865 4863/4863
f 5202/5202 5203/5203 5204/5204
f 1202/1202 1201/1201 1200/1200
f 5524/5524 5525/5525 5526/5526
f 3739/3739 3784/3784 3738/3738
f 1386/1386 1387/1387 1385/1385
f 1386/1386 1385/1385 1202/1202
f 1201/1201 1202/1202 1385/1385
f 3784/3784 3787/3787 3738/3738
f 3779/3779 3785/3785 3784/3784
f 3786/3786 3788/3788 3787/3787
f 3784/3784 3786/3786 3787/3787
f 3785/3785 3786/3786 3784/3784
f 3782/3782 3785/3785 3779/3779
f 3877/3877 3874/3874 3876/3876
f 3874/3874 3873/3873 3876/3876
f 3872/3872 3873/3873 3874/3874
f 9843/9843 9844/9844 9845/9845
f 9845/9845 9844/9844 9846/9846
f 9841/9841 9842/9842 9843/9843
f 6994/6994 6995/6995 6992/6992
f 6992/6992 6997/6997 6985/6985
f 6988/6988 6983/6983 6985/6985
f 492/492 496/496 493/493
f 7003/7003 6995/6995 6994/6994
f 6995/6995 6996/6996 6992/6992
f 6996/6996 6997/6997 6992/6992
f 497/497 496/496 492/492
f 1077/1077 1079/1079 1081/1081
f 6995/6995 6998/6998 6996/6996
f 6999/6999 6998/6998 6995/6995
f 6504/6504 6498/6498 6505/6505
f 223/223 224/224 225/225
f 6498/6498 6502/6502 6505/6505
f 1077/1077 1078/1078 1079/1079
f 435/435 436/436 437/437
f 438/438 435/435 439/439
f 436/436 435/435 438/438
f 6501/6501 6502/6502 6498/6498
f 566/566 563/563 497/497
f 6498/6498 6500/6500 6501/6501
f 567/567 566/566 568/568
f 565/565 563/563 566/566
f 658/658 497/497 563/563
f 6498/6498 6499/6499 6500/6500
f 567/567 565/565 566/566
f 6499/6499 6503/6503 6500/6500
f 6508/6508 6509/6509 6510/6510
f 571/571 565/565 435/435
f 565/565 564/564 563/563
f 4072/4072 4073/4073 4054/4054
f 4056/4056 4053/4053 4073/4073
f 4053/4053 4054/4054 4073/4073
f 1908/1908 2064/2064 1903/1903
f 1903/1903 2064/2064 1899/1899
f 1898/1898 1899/1899 2064/2064
f 571/571 570/570 565/565
f 570/570 564/564 565/565
f 564/564 562/562 563/563
f 4053/4053 4051/4051 4054/4054
f 4051/4051 4055/4055 4054/4054
f 4052/4052 4051/4051 4053/4053
f 4052/4052 4049/4049 4051/4051
f 2277/2277 2064/2064 1908/1908
f 2277/2277 2132/2132 2064/2064
f 2064/2064 2132/2132 1898/1898
f 4067/4067 4057/4057 4051/4051
f 4051/4051 4049/4049 4050/4050
f 2277/2277 2134/2134 2132/2132
f 7842/7842 7843/7843 7870/7870
f 7842/7842 7841/7841 7843/7843
f 4041/4041 4050/4050 4049/4049
f 4050/4050 4067/4067 4051/4051
f 564/564 570/570 569/569
f 7842/7842 7839/7839 7841/7841
f 2133/2133 2132/2132 2134/2134
f 7842/7842 7872/7872 8494/8494
f 2277/2277 2325/2325 2134/2134
f 7842/7842 8494/8494 7839/7839
f 8494/8494 7840/7840 7839/7839
f 2325/2325 2327/2327 2134/2134
f 7875/7875 8494/8494 7872/7872
f 9160/9160 9163/9163 9162/9162
f 7874/7874 7875/7875 7872/7872
f 2133/2133 2134/2134 2128/2128
f 8494/8494 8473/8473 8475/8475
f 8494/8494 7875/7875 8302/8302
f 8494/8494 8302/8302 8473/8473
f 7874/7874 7876/7876 7875/7875
f 2327/2327 2321/2321 2134/2134
f 2134/2134 2326/2326 2128/2128
f 8302/8302 7875/7875 7876/7876
f 8473/8473 8302/8302 8298/8298
f 2321/2321 2320/2320 2134/2134
f 2320/2320 2326/2326 2134/2134
f 2326/2326 2129/2129 2128/2128
f 2326/2326 2044/2044 2129/2129
f 2326/2326 2320/2320 2241/2241
f 3550/3550 3548/3548 3556/3556
f 3550/3550 3545/3545 3548/3548
f 3551/3551 3545/3545 3550/3550
f 3551/3551 3573/3573 3545/3545
f 3545/3545 3547/3547 3548/3548
f 3573/3573 3543/3543 3545/3545
f 3543/3543 3544/3544 3545/3545
f 3543/3543 3540/3540 3544/3544
f 3544/3544 3540/3540 3541/3541
f 901/901 760/760 757/757
f 4042/4042 4056/4056 4152/4152
f 4042/4042 4053/4053 4056/4056
f 4152/4152 3983/3983 4042/4042
f 4042/4042 4052/4052 4053/4053
f 4040/4040 4042/4042 3983/3983
f 4048/4048 4052/4052 4042/4042
f 4048/4048 4049/4049 4052/4052
f 4040/4040 4048/4048 4042/4042
f 2381/2381 2385/2385 2380/2380
f 2380/2380 2385/2385 2384/2384
f 4040/4040 4041/4041 4048/4048
f 4041/4041 4049/4049 4048/4048
f 3978/3978 4041/4041 4040/4040
f 2361/2361 2359/2359 2356/2356
f 8689/8689 8357/8357 8351/8351
f 8351/8351 8357/8357 8349/8349
f 8350/8350 8349/8349 8357/8357
f 5135/5135 5136/5136 5137/5137
f 9175/9175 9173/9173 9172/9172
f 9175/9175 9176/9176 9177/9177
f 9172/9172 9176/9176 9175/9175
f 9177/9177 9176/9176 9178/9178
f 8337/8337 8546/8546 8307/8307
f 8699/8699 8341/8341 8546/8546
f 8337/8337 8699/8699 8546/8546
f 8337/8337 7843/7843 8699/8699
f 7843/7843 8337/8337 7870/7870
f 7843/7843 8338/8338 8699/8699
f 7843/7843 7841/7841 8338/8338
f 8362/8362 7782/7782 7784/7784
f 7781/7781 7783/7783 7782/7782
f 7783/7783 7784/7784 7782/7782
f 7785/7785 7783/7783 7781/7781
f 745/745 738/738 746/746
f 7785/7785 7786/7786 7783/7783
f 5045/5045 5046/5046 5047/5047
f 7788/7788 7783/7783 7786/7786
f 7785/7785 7787/7787 7786/7786
f 7789/7789 7788/7788 7786/7786
f 7221/7221 7180/7180 7171/7171
f 7180/7180 7179/7179 7171/7171
f 7219/7219 7215/7215 7180/7180
f 7215/7215 7181/7181 7180/7180
f 7180/7180 7181/7181 7179/7179
f 7179/7179 7178/7178 7171/7171
f 7215/7215 7216/7216 7181/7181
f 7181/7181 7178/7178 7179/7179
f 7215/7215 7217/7217 7216/7216
f 7340/7340 7177/7177 7178/7178
f 7217/7217 7218/7218 7216/7216
f 7181/7181 7340/7340 7178/7178
f 7216/7216 7218/7218 7181/7181
f 8588/8588 8584/8584 8589/8589
f 8590/8590 8584/8584 8633/8633
f 8586/8586 8584/8584 8588/8588
f 8584/8584 8233/8233 8633/8633
f 8584/8584 8582/8582 8233/8233
f 8586/8586 8585/8585 8584/8584
f 8585/8585 8582/8582 8584/8584
f 3957/3957 3959/3959 3960/3960
f 4713/4713 4712/4712 4714/4714
f 4714/4714 4712/4712 4715/4715
f 3956/3956 3957/3957 3958/3958
f 3959/3959 3957/3957 3956/3956
f 595/595 594/594 597/597
f 595/595 603/603 604/604
f 589/589 606/606 603/603
f 606/606 604/604 603/603
f 587/587 697/697 606/606
f 593/593 594/594 595/595
f 697/697 604/604 606/606
f 587/587 590/590 697/697
f 604/604 590/590 595/595
f 590/590 593/593 595/595
f 604/604 697/697 590/590
f 699/699 671/671 584/584
f 540/540 671/671 636/636
f 580/580 584/584 671/671
f 581/581 584/584 580/580
f 576/576 540/540 537/537
f 671/671 540/540 576/576
f 671/671 576/576 580/580
f 537/537 573/573 576/576
f 576/576 577/577 580/580
f 575/575 576/576 573/573
f 575/575 577/577 576/576
f 574/574 575/575 573/573
f 2292/2292 2293/2293 2294/2294
f 2295/2295 2292/2292 2294/2294
f 2291/2291 2293/2293 2292/2292
f 575/575 578/578 577/577
f 2292/2292 2238/2238 2291/2291
f 9873/9873 9874/9874 9905/9905
f 9872/9872 9875/9875 9877/9877
f 9872/9872 9873/9873 9875/9875
f 9870/9870 9874/9874 9873/9873
f 9870/9870 9873/9873 9872/9872
f 7697/7697 7778/7778 7699/7699
f 7778/7778 8706/8706 7699/7699
f 7697/7697 7691/7691 7778/7778
f 8780/8780 8781/8781 8782/8782
f 7778/7778 7691/7691 8705/8705
f 8781/8781 8780/8780 8783/8783
f 7688/7688 8705/8705 7691/7691
f 7779/7779 8705/8705 7780/7780
f 7688/7688 7690/7690 8705/8705
f 7687/7687 7690/7690 7688/7688
f 8770/8770 8771/8771 8772/8772
f 308/308 309/309 310/310
f 7780/7780 8705/8705 8361/8361
f 8377/8377 7690/7690 7687/7687
f 8361/8361 7781/7781 7780/7780
f 8760/8760 7690/7690 8377/8377
f 1484/1484 1486/1486 1485/1485
f 1486/1486 1487/1487 1485/1485
f 8793/8793 8794/8794 8795/8795
f 8794/8794 8796/8796 8795/8795
f 1476/1476 1484/1484 1485/1485
f 1478/1478 1476/1476 1477/1477
f 1478/1478 1484/1484 1476/1476
f 1484/1484 1490/1490 1486/1486
f 1491/1491 1484/1484 1478/1478
f 1516/1516 1526/1526 1478/1478
f 1491/1491 1529/1529 1484/1484
f 1490/1490 1484/1484 1529/1529
f 1478/1478 1526/1526 1491/1491
f 1535/1535 1398/1398 1511/1511
f 1396/1396 1395/1395 1512/1512
f 1398/1398 1396/1396 1511/1511
f 1394/1394 1395/1395 1396/1396
f 1396/1396 1397/1397 1394/1394
f 5507/5507 5508/5508 5509/5509
f 1397/1397 1400/1400 1394/1394
f 1634/1634 1403/1403 1404/1404
f 1404/1404 1394/1394 1400/1400
f 1400/1400 1635/1635 1404/1404
f 1404/1404 1635/1635 1634/1634
f 1397/1397 1643/1643 1400/1400
f 1635/1635 1400/1400 1643/1643
f 1512/1512 1517/1517 1516/1516
f 1517/1517 1526/1526 1516/1516
f 1395/1395 1517/1517 1512/1512
f 1395/1395 1634/1634 1517/1517
f 1403/1403 1395/1395 1394/1394
f 1634/1634 1395/1395 1403/1403
f 1634/1634 1632/1632 1517/1517
f 1634/1634 1633/1633 1632/1632
f 1633/1633 1631/1631 1632/1632
f 1635/1635 1633/1633 1634/1634
f 1635/1635 1636/1636 1633/1633
f 1633/1633 1638/1638 1631/1631
f 3554/3554 3549/3549 3555/3555
f 3556/3556 3548/3548 3554/3554
f 3548/3548 3549/3549 3554/3554
f 3547/3547 3549/3549 3548/3548
f 718/718 721/721 720/720
f 719/719 718/718 720/720
f 726/726 720/720 721/721
f 3545/3545 3546/3546 3547/3547
f 726/726 725/725 720/720
f 3544/3544 3546/3546 3545/3545
f 723/723 720/720 725/725
f 723/723 724/724 720/720
f 711/711 723/723 725/725
f 3557/3557 3546/3546 3544/3544
